code,name,search_name,label
000001,平安银行,平安银行,000001 平安银行
000002,万  科Ａ,万科ａ,000002 万  科Ａ
000004,*ST国华,*st国华,000004 *ST国华
000006,深振业Ａ,深振业ａ,000006 深振业Ａ
000007,全新好,全新好,000007 全新好
000008,神州高铁,神州高铁,000008 神州高铁
000009,中国宝安,中国宝安,000009 中国宝安
000010,美丽生态,美丽生态,000010 美丽生态
000011,深物业A,深物业a,000011 深物业A
000012,南  玻Ａ,南玻ａ,000012 南  玻Ａ
000014,沙河股份,沙河股份,000014 沙河股份
000016,深康佳Ａ,深康佳ａ,000016 深康佳Ａ
000017,深中华A,深中华a,000017 深中华A
000019,深粮控股,深粮控股,000019 深粮控股
000020,深华发Ａ,深华发ａ,000020 深华发Ａ
000021,深科技,深科技,000021 深科技
000025,特  力Ａ,特力ａ,000025 特  力Ａ
000026,飞亚达,飞亚达,000026 飞亚达
000027,深圳能源,深圳能源,000027 深圳能源
000028,国药一致,国药一致,000028 国药一致
000029,深深房Ａ,深深房ａ,000029 深深房Ａ
000030,富奥股份,富奥股份,000030 富奥股份
000031,大悦城,大悦城,000031 大悦城
000032,深桑达Ａ,深桑达ａ,000032 深桑达Ａ
000034,神州数码,神州数码,000034 神州数码
000035,中国天楹,中国天楹,000035 中国天楹
000036,华联控股,华联控股,000036 华联控股
000037,深南电A,深南电a,000037 深南电A
000039,中集集团,中集集团,000039 中集集团
000042,中洲控股,中洲控股,000042 中洲控股
000045,深纺织Ａ,深纺织ａ,000045 深纺织Ａ
000048,京基智农,京基智农,000048 京基智农
000049,德赛电池,德赛电池,000049 德赛电池
000050,深天马Ａ,深天马ａ,000050 深天马Ａ
000055,方大集团,方大集团,000055 方大集团
000056,皇庭国际,皇庭国际,000056 皇庭国际
000058,深 赛 格,深赛格,000058 深 赛 格
000059,华锦股份,华锦股份,000059 华锦股份
000060,中金岭南,中金岭南,000060 中金岭南
000061,农 产 品,农产品,000061 农 产 品
000062,深圳华强,深圳华强,000062 深圳华强
000063,中兴通讯,中兴通讯,000063 中兴通讯
000065,北方国际,北方国际,000065 北方国际
000066,中国长城,中国长城,000066 中国长城
000068,华控赛格,华控赛格,000068 华控赛格
000069,华侨城Ａ,华侨城ａ,000069 华侨城Ａ
000070,特发信息,特发信息,000070 特发信息
000078,海王生物,海王生物,000078 海王生物
000088,盐 田 港,盐田港,000088 盐 田 港
000089,深圳机场,深圳机场,000089 深圳机场
000090,天健集团,天健集团,000090 天健集团
000096,广聚能源,广聚能源,000096 广聚能源
000099,中信海直,中信海直,000099 中信海直
000100,TCL科技,tcl科技,000100 TCL科技
000151,中成股份,中成股份,000151 中成股份
000153,丰原药业,丰原药业,000153 丰原药业
000155,川能动力,川能动力,000155 川能动力
000156,华数传媒,华数传媒,000156 华数传媒
000157,中联重科,中联重科,000157 中联重科
000158,常山北明,常山北明,000158 常山北明
000159,国际实业,国际实业,000159 国际实业
000166,申万宏源,申万宏源,000166 申万宏源
000301,东方盛虹,东方盛虹,000301 东方盛虹
000333,美的集团,美的集团,000333 美的集团
000338,潍柴动力,潍柴动力,000338 潍柴动力
000400,许继电气,许继电气,000400 许继电气
000401,金隅冀东,金隅冀东,000401 金隅冀东
000402,金 融 街,金融街,000402 金 融 街
000403,派林生物,派林生物,000403 派林生物
000404,长虹华意,长虹华意,000404 长虹华意
000407,胜利股份,胜利股份,000407 胜利股份
000408,藏格矿业,藏格矿业,000408 藏格矿业
000409,云鼎科技,云鼎科技,000409 云鼎科技
000410,沈阳机床,沈阳机床,000410 沈阳机床
000411,英特集团,英特集团,000411 英特集团
000415,渤海租赁,渤海租赁,000415 渤海租赁
000417,合百集团,合百集团,000417 合百集团
000419,通程控股,通程控股,000419 通程控股
000420,吉林化纤,吉林化纤,000420 吉林化纤
000421,南京公用,南京公用,000421 南京公用
000422,湖北宜化,湖北宜化,000422 湖北宜化
000423,东阿阿胶,东阿阿胶,000423 东阿阿胶
000425,徐工机械,徐工机械,000425 徐工机械
000426,兴业银锡,兴业银锡,000426 兴业银锡
000428,华天酒店,华天酒店,000428 华天酒店
000429,粤高速Ａ,粤高速ａ,000429 粤高速Ａ
000430,ST张家界,st张家界,000430 ST张家界
000488,ST晨鸣,st晨鸣,000488 ST晨鸣
000498,山东路桥,山东路桥,000498 山东路桥
000501,武商集团,武商集团,000501 武商集团
000503,国新健康,国新健康,000503 国新健康
000504,*ST生物,*st生物,000504 *ST生物
000505,京粮控股,京粮控股,000505 京粮控股
000506,招金黄金,招金黄金,000506 招金黄金
000507,珠海港,珠海港,000507 珠海港
000509,华塑控股,华塑控股,000509 华塑控股
000510,新金路,新金路,000510 新金路
000513,丽珠集团,丽珠集团,000513 丽珠集团
000514,渝 开 发,渝开发,000514 渝 开 发
000516,国际医学,国际医学,000516 国际医学
000517,荣安地产,荣安地产,000517 荣安地产
000518,*ST四环,*st四环,000518 *ST四环
000519,中兵红箭,中兵红箭,000519 中兵红箭
000520,凤凰航运,凤凰航运,000520 凤凰航运
000521,长虹美菱,长虹美菱,000521 长虹美菱
000523,红棉股份,红棉股份,000523 红棉股份
000524,岭南控股,岭南控股,000524 岭南控股
000525,红太阳,红太阳,000525 红太阳
000526,学大教育,学大教育,000526 学大教育
000528,柳    工,柳工,000528 柳    工
000529,广弘控股,广弘控股,000529 广弘控股
000530,冰山冷热,冰山冷热,000530 冰山冷热
000531,穗恒运Ａ,穗恒运ａ,000531 穗恒运Ａ
000532,华金资本,华金资本,000532 华金资本
000533,顺钠股份,顺钠股份,000533 顺钠股份
000534,万泽股份,万泽股份,000534 万泽股份
000536,华映科技,华映科技,000536 华映科技
000537,绿发电力,绿发电力,000537 绿发电力
000538,云南白药,云南白药,000538 云南白药
000539,粤电力Ａ,粤电力ａ,000539 粤电力Ａ
000541,佛山照明,佛山照明,000541 佛山照明
000543,皖能电力,皖能电力,000543 皖能电力
000544,中原环保,中原环保,000544 中原环保
000545,金浦钛业,金浦钛业,000545 金浦钛业
000546,金圆股份,金圆股份,000546 金圆股份
000547,航天发展,航天发展,000547 航天发展
000548,湖南投资,湖南投资,000548 湖南投资
000550,江铃汽车,江铃汽车,000550 江铃汽车
000551,创元科技,创元科技,000551 创元科技
000552,甘肃能化,甘肃能化,000552 甘肃能化
000553,安道麦A,安道麦a,000553 安道麦A
000554,泰山石油,泰山石油,000554 泰山石油
000555,神州信息,神州信息,000555 神州信息
000557,西部创业,西部创业,000557 西部创业
000558,天府文旅,天府文旅,000558 天府文旅
000559,万向钱潮,万向钱潮,000559 万向钱潮
000560,我爱我家,我爱我家,000560 我爱我家
000561,烽火电子,烽火电子,000561 烽火电子
000563,陕国投Ａ,陕国投ａ,000563 陕国投Ａ
000564,供销大集,供销大集,000564 供销大集
000565,渝三峡Ａ,渝三峡ａ,000565 渝三峡Ａ
000566,海南海药,海南海药,000566 海南海药
000567,海德股份,海德股份,000567 海德股份
000568,泸州老窖,泸州老窖,000568 泸州老窖
000570,苏常柴Ａ,苏常柴ａ,000570 苏常柴Ａ
000571,新大洲A,新大洲a,000571 新大洲A
000572,海马汽车,海马汽车,000572 海马汽车
000573,粤宏远Ａ,粤宏远ａ,000573 粤宏远Ａ
000576,甘化科工,甘化科工,000576 甘化科工
000581,威孚高科,威孚高科,000581 威孚高科
000582,北部湾港,北部湾港,000582 北部湾港
000586,汇源通信,汇源通信,000586 汇源通信
000589,贵州轮胎,贵州轮胎,000589 贵州轮胎
000590,古汉医药,古汉医药,000590 古汉医药
000591,太阳能,太阳能,000591 太阳能
000592,平潭发展,平潭发展,000592 平潭发展
000593,德龙汇能,德龙汇能,000593 德龙汇能
000595,*ST宝实,*st宝实,000595 *ST宝实
000596,古井贡酒,古井贡酒,000596 古井贡酒
000597,东北制药,东北制药,000597 东北制药
000598,兴蓉环境,兴蓉环境,000598 兴蓉环境
000599,青岛双星,青岛双星,000599 青岛双星
000600,建投能源,建投能源,000600 建投能源
000601,韶能股份,韶能股份,000601 韶能股份
000603,盛达资源,盛达资源,000603 盛达资源
000605,渤海股份,渤海股份,000605 渤海股份
000607,华媒控股,华媒控股,000607 华媒控股
000608,*ST阳光,*st阳光,000608 *ST阳光
000609,ST中迪,st中迪,000609 ST中迪
000610,西安旅游,西安旅游,000610 西安旅游
000612,焦作万方,焦作万方,000612 焦作万方
000615,*ST美谷,*st美谷,000615 *ST美谷
000617,中油资本,中油资本,000617 中油资本
000619,海螺新材,海螺新材,000619 海螺新材
000620,盈新发展,盈新发展,000620 盈新发展
000623,吉林敖东,吉林敖东,000623 吉林敖东
000625,长安汽车,长安汽车,000625 长安汽车
000626,远大控股,远大控股,000626 远大控股
000628,高新发展,高新发展,000628 高新发展
000629,钒钛股份,钒钛股份,000629 钒钛股份
000630,铜陵有色,铜陵有色,000630 铜陵有色
000631,顺发恒能,顺发恒能,000631 顺发恒能
000632,三木集团,三木集团,000632 三木集团
000633,合金投资,合金投资,000633 合金投资
000635,英 力 特,英力特,000635 英 力 特
000636,风华高科,风华高科,000636 风华高科
000637,茂化实华,茂化实华,000637 茂化实华
000638,*ST万方,*st万方,000638 *ST万方
000639,西王食品,西王食品,000639 西王食品
000650,仁和药业,仁和药业,000650 仁和药业
000651,格力电器,格力电器,000651 格力电器
000652,泰达股份,泰达股份,000652 泰达股份
000655,金岭矿业,金岭矿业,000655 金岭矿业
000656,*ST金科,*st金科,000656 *ST金科
000657,中钨高新,中钨高新,000657 中钨高新
000659,珠海中富,珠海中富,000659 珠海中富
000661,长春高新,长春高新,000661 长春高新
000663,永安林业,永安林业,000663 永安林业
000665,湖北广电,湖北广电,000665 湖北广电
000668,*ST荣控,*st荣控,000668 *ST荣控
000669,ST金鸿,st金鸿,000669 ST金鸿
000670,盈方微,盈方微,000670 盈方微
000672,上峰水泥,上峰水泥,000672 上峰水泥
000676,智度股份,智度股份,000676 智度股份
000677,恒天海龙,恒天海龙,000677 恒天海龙
000678,襄阳轴承,襄阳轴承,000678 襄阳轴承
000679,大连友谊,大连友谊,000679 大连友谊
000680,山推股份,山推股份,000680 山推股份
000681,视觉中国,视觉中国,000681 视觉中国
000682,东方电子,东方电子,000682 东方电子
000683,博源化工,博源化工,000683 博源化工
000685,中山公用,中山公用,000685 中山公用
000686,东北证券,东北证券,000686 东北证券
000688,国城矿业,国城矿业,000688 国城矿业
000690,宝新能源,宝新能源,000690 宝新能源
000691,*ST亚太,*st亚太,000691 *ST亚太
000692,惠天热电,惠天热电,000692 惠天热电
000695,滨海能源,滨海能源,000695 滨海能源
000697,ST炼石,st炼石,000697 ST炼石
000698,ST沈化,st沈化,000698 ST沈化
000700,模塑科技,模塑科技,000700 模塑科技
000701,厦门信达,厦门信达,000701 厦门信达
000702,正虹科技,正虹科技,000702 正虹科技
000703,恒逸石化,恒逸石化,000703 恒逸石化
000705,浙江震元,浙江震元,000705 浙江震元
000707,双环科技,双环科技,000707 双环科技
000708,中信特钢,中信特钢,000708 中信特钢
000709,河钢股份,河钢股份,000709 河钢股份
000710,贝瑞基因,贝瑞基因,000710 贝瑞基因
000711,ST京蓝,st京蓝,000711 ST京蓝
000712,锦龙股份,锦龙股份,000712 锦龙股份
000713,国投丰乐,国投丰乐,000713 国投丰乐
000715,中兴商业,中兴商业,000715 中兴商业
000716,黑芝麻,黑芝麻,000716 黑芝麻
000717,中南股份,中南股份,000717 中南股份
000718,苏宁环球,苏宁环球,000718 苏宁环球
000719,中原传媒,中原传媒,000719 中原传媒
000720,新能泰山,新能泰山,000720 新能泰山
000721,西安饮食,西安饮食,000721 西安饮食
000722,湖南发展,湖南发展,000722 湖南发展
000723,美锦能源,美锦能源,000723 美锦能源
000725,京东方Ａ,京东方ａ,000725 京东方Ａ
000726,鲁  泰Ａ,鲁泰ａ,000726 鲁  泰Ａ
000727,冠捷科技,冠捷科技,000727 冠捷科技
000728,国元证券,国元证券,000728 国元证券
000729,燕京啤酒,燕京啤酒,000729 燕京啤酒
000731,四川美丰,四川美丰,000731 四川美丰
000733,振华科技,振华科技,000733 振华科技
000735,罗 牛 山,罗牛山,000735 罗 牛 山
000736,*ST中地,*st中地,000736 *ST中地
000737,北方铜业,北方铜业,000737 北方铜业
000738,航发控制,航发控制,000738 航发控制
000739,普洛药业,普洛药业,000739 普洛药业
000750,国海证券,国海证券,000750 国海证券
000751,锌业股份,锌业股份,000751 锌业股份
000752,ST西发,st西发,000752 ST西发
000753,漳州发展,漳州发展,000753 漳州发展
000755,山西高速,山西高速,000755 山西高速
000756,新华制药,新华制药,000756 新华制药
000757,浩物股份,浩物股份,000757 浩物股份
000758,中色股份,中色股份,000758 中色股份
000759,中百集团,中百集团,000759 中百集团
000761,本钢板材,本钢板材,000761 本钢板材
000762,西藏矿业,西藏矿业,000762 西藏矿业
000766,通化金马,通化金马,000766 通化金马
000767,晋控电力,晋控电力,000767 晋控电力
000768,中航西飞,中航西飞,000768 中航西飞
000776,广发证券,广发证券,000776 广发证券
000777,中核科技,中核科技,000777 中核科技
000778,新兴铸管,新兴铸管,000778 新兴铸管
000779,甘咨询,甘咨询,000779 甘咨询
000782,恒申新材,恒申新材,000782 恒申新材
000783,长江证券,长江证券,000783 长江证券
000785,居然智家,居然智家,000785 居然智家
000786,北新建材,北新建材,000786 北新建材
000788,北大医药,北大医药,000788 北大医药
000789,万年青,万年青,000789 万年青
000790,华神科技,华神科技,000790 华神科技
000791,甘肃能源,甘肃能源,000791 甘肃能源
000792,盐湖股份,盐湖股份,000792 盐湖股份
000793,*ST华闻,*st华闻,000793 *ST华闻
000795,英洛华,英洛华,000795 英洛华
000796,凯撒旅业,凯撒旅业,000796 凯撒旅业
000797,中国武夷,中国武夷,000797 中国武夷
000798,中水渔业,中水渔业,000798 中水渔业
000799,酒鬼酒,酒鬼酒,000799 酒鬼酒
000800,一汽解放,一汽解放,000800 一汽解放
000801,四川九洲,四川九洲,000801 四川九洲
000802,北京文化,北京文化,000802 北京文化
000803,山高环能,山高环能,000803 山高环能
000807,云铝股份,云铝股份,000807 云铝股份
000809,和展能源,和展能源,000809 和展能源
000810,创维数字,创维数字,000810 创维数字
000811,冰轮环境,冰轮环境,000811 冰轮环境
000812,陕西金叶,陕西金叶,000812 陕西金叶
000813,德展健康,德展健康,000813 德展健康
000815,美利云,美利云,000815 美利云
000816,智慧农业,智慧农业,000816 智慧农业
000818,航锦科技,航锦科技,000818 航锦科技
000819,岳阳兴长,岳阳兴长,000819 岳阳兴长
000820,*ST节能,*st节能,000820 *ST节能
000821,ST京机,st京机,000821 ST京机
000822,山东海化,山东海化,000822 山东海化
000823,超声电子,超声电子,000823 超声电子
000825,太钢不锈,太钢不锈,000825 太钢不锈
000826,启迪环境,启迪环境,000826 启迪环境
000828,东莞控股,东莞控股,000828 东莞控股
000829,天音控股,天音控股,000829 天音控股
000830,鲁西化工,鲁西化工,000830 鲁西化工
000831,中国稀土,中国稀土,000831 中国稀土
000833,粤桂股份,粤桂股份,000833 粤桂股份
000837,秦川机床,秦川机床,000837 秦川机床
000838,财信发展,财信发展,000838 财信发展
000839,国安股份,国安股份,000839 国安股份
000848,承德露露,承德露露,000848 承德露露
000850,华茂股份,华茂股份,000850 华茂股份
000852,石化机械,石化机械,000852 石化机械
000856,冀东装备,冀东装备,000856 冀东装备
000858,五 粮 液,五粮液,000858 五 粮 液
000859,国风新材,国风新材,000859 国风新材
000860,顺鑫农业,顺鑫农业,000860 顺鑫农业
000862,银星能源,银星能源,000862 银星能源
000863,三湘印象,三湘印象,000863 三湘印象
000868,安凯客车,安凯客车,000868 安凯客车
000869,张  裕Ａ,张裕ａ,000869 张  裕Ａ
000875,电投绿能,电投绿能,000875 电投绿能
000876,新 希 望,新希望,000876 新 希 望
000877,天山股份,天山股份,000877 天山股份
000878,云南铜业,云南铜业,000878 云南铜业
000880,潍柴重机,潍柴重机,000880 潍柴重机
000881,中广核技,中广核技,000881 中广核技
000882,华联股份,华联股份,000882 华联股份
000883,湖北能源,湖北能源,000883 湖北能源
000885,城发环境,城发环境,000885 城发环境
000886,海南高速,海南高速,000886 海南高速
000887,中鼎股份,中鼎股份,000887 中鼎股份
000888,峨眉山Ａ,峨眉山ａ,000888 峨眉山Ａ
000889,中嘉博创,中嘉博创,000889 中嘉博创
000890,法尔胜,法尔胜,000890 法尔胜
000892,欢瑞世纪,欢瑞世纪,000892 欢瑞世纪
000893,亚钾国际,亚钾国际,000893 亚钾国际
000895,双汇发展,双汇发展,000895 双汇发展
000897,津滨发展,津滨发展,000897 津滨发展
000898,鞍钢股份,鞍钢股份,000898 鞍钢股份
000899,赣能股份,赣能股份,000899 赣能股份
000900,现代投资,现代投资,000900 现代投资
000901,航天科技,航天科技,000901 航天科技
000902,新洋丰,新洋丰,000902 新洋丰
000903,ST云动,st云动,000903 ST云动
000905,厦门港务,厦门港务,000905 厦门港务
000906,浙商中拓,浙商中拓,000906 浙商中拓
000908,*ST景峰,*st景峰,000908 *ST景峰
000909,ST数源,st数源,000909 ST数源
000910,大亚圣象,大亚圣象,000910 大亚圣象
000911,广农糖业,广农糖业,000911 广农糖业
000912,泸天化,泸天化,000912 泸天化
000913,钱江摩托,钱江摩托,000913 钱江摩托
000915,华特达因,华特达因,000915 华特达因
000917,电广传媒,电广传媒,000917 电广传媒
000919,金陵药业,金陵药业,000919 金陵药业
000920,沃顿科技,沃顿科技,000920 沃顿科技
000921,海信家电,海信家电,000921 海信家电
000922,佳电股份,佳电股份,000922 佳电股份
000923,河钢资源,河钢资源,000923 河钢资源
000925,众合科技,众合科技,000925 众合科技
000926,福星股份,福星股份,000926 福星股份
000927,中国铁物,中国铁物,000927 中国铁物
000928,中钢国际,中钢国际,000928 中钢国际
000929,*ST兰黄,*st兰黄,000929 *ST兰黄
000930,中粮科技,中粮科技,000930 中粮科技
000931,中 关 村,中关村,000931 中 关 村
000932,华菱钢铁,华菱钢铁,000932 华菱钢铁
000933,神火股份,神火股份,000933 神火股份
000935,四川双马,四川双马,000935 四川双马
000936,华西股份,华西股份,000936 华西股份
000937,冀中能源,冀中能源,000937 冀中能源
000938,紫光股份,紫光股份,000938 紫光股份
000948,南天信息,南天信息,000948 南天信息
000949,新乡化纤,新乡化纤,000949 新乡化纤
000950,重药控股,重药控股,000950 重药控股
000951,中国重汽,中国重汽,000951 中国重汽
000952,广济药业,广济药业,000952 广济药业
000953,河化股份,河化股份,000953 河化股份
000955,欣龙控股,欣龙控股,000955 欣龙控股
000957,中通客车,中通客车,000957 中通客车
000958,电投产融,电投产融,000958 电投产融
000959,首钢股份,首钢股份,000959 首钢股份
000960,锡业股份,锡业股份,000960 锡业股份
000962,东方钽业,东方钽业,000962 东方钽业
000963,华东医药,华东医药,000963 华东医药
000965,天保基建,天保基建,000965 天保基建
000966,长源电力,长源电力,000966 长源电力
000967,盈峰环境,盈峰环境,000967 盈峰环境
000968,蓝焰控股,蓝焰控股,000968 蓝焰控股
000969,安泰科技,安泰科技,000969 安泰科技
000970,中科三环,中科三环,000970 中科三环
000972,*ST中基,*st中基,000972 *ST中基
000973,佛塑科技,佛塑科技,000973 佛塑科技
000975,山金国际,山金国际,000975 山金国际
000977,浪潮信息,浪潮信息,000977 浪潮信息
000978,桂林旅游,桂林旅游,000978 桂林旅游
000980,众泰汽车,众泰汽车,000980 众泰汽车
000981,山子高科,山子高科,000981 山子高科
000983,山西焦煤,山西焦煤,000983 山西焦煤
000985,大庆华科,大庆华科,000985 大庆华科
000987,越秀资本,越秀资本,000987 越秀资本
000988,华工科技,华工科技,000988 华工科技
000989,九芝堂,九芝堂,000989 九芝堂
000990,诚志股份,诚志股份,000990 诚志股份
000993,闽东电力,闽东电力,000993 闽东电力
000995,皇台酒业,皇台酒业,000995 皇台酒业
000997,新 大 陆,新大陆,000997 新 大 陆
000998,隆平高科,隆平高科,000998 隆平高科
000999,华润三九,华润三九,000999 华润三九
001201,东瑞股份,东瑞股份,001201 东瑞股份
001202,炬申股份,炬申股份,001202 炬申股份
001203,大中矿业,大中矿业,001203 大中矿业
001205,盛航股份,盛航股份,001205 盛航股份
001206,依依股份,依依股份,001206 依依股份
001207,联科科技,联科科技,001207 联科科技
001208,华菱线缆,华菱线缆,001208 华菱线缆
001209,洪兴股份,洪兴股份,001209 洪兴股份
001210,金房能源,金房能源,001210 金房能源
001211,双枪科技,双枪科技,001211 双枪科技
001212,中旗新材,中旗新材,001212 中旗新材
001213,中铁特货,中铁特货,001213 中铁特货
001215,千味央厨,千味央厨,001215 千味央厨
001216,华瓷股份,华瓷股份,001216 华瓷股份
001217,华尔泰,华尔泰,001217 华尔泰
001218,丽臣实业,丽臣实业,001218 丽臣实业
001219,青岛食品,青岛食品,001219 青岛食品
001220,世盟股份,世盟股份,001220 世盟股份
001221,悍高集团,悍高集团,001221 悍高集团
001222,源飞宠物,源飞宠物,001222 源飞宠物
001223,欧克科技,欧克科技,001223 欧克科技
001225,和泰机电,和泰机电,001225 和泰机电
001226,拓山重工,拓山重工,001226 拓山重工
001227,兰州银行,兰州银行,001227 兰州银行
001228,永泰运,永泰运,001228 永泰运
001229,魅视科技,魅视科技,001229 魅视科技
001230,劲旅环境,劲旅环境,001230 劲旅环境
001231,农心科技,农心科技,001231 农心科技
001233,海安集团,海安集团,001233 海安集团
001234,泰慕士,泰慕士,001234 泰慕士
001236,弘业期货,弘业期货,001236 弘业期货
001238,浙江正特,浙江正特,001238 浙江正特
001239,永达股份,永达股份,001239 永达股份
001255,博菲电气,博菲电气,001255 博菲电气
001256,炜冈科技,炜冈科技,001256 炜冈科技
001258,立新能源,立新能源,001258 立新能源
001259,利仁科技,利仁科技,001259 利仁科技
001260,坤泰股份,坤泰股份,001260 坤泰股份
001266,宏英智能,宏英智能,001266 宏英智能
001267,汇绿生态,汇绿生态,001267 汇绿生态
001268,联合精密,联合精密,001268 联合精密
001269,欧晶科技,欧晶科技,001269 欧晶科技
001270,*ST铖昌,*st铖昌,001270 *ST铖昌
001277,速达股份,速达股份,001277 速达股份
001278,一彬科技,一彬科技,001278 一彬科技
001279,强邦新材,强邦新材,001279 强邦新材
001280,中国铀业,中国铀业,001280 中国铀业
001282,三联锻造,三联锻造,001282 三联锻造
001283,豪鹏科技,豪鹏科技,001283 豪鹏科技
001285,瑞立科密,瑞立科密,001285 瑞立科密
001286,陕西能源,陕西能源,001286 陕西能源
001287,中电港,中电港,001287 中电港
001288,运机集团,运机集团,001288 运机集团
001289,龙源电力,龙源电力,001289 龙源电力
001296,长江材料,长江材料,001296 长江材料
001298,好上好,好上好,001298 好上好
001299,美能能源,美能能源,001299 美能能源
001300,三柏硕,三柏硕,001300 三柏硕
001301,尚太科技,尚太科技,001301 尚太科技
001306,夏厦精密,夏厦精密,001306 夏厦精密
001308,康冠科技,康冠科技,001308 康冠科技
001309,德明利,德明利,001309 德明利
001311,多利科技,多利科技,001311 多利科技
001313,粤海饲料,粤海饲料,001313 粤海饲料
001314,亿道信息,亿道信息,001314 亿道信息
001316,润贝航科,润贝航科,001316 润贝航科
001317,三羊马,三羊马,001317 三羊马
001318,阳光乳业,阳光乳业,001318 阳光乳业
001319,铭科精技,铭科精技,001319 铭科精技
001322,箭牌家居,箭牌家居,001322 箭牌家居
001323,慕思股份,慕思股份,001323 慕思股份
001324,长青科技,长青科技,001324 长青科技
001325,元创股份,元创股份,001325 元创股份
001326,联域股份,联域股份,001326 联域股份
001328,登康口腔,登康口腔,001328 登康口腔
001330,博纳影业,博纳影业,001330 博纳影业
001331,胜通能源,胜通能源,001331 胜通能源
001332,锡装股份,锡装股份,001332 锡装股份
001333,光华股份,光华股份,001333 光华股份
001335,信凯科技,信凯科技,001335 信凯科技
001336,楚环科技,楚环科技,001336 楚环科技
001337,四川黄金,四川黄金,001337 四川黄金
001338,永顺泰,永顺泰,001338 永顺泰
001339,智微智能,智微智能,001339 智微智能
001356,富岭股份,富岭股份,001356 富岭股份
001358,兴欣新材,兴欣新材,001358 兴欣新材
001359,平安电工,平安电工,001359 平安电工
001360,南矿集团,南矿集团,001360 南矿集团
001366,播恩集团,播恩集团,001366 播恩集团
001367,海森药业,海森药业,001367 海森药业
001368,通达创智,通达创智,001368 通达创智
001369,双欣材料,双欣材料,001369 双欣材料
001373,翔腾新材,翔腾新材,001373 翔腾新材
001376,百通能源,百通能源,001376 百通能源
001378,德冠新材,德冠新材,001378 德冠新材
001379,腾达科技,腾达科技,001379 腾达科技
001380,华纬科技,华纬科技,001380 华纬科技
001382,新亚电缆,新亚电缆,001382 新亚电缆
001386,马可波罗,马可波罗,001386 马可波罗
001387,雪祺电气,雪祺电气,001387 雪祺电气
001388,信通电子,信通电子,001388 信通电子
001389,广合科技,广合科技,001389 广合科技
001390,古麒绒材,古麒绒材,001390 古麒绒材
001391,国货航,国货航,001391 国货航
001395,亚联机械,亚联机械,001395 亚联机械
001396,誉帆科技,誉帆科技,001396 誉帆科技
001400,江顺科技,江顺科技,001400 江顺科技
001696,宗申动力,宗申动力,001696 宗申动力
001872,招商港口,招商港口,001872 招商港口
001896,豫能控股,豫能控股,001896 豫能控股
001914,招商积余,招商积余,001914 招商积余
001965,招商公路,招商公路,001965 招商公路
001979,招商蛇口,招商蛇口,001979 招商蛇口
002001,新 和 成,新和成,002001 新 和 成
002003,伟星股份,伟星股份,002003 伟星股份
002004,华邦健康,华邦健康,002004 华邦健康
002005,ST德豪,st德豪,002005 ST德豪
002006,精工科技,精工科技,002006 精工科技
002007,华兰生物,华兰生物,002007 华兰生物
002008,大族激光,大族激光,002008 大族激光
002009,天奇股份,天奇股份,002009 天奇股份
002010,传化智联,传化智联,002010 传化智联
002011,盾安环境,盾安环境,002011 盾安环境
002012,凯恩股份,凯恩股份,002012 凯恩股份
002014,永新股份,永新股份,002014 永新股份
002015,协鑫能科,协鑫能科,002015 协鑫能科
002016,世荣兆业,世荣兆业,002016 世荣兆业
002017,东信和平,东信和平,002017 东信和平
002019,亿帆医药,亿帆医药,002019 亿帆医药
002020,京新药业,京新药业,002020 京新药业
002021,中捷资源,中捷资源,002021 中捷资源
002022,科华生物,科华生物,002022 科华生物
002023,海特高新,海特高新,002023 海特高新
002024,ST易购,st易购,002024 ST易购
002025,航天电器,航天电器,002025 航天电器
002026,山东威达,山东威达,002026 山东威达
002027,分众传媒,分众传媒,002027 分众传媒
002028,思源电气,思源电气,002028 思源电气
002029,七 匹 狼,七匹狼,002029 七 匹 狼
002030,达安基因,达安基因,002030 达安基因
002031,巨轮智能,巨轮智能,002031 巨轮智能
002032,苏 泊 尔,苏泊尔,002032 苏 泊 尔
002033,丽江股份,丽江股份,002033 丽江股份
002034,旺能环境,旺能环境,002034 旺能环境
002035,华帝股份,华帝股份,002035 华帝股份
002036,联创电子,联创电子,002036 联创电子
002037,保利联合,保利联合,002037 保利联合
002038,双鹭药业,双鹭药业,002038 双鹭药业
002039,黔源电力,黔源电力,002039 黔源电力
002040,南 京 港,南京港,002040 南 京 港
002041,登海种业,登海种业,002041 登海种业
002042,华孚时尚,华孚时尚,002042 华孚时尚
002043,兔 宝 宝,兔宝宝,002043 兔 宝 宝
002044,美年健康,美年健康,002044 美年健康
002045,国光电器,国光电器,002045 国光电器
002046,国机精工,国机精工,002046 国机精工
002047,*ST宝鹰,*st宝鹰,002047 *ST宝鹰
002048,宁波华翔,宁波华翔,002048 宁波华翔
002049,紫光国微,紫光国微,002049 紫光国微
002050,三花智控,三花智控,002050 三花智控
002051,中工国际,中工国际,002051 中工国际
002052,同洲电子,同洲电子,002052 同洲电子
002053,云南能投,云南能投,002053 云南能投
002054,德美化工,德美化工,002054 德美化工
002055,ST得润,st得润,002055 ST得润
002056,横店东磁,横店东磁,002056 横店东磁
002057,中钢天源,中钢天源,002057 中钢天源
002058,*ST威尔,*st威尔,002058 *ST威尔
002059,云南旅游,云南旅游,002059 云南旅游
002060,广东建工,广东建工,002060 广东建工
002061,浙江交科,浙江交科,002061 浙江交科
002062,宏润建设,宏润建设,002062 宏润建设
002063,远光软件,远光软件,002063 远光软件
002064,华峰化学,华峰化学,002064 华峰化学
002065,东华软件,东华软件,002065 东华软件
002066,瑞泰科技,瑞泰科技,002066 瑞泰科技
002067,景兴纸业,景兴纸业,002067 景兴纸业
002068,黑猫股份,黑猫股份,002068 黑猫股份
002069,獐子岛,獐子岛,002069 獐子岛
002072,凯瑞德,凯瑞德,002072 凯瑞德
002073,软控股份,软控股份,002073 软控股份
002074,国轩高科,国轩高科,002074 国轩高科
002075,沙钢股份,沙钢股份,002075 沙钢股份
002076,*ST星光,*st星光,002076 *ST星光
002077,大港股份,大港股份,002077 大港股份
002078,太阳纸业,太阳纸业,002078 太阳纸业
002079,苏州固锝,苏州固锝,002079 苏州固锝
002080,中材科技,中材科技,002080 中材科技
002081,金 螳 螂,金螳螂,002081 金 螳 螂
002082,万邦德,万邦德,002082 万邦德
002083,孚日股份,孚日股份,002083 孚日股份
002084,海鸥住工,海鸥住工,002084 海鸥住工
002085,万丰奥威,万丰奥威,002085 万丰奥威
002086,东方海洋,东方海洋,002086 东方海洋
002088,鲁阳节能,鲁阳节能,002088 鲁阳节能
002090,金智科技,金智科技,002090 金智科技
002091,江苏国泰,江苏国泰,002091 江苏国泰
002092,中泰化学,中泰化学,002092 中泰化学
002093,国脉科技,国脉科技,002093 国脉科技
002094,青岛金王,青岛金王,002094 青岛金王
002095,生 意 宝,生意宝,002095 生 意 宝
002096,易普力,易普力,002096 易普力
002097,山河智能,山河智能,002097 山河智能
002098,浔兴股份,浔兴股份,002098 浔兴股份
002099,海翔药业,海翔药业,002099 海翔药业
002100,天康生物,天康生物,002100 天康生物
002101,广东鸿图,广东鸿图,002101 广东鸿图
002102,能特科技,能特科技,002102 能特科技
002103,广博股份,广博股份,002103 广博股份
002104,恒宝股份,恒宝股份,002104 恒宝股份
002105,信隆健康,信隆健康,002105 信隆健康
002106,莱宝高科,莱宝高科,002106 莱宝高科
002107,沃华医药,沃华医药,002107 沃华医药
002108,沧州明珠,沧州明珠,002108 沧州明珠
002109,兴化股份,兴化股份,002109 兴化股份
002110,三钢闽光,三钢闽光,002110 三钢闽光
002111,威海广泰,威海广泰,002111 威海广泰
002112,三变科技,三变科技,002112 三变科技
002114,罗平锌电,罗平锌电,002114 罗平锌电
002115,三维通信,三维通信,002115 三维通信
002116,中国海诚,中国海诚,002116 中国海诚
002117,东港股份,东港股份,002117 东港股份
002119,康强电子,康强电子,002119 康强电子
002120,韵达股份,韵达股份,002120 韵达股份
002121,科陆电子,科陆电子,002121 科陆电子
002122,ST汇洲,st汇洲,002122 ST汇洲
002123,梦网科技,梦网科技,002123 梦网科技
002124,天邦食品,天邦食品,002124 天邦食品
002125,湘潭电化,湘潭电化,002125 湘潭电化
002126,银轮股份,银轮股份,002126 银轮股份
002127,南极电商,南极电商,002127 南极电商
002128,电投能源,电投能源,002128 电投能源
002129,TCL中环,tcl中环,002129 TCL中环
002130,沃尔核材,沃尔核材,002130 沃尔核材
002131,利欧股份,利欧股份,002131 利欧股份
002132,恒星科技,恒星科技,002132 恒星科技
002133,广宇集团,广宇集团,002133 广宇集团
002134,天津普林,天津普林,002134 天津普林
002135,东南网架,东南网架,002135 东南网架
002136,安 纳 达,安纳达,002136 安 纳 达
002137,实益达,实益达,002137 实益达
002138,顺络电子,顺络电子,002138 顺络电子
002139,拓邦股份,拓邦股份,002139 拓邦股份
002140,东华科技,东华科技,002140 东华科技
002141,贤丰控股,贤丰控股,002141 贤丰控股
002142,宁波银行,宁波银行,002142 宁波银行
002144,宏达高科,宏达高科,002144 宏达高科
002145,钛能化学,钛能化学,002145 钛能化学
002146,荣盛发展,荣盛发展,002146 荣盛发展
002148,北纬科技,北纬科技,002148 北纬科技
002149,西部材料,西部材料,002149 西部材料
002150,正泰电源,正泰电源,002150 正泰电源
002151,北斗星通,北斗星通,002151 北斗星通
002152,广电运通,广电运通,002152 广电运通
002153,石基信息,石基信息,002153 石基信息
002154,报 喜 鸟,报喜鸟,002154 报 喜 鸟
002155,湖南黄金,湖南黄金,002155 湖南黄金
002156,通富微电,通富微电,002156 通富微电
002157,正邦科技,正邦科技,002157 正邦科技
002158,汉钟精机,汉钟精机,002158 汉钟精机
002159,三特索道,三特索道,002159 三特索道
002160,常铝股份,常铝股份,002160 常铝股份
002161,远 望 谷,远望谷,002161 远 望 谷
002162,悦心健康,悦心健康,002162 悦心健康
002163,海南发展,海南发展,002163 海南发展
002164,宁波东力,宁波东力,002164 宁波东力
002165,红 宝 丽,红宝丽,002165 红 宝 丽
002166,莱茵生物,莱茵生物,002166 莱茵生物
002167,东方锆业,东方锆业,002167 东方锆业
002168,*ST惠程,*st惠程,002168 *ST惠程
002169,智光电气,智光电气,002169 智光电气
002170,芭田股份,芭田股份,002170 芭田股份
002171,楚江新材,楚江新材,002171 楚江新材
002172,澳洋健康,澳洋健康,002172 澳洋健康
002173,创新医疗,创新医疗,002173 创新医疗
002174,游族网络,游族网络,002174 游族网络
002175,东方智造,东方智造,002175 东方智造
002176,江特电机,江特电机,002176 江特电机
002177,御银股份,御银股份,002177 御银股份
002178,延华智能,延华智能,002178 延华智能
002179,中航光电,中航光电,002179 中航光电
002180,纳思达,纳思达,002180 纳思达
002181,粤 传 媒,粤传媒,002181 粤 传 媒
002182,宝武镁业,宝武镁业,002182 宝武镁业
002183,怡 亚 通,怡亚通,002183 怡 亚 通
002184,海得控制,海得控制,002184 海得控制
002185,华天科技,华天科技,002185 华天科技
002186,全 聚 德,全聚德,002186 全 聚 德
002187,广百股份,广百股份,002187 广百股份
002188,中天服务,中天服务,002188 中天服务
002189,中光学,中光学,002189 中光学
002190,成飞集成,成飞集成,002190 成飞集成
002191,劲嘉股份,劲嘉股份,002191 劲嘉股份
002192,融捷股份,融捷股份,002192 融捷股份
002193,如意集团,如意集团,002193 如意集团
002194,武汉凡谷,武汉凡谷,002194 武汉凡谷
002195,岩山科技,岩山科技,002195 岩山科技
002196,方正电机,方正电机,002196 方正电机
002197,证通电子,证通电子,002197 证通电子
002198,嘉应制药,嘉应制药,002198 嘉应制药
002199,*ST东晶,*st东晶,002199 *ST东晶
002200,*ST交投,*st交投,002200 *ST交投
002201,九鼎新材,九鼎新材,002201 九鼎新材
002202,金风科技,金风科技,002202 金风科技
002203,海亮股份,海亮股份,002203 海亮股份
002204,大连重工,大连重工,002204 大连重工
002205,国统股份,国统股份,002205 国统股份
002206,海 利 得,海利得,002206 海 利 得
002207,准油股份,准油股份,002207 准油股份
002208,合肥城建,合肥城建,002208 合肥城建
002209,达 意 隆,达意隆,002209 达 意 隆
002210,飞马国际,飞马国际,002210 飞马国际
002211,ST宏达,st宏达,002211 ST宏达
002212,天融信,天融信,002212 天融信
002213,大为股份,大为股份,002213 大为股份
002214,*ST大立,*st大立,002214 *ST大立
002215,诺 普 信,诺普信,002215 诺 普 信
002216,三全食品,三全食品,002216 三全食品
002217,合力泰,合力泰,002217 合力泰
002218,拓日新能,拓日新能,002218 拓日新能
002219,新里程,新里程,002219 新里程
002221,东华能源,东华能源,002221 东华能源
002222,福晶科技,福晶科技,002222 福晶科技
002223,鱼跃医疗,鱼跃医疗,002223 鱼跃医疗
002224,三 力 士,三力士,002224 三 力 士
002225,濮耐股份,濮耐股份,002225 濮耐股份
002226,江南化工,江南化工,002226 江南化工
002227,奥 特 迅,奥特迅,002227 奥 特 迅
002228,合兴包装,合兴包装,002228 合兴包装
002229,鸿博股份,鸿博股份,002229 鸿博股份
002230,科大讯飞,科大讯飞,002230 科大讯飞
002231,*ST奥维,*st奥维,002231 *ST奥维
002232,启明信息,启明信息,002232 启明信息
002233,塔牌集团,塔牌集团,002233 塔牌集团
002234,民和股份,民和股份,002234 民和股份
002235,安妮股份,安妮股份,002235 安妮股份
002236,大华股份,大华股份,002236 大华股份
002237,恒邦股份,恒邦股份,002237 恒邦股份
002238,天威视讯,天威视讯,002238 天威视讯
002239,奥特佳,奥特佳,002239 奥特佳
002240,盛新锂能,盛新锂能,002240 盛新锂能
002241,歌尔股份,歌尔股份,002241 歌尔股份
002242,九阳股份,九阳股份,002242 九阳股份
002243,力合科创,力合科创,002243 力合科创
002244,滨江集团,滨江集团,002244 滨江集团
002245,蔚蓝锂芯,蔚蓝锂芯,002245 蔚蓝锂芯
002246,北化股份,北化股份,002246 北化股份
002247,聚力文化,聚力文化,002247 聚力文化
002248,华东数控,华东数控,002248 华东数控
002249,大洋电机,大洋电机,002249 大洋电机
002250,联化科技,联化科技,002250 联化科技
002251,步步高,步步高,002251 步步高
002252,上海莱士,上海莱士,002252 上海莱士
002253,*ST智胜,*st智胜,002253 *ST智胜
002254,泰和新材,泰和新材,002254 泰和新材
002255,海陆重工,海陆重工,002255 海陆重工
002256,兆新股份,兆新股份,002256 兆新股份
002258,利尔化学,利尔化学,002258 利尔化学
002259,升达林业,升达林业,002259 升达林业
002261,拓维信息,拓维信息,002261 拓维信息
002262,恩华药业,恩华药业,002262 恩华药业
002263,大东南,大东南,002263 大东南
002264,新 华 都,新华都,002264 新 华 都
002265,建设工业,建设工业,002265 建设工业
002266,浙富控股,浙富控股,002266 浙富控股
002267,陕天然气,陕天然气,002267 陕天然气
002268,电科网安,电科网安,002268 电科网安
002269,美邦服饰,美邦服饰,002269 美邦服饰
002270,华明装备,华明装备,002270 华明装备
002271,东方雨虹,东方雨虹,002271 东方雨虹
002272,川润股份,川润股份,002272 川润股份
002273,水晶光电,水晶光电,002273 水晶光电
002274,华昌化工,华昌化工,002274 华昌化工
002275,桂林三金,桂林三金,002275 桂林三金
002276,万马股份,万马股份,002276 万马股份
002277,友阿股份,友阿股份,002277 友阿股份
002278,神开股份,神开股份,002278 神开股份
002279,久其软件,久其软件,002279 久其软件
002281,光迅科技,光迅科技,002281 光迅科技
002282,博深股份,博深股份,002282 博深股份
002283,天润工业,天润工业,002283 天润工业
002284,亚太股份,亚太股份,002284 亚太股份
002285,世联行,世联行,002285 世联行
002286,保龄宝,保龄宝,002286 保龄宝
002287,奇正藏药,奇正藏药,002287 奇正藏药
002289,*ST宇顺,*st宇顺,002289 *ST宇顺
002290,禾盛新材,禾盛新材,002290 禾盛新材
002291,遥望科技,遥望科技,002291 遥望科技
002292,奥飞娱乐,奥飞娱乐,002292 奥飞娱乐
002293,罗莱生活,罗莱生活,002293 罗莱生活
002294,信立泰,信立泰,002294 信立泰
002295,精艺股份,精艺股份,002295 精艺股份
002296,辉煌科技,辉煌科技,002296 辉煌科技
002297,博云新材,博云新材,002297 博云新材
002298,中电鑫龙,中电鑫龙,002298 中电鑫龙
002299,圣农发展,圣农发展,002299 圣农发展
002300,太阳电缆,太阳电缆,002300 太阳电缆
002301,齐心集团,齐心集团,002301 齐心集团
002302,西部建设,西部建设,002302 西部建设
002303,美盈森,美盈森,002303 美盈森
002304,洋河股份,洋河股份,002304 洋河股份
002305,*ST南置,*st南置,002305 *ST南置
002306,*ST云网,*st云网,002306 *ST云网
002307,北新路桥,北新路桥,002307 北新路桥
002309,中利集团,中利集团,002309 中利集团
002310,东方新能,东方新能,002310 东方新能
002311,海大集团,海大集团,002311 海大集团
002312,川发龙蟒,川发龙蟒,002312 川发龙蟒
002313,日海智能,日海智能,002313 日海智能
002314,南山控股,南山控股,002314 南山控股
002315,焦点科技,焦点科技,002315 焦点科技
002316,亚联发展,亚联发展,002316 亚联发展
002317,众生药业,众生药业,002317 众生药业
002318,久立特材,久立特材,002318 久立特材
002319,乐通股份,乐通股份,002319 乐通股份
002320,海峡股份,海峡股份,002320 海峡股份
002321,华英农业,华英农业,002321 华英农业
002322,理工能科,理工能科,002322 理工能科
002323,雅博股份,雅博股份,002323 雅博股份
002324,普利特,普利特,002324 普利特
002326,永太科技,永太科技,002326 永太科技
002327,富安娜,富安娜,002327 富安娜
002328,新朋股份,新朋股份,002328 新朋股份
002329,皇氏集团,皇氏集团,002329 皇氏集团
002330,得利斯,得利斯,002330 得利斯
002331,皖通科技,皖通科技,002331 皖通科技
002332,仙琚制药,仙琚制药,002332 仙琚制药
002333,罗普斯金,罗普斯金,002333 罗普斯金
002334,英威腾,英威腾,002334 英威腾
002335,科华数据,科华数据,002335 科华数据
002337,赛象科技,赛象科技,002337 赛象科技
002338,奥普光电,奥普光电,002338 奥普光电
002339,积成电子,积成电子,002339 积成电子
002340,格林美,格林美,002340 格林美
002342,巨力索具,巨力索具,002342 巨力索具
002343,慈文传媒,慈文传媒,002343 慈文传媒
002344,海宁皮城,海宁皮城,002344 海宁皮城
002345,潮宏基,潮宏基,002345 潮宏基
002346,柘中股份,柘中股份,002346 柘中股份
002347,泰尔股份,泰尔股份,002347 泰尔股份
002348,高乐股份,高乐股份,002348 高乐股份
002349,精华制药,精华制药,002349 精华制药
002350,北京科锐,北京科锐,002350 北京科锐
002351,漫步者,漫步者,002351 漫步者
002352,顺丰控股,顺丰控股,002352 顺丰控股
002353,杰瑞股份,杰瑞股份,002353 杰瑞股份
002354,天娱数科,天娱数科,002354 天娱数科
002355,兴民智通,兴民智通,002355 兴民智通
002356,赫美集团,赫美集团,002356 赫美集团
002357,富临运业,富临运业,002357 富临运业
002358,森源电气,森源电气,002358 森源电气
002360,同德化工,同德化工,002360 同德化工
002361,神剑股份,神剑股份,002361 神剑股份
002362,汉王科技,汉王科技,002362 汉王科技
002363,隆基机械,隆基机械,002363 隆基机械
002364,中恒电气,中恒电气,002364 中恒电气
002365,永安药业,永安药业,002365 永安药业
002366,融发核电,融发核电,002366 融发核电
002367,康力电梯,康力电梯,002367 康力电梯
002368,太极股份,太极股份,002368 太极股份
002369,卓翼科技,卓翼科技,002369 卓翼科技
002370,亚太药业,亚太药业,002370 亚太药业
002371,北方华创,北方华创,002371 北方华创
002372,伟星新材,伟星新材,002372 伟星新材
002373,千方科技,千方科技,002373 千方科技
002374,中锐股份,中锐股份,002374 中锐股份
002375,亚厦股份,亚厦股份,002375 亚厦股份
002376,新北洋,新北洋,002376 新北洋
002377,国创高新,国创高新,002377 国创高新
002378,章源钨业,章源钨业,002378 章源钨业
002379,宏桥控股,宏桥控股,002379 宏桥控股
002380,科远智慧,科远智慧,002380 科远智慧
002381,双箭股份,双箭股份,002381 双箭股份
002382,蓝帆医疗,蓝帆医疗,002382 蓝帆医疗
002383,合众思壮,合众思壮,002383 合众思壮
002384,东山精密,东山精密,002384 东山精密
002385,大北农,大北农,002385 大北农
002386,天原股份,天原股份,002386 天原股份
002387,维信诺,维信诺,002387 维信诺
002388,新亚制程,新亚制程,002388 新亚制程
002389,航天彩虹,航天彩虹,002389 航天彩虹
002390,信邦制药,信邦制药,002390 信邦制药
002391,长青股份,长青股份,002391 长青股份
002392,北京利尔,北京利尔,002392 北京利尔
002393,力生制药,力生制药,002393 力生制药
002394,联发股份,联发股份,002394 联发股份
002395,双象股份,双象股份,002395 双象股份
002396,星网锐捷,星网锐捷,002396 星网锐捷
002397,梦洁股份,梦洁股份,002397 梦洁股份
002398,垒知集团,垒知集团,002398 垒知集团
002399,海普瑞,海普瑞,002399 海普瑞
002400,省广集团,省广集团,002400 省广集团
002401,中远海科,中远海科,002401 中远海科
002402,和而泰,和而泰,002402 和而泰
002403,爱仕达,爱仕达,002403 爱仕达
002404,嘉欣丝绸,嘉欣丝绸,002404 嘉欣丝绸
002405,四维图新,四维图新,002405 四维图新
002406,远东传动,远东传动,002406 远东传动
002407,多氟多,多氟多,002407 多氟多
002408,齐翔腾达,齐翔腾达,002408 齐翔腾达
002409,雅克科技,雅克科技,002409 雅克科技
002410,广联达,广联达,002410 广联达
002412,汉森制药,汉森制药,002412 汉森制药
002413,雷科防务,雷科防务,002413 雷科防务
002414,高德红外,高德红外,002414 高德红外
002415,海康威视,海康威视,002415 海康威视
002416,爱施德,爱施德,002416 爱施德
002418,康盛股份,康盛股份,002418 康盛股份
002419,天虹股份,天虹股份,002419 天虹股份
002420,毅昌科技,毅昌科技,002420 毅昌科技
002421,达实智能,达实智能,002421 达实智能
002422,科伦药业,科伦药业,002422 科伦药业
002423,中粮资本,中粮资本,002423 中粮资本
002424,ST百灵,st百灵,002424 ST百灵
002425,凯撒文化,凯撒文化,002425 凯撒文化
002426,胜利精密,胜利精密,002426 胜利精密
002427,尤夫股份,尤夫股份,002427 尤夫股份
002428,云南锗业,云南锗业,002428 云南锗业
002429,兆驰股份,兆驰股份,002429 兆驰股份
002430,杭氧股份,杭氧股份,002430 杭氧股份
002431,棕榈股份,棕榈股份,002431 棕榈股份
002432,九安医疗,九安医疗,002432 九安医疗
002434,万里扬,万里扬,002434 万里扬
002436,兴森科技,兴森科技,002436 兴森科技
002437,誉衡药业,誉衡药业,002437 誉衡药业
002438,江苏神通,江苏神通,002438 江苏神通
002439,启明星辰,启明星辰,002439 启明星辰
002440,闰土股份,闰土股份,002440 闰土股份
002441,众业达,众业达,002441 众业达
002442,龙星科技,龙星科技,002442 龙星科技
002443,金洲管道,金洲管道,002443 金洲管道
002444,巨星科技,巨星科技,002444 巨星科技
002445,中南文化,中南文化,002445 中南文化
002446,盛路通信,盛路通信,002446 盛路通信
002448,中原内配,中原内配,002448 中原内配
002449,国星光电,国星光电,002449 国星光电
002451,摩恩电气,摩恩电气,002451 摩恩电气
002452,长高电新,长高电新,002452 长高电新
002453,华软科技,华软科技,002453 华软科技
002454,松芝股份,松芝股份,002454 松芝股份
002455,百川股份,百川股份,002455 百川股份
002456,欧菲光,欧菲光,002456 欧菲光
002457,青龙管业,青龙管业,002457 青龙管业
002458,益生股份,益生股份,002458 益生股份
002459,晶澳科技,晶澳科技,002459 晶澳科技
002460,赣锋锂业,赣锋锂业,002460 赣锋锂业
002461,珠江啤酒,珠江啤酒,002461 珠江啤酒
002462,嘉事堂,嘉事堂,002462 嘉事堂
002463,沪电股份,沪电股份,002463 沪电股份
002465,海格通信,海格通信,002465 海格通信
002466,天齐锂业,天齐锂业,002466 天齐锂业
002467,二六三,二六三,002467 二六三
002468,申通快递,申通快递,002468 申通快递
002469,三维化学,三维化学,002469 三维化学
002470,金正大,金正大,002470 金正大
002471,中超控股,中超控股,002471 中超控股
002472,双环传动,双环传动,002472 双环传动
002474,榕基软件,榕基软件,002474 榕基软件
002475,立讯精密,立讯精密,002475 立讯精密
002476,宝莫股份,宝莫股份,002476 宝莫股份
002478,常宝股份,常宝股份,002478 常宝股份
002479,富春环保,富春环保,002479 富春环保
002480,新筑股份,新筑股份,002480 新筑股份
002481,双塔食品,双塔食品,002481 双塔食品
002482,广田集团,广田集团,002482 广田集团
002483,润邦股份,润邦股份,002483 润邦股份
002484,江海股份,江海股份,002484 江海股份
002485,ST雪发,st雪发,002485 ST雪发
002486,嘉麟杰,嘉麟杰,002486 嘉麟杰
002487,大金重工,大金重工,002487 大金重工
002488,金固股份,金固股份,002488 金固股份
002489,浙江永强,浙江永强,002489 浙江永强
002490,山东墨龙,山东墨龙,002490 山东墨龙
002491,通鼎互联,通鼎互联,002491 通鼎互联
002492,恒基达鑫,恒基达鑫,002492 恒基达鑫
002493,荣盛石化,荣盛石化,002493 荣盛石化
002494,华斯股份,华斯股份,002494 华斯股份
002495,佳隆股份,佳隆股份,002495 佳隆股份
002496,*ST辉丰,*st辉丰,002496 *ST辉丰
002497,雅化集团,雅化集团,002497 雅化集团
002498,汉缆股份,汉缆股份,002498 汉缆股份
002500,山西证券,山西证券,002500 山西证券
002501,利源股份,利源股份,002501 利源股份
002506,协鑫集成,协鑫集成,002506 协鑫集成
002507,涪陵榨菜,涪陵榨菜,002507 涪陵榨菜
002508,老板电器,老板电器,002508 老板电器
002510,天汽模,天汽模,002510 天汽模
002511,中顺洁柔,中顺洁柔,002511 中顺洁柔
002512,ST达华,st达华,002512 ST达华
002513,蓝丰生化,蓝丰生化,002513 蓝丰生化
002514,宝馨科技,宝馨科技,002514 宝馨科技
002515,金字火腿,金字火腿,002515 金字火腿
002516,旷达科技,旷达科技,002516 旷达科技
002517,恺英网络,恺英网络,002517 恺英网络
002518,科士达,科士达,002518 科士达
002519,银河电子,银河电子,002519 银河电子
002520,日发精机,日发精机,002520 日发精机
002521,齐峰新材,齐峰新材,002521 齐峰新材
002522,浙江众成,浙江众成,002522 浙江众成
002523,天桥起重,天桥起重,002523 天桥起重
002524,光正眼科,光正眼科,002524 光正眼科
002526,山东矿机,山东矿机,002526 山东矿机
002527,新时达,新时达,002527 新时达
002528,ST英飞拓,st英飞拓,002528 ST英飞拓
002529,*ST海源,*st海源,002529 *ST海源
002530,金财互联,金财互联,002530 金财互联
002531,天顺风能,天顺风能,002531 天顺风能
002532,天山铝业,天山铝业,002532 天山铝业
002533,金杯电工,金杯电工,002533 金杯电工
002534,西子洁能,西子洁能,002534 西子洁能
002535,林州重机,林州重机,002535 林州重机
002536,飞龙股份,飞龙股份,002536 飞龙股份
002537,海联金汇,海联金汇,002537 海联金汇
002538,司尔特,司尔特,002538 司尔特
002539,云图控股,云图控股,002539 云图控股
002540,亚太科技,亚太科技,002540 亚太科技
002541,鸿路钢构,鸿路钢构,002541 鸿路钢构
002542,中化岩土,中化岩土,002542 中化岩土
002543,万和电气,万和电气,002543 万和电气
002544,普天科技,普天科技,002544 普天科技
002545,东方铁塔,东方铁塔,002545 东方铁塔
002546,新联电子,新联电子,002546 新联电子
002547,春兴精工,春兴精工,002547 春兴精工
002548,金新农,金新农,002548 金新农
002549,凯美特气,凯美特气,002549 凯美特气
002550,千红制药,千红制药,002550 千红制药
002551,尚荣医疗,尚荣医疗,002551 尚荣医疗
002552,宝鼎科技,宝鼎科技,002552 宝鼎科技
002553,南方精工,南方精工,002553 南方精工
002554,惠博普,惠博普,002554 惠博普
002555,三七互娱,三七互娱,002555 三七互娱
002556,辉隆股份,辉隆股份,002556 辉隆股份
002557,洽洽食品,洽洽食品,002557 洽洽食品
002558,巨人网络,巨人网络,002558 巨人网络
002559,亚威股份,亚威股份,002559 亚威股份
002560,通达股份,通达股份,002560 通达股份
002561,徐家汇,徐家汇,002561 徐家汇
002562,兄弟科技,兄弟科技,002562 兄弟科技
002563,森马服饰,森马服饰,002563 森马服饰
002564,天沃科技,天沃科技,002564 天沃科技
002565,顺灏股份,顺灏股份,002565 顺灏股份
002566,益盛药业,益盛药业,002566 益盛药业
002567,唐人神,唐人神,002567 唐人神
002568,百润股份,百润股份,002568 百润股份
002569,*ST步森,*st步森,002569 *ST步森
002570,贝因美,贝因美,002570 贝因美
002571,德力股份,德力股份,002571 德力股份
002572,索菲亚,索菲亚,002572 索菲亚
002573,清新环境,清新环境,002573 清新环境
002574,明牌珠宝,明牌珠宝,002574 明牌珠宝
002575,群兴玩具,群兴玩具,002575 群兴玩具
002576,通达动力,通达动力,002576 通达动力
002577,雷柏科技,雷柏科技,002577 雷柏科技
002578,闽发铝业,闽发铝业,002578 闽发铝业
002579,中京电子,中京电子,002579 中京电子
002580,圣阳股份,圣阳股份,002580 圣阳股份
002581,ST未名,st未名,002581 ST未名
002582,好想你,好想你,002582 好想你
002583,海能达,海能达,002583 海能达
002584,西陇科学,西陇科学,002584 西陇科学
002585,双星新材,双星新材,002585 双星新材
002586,ST围海,st围海,002586 ST围海
002587,奥拓电子,奥拓电子,002587 奥拓电子
002588,史丹利,史丹利,002588 史丹利
002589,瑞康医药,瑞康医药,002589 瑞康医药
002590,万安科技,万安科技,002590 万安科技
002591,恒大高新,恒大高新,002591 恒大高新
002592,ST八菱,st八菱,002592 ST八菱
002593,日上集团,日上集团,002593 日上集团
002594,比亚迪,比亚迪,002594 比亚迪
002595,豪迈科技,豪迈科技,002595 豪迈科技
002596,海南瑞泽,海南瑞泽,002596 海南瑞泽
002597,金禾实业,金禾实业,002597 金禾实业
002598,山东章鼓,山东章鼓,002598 山东章鼓
002599,盛通股份,盛通股份,002599 盛通股份
002600,领益智造,领益智造,002600 领益智造
002601,龙佰集团,龙佰集团,002601 龙佰集团
002602,世纪华通,世纪华通,002602 世纪华通
002603,以岭药业,以岭药业,002603 以岭药业
002605,姚记科技,姚记科技,002605 姚记科技
002606,大连电瓷,大连电瓷,002606 大连电瓷
002607,中公教育,中公教育,002607 中公教育
002608,江苏国信,江苏国信,002608 江苏国信
002609,捷顺科技,捷顺科技,002609 捷顺科技
002611,东方精工,东方精工,002611 东方精工
002612,朗姿股份,朗姿股份,002612 朗姿股份
002613,北玻股份,北玻股份,002613 北玻股份
002614,奥佳华,奥佳华,002614 奥佳华
002615,哈尔斯,哈尔斯,002615 哈尔斯
002616,长青集团,长青集团,002616 长青集团
002617,露笑科技,露笑科技,002617 露笑科技
002620,ST瑞和,st瑞和,002620 ST瑞和
002622,皓宸医疗,皓宸医疗,002622 皓宸医疗
002623,亚玛顿,亚玛顿,002623 亚玛顿
002624,完美世界,完美世界,002624 完美世界
002625,光启技术,光启技术,002625 光启技术
002626,金达威,金达威,002626 金达威
002627,三峡旅游,三峡旅游,002627 三峡旅游
002628,成都路桥,成都路桥,002628 成都路桥
002629,仁智股份,仁智股份,002629 仁智股份
002630,ST华西,st华西,002630 ST华西
002631,德尔未来,德尔未来,002631 德尔未来
002632,道明光学,道明光学,002632 道明光学
002633,申科股份,申科股份,002633 申科股份
002634,棒杰股份,棒杰股份,002634 棒杰股份
002635,安洁科技,安洁科技,002635 安洁科技
002636,金安国纪,金安国纪,002636 金安国纪
002637,赞宇科技,赞宇科技,002637 赞宇科技
002638,勤上股份,勤上股份,002638 勤上股份
002639,雪人集团,雪人集团,002639 雪人集团
002640,跨境通,跨境通,002640 跨境通
002641,公元股份,公元股份,002641 公元股份
002642,荣联科技,荣联科技,002642 荣联科技
002643,万润股份,万润股份,002643 万润股份
002644,佛慈制药,佛慈制药,002644 佛慈制药
002645,华宏科技,华宏科技,002645 华宏科技
002646,天佑德酒,天佑德酒,002646 天佑德酒
002647,*ST仁东,*st仁东,002647 *ST仁东
002648,卫星化学,卫星化学,002648 卫星化学
002649,博彦科技,博彦科技,002649 博彦科技
002650,ST加加,st加加,002650 ST加加
002651,利君股份,利君股份,002651 利君股份
002652,扬子新材,扬子新材,002652 扬子新材
002653,海思科,海思科,002653 海思科
002654,万润科技,万润科技,002654 万润科技
002655,共达电声,共达电声,002655 共达电声
002656,*ST摩登,*st摩登,002656 *ST摩登
002657,中科金财,中科金财,002657 中科金财
002658,雪迪龙,雪迪龙,002658 雪迪龙
002659,凯文教育,凯文教育,002659 凯文教育
002660,茂硕电源,茂硕电源,002660 茂硕电源
002661,克明食品,克明食品,002661 克明食品
002662,峰璟股份,峰璟股份,002662 峰璟股份
002663,普邦股份,普邦股份,002663 普邦股份
002664,信质集团,信质集团,002664 信质集团
002666,德联集团,德联集团,002666 德联集团
002667,威领股份,威领股份,002667 威领股份
002668,TCL智家,tcl智家,002668 TCL智家
002669,康达新材,康达新材,002669 康达新材
002670,国盛证券,国盛证券,002670 国盛证券
002671,龙泉股份,龙泉股份,002671 龙泉股份
002672,东江环保,东江环保,002672 东江环保
002673,西部证券,西部证券,002673 西部证券
002674,兴业科技,兴业科技,002674 兴业科技
002675,东诚药业,东诚药业,002675 东诚药业
002676,顺威股份,顺威股份,002676 顺威股份
002677,浙江美大,浙江美大,002677 浙江美大
002678,珠江钢琴,珠江钢琴,002678 珠江钢琴
002679,福建金森,福建金森,002679 福建金森
002681,奋达科技,奋达科技,002681 奋达科技
002682,龙洲股份,龙洲股份,002682 龙洲股份
002683,广东宏大,广东宏大,002683 广东宏大
002685,华东重机,华东重机,002685 华东重机
002686,亿利达,亿利达,002686 亿利达
002687,乔治白,乔治白,002687 乔治白
002688,金河生物,金河生物,002688 金河生物
002689,ST远智,st远智,002689 ST远智
002690,美亚光电,美亚光电,002690 美亚光电
002691,冀凯股份,冀凯股份,002691 冀凯股份
002692,远程股份,远程股份,002692 远程股份
002693,*ST双成,*st双成,002693 *ST双成
002694,顾地科技,顾地科技,002694 顾地科技
002695,煌上煌,煌上煌,002695 煌上煌
002696,百洋股份,百洋股份,002696 百洋股份
002697,红旗连锁,红旗连锁,002697 红旗连锁
002698,博实股份,博实股份,002698 博实股份
002700,万憬能源,万憬能源,002700 万憬能源
002701,奥瑞金,奥瑞金,002701 奥瑞金
002702,海欣食品,海欣食品,002702 海欣食品
002703,浙江世宝,浙江世宝,002703 浙江世宝
002705,新宝股份,新宝股份,002705 新宝股份
002706,良信股份,良信股份,002706 良信股份
002707,众信旅游,众信旅游,002707 众信旅游
002708,光洋股份,光洋股份,002708 光洋股份
002709,天赐材料,天赐材料,002709 天赐材料
002712,思美传媒,思美传媒,002712 思美传媒
002713,*ST东易,*st东易,002713 *ST东易
002714,牧原股份,牧原股份,002714 牧原股份
002715,登云股份,登云股份,002715 登云股份
002716,湖南白银,湖南白银,002716 湖南白银
002717,ST岭南,st岭南,002717 ST岭南
002718,友邦吊顶,友邦吊顶,002718 友邦吊顶
002719,麦趣尔,麦趣尔,002719 麦趣尔
002721,金一文化,金一文化,002721 金一文化
002722,物产金轮,物产金轮,002722 物产金轮
002723,小崧股份,小崧股份,002723 小崧股份
002724,海洋王,海洋王,002724 海洋王
002725,跃岭股份,跃岭股份,002725 跃岭股份
002726,龙大美食,龙大美食,002726 龙大美食
002727,一心堂,一心堂,002727 一心堂
002728,特一药业,特一药业,002728 特一药业
002729,好利科技,好利科技,002729 好利科技
002730,电光科技,电光科技,002730 电光科技
002731,ST萃华,st萃华,002731 ST萃华
002732,燕塘乳业,燕塘乳业,002732 燕塘乳业
002733,雄韬股份,雄韬股份,002733 雄韬股份
002734,利民股份,利民股份,002734 利民股份
002735,王子新材,王子新材,002735 王子新材
002736,国信证券,国信证券,002736 国信证券
002737,葵花药业,葵花药业,002737 葵花药业
002738,中矿资源,中矿资源,002738 中矿资源
002739,万达电影,万达电影,002739 万达电影
002741,光华科技,光华科技,002741 光华科技
002742,*ST三圣,*st三圣,002742 *ST三圣
002743,富煌钢构,富煌钢构,002743 富煌钢构
002745,木林森,木林森,002745 木林森
002746,仙坛股份,仙坛股份,002746 仙坛股份
002747,埃斯顿,埃斯顿,002747 埃斯顿
002748,世龙实业,世龙实业,002748 世龙实业
002749,国光股份,国光股份,002749 国光股份
002752,昇兴股份,昇兴股份,002752 昇兴股份
002753,永东股份,永东股份,002753 永东股份
002755,奥赛康,奥赛康,002755 奥赛康
002756,永兴材料,永兴材料,002756 永兴材料
002757,南兴股份,南兴股份,002757 南兴股份
002758,浙农股份,浙农股份,002758 浙农股份
002759,天际股份,天际股份,002759 天际股份
002760,凤形股份,凤形股份,002760 凤形股份
002761,浙江建投,浙江建投,002761 浙江建投
002762,*ST金比,*st金比,002762 *ST金比
002763,汇洁股份,汇洁股份,002763 汇洁股份
002765,蓝黛科技,蓝黛科技,002765 蓝黛科技
002766,索菱股份,索菱股份,002766 索菱股份
002767,先锋电子,先锋电子,002767 先锋电子
002768,国恩股份,国恩股份,002768 国恩股份
002769,普路通,普路通,002769 普路通
002771,真视通,真视通,002771 真视通
002772,众兴菌业,众兴菌业,002772 众兴菌业
002773,康弘药业,康弘药业,002773 康弘药业
002774,快意电梯,快意电梯,002774 快意电梯
002775,文科股份,文科股份,002775 文科股份
002777,久远银海,久远银海,002777 久远银海
002778,中晟高科,中晟高科,002778 中晟高科
002779,中坚科技,中坚科技,002779 中坚科技
002780,三夫户外,三夫户外,002780 三夫户外
002782,可立克,可立克,002782 可立克
002783,凯龙股份,凯龙股份,002783 凯龙股份
002785,万里石,万里石,002785 万里石
002786,银宝山新,银宝山新,002786 银宝山新
002787,华源控股,华源控股,002787 华源控股
002788,鹭燕医药,鹭燕医药,002788 鹭燕医药
002789,*ST建艺,*st建艺,002789 *ST建艺
002790,瑞尔特,瑞尔特,002790 瑞尔特
002791,坚朗五金,坚朗五金,002791 坚朗五金
002792,通宇通讯,通宇通讯,002792 通宇通讯
002793,罗欣药业,罗欣药业,002793 罗欣药业
002795,永和智控,永和智控,002795 永和智控
002796,世嘉科技,世嘉科技,002796 世嘉科技
002797,第一创业,第一创业,002797 第一创业
002798,帝欧水华,帝欧水华,002798 帝欧水华
002799,环球印务,环球印务,002799 环球印务
002800,天顺股份,天顺股份,002800 天顺股份
002801,微光股份,微光股份,002801 微光股份
002802,洪汇新材,洪汇新材,002802 洪汇新材
002803,吉宏股份,吉宏股份,002803 吉宏股份
002805,丰元股份,丰元股份,002805 丰元股份
002806,华锋股份,华锋股份,002806 华锋股份
002807,江阴银行,江阴银行,002807 江阴银行
002808,*ST恒久,*st恒久,002808 *ST恒久
002809,红墙股份,红墙股份,002809 红墙股份
002810,山东赫达,山东赫达,002810 山东赫达
002811,郑中设计,郑中设计,002811 郑中设计
002812,恩捷股份,恩捷股份,002812 恩捷股份
002813,路畅科技,路畅科技,002813 路畅科技
002815,崇达技术,崇达技术,002815 崇达技术
002816,*ST和科,*st和科,002816 *ST和科
002817,黄山胶囊,黄山胶囊,002817 黄山胶囊
002818,富森美,富森美,002818 富森美
002819,东方中科,东方中科,002819 东方中科
002820,桂发祥,桂发祥,002820 桂发祥
002821,凯莱英,凯莱英,002821 凯莱英
002822,ST中装,st中装,002822 ST中装
002823,凯中精密,凯中精密,002823 凯中精密
002824,和胜股份,和胜股份,002824 和胜股份
002825,纳尔股份,纳尔股份,002825 纳尔股份
002826,易明医药,易明医药,002826 易明医药
002827,高争民爆,高争民爆,002827 高争民爆
002828,贝肯能源,贝肯能源,002828 贝肯能源
002829,星网宇达,星网宇达,002829 星网宇达
002830,名雕股份,名雕股份,002830 名雕股份
002831,裕同科技,裕同科技,002831 裕同科技
002832,比音勒芬,比音勒芬,002832 比音勒芬
002833,弘亚数控,弘亚数控,002833 弘亚数控
002835,同为股份,同为股份,002835 同为股份
002836,新宏泽,新宏泽,002836 新宏泽
002837,英维克,英维克,002837 英维克
002838,道恩股份,道恩股份,002838 道恩股份
002839,张家港行,张家港行,002839 张家港行
002840,华统股份,华统股份,002840 华统股份
002841,视源股份,视源股份,002841 视源股份
002842,翔鹭钨业,翔鹭钨业,002842 翔鹭钨业
002843,泰嘉股份,泰嘉股份,002843 泰嘉股份
002845,同兴达,同兴达,002845 同兴达
002846,英联股份,英联股份,002846 英联股份
002847,盐津铺子,盐津铺子,002847 盐津铺子
002848,*ST高斯,*st高斯,002848 *ST高斯
002849,威星智能,威星智能,002849 威星智能
002850,科达利,科达利,002850 科达利
002851,麦格米特,麦格米特,002851 麦格米特
002852,道道全,道道全,002852 道道全
002853,皮阿诺,皮阿诺,002853 皮阿诺
002855,捷荣技术,捷荣技术,002855 捷荣技术
002856,美芝股份,美芝股份,002856 美芝股份
002857,三晖电气,三晖电气,002857 三晖电气
002858,力盛体育,力盛体育,002858 力盛体育
002859,洁美科技,洁美科技,002859 洁美科技
002860,星帅尔,星帅尔,002860 星帅尔
002861,瀛通通讯,瀛通通讯,002861 瀛通通讯
002862,实丰文化,实丰文化,002862 实丰文化
002863,今飞凯达,今飞凯达,002863 今飞凯达
002864,盘龙药业,盘龙药业,002864 盘龙药业
002865,钧达股份,钧达股份,002865 钧达股份
002866,传艺科技,传艺科技,002866 传艺科技
002867,周大生,周大生,002867 周大生
002868,*ST绿康,*st绿康,002868 *ST绿康
002869,金溢科技,金溢科技,002869 金溢科技
002870,香山股份,香山股份,002870 香山股份
002871,伟隆股份,伟隆股份,002871 伟隆股份
002872,ST天圣,st天圣,002872 ST天圣
002873,新天药业,新天药业,002873 新天药业
002875,安奈儿,安奈儿,002875 安奈儿
002876,三利谱,三利谱,002876 三利谱
002877,智能自控,智能自控,002877 智能自控
002878,元隆雅图,元隆雅图,002878 元隆雅图
002879,长缆科技,长缆科技,002879 长缆科技
002880,卫光生物,卫光生物,002880 卫光生物
002881,美格智能,美格智能,002881 美格智能
002882,金龙羽,金龙羽,002882 金龙羽
002883,中设股份,中设股份,002883 中设股份
002884,凌霄泵业,凌霄泵业,002884 凌霄泵业
002885,京泉华,京泉华,002885 京泉华
002886,沃特股份,沃特股份,002886 沃特股份
002887,绿茵生态,绿茵生态,002887 绿茵生态
002888,惠威科技,惠威科技,002888 惠威科技
002889,东方嘉盛,东方嘉盛,002889 东方嘉盛
002890,弘宇股份,弘宇股份,002890 弘宇股份
002891,中宠股份,中宠股份,002891 中宠股份
002892,科力尔,科力尔,002892 科力尔
002893,京能热力,京能热力,002893 京能热力
002895,川恒股份,川恒股份,002895 川恒股份
002896,中大力德,中大力德,002896 中大力德
002897,意华股份,意华股份,002897 意华股份
002898,*ST赛隆,*st赛隆,002898 *ST赛隆
002899,英派斯,英派斯,002899 英派斯
002900,哈三联,哈三联,002900 哈三联
002901,大博医疗,大博医疗,002901 大博医疗
002902,铭普光磁,铭普光磁,002902 铭普光磁
002903,宇环数控,宇环数控,002903 宇环数控
002905,金逸影视,金逸影视,002905 金逸影视
002906,华阳集团,华阳集团,002906 华阳集团
002907,华森制药,华森制药,002907 华森制药
002908,德生科技,德生科技,002908 德生科技
002909,集泰股份,集泰股份,002909 集泰股份
002910,庄园牧场,庄园牧场,002910 庄园牧场
002911,佛燃能源,佛燃能源,002911 佛燃能源
002912,中新赛克,中新赛克,002912 中新赛克
002913,奥士康,奥士康,002913 奥士康
002915,中欣氟材,中欣氟材,002915 中欣氟材
002916,深南电路,深南电路,002916 深南电路
002917,金奥博,金奥博,002917 金奥博
002918,蒙娜丽莎,蒙娜丽莎,002918 蒙娜丽莎
002919,名臣健康,名臣健康,002919 名臣健康
002920,德赛西威,德赛西威,002920 德赛西威
002921,联诚精密,联诚精密,002921 联诚精密
002922,伊戈尔,伊戈尔,002922 伊戈尔
002923,润都股份,润都股份,002923 润都股份
002925,盈趣科技,盈趣科技,002925 盈趣科技
002926,华西证券,华西证券,002926 华西证券
002927,泰永长征,泰永长征,002927 泰永长征
002928,华夏航空,华夏航空,002928 华夏航空
002929,润建股份,润建股份,002929 润建股份
002930,宏川智慧,宏川智慧,002930 宏川智慧
002931,锋龙股份,锋龙股份,002931 锋龙股份
002932,明德生物,明德生物,002932 明德生物
002933,新兴装备,新兴装备,002933 新兴装备
002935,天奥电子,天奥电子,002935 天奥电子
002936,郑州银行,郑州银行,002936 郑州银行
002937,兴瑞科技,兴瑞科技,002937 兴瑞科技
002938,鹏鼎控股,鹏鼎控股,002938 鹏鼎控股
002939,长城证券,长城证券,002939 长城证券
002940,昂利康,昂利康,002940 昂利康
002941,新疆交建,新疆交建,002941 新疆交建
002942,新农股份,新农股份,002942 新农股份
002943,宇晶股份,宇晶股份,002943 宇晶股份
002945,华林证券,华林证券,002945 华林证券
002946,新乳业,新乳业,002946 新乳业
002947,恒铭达,恒铭达,002947 恒铭达
002948,青岛银行,青岛银行,002948 青岛银行
002949,华阳国际,华阳国际,002949 华阳国际
002950,奥美医疗,奥美医疗,002950 奥美医疗
002951,金时科技,金时科技,002951 金时科技
002952,亚世光电,亚世光电,002952 亚世光电
002953,日丰股份,日丰股份,002953 日丰股份
002955,鸿合科技,鸿合科技,002955 鸿合科技
002956,西麦食品,西麦食品,002956 西麦食品
002957,科瑞技术,科瑞技术,002957 科瑞技术
002958,青农商行,青农商行,002958 青农商行
002959,小熊电器,小熊电器,002959 小熊电器
002960,青鸟消防,青鸟消防,002960 青鸟消防
002961,瑞达期货,瑞达期货,002961 瑞达期货
002962,五方光电,五方光电,002962 五方光电
002963,豪尔赛,豪尔赛,002963 豪尔赛
002965,祥鑫科技,祥鑫科技,002965 祥鑫科技
002966,苏州银行,苏州银行,002966 苏州银行
002967,广电计量,广电计量,002967 广电计量
002968,新大正,新大正,002968 新大正
002969,嘉美包装,嘉美包装,002969 嘉美包装
002970,锐明技术,锐明技术,002970 锐明技术
002971,和远气体,和远气体,002971 和远气体
002972,科安达,科安达,002972 科安达
002973,侨银股份,侨银股份,002973 侨银股份
002975,博杰股份,博杰股份,002975 博杰股份
002976,瑞玛精密,瑞玛精密,002976 瑞玛精密
002977,天箭科技,天箭科技,002977 天箭科技
002978,安宁股份,安宁股份,002978 安宁股份
002979,雷赛智能,雷赛智能,002979 雷赛智能
002980,华盛昌,华盛昌,002980 华盛昌
002981,朝阳科技,朝阳科技,002981 朝阳科技
002982,湘佳股份,湘佳股份,002982 湘佳股份
002983,芯瑞达,芯瑞达,002983 芯瑞达
002984,森麒麟,森麒麟,002984 森麒麟
002985,北摩高科,北摩高科,002985 北摩高科
002986,宇新股份,宇新股份,002986 宇新股份
002987,京北方,京北方,002987 京北方
002988,豪美新材,豪美新材,002988 豪美新材
002989,中天精装,中天精装,002989 中天精装
002990,盛视科技,盛视科技,002990 盛视科技
002991,甘源食品,甘源食品,002991 甘源食品
002992,宝明科技,宝明科技,002992 宝明科技
002993,奥海科技,奥海科技,002993 奥海科技
002995,天地在线,天地在线,002995 天地在线
002996,顺博合金,顺博合金,002996 顺博合金
002997,瑞鹄模具,瑞鹄模具,002997 瑞鹄模具
002998,优彩资源,优彩资源,002998 优彩资源
002999,天禾股份,天禾股份,002999 天禾股份
003000,劲仔食品,劲仔食品,003000 劲仔食品
003001,中岩大地,中岩大地,003001 中岩大地
003002,壶化股份,壶化股份,003002 壶化股份
003003,天元股份,天元股份,003003 天元股份
003004,*ST声迅,*st声迅,003004 *ST声迅
003005,竞业达,竞业达,003005 竞业达
003006,百亚股份,百亚股份,003006 百亚股份
003007,直真科技,直真科技,003007 直真科技
003008,开普检测,开普检测,003008 开普检测
003009,中天火箭,中天火箭,003009 中天火箭
003010,若羽臣,若羽臣,003010 若羽臣
003011,海象新材,海象新材,003011 海象新材
003012,东鹏控股,东鹏控股,003012 东鹏控股
003013,地铁设计,地铁设计,003013 地铁设计
003015,日久光电,日久光电,003015 日久光电
003016,欣贺股份,欣贺股份,003016 欣贺股份
003017,大洋生物,大洋生物,003017 大洋生物
003018,金富科技,金富科技,003018 金富科技
003019,宸展光电,宸展光电,003019 宸展光电
003020,立方制药,立方制药,003020 立方制药
003021,兆威机电,兆威机电,003021 兆威机电
003022,联泓新科,联泓新科,003022 联泓新科
003023,彩虹集团,彩虹集团,003023 彩虹集团
003025,思进智能,思进智能,003025 思进智能
003026,中晶科技,中晶科技,003026 中晶科技
003027,同兴科技,同兴科技,003027 同兴科技
003028,振邦智能,振邦智能,003028 振邦智能
003029,吉大正元,吉大正元,003029 吉大正元
003030,祖名股份,祖名股份,003030 祖名股份
003031,中瓷电子,中瓷电子,003031 中瓷电子
003032,*ST传智,*st传智,003032 *ST传智
003033,征和工业,征和工业,003033 征和工业
003035,南网能源,南网能源,003035 南网能源
003036,泰坦股份,泰坦股份,003036 泰坦股份
003037,三和管桩,三和管桩,003037 三和管桩
003038,鑫铂股份,鑫铂股份,003038 鑫铂股份
003039,顺控发展,顺控发展,003039 顺控发展
003040,楚天龙,楚天龙,003040 楚天龙
003041,真爱美家,真爱美家,003041 真爱美家
003042,中农联合,中农联合,003042 中农联合
003043,华亚智能,华亚智能,003043 华亚智能
003816,中国广核,中国广核,003816 中国广核
300001,特锐德,特锐德,300001 特锐德
300002,神州泰岳,神州泰岳,300002 神州泰岳
300003,乐普医疗,乐普医疗,300003 乐普医疗
300004,南风股份,南风股份,300004 南风股份
300005,探路者,探路者,300005 探路者
300006,莱美药业,莱美药业,300006 莱美药业
300007,汉威科技,汉威科技,300007 汉威科技
300008,天海防务,天海防务,300008 天海防务
300009,安科生物,安科生物,300009 安科生物
300010,豆神教育,豆神教育,300010 豆神教育
300011,鼎汉技术,鼎汉技术,300011 鼎汉技术
300012,华测检测,华测检测,300012 华测检测
300013,新宁物流,新宁物流,300013 新宁物流
300014,亿纬锂能,亿纬锂能,300014 亿纬锂能
300015,爱尔眼科,爱尔眼科,300015 爱尔眼科
300016,北陆药业,北陆药业,300016 北陆药业
300017,网宿科技,网宿科技,300017 网宿科技
300018,中元股份,中元股份,300018 中元股份
300019,硅宝科技,硅宝科技,300019 硅宝科技
300020,ST银江,st银江,300020 ST银江
300021,大禹节水,大禹节水,300021 大禹节水
300022,吉峰科技,吉峰科技,300022 吉峰科技
300024,机器人,机器人,300024 机器人
300025,华星创业,华星创业,300025 华星创业
300026,红日药业,红日药业,300026 红日药业
300027,华谊兄弟,华谊兄弟,300027 华谊兄弟
300029,*ST天龙,*st天龙,300029 *ST天龙
300030,阳普医疗,阳普医疗,300030 阳普医疗
300031,宝通科技,宝通科技,300031 宝通科技
300032,金龙机电,金龙机电,300032 金龙机电
300033,同花顺,同花顺,300033 同花顺
300034,钢研高纳,钢研高纳,300034 钢研高纳
300035,中科电气,中科电气,300035 中科电气
300036,超图软件,超图软件,300036 超图软件
300037,新宙邦,新宙邦,300037 新宙邦
300039,上海凯宝,上海凯宝,300039 上海凯宝
300040,九洲集团,九洲集团,300040 九洲集团
300041,回天新材,回天新材,300041 回天新材
300042,朗科科技,朗科科技,300042 朗科科技
300043,星辉娱乐,星辉娱乐,300043 星辉娱乐
300044,ST赛为,st赛为,300044 ST赛为
300045,华力创通,华力创通,300045 华力创通
300046,台基股份,台基股份,300046 台基股份
300047,天源迪科,天源迪科,300047 天源迪科
300048,合康新能,合康新能,300048 合康新能
300049,福瑞医科,福瑞医科,300049 福瑞医科
300050,世纪鼎利,世纪鼎利,300050 世纪鼎利
300051,琏升科技,琏升科技,300051 琏升科技
300052,ST中青宝,st中青宝,300052 ST中青宝
300053,航宇微,航宇微,300053 航宇微
300054,鼎龙股份,鼎龙股份,300054 鼎龙股份
300055,万邦达,万邦达,300055 万邦达
300056,中创环保,中创环保,300056 中创环保
300057,万顺新材,万顺新材,300057 万顺新材
300058,蓝色光标,蓝色光标,300058 蓝色光标
300059,东方财富,东方财富,300059 东方财富
300061,旗天科技,旗天科技,300061 旗天科技
300062,中能电气,中能电气,300062 中能电气
300063,天龙集团,天龙集团,300063 天龙集团
300065,海兰信,海兰信,300065 海兰信
300066,三川智慧,三川智慧,300066 三川智慧
300067,安诺其,安诺其,300067 安诺其
300068,南都电源,南都电源,300068 南都电源
300069,金利华电,金利华电,300069 金利华电
300070,碧水源,碧水源,300070 碧水源
300071,福石控股,福石控股,300071 福石控股
300072,海新能科,海新能科,300072 海新能科
300073,当升科技,当升科技,300073 当升科技
300074,华平股份,华平股份,300074 华平股份
300075,数字政通,数字政通,300075 数字政通
300076,GQY视讯,gqy视讯,300076 GQY视讯
300077,国民技术,国民技术,300077 国民技术
300078,思创智联,思创智联,300078 思创智联
300079,数码视讯,数码视讯,300079 数码视讯
300080,易成新能,易成新能,300080 易成新能
300081,恒信东方,恒信东方,300081 恒信东方
300082,奥克股份,奥克股份,300082 奥克股份
300083,创世纪,创世纪,300083 创世纪
300084,海默科技,海默科技,300084 海默科技
300085,银之杰,银之杰,300085 银之杰
300086,康芝药业,康芝药业,300086 康芝药业
300087,荃银高科,荃银高科,300087 荃银高科
300088,长信科技,长信科技,300088 长信科技
300091,*ST金灵,*st金灵,300091 *ST金灵
300092,科新机电,科新机电,300092 科新机电
300093,*ST金刚,*st金刚,300093 *ST金刚
300094,国联水产,国联水产,300094 国联水产
300095,华伍股份,华伍股份,300095 华伍股份
300096,ST易联众,st易联众,300096 ST易联众
300097,ST智云,st智云,300097 ST智云
300098,高新兴,高新兴,300098 高新兴
300099,尤洛卡,尤洛卡,300099 尤洛卡
300100,双林股份,双林股份,300100 双林股份
300101,振芯科技,振芯科技,300101 振芯科技
300102,乾照光电,乾照光电,300102 乾照光电
300103,达刚控股,达刚控股,300103 达刚控股
300105,龙源技术,龙源技术,300105 龙源技术
300106,西部牧业,西部牧业,300106 西部牧业
300107,建新股份,建新股份,300107 建新股份
300109,新开源,新开源,300109 新开源
300110,华仁药业,华仁药业,300110 华仁药业
300111,向日葵,向日葵,300111 向日葵
300112,万讯自控,万讯自控,300112 万讯自控
300113,顺网科技,顺网科技,300113 顺网科技
300115,长盈精密,长盈精密,300115 长盈精密
300118,东方日升,东方日升,300118 东方日升
300119,瑞普生物,瑞普生物,300119 瑞普生物
300120,经纬辉开,经纬辉开,300120 经纬辉开
300121,阳谷华泰,阳谷华泰,300121 阳谷华泰
300122,智飞生物,智飞生物,300122 智飞生物
300123,亚光科技,亚光科技,300123 亚光科技
300124,汇川技术,汇川技术,300124 汇川技术
300125,*ST聆达,*st聆达,300125 *ST聆达
300126,锐奇股份,锐奇股份,300126 锐奇股份
300127,银河磁体,银河磁体,300127 银河磁体
300128,锦富技术,锦富技术,300128 锦富技术
300129,泰胜风能,泰胜风能,300129 泰胜风能
300130,新国都,新国都,300130 新国都
300131,英唐智控,英唐智控,300131 英唐智控
300132,青松股份,青松股份,300132 青松股份
300133,华策影视,华策影视,300133 华策影视
300134,大富科技,大富科技,300134 大富科技
300135,宝利国际,宝利国际,300135 宝利国际
300136,信维通信,信维通信,300136 信维通信
300137,先河环保,先河环保,300137 先河环保
300138,晨光生物,晨光生物,300138 晨光生物
300139,晓程科技,晓程科技,300139 晓程科技
300140,节能环境,节能环境,300140 节能环境
300141,和顺电气,和顺电气,300141 和顺电气
300142,沃森生物,沃森生物,300142 沃森生物
300143,盈康生命,盈康生命,300143 盈康生命
300144,宋城演艺,宋城演艺,300144 宋城演艺
300145,南方泵业,南方泵业,300145 南方泵业
300146,汤臣倍健,汤臣倍健,300146 汤臣倍健
300147,ST香雪,st香雪,300147 ST香雪
300148,天舟文化,天舟文化,300148 天舟文化
300149,睿智医药,睿智医药,300149 睿智医药
300150,世纪瑞尔,世纪瑞尔,300150 世纪瑞尔
300151,昌红科技,昌红科技,300151 昌红科技
300152,ST新动力,st新动力,300152 ST新动力
300153,科泰电源,科泰电源,300153 科泰电源
300154,瑞凌股份,瑞凌股份,300154 瑞凌股份
300155,安居宝,安居宝,300155 安居宝
300157,新锦动力,新锦动力,300157 新锦动力
300158,振东制药,振东制药,300158 振东制药
300159,*ST新研,*st新研,300159 *ST新研
300160,秀强股份,秀强股份,300160 秀强股份
300161,华中数控,华中数控,300161 华中数控
300162,雷曼光电,雷曼光电,300162 雷曼光电
300163,先锋新材,先锋新材,300163 先锋新材
300164,通源石油,通源石油,300164 通源石油
300165,ST天瑞,st天瑞,300165 ST天瑞
300166,东方国信,东方国信,300166 东方国信
300167,ST迪威迅,st迪威迅,300167 ST迪威迅
300168,万达信息,万达信息,300168 万达信息
300169,天晟新材,天晟新材,300169 天晟新材
300170,汉得信息,汉得信息,300170 汉得信息
300171,东富龙,东富龙,300171 东富龙
300172,中电环保,中电环保,300172 中电环保
300173,ST福能,st福能,300173 ST福能
300174,元力股份,元力股份,300174 元力股份
300175,ST朗源,st朗源,300175 ST朗源
300176,鸿特科技,鸿特科技,300176 鸿特科技
300177,中海达,中海达,300177 中海达
300179,四方达,四方达,300179 四方达
300180,华峰超纤,华峰超纤,300180 华峰超纤
300181,佐力药业,佐力药业,300181 佐力药业
300182,捷成股份,捷成股份,300182 捷成股份
300183,东软载波,东软载波,300183 东软载波
300184,力源信息,力源信息,300184 力源信息
300185,通裕重工,通裕重工,300185 通裕重工
300187,永清环保,永清环保,300187 永清环保
300188,国投智能,国投智能,300188 国投智能
300189,神农种业,神农种业,300189 神农种业
300190,维尔利,维尔利,300190 维尔利
300191,潜能恒信,潜能恒信,300191 潜能恒信
300192,科德教育,科德教育,300192 科德教育
300193,佳士科技,佳士科技,300193 佳士科技
300194,福安药业,福安药业,300194 福安药业
300195,长荣股份,长荣股份,300195 长荣股份
300196,长海股份,长海股份,300196 长海股份
300197,节能铁汉,节能铁汉,300197 节能铁汉
300198,ST纳川,st纳川,300198 ST纳川
300199,翰宇药业,翰宇药业,300199 翰宇药业
300200,高盟新材,高盟新材,300200 高盟新材
300201,海伦哲,海伦哲,300201 海伦哲
300203,聚光科技,聚光科技,300203 聚光科技
300204,舒泰神,舒泰神,300204 舒泰神
300205,*ST天喻,*st天喻,300205 *ST天喻
300206,理邦仪器,理邦仪器,300206 理邦仪器
300207,欣旺达,欣旺达,300207 欣旺达
300209,行云科技,行云科技,300209 行云科技
300210,森远股份,森远股份,300210 森远股份
300211,*ST亿通,*st亿通,300211 *ST亿通
300212,易华录,易华录,300212 易华录
300213,佳讯飞鸿,佳讯飞鸿,300213 佳讯飞鸿
300214,日科化学,日科化学,300214 日科化学
300215,电科院,电科院,300215 电科院
300217,东方电热,东方电热,300217 东方电热
300218,安利股份,安利股份,300218 安利股份
300219,鸿利智汇,鸿利智汇,300219 鸿利智汇
300220,金运激光,金运激光,300220 金运激光
300221,银禧科技,银禧科技,300221 银禧科技
300222,科大智能,科大智能,300222 科大智能
300223,北京君正,北京君正,300223 北京君正
300224,正海磁材,正海磁材,300224 正海磁材
300225,*ST金泰,*st金泰,300225 *ST金泰
300226,上海钢联,上海钢联,300226 上海钢联
300227,光韵达,光韵达,300227 光韵达
300228,富瑞特装,富瑞特装,300228 富瑞特装
300229,拓尔思,拓尔思,300229 拓尔思
300230,永利股份,永利股份,300230 永利股份
300231,银信科技,银信科技,300231 银信科技
300232,洲明科技,洲明科技,300232 洲明科技
300233,金城医药,金城医药,300233 金城医药
300234,开尔新材,开尔新材,300234 开尔新材
300235,方直科技,方直科技,300235 方直科技
300236,上海新阳,上海新阳,300236 上海新阳
300237,ST美晨,st美晨,300237 ST美晨
300238,冠昊生物,冠昊生物,300238 冠昊生物
300239,东宝生物,东宝生物,300239 东宝生物
300240,飞力达,飞力达,300240 飞力达
300241,瑞丰光电,瑞丰光电,300241 瑞丰光电
300242,佳云科技,佳云科技,300242 佳云科技
300243,瑞丰高材,瑞丰高材,300243 瑞丰高材
300244,迪安诊断,迪安诊断,300244 迪安诊断
300245,天玑科技,天玑科技,300245 天玑科技
300246,宝莱特,宝莱特,300246 宝莱特
300247,融捷健康,融捷健康,300247 融捷健康
300248,新开普,新开普,300248 新开普
300249,依米康,依米康,300249 依米康
300250,初灵信息,初灵信息,300250 初灵信息
300251,光线传媒,光线传媒,300251 光线传媒
300252,金信诺,金信诺,300252 金信诺
300253,卫宁健康,卫宁健康,300253 卫宁健康
300254,仟源医药,仟源医药,300254 仟源医药
300255,常山药业,常山药业,300255 常山药业
300256,星星科技,星星科技,300256 星星科技
300257,开山股份,开山股份,300257 开山股份
300258,精锻科技,精锻科技,300258 精锻科技
300259,新天科技,新天科技,300259 新天科技
300260,新莱应材,新莱应材,300260 新莱应材
300261,雅本化学,雅本化学,300261 雅本化学
300263,隆华科技,隆华科技,300263 隆华科技
300264,佳创视讯,佳创视讯,300264 佳创视讯
300265,通光线缆,通光线缆,300265 通光线缆
300266,兴源环境,兴源环境,300266 兴源环境
300267,尔康制药,尔康制药,300267 尔康制药
300268,*ST佳沃,*st佳沃,300268 *ST佳沃
300269,联建光电,联建光电,300269 联建光电
300270,中威电子,中威电子,300270 中威电子
300271,华宇软件,华宇软件,300271 华宇软件
300272,开能健康,开能健康,300272 开能健康
300274,阳光电源,阳光电源,300274 阳光电源
300275,梅安森,梅安森,300275 梅安森
300276,三丰智能,三丰智能,300276 三丰智能
300277,海联讯,海联讯,300277 海联讯
300278,华昌达,华昌达,300278 华昌达
300279,和晶科技,和晶科技,300279 和晶科技
300281,金明精机,金明精机,300281 金明精机
300283,温州宏丰,温州宏丰,300283 温州宏丰
300284,苏交科,苏交科,300284 苏交科
300285,国瓷材料,国瓷材料,300285 国瓷材料
300286,安科瑞,安科瑞,300286 安科瑞
300287,飞利信,飞利信,300287 飞利信
300288,朗玛信息,朗玛信息,300288 朗玛信息
300289,利德曼,利德曼,300289 利德曼
300290,荣科科技,荣科科技,300290 荣科科技
300291,百纳千成,百纳千成,300291 百纳千成
300292,吴通控股,吴通控股,300292 吴通控股
300293,蓝英装备,蓝英装备,300293 蓝英装备
300294,博雅生物,博雅生物,300294 博雅生物
300295,三六五网,三六五网,300295 三六五网
300296,利亚德,利亚德,300296 利亚德
300298,三诺生物,三诺生物,300298 三诺生物
300299,富春股份,富春股份,300299 富春股份
300300,海峡创新,海峡创新,300300 海峡创新
300301,ST长方,st长方,300301 ST长方
300302,同有科技,同有科技,300302 同有科技
300303,聚飞光电,聚飞光电,300303 聚飞光电
300304,云意电气,云意电气,300304 云意电气
300305,裕兴股份,裕兴股份,300305 裕兴股份
300306,远方信息,远方信息,300306 远方信息
300307,慈星股份,慈星股份,300307 慈星股份
300308,中际旭创,中际旭创,300308 中际旭创
300310,宜通世纪,宜通世纪,300310 宜通世纪
300311,ST任子行,st任子行,300311 ST任子行
300313,*ST天山,*st天山,300313 *ST天山
300314,戴维医疗,戴维医疗,300314 戴维医疗
300315,掌趣科技,掌趣科技,300315 掌趣科技
300316,晶盛机电,晶盛机电,300316 晶盛机电
300317,珈伟新能,珈伟新能,300317 珈伟新能
300318,博晖创新,博晖创新,300318 博晖创新
300319,麦捷科技,麦捷科技,300319 麦捷科技
300320,海达股份,海达股份,300320 海达股份
300321,同大股份,同大股份,300321 同大股份
300322,硕贝德,硕贝德,300322 硕贝德
300323,华灿光电,华灿光电,300323 华灿光电
300324,旋极信息,旋极信息,300324 旋极信息
300326,ST凯利,st凯利,300326 ST凯利
300327,中颖电子,中颖电子,300327 中颖电子
300328,宜安科技,宜安科技,300328 宜安科技
300329,海伦钢琴,海伦钢琴,300329 海伦钢琴
300331,苏大维格,苏大维格,300331 苏大维格
300332,天壕能源,天壕能源,300332 天壕能源
300333,兆日科技,兆日科技,300333 兆日科技
300334,津膜科技,津膜科技,300334 津膜科技
300335,迪森股份,迪森股份,300335 迪森股份
300337,银邦股份,银邦股份,300337 银邦股份
300338,ST开元,st开元,300338 ST开元
300339,润和软件,润和软件,300339 润和软件
300340,科恒股份,科恒股份,300340 科恒股份
300341,麦克奥迪,麦克奥迪,300341 麦克奥迪
300342,天银机电,天银机电,300342 天银机电
300343,ST联创,st联创,300343 ST联创
300344,*ST立方,*st立方,300344 *ST立方
300345,华民股份,华民股份,300345 华民股份
300346,南大光电,南大光电,300346 南大光电
300347,泰格医药,泰格医药,300347 泰格医药
300348,长亮科技,长亮科技,300348 长亮科技
300349,金卡智能,金卡智能,300349 金卡智能
300350,华鹏飞,华鹏飞,300350 华鹏飞
300351,永贵电器,永贵电器,300351 永贵电器
300352,北信源,北信源,300352 北信源
300353,东土科技,东土科技,300353 东土科技
300354,东华测试,东华测试,300354 东华测试
300355,蒙草生态,蒙草生态,300355 蒙草生态
300357,我武生物,我武生物,300357 我武生物
300358,楚天科技,楚天科技,300358 楚天科技
300359,全通教育,全通教育,300359 全通教育
300360,炬华科技,炬华科技,300360 炬华科技
300363,博腾股份,博腾股份,300363 博腾股份
300364,中文在线,中文在线,300364 中文在线
300365,恒华科技,恒华科技,300365 恒华科技
300366,ST创意,st创意,300366 ST创意
300368,汇金股份,汇金股份,300368 汇金股份
300369,绿盟科技,绿盟科技,300369 绿盟科技
300370,安控科技,安控科技,300370 安控科技
300371,汇中股份,汇中股份,300371 汇中股份
300373,扬杰科技,扬杰科技,300373 扬杰科技
300374,中铁装配,中铁装配,300374 中铁装配
300375,鹏翎股份,鹏翎股份,300375 鹏翎股份
300376,易事特,易事特,300376 易事特
300377,赢时胜,赢时胜,300377 赢时胜
300378,鼎捷数智,鼎捷数智,300378 鼎捷数智
300380,安硕信息,安硕信息,300380 安硕信息
300381,溢多利,溢多利,300381 溢多利
300382,斯莱克,斯莱克,300382 斯莱克
300383,光环新网,光环新网,300383 光环新网
300384,三联虹普,三联虹普,300384 三联虹普
300385,雪浪环境,雪浪环境,300385 雪浪环境
300386,飞天诚信,飞天诚信,300386 飞天诚信
300387,富邦科技,富邦科技,300387 富邦科技
300388,节能国祯,节能国祯,300388 节能国祯
300389,艾比森,艾比森,300389 艾比森
300390,天华新能,天华新能,300390 天华新能
300391,长药退,长药退,300391 长药退
300393,中来股份,中来股份,300393 中来股份
300394,天孚通信,天孚通信,300394 天孚通信
300395,菲利华,菲利华,300395 菲利华
300396,迪瑞医疗,迪瑞医疗,300396 迪瑞医疗
300397,天和防务,天和防务,300397 天和防务
300398,飞凯材料,飞凯材料,300398 飞凯材料
300399,天利科技,天利科技,300399 天利科技
300400,劲拓股份,劲拓股份,300400 劲拓股份
300401,花园生物,花园生物,300401 花园生物
300402,宝色股份,宝色股份,300402 宝色股份
300403,汉宇集团,汉宇集团,300403 汉宇集团
300404,博济医药,博济医药,300404 博济医药
300405,科隆股份,科隆股份,300405 科隆股份
300406,九强生物,九强生物,300406 九强生物
300407,凯发电气,凯发电气,300407 凯发电气
300408,三环集团,三环集团,300408 三环集团
300409,道氏技术,道氏技术,300409 道氏技术
300410,正业科技,正业科技,300410 正业科技
300411,金盾股份,金盾股份,300411 金盾股份
300412,迦南科技,迦南科技,300412 迦南科技
300413,芒果超媒,芒果超媒,300413 芒果超媒
300414,中光防雷,中光防雷,300414 中光防雷
300415,伊之密,伊之密,300415 伊之密
300416,苏试试验,苏试试验,300416 苏试试验
300417,南华仪器,南华仪器,300417 南华仪器
300418,昆仑万维,昆仑万维,300418 昆仑万维
300419,ST浩丰,st浩丰,300419 ST浩丰
300420,五洋自控,五洋自控,300420 五洋自控
300421,力星股份,力星股份,300421 力星股份
300422,博世科,博世科,300422 博世科
300423,昇辉科技,昇辉科技,300423 昇辉科技
300424,航新科技,航新科技,300424 航新科技
300425,中建环能,中建环能,300425 中建环能
300426,华智数媒,华智数媒,300426 华智数媒
300427,红相股份,红相股份,300427 红相股份
300428,立中集团,立中集团,300428 立中集团
300429,强力新材,强力新材,300429 强力新材
300430,诚益通,诚益通,300430 诚益通
300432,富临精工,富临精工,300432 富临精工
300433,蓝思科技,蓝思科技,300433 蓝思科技
300434,金石亚药,金石亚药,300434 金石亚药
300435,中泰股份,中泰股份,300435 中泰股份
300436,广生堂,广生堂,300436 广生堂
300437,清水源,清水源,300437 清水源
300438,鹏辉能源,鹏辉能源,300438 鹏辉能源
300439,美康生物,美康生物,300439 美康生物
300440,运达科技,运达科技,300440 运达科技
300441,鲍斯股份,鲍斯股份,300441 鲍斯股份
300442,润泽科技,润泽科技,300442 润泽科技
300443,金雷股份,金雷股份,300443 金雷股份
300444,双杰电气,双杰电气,300444 双杰电气
300445,康斯特,康斯特,300445 康斯特
300446,航天智造,航天智造,300446 航天智造
300447,全信股份,全信股份,300447 全信股份
300448,浩云科技,浩云科技,300448 浩云科技
300449,汉邦高科,汉邦高科,300449 汉邦高科
300450,先导智能,先导智能,300450 先导智能
300451,创业慧康,创业慧康,300451 创业慧康
300452,山河药辅,山河药辅,300452 山河药辅
300453,三鑫医疗,三鑫医疗,300453 三鑫医疗
300454,深信服,深信服,300454 深信服
300455,航天智装,航天智装,300455 航天智装
300456,赛微电子,赛微电子,300456 赛微电子
300457,赢合科技,赢合科技,300457 赢合科技
300458,全志科技,全志科技,300458 全志科技
300459,汤姆猫,汤姆猫,300459 汤姆猫
300460,ST惠伦,st惠伦,300460 ST惠伦
300461,田中精机,田中精机,300461 田中精机
300462,ST华铭,st华铭,300462 ST华铭
300463,迈克生物,迈克生物,300463 迈克生物
300464,星徽股份,星徽股份,300464 星徽股份
300465,高伟达,高伟达,300465 高伟达
300466,赛摩智能,赛摩智能,300466 赛摩智能
300467,迅游科技,迅游科技,300467 迅游科技
300468,四方精创,四方精创,300468 四方精创
300469,信息发展,信息发展,300469 信息发展
300470,中密控股,中密控股,300470 中密控股
300471,厚普股份,厚普股份,300471 厚普股份
300472,*ST新元,*st新元,300472 *ST新元
300473,德尔股份,德尔股份,300473 德尔股份
300474,景嘉微,景嘉微,300474 景嘉微
300475,香农芯创,香农芯创,300475 香农芯创
300476,胜宏科技,胜宏科技,300476 胜宏科技
300477,ST合纵,st合纵,300477 ST合纵
300478,杭州高新,杭州高新,300478 杭州高新
300479,神思电子,神思电子,300479 神思电子
300480,光力科技,光力科技,300480 光力科技
300481,濮阳惠成,濮阳惠成,300481 濮阳惠成
300482,万孚生物,万孚生物,300482 万孚生物
300483,首华燃气,首华燃气,300483 首华燃气
300484,蓝海华腾,蓝海华腾,300484 蓝海华腾
300485,赛升药业,赛升药业,300485 赛升药业
300486,东杰智能,东杰智能,300486 东杰智能
300487,蓝晓科技,蓝晓科技,300487 蓝晓科技
300488,恒锋工具,恒锋工具,300488 恒锋工具
300489,光智科技,光智科技,300489 光智科技
300490,华自科技,华自科技,300490 华自科技
300491,通合科技,通合科技,300491 通合科技
300492,华图山鼎,华图山鼎,300492 华图山鼎
300493,润欣科技,润欣科技,300493 润欣科技
300494,盛天网络,盛天网络,300494 盛天网络
300496,中科创达,中科创达,300496 中科创达
300497,富祥药业,富祥药业,300497 富祥药业
300498,温氏股份,温氏股份,300498 温氏股份
300499,高澜股份,高澜股份,300499 高澜股份
300500,启迪设计,启迪设计,300500 启迪设计
300501,海顺新材,海顺新材,300501 海顺新材
300502,新易盛,新易盛,300502 新易盛
300503,昊志机电,昊志机电,300503 昊志机电
300504,天邑股份,天邑股份,300504 天邑股份
300505,川金诺,川金诺,300505 川金诺
300506,ST名家汇,st名家汇,300506 ST名家汇
300507,苏奥传感,苏奥传感,300507 苏奥传感
300508,维宏股份,维宏股份,300508 维宏股份
300509,新美星,新美星,300509 新美星
300510,金冠股份,金冠股份,300510 金冠股份
300511,雪榕生物,雪榕生物,300511 雪榕生物
300512,中亚股份,中亚股份,300512 中亚股份
300513,恒实科技,恒实科技,300513 恒实科技
300514,友讯达,友讯达,300514 友讯达
300515,三德科技,三德科技,300515 三德科技
300516,久之洋,久之洋,300516 久之洋
300517,海波重科,海波重科,300517 海波重科
300518,新迅达,新迅达,300518 新迅达
300519,新光药业,新光药业,300519 新光药业
300520,科大国创,科大国创,300520 科大国创
300521,爱司凯,爱司凯,300521 爱司凯
300522,世名科技,世名科技,300522 世名科技
300523,辰安科技,辰安科技,300523 辰安科技
300525,博思软件,博思软件,300525 博思软件
300527,ST应急,st应急,300527 ST应急
300528,幸福蓝海,幸福蓝海,300528 幸福蓝海
300529,健帆生物,健帆生物,300529 健帆生物
300530,领湃科技,领湃科技,300530 领湃科技
300531,优博讯,优博讯,300531 优博讯
300532,今天国际,今天国际,300532 今天国际
300533,冰川网络,冰川网络,300533 冰川网络
300534,陇神戎发,陇神戎发,300534 陇神戎发
300535,达威股份,达威股份,300535 达威股份
300536,农尚环境,农尚环境,300536 农尚环境
300537,广信材料,广信材料,300537 广信材料
300538,同益股份,同益股份,300538 同益股份
300539,横河精密,横河精密,300539 横河精密
300540,蜀道装备,蜀道装备,300540 蜀道装备
300541,先进数通,先进数通,300541 先进数通
300542,新晨科技,新晨科技,300542 新晨科技
300543,朗科智能,朗科智能,300543 朗科智能
300545,联得装备,联得装备,300545 联得装备
300546,雄帝科技,雄帝科技,300546 雄帝科技
300547,川环科技,川环科技,300547 川环科技
300548,长芯博创,长芯博创,300548 长芯博创
300549,优德精密,优德精密,300549 优德精密
300550,和仁科技,和仁科技,300550 和仁科技
300551,古鳌科技,古鳌科技,300551 古鳌科技
300552,万集科技,万集科技,300552 万集科技
300553,集智股份,集智股份,300553 集智股份
300554,三超新材,三超新材,300554 三超新材
300555,ST路通,st路通,300555 ST路通
300556,丝路视觉,丝路视觉,300556 丝路视觉
300557,理工光科,理工光科,300557 理工光科
300558,贝达药业,贝达药业,300558 贝达药业
300559,佳发教育,佳发教育,300559 佳发教育
300560,中富通,中富通,300560 中富通
300561,*ST汇科,*st汇科,300561 *ST汇科
300562,乐心医疗,乐心医疗,300562 乐心医疗
300563,神宇股份,神宇股份,300563 神宇股份
300564,筑博设计,筑博设计,300564 筑博设计
300565,科信技术,科信技术,300565 科信技术
300566,激智科技,激智科技,300566 激智科技
300567,精测电子,精测电子,300567 精测电子
300568,星源材质,星源材质,300568 星源材质
300569,天能重工,天能重工,300569 天能重工
300570,太辰光,太辰光,300570 太辰光
300571,平治信息,平治信息,300571 平治信息
300572,安车检测,安车检测,300572 安车检测
300573,兴齐眼药,兴齐眼药,300573 兴齐眼药
300575,中旗股份,中旗股份,300575 中旗股份
300576,容大感光,容大感光,300576 容大感光
300577,开润股份,开润股份,300577 开润股份
300578,会畅科技,会畅科技,300578 会畅科技
300579,数字认证,数字认证,300579 数字认证
300580,贝斯特,贝斯特,300580 贝斯特
300581,晨曦航空,晨曦航空,300581 晨曦航空
300582,英飞特,英飞特,300582 英飞特
300583,赛托生物,赛托生物,300583 赛托生物
300584,海辰药业,海辰药业,300584 海辰药业
300585,奥联电子,奥联电子,300585 奥联电子
300586,美联新材,美联新材,300586 美联新材
300587,天铁科技,天铁科技,300587 天铁科技
300588,熙菱信息,熙菱信息,300588 熙菱信息
300589,江龙船艇,江龙船艇,300589 江龙船艇
300590,移为通信,移为通信,300590 移为通信
300591,万里马,万里马,300591 万里马
300592,华凯易佰,华凯易佰,300592 华凯易佰
300593,新雷能,新雷能,300593 新雷能
300594,朗进科技,朗进科技,300594 朗进科技
300595,欧普康视,欧普康视,300595 欧普康视
300596,利安隆,利安隆,300596 利安隆
300597,吉大通信,吉大通信,300597 吉大通信
300598,诚迈科技,诚迈科技,300598 诚迈科技
300599,雄塑科技,雄塑科技,300599 雄塑科技
300600,国瑞科技,国瑞科技,300600 国瑞科技
300601,康泰生物,康泰生物,300601 康泰生物
300602,飞荣达,飞荣达,300602 飞荣达
300603,立昂技术,立昂技术,300603 立昂技术
300604,长川科技,长川科技,300604 长川科技
300605,恒锋信息,恒锋信息,300605 恒锋信息
300606,金太阳,金太阳,300606 金太阳
300607,拓斯达,拓斯达,300607 拓斯达
300608,思特奇,思特奇,300608 思特奇
300609,汇纳科技,汇纳科技,300609 汇纳科技
300610,晨化股份,晨化股份,300610 晨化股份
300611,美力科技,美力科技,300611 美力科技
300612,宣亚国际,宣亚国际,300612 宣亚国际
300613,富瀚微,富瀚微,300613 富瀚微
300614,百川畅银,百川畅银,300614 百川畅银
300615,欣天科技,欣天科技,300615 欣天科技
300616,尚品宅配,尚品宅配,300616 尚品宅配
300617,安靠智电,安靠智电,300617 安靠智电
300618,寒锐钴业,寒锐钴业,300618 寒锐钴业
300619,金银河,金银河,300619 金银河
300620,光库科技,光库科技,300620 光库科技
300621,维业股份,维业股份,300621 维业股份
300622,博士眼镜,博士眼镜,300622 博士眼镜
300623,捷捷微电,捷捷微电,300623 捷捷微电
300624,万兴科技,万兴科技,300624 万兴科技
300625,三雄极光,三雄极光,300625 三雄极光
300626,华瑞股份,华瑞股份,300626 华瑞股份
300627,华测导航,华测导航,300627 华测导航
300628,亿联网络,亿联网络,300628 亿联网络
300629,新劲刚,新劲刚,300629 新劲刚
300631,久吾高科,久吾高科,300631 久吾高科
300632,光莆股份,光莆股份,300632 光莆股份
300633,开立医疗,开立医疗,300633 开立医疗
300634,彩讯股份,彩讯股份,300634 彩讯股份
300635,中达安,中达安,300635 中达安
300636,同和药业,同和药业,300636 同和药业
300637,扬帆新材,扬帆新材,300637 扬帆新材
300638,广和通,广和通,300638 广和通
300639,凯普生物,凯普生物,300639 凯普生物
300640,德艺文创,德艺文创,300640 德艺文创
300641,正丹股份,正丹股份,300641 正丹股份
300642,透景生命,透景生命,300642 透景生命
300643,万通智控,万通智控,300643 万通智控
300644,南京聚隆,南京聚隆,300644 南京聚隆
300645,正元智慧,正元智慧,300645 正元智慧
300647,超频三,超频三,300647 超频三
300648,星云股份,星云股份,300648 星云股份
300649,杭州园林,杭州园林,300649 杭州园林
300650,太龙股份,太龙股份,300650 太龙股份
300651,金陵体育,金陵体育,300651 金陵体育
300652,雷迪克,雷迪克,300652 雷迪克
300653,正海生物,正海生物,300653 正海生物
300654,世纪天鸿,世纪天鸿,300654 世纪天鸿
300655,晶瑞电材,晶瑞电材,300655 晶瑞电材
300656,民德电子,民德电子,300656 民德电子
300657,弘信电子,弘信电子,300657 弘信电子
300658,延江股份,延江股份,300658 延江股份
300659,中孚信息,中孚信息,300659 中孚信息
300660,江苏雷利,江苏雷利,300660 江苏雷利
300661,圣邦股份,圣邦股份,300661 圣邦股份
300662,科锐国际,科锐国际,300662 科锐国际
300663,科蓝软件,科蓝软件,300663 科蓝软件
300664,鹏鹞环保,鹏鹞环保,300664 鹏鹞环保
300665,飞鹿股份,飞鹿股份,300665 飞鹿股份
300666,江丰电子,江丰电子,300666 江丰电子
300667,必创科技,必创科技,300667 必创科技
300668,杰恩设计,杰恩设计,300668 杰恩设计
300669,沪宁股份,沪宁股份,300669 沪宁股份
300670,大烨智能,大烨智能,300670 大烨智能
300671,富满微,富满微,300671 富满微
300672,国科微,国科微,300672 国科微
300673,佩蒂股份,佩蒂股份,300673 佩蒂股份
300674,宇信科技,宇信科技,300674 宇信科技
300675,建科院,建科院,300675 建科院
300676,华大基因,华大基因,300676 华大基因
300677,英科医疗,英科医疗,300677 英科医疗
300678,中科信息,中科信息,300678 中科信息
300679,电连技术,电连技术,300679 电连技术
300680,隆盛科技,隆盛科技,300680 隆盛科技
300681,英搏尔,英搏尔,300681 英搏尔
300682,朗新科技,朗新科技,300682 朗新科技
300683,海特生物,海特生物,300683 海特生物
300684,中石科技,中石科技,300684 中石科技
300685,艾德生物,艾德生物,300685 艾德生物
300686,智动力,智动力,300686 智动力
300687,赛意信息,赛意信息,300687 赛意信息
300688,创业黑马,创业黑马,300688 创业黑马
300689,澄天伟业,澄天伟业,300689 澄天伟业
300690,双一科技,双一科技,300690 双一科技
300691,联合光电,联合光电,300691 联合光电
300692,中赋科技,中赋科技,300692 中赋科技
300693,盛弘股份,盛弘股份,300693 盛弘股份
300694,蠡湖股份,蠡湖股份,300694 蠡湖股份
300695,兆丰股份,兆丰股份,300695 兆丰股份
300696,爱乐达,爱乐达,300696 爱乐达
300697,电工合金,电工合金,300697 电工合金
300698,万马科技,万马科技,300698 万马科技
300699,光威复材,光威复材,300699 光威复材
300700,岱勒新材,岱勒新材,300700 岱勒新材
300701,森霸传感,森霸传感,300701 森霸传感
300702,天宇股份,天宇股份,300702 天宇股份
300703,创源股份,创源股份,300703 创源股份
300705,九典制药,九典制药,300705 九典制药
300706,阿石创,阿石创,300706 阿石创
300707,威唐工业,威唐工业,300707 威唐工业
300708,聚灿光电,聚灿光电,300708 聚灿光电
300709,精研科技,精研科技,300709 精研科技
300710,万隆光电,万隆光电,300710 万隆光电
300711,广哈通信,广哈通信,300711 广哈通信
300712,永福股份,永福股份,300712 永福股份
300713,英可瑞,英可瑞,300713 英可瑞
300715,凯伦股份,凯伦股份,300715 凯伦股份
300716,ST泉为,st泉为,300716 ST泉为
300717,华信新材,华信新材,300717 华信新材
300718,长盛轴承,长盛轴承,300718 长盛轴承
300719,安达维尔,安达维尔,300719 安达维尔
300720,海川智能,海川智能,300720 海川智能
300721,怡达股份,怡达股份,300721 怡达股份
300722,新余国科,新余国科,300722 新余国科
300723,一品红,一品红,300723 一品红
300724,捷佳伟创,捷佳伟创,300724 捷佳伟创
300725,药石科技,药石科技,300725 药石科技
300726,宏达电子,宏达电子,300726 宏达电子
300727,润禾材料,润禾材料,300727 润禾材料
300729,乐歌股份,乐歌股份,300729 乐歌股份
300730,科创信息,科创信息,300730 科创信息
300731,科创新源,科创新源,300731 科创新源
300732,设研院,设研院,300732 设研院
300733,西菱动力,西菱动力,300733 西菱动力
300735,光弘科技,光弘科技,300735 光弘科技
300736,百邦科技,百邦科技,300736 百邦科技
300737,科顺股份,科顺股份,300737 科顺股份
300738,奥飞数据,奥飞数据,300738 奥飞数据
300739,明阳电路,明阳电路,300739 明阳电路
300740,水羊股份,水羊股份,300740 水羊股份
300741,华宝股份,华宝股份,300741 华宝股份
300743,天地数码,天地数码,300743 天地数码
300745,欣锐科技,欣锐科技,300745 欣锐科技
300746,汉嘉数智,汉嘉数智,300746 汉嘉数智
300747,锐科激光,锐科激光,300747 锐科激光
300748,金力永磁,金力永磁,300748 金力永磁
300749,顶固集创,顶固集创,300749 顶固集创
300750,宁德时代,宁德时代,300750 宁德时代
300751,迈为股份,迈为股份,300751 迈为股份
300752,隆利科技,隆利科技,300752 隆利科技
300753,爱朋医疗,爱朋医疗,300753 爱朋医疗
300755,华致酒行,华致酒行,300755 华致酒行
300756,金马游乐,金马游乐,300756 金马游乐
300757,罗博特科,罗博特科,300757 罗博特科
300758,七彩化学,七彩化学,300758 七彩化学
300759,康龙化成,康龙化成,300759 康龙化成
300760,迈瑞医疗,迈瑞医疗,300760 迈瑞医疗
300761,立华股份,立华股份,300761 立华股份
300762,上海瀚讯,上海瀚讯,300762 上海瀚讯
300763,锦浪科技,锦浪科技,300763 锦浪科技
300765,新诺威,新诺威,300765 新诺威
300766,每日互动,每日互动,300766 每日互动
300767,震安科技,震安科技,300767 震安科技
300768,迪普科技,迪普科技,300768 迪普科技
300769,德方纳米,德方纳米,300769 德方纳米
300770,新媒股份,新媒股份,300770 新媒股份
300771,智莱科技,智莱科技,300771 智莱科技
300772,运达股份,运达股份,300772 运达股份
300773,拉卡拉,拉卡拉,300773 拉卡拉
300774,倍杰特,倍杰特,300774 倍杰特
300775,三角防务,三角防务,300775 三角防务
300776,帝尔激光,帝尔激光,300776 帝尔激光
300777,中简科技,中简科技,300777 中简科技
300778,新城市,新城市,300778 新城市
300779,惠城环保,惠城环保,300779 惠城环保
300780,德恩精工,德恩精工,300780 德恩精工
300781,因赛集团,因赛集团,300781 因赛集团
300782,卓胜微,卓胜微,300782 卓胜微
300783,三只松鼠,三只松鼠,300783 三只松鼠
300784,利安科技,利安科技,300784 利安科技
300785,值得买,值得买,300785 值得买
300786,国林科技,国林科技,300786 国林科技
300787,海能实业,海能实业,300787 海能实业
300788,中信出版,中信出版,300788 中信出版
300789,唐源电气,唐源电气,300789 唐源电气
300790,宇瞳光学,宇瞳光学,300790 宇瞳光学
300791,仙乐健康,仙乐健康,300791 仙乐健康
300792,壹网壹创,壹网壹创,300792 壹网壹创
300793,佳禾智能,佳禾智能,300793 佳禾智能
300795,米奥会展,米奥会展,300795 米奥会展
300796,贝斯美,贝斯美,300796 贝斯美
300797,钢研纳克,钢研纳克,300797 钢研纳克
300798,锦鸡股份,锦鸡股份,300798 锦鸡股份
300800,力合科技,力合科技,300800 力合科技
300801,泰和科技,泰和科技,300801 泰和科技
300802,矩子科技,矩子科技,300802 矩子科技
300803,指南针,指南针,300803 指南针
300804,广康生化,广康生化,300804 广康生化
300805,电声股份,电声股份,300805 电声股份
300806,斯迪克,斯迪克,300806 斯迪克
300807,天迈科技,天迈科技,300807 天迈科技
300808,久量股份,久量股份,300808 久量股份
300809,华辰装备,华辰装备,300809 华辰装备
300810,中科海讯,中科海讯,300810 中科海讯
300811,铂科新材,铂科新材,300811 铂科新材
300812,易天股份,易天股份,300812 易天股份
300813,泰林生物,泰林生物,300813 泰林生物
300814,中富电路,中富电路,300814 中富电路
300815,玉禾田,玉禾田,300815 玉禾田
300816,艾可蓝,艾可蓝,300816 艾可蓝
300817,双飞集团,双飞集团,300817 双飞集团
300818,耐普矿机,耐普矿机,300818 耐普矿机
300819,聚杰微纤,聚杰微纤,300819 聚杰微纤
300820,英杰电气,英杰电气,300820 英杰电气
300821,东岳硅材,东岳硅材,300821 东岳硅材
300822,贝仕达克,贝仕达克,300822 贝仕达克
300823,建科智能,建科智能,300823 建科智能
300824,北鼎股份,北鼎股份,300824 北鼎股份
300825,阿尔特,阿尔特,300825 阿尔特
300826,测绘股份,测绘股份,300826 测绘股份
300827,上能电气,上能电气,300827 上能电气
300828,锐新科技,锐新科技,300828 锐新科技
300829,金丹科技,金丹科技,300829 金丹科技
300830,金现代,金现代,300830 金现代
300831,派瑞股份,派瑞股份,300831 派瑞股份
300832,新产业,新产业,300832 新产业
300833,浩洋股份,浩洋股份,300833 浩洋股份
300834,星辉环材,星辉环材,300834 星辉环材
300835,龙磁科技,龙磁科技,300835 龙磁科技
300836,佰奥智能,佰奥智能,300836 佰奥智能
300837,浙矿股份,浙矿股份,300837 浙矿股份
300838,浙江力诺,浙江力诺,300838 浙江力诺
300839,博汇股份,博汇股份,300839 博汇股份
300840,酷特智能,酷特智能,300840 酷特智能
300841,康华生物,康华生物,300841 康华生物
300842,帝科股份,帝科股份,300842 帝科股份
300843,胜蓝股份,胜蓝股份,300843 胜蓝股份
300844,山水比德,山水比德,300844 山水比德
300845,捷安高科,捷安高科,300845 捷安高科
300846,首都在线,首都在线,300846 首都在线
300847,中船汉光,中船汉光,300847 中船汉光
300848,美瑞新材,美瑞新材,300848 美瑞新材
300849,锦盛新材,锦盛新材,300849 锦盛新材
300850,新强联,新强联,300850 新强联
300851,交大思诺,交大思诺,300851 交大思诺
300852,四会富仕,四会富仕,300852 四会富仕
300853,申昊科技,申昊科技,300853 申昊科技
300854,中兰环保,中兰环保,300854 中兰环保
300855,图南股份,图南股份,300855 图南股份
300856,科思股份,科思股份,300856 科思股份
300857,协创数据,协创数据,300857 协创数据
300858,科拓生物,科拓生物,300858 科拓生物
300859,西域旅游,西域旅游,300859 西域旅游
300860,锋尚文化,锋尚文化,300860 锋尚文化
300861,美畅股份,美畅股份,300861 美畅股份
300862,蓝盾光电,蓝盾光电,300862 蓝盾光电
300863,卡倍亿,卡倍亿,300863 卡倍亿
300864,南大环境,南大环境,300864 南大环境
300865,大宏立,大宏立,300865 大宏立
300866,安克创新,安克创新,300866 安克创新
300867,圣元环保,圣元环保,300867 圣元环保
300868,杰美特,杰美特,300868 杰美特
300869,康泰医学,康泰医学,300869 康泰医学
300870,欧陆通,欧陆通,300870 欧陆通
300871,回盛生物,回盛生物,300871 回盛生物
300872,天阳科技,天阳科技,300872 天阳科技
300873,海晨股份,海晨股份,300873 海晨股份
300875,捷强装备,捷强装备,300875 捷强装备
300876,蒙泰高新,蒙泰高新,300876 蒙泰高新
300877,金春股份,金春股份,300877 金春股份
300878,维康药业,维康药业,300878 维康药业
300879,大叶股份,大叶股份,300879 大叶股份
300880,迦南智能,迦南智能,300880 迦南智能
300881,盛德鑫泰,盛德鑫泰,300881 盛德鑫泰
300882,万胜智能,万胜智能,300882 万胜智能
300883,龙利得,龙利得,300883 龙利得
300884,狄耐克,狄耐克,300884 狄耐克
300885,海昌新材,海昌新材,300885 海昌新材
300886,华业香料,华业香料,300886 华业香料
300887,谱尼测试,谱尼测试,300887 谱尼测试
300888,稳健医疗,稳健医疗,300888 稳健医疗
300889,爱克股份,爱克股份,300889 爱克股份
300890,翔丰华,翔丰华,300890 翔丰华
300891,惠云钛业,惠云钛业,300891 惠云钛业
300892,品渥食品,品渥食品,300892 品渥食品
300893,松原安全,松原安全,300893 松原安全
300894,火星人,火星人,300894 火星人
300895,铜牛信息,铜牛信息,300895 铜牛信息
300896,爱美客,爱美客,300896 爱美客
300897,山科智能,山科智能,300897 山科智能
300898,熊猫乳品,熊猫乳品,300898 熊猫乳品
300899,*ST凯鑫,*st凯鑫,300899 *ST凯鑫
300900,广联航空,广联航空,300900 广联航空
300901,中胤时尚,中胤时尚,300901 中胤时尚
300902,国安达,国安达,300902 国安达
300903,科翔股份,科翔股份,300903 科翔股份
300904,威力传动,威力传动,300904 威力传动
300905,宝丽迪,宝丽迪,300905 宝丽迪
300906,日月明,日月明,300906 日月明
300907,康平科技,康平科技,300907 康平科技
300908,仲景食品,仲景食品,300908 仲景食品
300909,汇创达,汇创达,300909 汇创达
300910,瑞丰新材,瑞丰新材,300910 瑞丰新材
300911,亿田智能,亿田智能,300911 亿田智能
300912,凯龙高科,凯龙高科,300912 凯龙高科
300913,兆龙互连,兆龙互连,300913 兆龙互连
300915,海融科技,海融科技,300915 海融科技
300916,朗特智能,朗特智能,300916 朗特智能
300917,特发服务,特发服务,300917 特发服务
300918,南山智尚,南山智尚,300918 南山智尚
300919,中伟新材,中伟新材,300919 中伟新材
300920,润阳科技,润阳科技,300920 润阳科技
300921,南凌科技,南凌科技,300921 南凌科技
300922,天秦装备,天秦装备,300922 天秦装备
300923,研奥股份,研奥股份,300923 研奥股份
300925,法本信息,法本信息,300925 法本信息
300926,博俊科技,博俊科技,300926 博俊科技
300927,江天化学,江天化学,300927 江天化学
300928,华安鑫创,华安鑫创,300928 华安鑫创
300929,华骐环保,华骐环保,300929 华骐环保
300930,屹通新材,屹通新材,300930 屹通新材
300931,通用电梯,通用电梯,300931 通用电梯
300932,三友联众,三友联众,300932 三友联众
300933,中辰股份,中辰股份,300933 中辰股份
300935,盈建科,盈建科,300935 盈建科
300936,中英科技,中英科技,300936 中英科技
300937,药易购,药易购,300937 药易购
300938,信测标准,信测标准,300938 信测标准
300939,秋田微,秋田微,300939 秋田微
300940,南极光,南极光,300940 南极光
300941,创识科技,创识科技,300941 创识科技
300942,易瑞生物,易瑞生物,300942 易瑞生物
300943,春晖智控,春晖智控,300943 春晖智控
300945,曼卡龙,曼卡龙,300945 曼卡龙
300946,恒而达,恒而达,300946 恒而达
300947,德必集团,德必集团,300947 德必集团
300948,冠中生态,冠中生态,300948 冠中生态
300949,奥雅股份,奥雅股份,300949 奥雅股份
300950,德固特,德固特,300950 德固特
300951,博硕科技,博硕科技,300951 博硕科技
300952,恒辉安防,恒辉安防,300952 恒辉安防
300953,震裕科技,震裕科技,300953 震裕科技
300955,嘉亨家化,嘉亨家化,300955 嘉亨家化
300956,英力股份,英力股份,300956 英力股份
300957,贝泰妮,贝泰妮,300957 贝泰妮
300958,建工修复,建工修复,300958 建工修复
300959,线上线下,线上线下,300959 线上线下
300960,通业科技,通业科技,300960 通业科技
300961,深水海纳,深水海纳,300961 深水海纳
300962,中金辐照,中金辐照,300962 中金辐照
300963,中洲特材,中洲特材,300963 中洲特材
300964,本川智能,本川智能,300964 本川智能
300965,恒宇信通,恒宇信通,300965 恒宇信通
300966,共同药业,共同药业,300966 共同药业
300967,晓鸣股份,晓鸣股份,300967 晓鸣股份
300968,格林精密,格林精密,300968 格林精密
300969,恒帅股份,恒帅股份,300969 恒帅股份
300970,华绿生物,华绿生物,300970 华绿生物
300971,博亚精工,博亚精工,300971 博亚精工
300972,万辰集团,万辰集团,300972 万辰集团
300973,立高食品,立高食品,300973 立高食品
300975,商络电子,商络电子,300975 商络电子
300976,达瑞电子,达瑞电子,300976 达瑞电子
300977,深圳瑞捷,深圳瑞捷,300977 深圳瑞捷
300978,东箭科技,东箭科技,300978 东箭科技
300979,华利集团,华利集团,300979 华利集团
300980,祥源新材,祥源新材,300980 祥源新材
300981,中红医疗,中红医疗,300981 中红医疗
300982,苏文电能,苏文电能,300982 苏文电能
300983,尤安设计,尤安设计,300983 尤安设计
300984,金沃股份,金沃股份,300984 金沃股份
300985,致远新能,致远新能,300985 致远新能
300986,志特新材,志特新材,300986 志特新材
300987,川网传媒,川网传媒,300987 川网传媒
300988,津荣天宇,津荣天宇,300988 津荣天宇
300989,蕾奥规划,蕾奥规划,300989 蕾奥规划
300990,同飞股份,同飞股份,300990 同飞股份
300991,创益通,创益通,300991 创益通
300992,泰福泵业,泰福泵业,300992 泰福泵业
300993,玉马科技,玉马科技,300993 玉马科技
300994,久祺股份,久祺股份,300994 久祺股份
300995,奇德新材,奇德新材,300995 奇德新材
300996,普联软件,普联软件,300996 普联软件
300997,欢乐家,欢乐家,300997 欢乐家
300998,宁波方正,宁波方正,300998 宁波方正
300999,金龙鱼,金龙鱼,300999 金龙鱼
301000,肇民科技,肇民科技,301000 肇民科技
301001,凯淳股份,凯淳股份,301001 凯淳股份
301002,崧盛股份,崧盛股份,301002 崧盛股份
301003,江苏博云,江苏博云,301003 江苏博云
301004,嘉益股份,嘉益股份,301004 嘉益股份
301005,超捷股份,超捷股份,301005 超捷股份
301006,迈拓股份,迈拓股份,301006 迈拓股份
301007,德迈仕,德迈仕,301007 德迈仕
301008,宏昌科技,宏昌科技,301008 宏昌科技
301009,可靠股份,可靠股份,301009 可靠股份
301010,晶雪节能,晶雪节能,301010 晶雪节能
301011,华立科技,华立科技,301011 华立科技
301012,扬电科技,扬电科技,301012 扬电科技
301013,利和兴,利和兴,301013 利和兴
301015,百洋医药,百洋医药,301015 百洋医药
301016,雷尔伟,雷尔伟,301016 雷尔伟
301017,漱玉平民,漱玉平民,301017 漱玉平民
301018,申菱环境,申菱环境,301018 申菱环境
301019,宁波色母,宁波色母,301019 宁波色母
301020,密封科技,密封科技,301020 密封科技
301021,英诺激光,英诺激光,301021 英诺激光
301022,海泰科,海泰科,301022 海泰科
301023,奕帆传动,奕帆传动,301023 奕帆传动
301024,霍普股份,霍普股份,301024 霍普股份
301025,读客文化,读客文化,301025 读客文化
301026,浩通科技,浩通科技,301026 浩通科技
301027,华蓝集团,华蓝集团,301027 华蓝集团
301028,鼎熔岩,鼎熔岩,301028 鼎熔岩
301029,怡合达,怡合达,301029 怡合达
301030,仕净科技,仕净科技,301030 仕净科技
301031,中熔电气,中熔电气,301031 中熔电气
301032,新柴股份,新柴股份,301032 新柴股份
301033,迈普医学,迈普医学,301033 迈普医学
301035,润丰股份,润丰股份,301035 润丰股份
301036,双乐股份,双乐股份,301036 双乐股份
301037,保立佳,保立佳,301037 保立佳
301038,深水规院,深水规院,301038 深水规院
301039,中集车辆,中集车辆,301039 中集车辆
301040,中环海陆,中环海陆,301040 中环海陆
301041,金百泽,金百泽,301041 金百泽
301042,安联锐视,安联锐视,301042 安联锐视
301043,绿岛风,绿岛风,301043 绿岛风
301045,天禄科技,天禄科技,301045 天禄科技
301046,能辉科技,能辉科技,301046 能辉科技
301047,义翘神州,义翘神州,301047 义翘神州
301048,金鹰重工,金鹰重工,301048 金鹰重工
301049,超越科技,超越科技,301049 超越科技
301050,雷电微力,雷电微力,301050 雷电微力
301051,信濠光电,信濠光电,301051 信濠光电
301052,果麦文化,果麦文化,301052 果麦文化
301053,远信工业,远信工业,301053 远信工业
301055,张小泉,张小泉,301055 张小泉
301056,森赫股份,森赫股份,301056 森赫股份
301057,汇隆新材,汇隆新材,301057 汇隆新材
301058,中粮科工,中粮科工,301058 中粮科工
301059,金三江,金三江,301059 金三江
301060,兰卫医学,兰卫医学,301060 兰卫医学
301061,匠心家居,匠心家居,301061 匠心家居
301062,上海艾录,上海艾录,301062 上海艾录
301063,海锅股份,海锅股份,301063 海锅股份
301065,本立科技,本立科技,301065 本立科技
301066,万事利,万事利,301066 万事利
301067,显盈科技,显盈科技,301067 显盈科技
301068,大地海洋,大地海洋,301068 大地海洋
301069,凯盛新材,凯盛新材,301069 凯盛新材
301070,开勒股份,开勒股份,301070 开勒股份
301071,力量钻石,力量钻石,301071 力量钻石
301072,中捷精工,中捷精工,301072 中捷精工
301073,君亭酒店,君亭酒店,301073 君亭酒店
301075,多瑞医药,多瑞医药,301075 多瑞医药
301076,新瀚新材,新瀚新材,301076 新瀚新材
301077,星华新材,星华新材,301077 星华新材
301078,孩子王,孩子王,301078 孩子王
301079,邵阳液压,邵阳液压,301079 邵阳液压
301080,百普赛斯,百普赛斯,301080 百普赛斯
301081,严牌股份,严牌股份,301081 严牌股份
301082,久盛电气,久盛电气,301082 久盛电气
301083,百胜智能,百胜智能,301083 百胜智能
301085,亚康股份,亚康股份,301085 亚康股份
301086,鸿富瀚,鸿富瀚,301086 鸿富瀚
301087,可孚医疗,可孚医疗,301087 可孚医疗
301088,戎美股份,戎美股份,301088 戎美股份
301089,拓新药业,拓新药业,301089 拓新药业
301090,华润材料,华润材料,301090 华润材料
301091,深城交,深城交,301091 深城交
301092,争光股份,争光股份,301092 争光股份
301093,华兰股份,华兰股份,301093 华兰股份
301095,广立微,广立微,301095 广立微
301096,百诚医药,百诚医药,301096 百诚医药
301097,天益医疗,天益医疗,301097 天益医疗
301098,金埔园林,金埔园林,301098 金埔园林
301099,雅创电子,雅创电子,301099 雅创电子
301100,风光股份,风光股份,301100 风光股份
301101,明月镜片,明月镜片,301101 明月镜片
301102,兆讯传媒,兆讯传媒,301102 兆讯传媒
301103,何氏眼科,何氏眼科,301103 何氏眼科
301105,鸿铭股份,鸿铭股份,301105 鸿铭股份
301106,骏成科技,骏成科技,301106 骏成科技
301107,瑜欣电子,瑜欣电子,301107 瑜欣电子
301108,洁雅股份,洁雅股份,301108 洁雅股份
301109,军信股份,军信股份,301109 军信股份
301110,青木科技,青木科技,301110 青木科技
301111,粤万年青,粤万年青,301111 粤万年青
301112,信邦智能,信邦智能,301112 信邦智能
301113,雅艺科技,雅艺科技,301113 雅艺科技
301115,联检科技,联检科技,301115 联检科技
301116,益客食品,益客食品,301116 益客食品
301117,佳缘科技,佳缘科技,301117 佳缘科技
301118,恒光股份,恒光股份,301118 恒光股份
301119,正强股份,正强股份,301119 正强股份
301120,新特电气,新特电气,301120 新特电气
301121,紫建电子,紫建电子,301121 紫建电子
301122,采纳股份,采纳股份,301122 采纳股份
301123,奕东电子,奕东电子,301123 奕东电子
301125,腾亚精工,腾亚精工,301125 腾亚精工
301126,达嘉维康,达嘉维康,301126 达嘉维康
301127,武汉天源,武汉天源,301127 武汉天源
301128,强瑞技术,强瑞技术,301128 强瑞技术
301129,瑞纳智能,瑞纳智能,301129 瑞纳智能
301130,西点药业,西点药业,301130 西点药业
301131,聚赛龙,聚赛龙,301131 聚赛龙
301132,满坤科技,满坤科技,301132 满坤科技
301133,金钟股份,金钟股份,301133 金钟股份
301135,瑞德智能,瑞德智能,301135 瑞德智能
301136,招标股份,招标股份,301136 招标股份
301137,哈焊华通,哈焊华通,301137 哈焊华通
301138,华研精机,华研精机,301138 华研精机
301139,元道通信,元道通信,301139 元道通信
301141,中科磁业,中科磁业,301141 中科磁业
301148,嘉戎技术,嘉戎技术,301148 嘉戎技术
301149,隆华新材,隆华新材,301149 隆华新材
301150,中一科技,中一科技,301150 中一科技
301151,冠龙节能,冠龙节能,301151 冠龙节能
301152,天力锂能,天力锂能,301152 天力锂能
301153,中科江南,中科江南,301153 中科江南
301155,海力风电,海力风电,301155 海力风电
301156,美农生物,美农生物,301156 美农生物
301157,华塑科技,华塑科技,301157 华塑科技
301158,德石股份,德石股份,301158 德石股份
301159,三维天地,三维天地,301159 三维天地
301160,翔楼新材,翔楼新材,301160 翔楼新材
301161,唯万密封,唯万密封,301161 唯万密封
301162,国能日新,国能日新,301162 国能日新
301163,宏德股份,宏德股份,301163 宏德股份
301165,锐捷网络,锐捷网络,301165 锐捷网络
301166,优宁维,优宁维,301166 优宁维
301167,建研设计,建研设计,301167 建研设计
301168,通灵股份,通灵股份,301168 通灵股份
301169,零点有数,零点有数,301169 零点有数
301170,锡南科技,锡南科技,301170 锡南科技
301171,易点天下,易点天下,301171 易点天下
301172,君逸数码,君逸数码,301172 君逸数码
301173,毓恬冠佳,毓恬冠佳,301173 毓恬冠佳
301175,中科环保,中科环保,301175 中科环保
301176,逸豪新材,逸豪新材,301176 逸豪新材
301177,迪阿股份,迪阿股份,301177 迪阿股份
301178,天亿马,天亿马,301178 天亿马
301179,泽宇智能,泽宇智能,301179 泽宇智能
301180,万祥科技,万祥科技,301180 万祥科技
301181,标榜股份,标榜股份,301181 标榜股份
301182,凯旺科技,凯旺科技,301182 凯旺科技
301183,东田微,东田微,301183 东田微
301185,鸥玛软件,鸥玛软件,301185 鸥玛软件
301186,超达装备,超达装备,301186 超达装备
301187,欧圣电气,欧圣电气,301187 欧圣电气
301188,力诺药包,力诺药包,301188 力诺药包
301189,奥尼电子,奥尼电子,301189 奥尼电子
301190,善水科技,善水科技,301190 善水科技
301191,菲菱科思,菲菱科思,301191 菲菱科思
301192,泰祥股份,泰祥股份,301192 泰祥股份
301193,家联科技,家联科技,301193 家联科技
301195,北路智控,北路智控,301195 北路智控
301196,唯科科技,唯科科技,301196 唯科科技
301197,工大科雅,工大科雅,301197 工大科雅
301198,喜悦智行,喜悦智行,301198 喜悦智行
301199,迈赫股份,迈赫股份,301199 迈赫股份
301200,大族数控,大族数控,301200 大族数控
301201,诚达药业,诚达药业,301201 诚达药业
301202,朗威股份,朗威股份,301202 朗威股份
301203,国泰环保,国泰环保,301203 国泰环保
301205,联特科技,联特科技,301205 联特科技
301206,三元生物,三元生物,301206 三元生物
301207,华兰疫苗,华兰疫苗,301207 华兰疫苗
301208,中亦科技,中亦科技,301208 中亦科技
301209,联合化学,联合化学,301209 联合化学
301210,金杨精密,金杨精密,301210 金杨精密
301211,亨迪药业,亨迪药业,301211 亨迪药业
301212,联盛化学,联盛化学,301212 联盛化学
301213,观想科技,观想科技,301213 观想科技
301215,中汽股份,中汽股份,301215 中汽股份
301216,万凯新材,万凯新材,301216 万凯新材
301217,铜冠铜箔,铜冠铜箔,301217 铜冠铜箔
301218,华是科技,华是科技,301218 华是科技
301219,腾远钴业,腾远钴业,301219 腾远钴业
301220,亚香股份,亚香股份,301220 亚香股份
301221,光庭信息,光庭信息,301221 光庭信息
301222,浙江恒威,浙江恒威,301222 浙江恒威
301223,中荣股份,中荣股份,301223 中荣股份
301225,恒勃股份,恒勃股份,301225 恒勃股份
301226,祥明智能,祥明智能,301226 祥明智能
301227,森鹰窗业,森鹰窗业,301227 森鹰窗业
301228,实朴检测,实朴检测,301228 实朴检测
301229,纽泰格,纽泰格,301229 纽泰格
301230,泓博医药,泓博医药,301230 泓博医药
301231,荣信文化,荣信文化,301231 荣信文化
301232,飞沃科技,飞沃科技,301232 飞沃科技
301233,盛帮股份,盛帮股份,301233 盛帮股份
301234,五洲医疗,五洲医疗,301234 五洲医疗
301235,华康洁净,华康洁净,301235 华康洁净
301236,软通动力,软通动力,301236 软通动力
301237,和顺科技,和顺科技,301237 和顺科技
301238,瑞泰新材,瑞泰新材,301238 瑞泰新材
301239,普瑞眼科,普瑞眼科,301239 普瑞眼科
301246,宏源药业,宏源药业,301246 宏源药业
301248,杰创智能,杰创智能,301248 杰创智能
301251,威尔高,威尔高,301251 威尔高
301252,同星科技,同星科技,301252 同星科技
301255,通力科技,通力科技,301255 通力科技
301256,华融化学,华融化学,301256 华融化学
301257,普蕊斯,普蕊斯,301257 普蕊斯
301258,富士莱,富士莱,301258 富士莱
301259,艾布鲁,艾布鲁,301259 艾布鲁
301260,格力博,格力博,301260 格力博
301261,恒工精密,恒工精密,301261 恒工精密
301262,海看股份,海看股份,301262 海看股份
301263,泰恩康,泰恩康,301263 泰恩康
301265,华新环保,华新环保,301265 华新环保
301266,宇邦新材,宇邦新材,301266 宇邦新材
301267,华厦眼科,华厦眼科,301267 华厦眼科
301268,铭利达,铭利达,301268 铭利达
301269,华大九天,华大九天,301269 华大九天
301270,汉仪股份,汉仪股份,301270 汉仪股份
301272,英华特,英华特,301272 英华特
301273,瑞晨环保,瑞晨环保,301273 瑞晨环保
301275,汉朔科技,汉朔科技,301275 汉朔科技
301276,嘉曼服饰,嘉曼服饰,301276 嘉曼服饰
301277,新天地,新天地,301277 新天地
301278,快可电子,快可电子,301278 快可电子
301279,金道科技,金道科技,301279 金道科技
301280,珠城科技,珠城科技,301280 珠城科技
301281,科源制药,科源制药,301281 科源制药
301282,金禄电子,金禄电子,301282 金禄电子
301283,聚胶股份,聚胶股份,301283 聚胶股份
301285,鸿日达,鸿日达,301285 鸿日达
301286,侨源股份,侨源股份,301286 侨源股份
301287,康力源,康力源,301287 康力源
301288,*ST清研,*st清研,301288 *ST清研
301289,国缆检测,国缆检测,301289 国缆检测
301290,东星医疗,东星医疗,301290 东星医疗
301291,明阳电气,明阳电气,301291 明阳电气
301292,海科新源,海科新源,301292 海科新源
301293,三博脑科,三博脑科,301293 三博脑科
301295,美硕科技,美硕科技,301295 美硕科技
301296,新巨丰,新巨丰,301296 新巨丰
301297,富乐德,富乐德,301297 富乐德
301298,东利机械,东利机械,301298 东利机械
301299,卓创资讯,卓创资讯,301299 卓创资讯
301300,远翔新材,远翔新材,301300 远翔新材
301301,川宁生物,川宁生物,301301 川宁生物
301302,华如科技,华如科技,301302 华如科技
301303,真兰仪表,真兰仪表,301303 真兰仪表
301305,朗坤科技,朗坤科技,301305 朗坤科技
301306,西测测试,西测测试,301306 西测测试
301307,美利信,美利信,301307 美利信
301308,江波龙,江波龙,301308 江波龙
301309,万得凯,万得凯,301309 万得凯
301310,鑫宏业,鑫宏业,301310 鑫宏业
301311,昆船智能,昆船智能,301311 昆船智能
301312,智立方,智立方,301312 智立方
301313,凡拓数创,凡拓数创,301313 凡拓数创
301314,科瑞思,科瑞思,301314 科瑞思
301315,威士顿,威士顿,301315 威士顿
301316,慧博云通,慧博云通,301316 慧博云通
301317,鑫磊股份,鑫磊股份,301317 鑫磊股份
301318,维海德,维海德,301318 维海德
301319,唯特偶,唯特偶,301319 唯特偶
301320,豪江智能,豪江智能,301320 豪江智能
301321,翰博高新,翰博高新,301321 翰博高新
301322,绿通科技,绿通科技,301322 绿通科技
301323,新莱福,新莱福,301323 新莱福
301325,曼恩斯特,曼恩斯特,301325 曼恩斯特
301326,捷邦科技,捷邦科技,301326 捷邦科技
301327,华宝新能,华宝新能,301327 华宝新能
301328,维峰电子,维峰电子,301328 维峰电子
301329,信音电子,信音电子,301329 信音电子
301330,熵基科技,熵基科技,301330 熵基科技
301331,恩威医药,恩威医药,301331 恩威医药
301332,德尔玛,德尔玛,301332 德尔玛
301333,诺思格,诺思格,301333 诺思格
301335,天元宠物,天元宠物,301335 天元宠物
301336,趣睡科技,趣睡科技,301336 趣睡科技
301337,亚华电子,亚华电子,301337 亚华电子
301338,凯格精机,凯格精机,301338 凯格精机
301339,通行宝,通行宝,301339 通行宝
301345,涛涛车业,涛涛车业,301345 涛涛车业
301348,蓝箭电子,蓝箭电子,301348 蓝箭电子
301349,信德新材,信德新材,301349 信德新材
301353,普莱得,普莱得,301353 普莱得
301355,南王科技,南王科技,301355 南王科技
301356,天振股份,天振股份,301356 天振股份
301357,北方长龙,北方长龙,301357 北方长龙
301358,湖南裕能,湖南裕能,301358 湖南裕能
301359,东南电子,东南电子,301359 东南电子
301360,荣旗科技,荣旗科技,301360 荣旗科技
301361,众智科技,众智科技,301361 众智科技
301362,民爆光电,民爆光电,301362 民爆光电
301363,美好医疗,美好医疗,301363 美好医疗
301365,矩阵股份,矩阵股份,301365 矩阵股份
301366,一博科技,一博科技,301366 一博科技
301367,瑞迈特,瑞迈特,301367 瑞迈特
301368,丰立智能,丰立智能,301368 丰立智能
301369,联动科技,联动科技,301369 联动科技
301370,国科恒泰,国科恒泰,301370 国科恒泰
301371,敷尔佳,敷尔佳,301371 敷尔佳
301372,科净源,科净源,301372 科净源
301373,凌玮科技,凌玮科技,301373 凌玮科技
301376,致欧科技,致欧科技,301376 致欧科技
301377,鼎泰高科,鼎泰高科,301377 鼎泰高科
301378,通达海,通达海,301378 通达海
301379,天山电子,天山电子,301379 天山电子
301380,挖金客,挖金客,301380 挖金客
301381,赛维时代,赛维时代,301381 赛维时代
301382,蜂助手,蜂助手,301382 蜂助手
301383,天键股份,天键股份,301383 天键股份
301386,未来电器,未来电器,301386 未来电器
301387,光大同创,光大同创,301387 光大同创
301388,欣灵电气,欣灵电气,301388 欣灵电气
301389,隆扬电子,隆扬电子,301389 隆扬电子
301390,经纬股份,经纬股份,301390 经纬股份
301391,卡莱特,卡莱特,301391 卡莱特
301392,汇成真空,汇成真空,301392 汇成真空
301393,昊帆生物,昊帆生物,301393 昊帆生物
301395,仁信新材,仁信新材,301395 仁信新材
301396,宏景科技,宏景科技,301396 宏景科技
301397,溯联股份,溯联股份,301397 溯联股份
301398,星源卓镁,星源卓镁,301398 星源卓镁
301399,英特科技,英特科技,301399 英特科技
301408,华人健康,华人健康,301408 华人健康
301413,安培龙,安培龙,301413 安培龙
301418,协昌科技,协昌科技,301418 协昌科技
301419,阿莱德,阿莱德,301419 阿莱德
301421,波长光电,波长光电,301421 波长光电
301428,世纪恒通,世纪恒通,301428 世纪恒通
301429,森泰股份,森泰股份,301429 森泰股份
301439,泓淋电力,泓淋电力,301439 泓淋电力
301446,福事特,福事特,301446 福事特
301448,开创电气,开创电气,301448 开创电气
301449,天溯计量,天溯计量,301449 天溯计量
301456,盘古智能,盘古智能,301456 盘古智能
301458,钧崴电子,钧崴电子,301458 钧崴电子
301459,丰茂股份,丰茂股份,301459 丰茂股份
301468,博盈特焊,博盈特焊,301468 博盈特焊
301469,恒达新材,恒达新材,301469 恒达新材
301479,弘景光电,弘景光电,301479 弘景光电
301486,致尚科技,致尚科技,301486 致尚科技
301487,盟固利,盟固利,301487 盟固利
301488,豪恩汽电,豪恩汽电,301488 豪恩汽电
301489,思泉新材,思泉新材,301489 思泉新材
301491,汉桑科技,汉桑科技,301491 汉桑科技
301498,乖宝宠物,乖宝宠物,301498 乖宝宠物
301499,维科精密,维科精密,301499 维科精密
301500,飞南资源,飞南资源,301500 飞南资源
301501,恒鑫生活,恒鑫生活,301501 恒鑫生活
301502,华阳智能,华阳智能,301502 华阳智能
301503,智迪科技,智迪科技,301503 智迪科技
301505,苏州规划,苏州规划,301505 苏州规划
301507,民生健康,民生健康,301507 民生健康
301508,中机认检,中机认检,301508 中机认检
301509,金凯生科,金凯生科,301509 金凯生科
301510,固高科技,固高科技,301510 固高科技
301511,德福科技,德福科技,301511 德福科技
301512,智信精密,智信精密,301512 智信精密
301515,港通医疗,港通医疗,301515 港通医疗
301516,中远通,中远通,301516 中远通
301517,陕西华达,陕西华达,301517 陕西华达
301518,长华化学,长华化学,301518 长华化学
301519,舜禹股份,舜禹股份,301519 舜禹股份
301520,万邦医药,万邦医药,301520 万邦医药
301522,上大股份,上大股份,301522 上大股份
301525,儒竞科技,儒竞科技,301525 儒竞科技
301526,国际复材,国际复材,301526 国际复材
301528,多浦乐,多浦乐,301528 多浦乐
301529,福赛科技,福赛科技,301529 福赛科技
301533,威马农机,威马农机,301533 威马农机
301535,浙江华远,浙江华远,301535 浙江华远
301536,星宸科技,星宸科技,301536 星宸科技
301538,骏鼎达,骏鼎达,301538 骏鼎达
301539,宏鑫科技,宏鑫科技,301539 宏鑫科技
301548,崇德科技,崇德科技,301548 崇德科技
301550,斯菱智驱,斯菱智驱,301550 斯菱智驱
301551,无线传媒,无线传媒,301551 无线传媒
301552,科力装备,科力装备,301552 科力装备
301555,惠柏新材,惠柏新材,301555 惠柏新材
301556,托普云农,托普云农,301556 托普云农
301557,常友科技,常友科技,301557 常友科技
301558,三态股份,三态股份,301558 三态股份
301559,中集环科,中集环科,301559 中集环科
301560,众捷汽车,众捷汽车,301560 众捷汽车
301563,云汉芯城,云汉芯城,301563 云汉芯城
301565,中仑新材,中仑新材,301565 中仑新材
301566,达利凯普,达利凯普,301566 达利凯普
301567,贝隆精密,贝隆精密,301567 贝隆精密
301568,思泰克,思泰克,301568 思泰克
301571,国科天成,国科天成,301571 国科天成
301575,艾芬达,艾芬达,301575 艾芬达
301577,美信科技,美信科技,301577 美信科技
301578,辰奕智能,辰奕智能,301578 辰奕智能
301580,爱迪特,爱迪特,301580 爱迪特
301581,黄山谷捷,黄山谷捷,301581 黄山谷捷
301584,建发致新,建发致新,301584 建发致新
301585,蓝宇股份,蓝宇股份,301585 蓝宇股份
301586,佳力奇,佳力奇,301586 佳力奇
301587,中瑞股份,中瑞股份,301587 中瑞股份
301588,美新科技,美新科技,301588 美新科技
301589,诺瓦星云,诺瓦星云,301589 诺瓦星云
301590,优优绿能,优优绿能,301590 优优绿能
301591,肯特股份,肯特股份,301591 肯特股份
301592,六九一二,六九一二,301592 六九一二
301595,太力科技,太力科技,301595 太力科技
301596,瑞迪智驱,瑞迪智驱,301596 瑞迪智驱
301598,博科测试,博科测试,301598 博科测试
301600,慧翰股份,慧翰股份,301600 慧翰股份
301601,惠通科技,惠通科技,301601 惠通科技
301602,超研股份,超研股份,301602 超研股份
301603,乔锋智能,乔锋智能,301603 乔锋智能
301606,绿联科技,绿联科技,301606 绿联科技
301607,富特科技,富特科技,301607 富特科技
301608,博实结,博实结,301608 博实结
301609,山大电力,山大电力,301609 山大电力
301611,珂玛科技,珂玛科技,301611 珂玛科技
301613,新铝时代,新铝时代,301613 新铝时代
301616,浙江华业,浙江华业,301616 浙江华业
301617,博苑股份,博苑股份,301617 博苑股份
301618,长联科技,长联科技,301618 长联科技
301622,英思特,英思特,301622 英思特
301626,苏州天脉,苏州天脉,301626 苏州天脉
301628,强达电路,强达电路,301628 强达电路
301629,矽电股份,矽电股份,301629 矽电股份
301630,同宇新材,同宇新材,301630 同宇新材
301631,壹连科技,壹连科技,301631 壹连科技
301632,广东建科,广东建科,301632 广东建科
301633,港迪技术,港迪技术,301633 港迪技术
301636,泽润新能,泽润新能,301636 泽润新能
301638,南网数字,南网数字,301638 南网数字
301656,联合动力,联合动力,301656 联合动力
301658,首航新能,首航新能,301658 首航新能
301662,宏工科技,宏工科技,301662 宏工科技
301665,泰禾股份,泰禾股份,301665 泰禾股份
301667,纳百川,纳百川,301667 纳百川
301668,昊创瑞通,昊创瑞通,301668 昊创瑞通
301678,新恒汇,新恒汇,301678 新恒汇
301680,固德电材,固德电材,301680 固德电材
301687,新广益,新广益,301687 新广益
302132,中航成飞,中航成飞,302132 中航成飞
600000,浦发银行,浦发银行,600000 浦发银行
600004,白云机场,白云机场,600004 白云机场
600006,东风股份,东风股份,600006 东风股份
600007,中国国贸,中国国贸,600007 中国国贸
600008,首创环保,首创环保,600008 首创环保
600009,上海机场,上海机场,600009 上海机场
600010,包钢股份,包钢股份,600010 包钢股份
600011,华能国际,华能国际,600011 华能国际
600012,皖通高速,皖通高速,600012 皖通高速
600015,华夏银行,华夏银行,600015 华夏银行
600016,民生银行,民生银行,600016 民生银行
600017,日照港,日照港,600017 日照港
600018,上港集团,上港集团,600018 上港集团
600019,宝钢股份,宝钢股份,600019 宝钢股份
600020,中原高速,中原高速,600020 中原高速
600021,上海电力,上海电力,600021 上海电力
600022,山东钢铁,山东钢铁,600022 山东钢铁
600023,浙能电力,浙能电力,600023 浙能电力
600025,华能水电,华能水电,600025 华能水电
600026,中远海能,中远海能,600026 中远海能
600027,华电国际,华电国际,600027 华电国际
600028,中国石化,中国石化,600028 中国石化
600029,南方航空,南方航空,600029 南方航空
600030,中信证券,中信证券,600030 中信证券
600031,三一重工,三一重工,600031 三一重工
600032,浙江新能,浙江新能,600032 浙江新能
600033,福建高速,福建高速,600033 福建高速
600035,楚天高速,楚天高速,600035 楚天高速
600036,招商银行,招商银行,600036 招商银行
600037,歌华有线,歌华有线,600037 歌华有线
600038,中直股份,中直股份,600038 中直股份
600039,四川路桥,四川路桥,600039 四川路桥
600048,保利发展,保利发展,600048 保利发展
600050,中国联通,中国联通,600050 中国联通
600051,宁波联合,宁波联合,600051 宁波联合
600052,东望时代,东望时代,600052 东望时代
600053,九鼎投资,九鼎投资,600053 九鼎投资
600054,黄山旅游,黄山旅游,600054 黄山旅游
600055,万东医疗,万东医疗,600055 万东医疗
600056,中国医药,中国医药,600056 中国医药
600057,厦门象屿,厦门象屿,600057 厦门象屿
600058,五矿发展,五矿发展,600058 五矿发展
600059,古越龙山,古越龙山,600059 古越龙山
600060,海信视像,海信视像,600060 海信视像
600061,国投资本,国投资本,600061 国投资本
600062,华润双鹤,华润双鹤,600062 华润双鹤
600063,皖维高新,皖维高新,600063 皖维高新
600064,南京高科,南京高科,600064 南京高科
600066,宇通客车,宇通客车,600066 宇通客车
600067,冠城新材,冠城新材,600067 冠城新材
600071,凤凰光学,凤凰光学,600071 凤凰光学
600072,中船科技,中船科技,600072 中船科技
600073,光明肉业,光明肉业,600073 光明肉业
600075,新疆天业,新疆天业,600075 新疆天业
600076,康欣新材,康欣新材,600076 康欣新材
600078,澄星股份,澄星股份,600078 澄星股份
600079,ST人福,st人福,600079 ST人福
600080,金花股份,金花股份,600080 金花股份
600081,东风科技,东风科技,600081 东风科技
600082,海泰发展,海泰发展,600082 海泰发展
600084,中信尼雅,中信尼雅,600084 中信尼雅
600085,同仁堂,同仁堂,600085 同仁堂
600088,中视传媒,中视传媒,600088 中视传媒
600089,特变电工,特变电工,600089 特变电工
600094,大名城,大名城,600094 大名城
600095,湘财股份,湘财股份,600095 湘财股份
600096,云天化,云天化,600096 云天化
600097,开创国际,开创国际,600097 开创国际
600098,广州发展,广州发展,600098 广州发展
600099,林海股份,林海股份,600099 林海股份
600100,同方股份,同方股份,600100 同方股份
600101,明星电力,明星电力,600101 明星电力
600103,青山纸业,青山纸业,600103 青山纸业
600104,上汽集团,上汽集团,600104 上汽集团
600105,永鼎股份,永鼎股份,600105 永鼎股份
600106,重庆路桥,重庆路桥,600106 重庆路桥
600107,ST尔雅,st尔雅,600107 ST尔雅
600108,亚盛集团,亚盛集团,600108 亚盛集团
600109,国金证券,国金证券,600109 国金证券
600110,诺德股份,诺德股份,600110 诺德股份
600111,北方稀土,北方稀土,600111 北方稀土
600113,浙江东日,浙江东日,600113 浙江东日
600114,东睦股份,东睦股份,600114 东睦股份
600115,中国东航,中国东航,600115 中国东航
600116,三峡水利,三峡水利,600116 三峡水利
600117,西宁特钢,西宁特钢,600117 西宁特钢
600118,中国卫星,中国卫星,600118 中国卫星
600119,长江投资,长江投资,600119 长江投资
600120,浙江东方,浙江东方,600120 浙江东方
600121,郑州煤电,郑州煤电,600121 郑州煤电
600123,兰花科创,兰花科创,600123 兰花科创
600125,铁龙物流,铁龙物流,600125 铁龙物流
600126,杭钢股份,杭钢股份,600126 杭钢股份
600127,金健米业,金健米业,600127 金健米业
600128,苏豪弘业,苏豪弘业,600128 苏豪弘业
600129,太极集团,太极集团,600129 太极集团
600130,*ST波导,*st波导,600130 *ST波导
600131,国网信通,国网信通,600131 国网信通
600132,重庆啤酒,重庆啤酒,600132 重庆啤酒
600133,东湖高新,东湖高新,600133 东湖高新
600135,乐凯胶片,乐凯胶片,600135 乐凯胶片
600136,ST明诚,st明诚,600136 ST明诚
600137,浪莎股份,浪莎股份,600137 浪莎股份
600138,中青旅,中青旅,600138 中青旅
600141,兴发集团,兴发集团,600141 兴发集团
600143,金发科技,金发科技,600143 金发科技
600148,长春一东,长春一东,600148 长春一东
600149,廊坊发展,廊坊发展,600149 廊坊发展
600150,中国船舶,中国船舶,600150 中国船舶
600151,航天机电,航天机电,600151 航天机电
600152,维科技术,维科技术,600152 维科技术
600153,建发股份,建发股份,600153 建发股份
600155,华创云信,华创云信,600155 华创云信
600156,华升股份,华升股份,600156 华升股份
600157,永泰能源,永泰能源,600157 永泰能源
600158,中体产业,中体产业,600158 中体产业
600159,大龙地产,大龙地产,600159 大龙地产
600160,巨化股份,巨化股份,600160 巨化股份
600161,天坛生物,天坛生物,600161 天坛生物
600162,香江控股,香江控股,600162 香江控股
600163,中闽能源,中闽能源,600163 中闽能源
600165,ST宁科,st宁科,600165 ST宁科
600166,福田汽车,福田汽车,600166 福田汽车
600167,联美控股,联美控股,600167 联美控股
600168,武汉控股,武汉控股,600168 武汉控股
600169,ST太重,st太重,600169 ST太重
600170,上海建工,上海建工,600170 上海建工
600171,上海贝岭,上海贝岭,600171 上海贝岭
600172,黄河旋风,黄河旋风,600172 黄河旋风
600173,卧龙新能,卧龙新能,600173 卧龙新能
600176,中国巨石,中国巨石,600176 中国巨石
600177,雅戈尔,雅戈尔,600177 雅戈尔
600178,东安动力,东安动力,600178 东安动力
600179,安通控股,安通控股,600179 安通控股
600180,瑞茂通,瑞茂通,600180 瑞茂通
600182,S佳通,s佳通,600182 S佳通
600183,生益科技,生益科技,600183 生益科技
600184,光电股份,光电股份,600184 光电股份
600185,珠免集团,珠免集团,600185 珠免集团
600186,莲花控股,莲花控股,600186 莲花控股
600187,国中水务,国中水务,600187 国中水务
600188,兖矿能源,兖矿能源,600188 兖矿能源
600189,泉阳泉,泉阳泉,600189 泉阳泉
600191,华资实业,华资实业,600191 华资实业
600192,长城电工,长城电工,600192 长城电工
600193,*ST创兴,*st创兴,600193 *ST创兴
600195,中牧股份,中牧股份,600195 中牧股份
600196,复星医药,复星医药,600196 复星医药
600197,伊力特,伊力特,600197 伊力特
600198,大唐电信,大唐电信,600198 大唐电信
600199,金种子酒,金种子酒,600199 金种子酒
600201,生物股份,生物股份,600201 生物股份
600202,哈空调,哈空调,600202 哈空调
600203,福日电子,福日电子,600203 福日电子
600206,有研新材,有研新材,600206 有研新材
600207,安彩高科,安彩高科,600207 安彩高科
600208,衢州发展,衢州发展,600208 衢州发展
600210,紫江企业,紫江企业,600210 紫江企业
600211,西藏药业,西藏药业,600211 西藏药业
600212,绿能慧充,绿能慧充,600212 绿能慧充
600215,派斯林,派斯林,600215 派斯林
600216,浙江医药,浙江医药,600216 浙江医药
600217,中再资环,中再资环,600217 中再资环
600218,全柴动力,全柴动力,600218 全柴动力
600219,南山铝业,南山铝业,600219 南山铝业
600221,海航控股,海航控股,600221 海航控股
600222,太龙药业,太龙药业,600222 太龙药业
600223,福瑞达,福瑞达,600223 福瑞达
600226,亨通股份,亨通股份,600226 亨通股份
600227,赤天化,赤天化,600227 赤天化
600228,*ST返利,*st返利,600228 *ST返利
600229,城市传媒,城市传媒,600229 城市传媒
600230,沧州大化,沧州大化,600230 沧州大化
600231,凌钢股份,凌钢股份,600231 凌钢股份
600232,金鹰股份,金鹰股份,600232 金鹰股份
600233,圆通速递,圆通速递,600233 圆通速递
600234,科新发展,科新发展,600234 科新发展
600235,民丰特纸,民丰特纸,600235 民丰特纸
600236,桂冠电力,桂冠电力,600236 桂冠电力
600237,铜峰电子,铜峰电子,600237 铜峰电子
600238,*ST椰岛,*st椰岛,600238 *ST椰岛
600239,云南城投,云南城投,600239 云南城投
600241,时代万恒,时代万恒,600241 时代万恒
600243,*ST海华,*st海华,600243 *ST海华
600246,万通发展,万通发展,600246 万通发展
600248,陕建股份,陕建股份,600248 陕建股份
600249,两面针,两面针,600249 两面针
600250,南京商旅,南京商旅,600250 南京商旅
600251,冠农股份,冠农股份,600251 冠农股份
600252,中恒集团,中恒集团,600252 中恒集团
600255,鑫科材料,鑫科材料,600255 鑫科材料
600256,广汇能源,广汇能源,600256 广汇能源
600257,大湖股份,大湖股份,600257 大湖股份
600258,首旅酒店,首旅酒店,600258 首旅酒店
600259,中稀有色,中稀有色,600259 中稀有色
600261,阳光照明,阳光照明,600261 阳光照明
600262,北方股份,北方股份,600262 北方股份
600265,ST景谷,st景谷,600265 ST景谷
600266,城建发展,城建发展,600266 城建发展
600267,海正药业,海正药业,600267 海正药业
600268,国电南自,国电南自,600268 国电南自
600269,赣粤高速,赣粤高速,600269 赣粤高速
600271,航天信息,航天信息,600271 航天信息
600272,开开实业,开开实业,600272 开开实业
600273,嘉化能源,嘉化能源,600273 嘉化能源
600276,恒瑞医药,恒瑞医药,600276 恒瑞医药
600278,东方创业,东方创业,600278 东方创业
600279,重庆港,重庆港,600279 重庆港
600280,中央商场,中央商场,600280 中央商场
600281,华阳新材,华阳新材,600281 华阳新材
600282,南钢股份,南钢股份,600282 南钢股份
600283,钱江水利,钱江水利,600283 钱江水利
600284,浦东建设,浦东建设,600284 浦东建设
600285,羚锐制药,羚锐制药,600285 羚锐制药
600287,苏豪时尚,苏豪时尚,600287 苏豪时尚
600288,大恒科技,大恒科技,600288 大恒科技
600289,ST信通,st信通,600289 ST信通
600292,电投水电,电投水电,600292 电投水电
600293,三峡新材,三峡新材,600293 三峡新材
600295,鄂尔多斯,鄂尔多斯,600295 鄂尔多斯
600298,安琪酵母,安琪酵母,600298 安琪酵母
600299,安迪苏,安迪苏,600299 安迪苏
600300,维维股份,维维股份,600300 维维股份
600301,华锡有色,华锡有色,600301 华锡有色
600302,标准股份,标准股份,600302 标准股份
600303,曙光股份,曙光股份,600303 曙光股份
600305,恒顺醋业,恒顺醋业,600305 恒顺醋业
600307,酒钢宏兴,酒钢宏兴,600307 酒钢宏兴
600308,华泰股份,华泰股份,600308 华泰股份
600309,万华化学,万华化学,600309 万华化学
600310,广西能源,广西能源,600310 广西能源
600312,平高电气,平高电气,600312 平高电气
600313,农发种业,农发种业,600313 农发种业
600315,上海家化,上海家化,600315 上海家化
600316,洪都航空,洪都航空,600316 洪都航空
600318,新力金融,新力金融,600318 新力金融
600319,亚星化学,亚星化学,600319 亚星化学
600320,振华重工,振华重工,600320 振华重工
600322,津投城开,津投城开,600322 津投城开
600323,瀚蓝环境,瀚蓝环境,600323 瀚蓝环境
600325,华发股份,华发股份,600325 华发股份
600326,西藏天路,西藏天路,600326 西藏天路
600327,大东方,大东方,600327 大东方
600328,中盐化工,中盐化工,600328 中盐化工
600329,达仁堂,达仁堂,600329 达仁堂
600330,天通股份,天通股份,600330 天通股份
600331,宏达股份,宏达股份,600331 宏达股份
600332,白云山,白云山,600332 白云山
600333,长春燃气,长春燃气,600333 长春燃气
600335,国机汽车,国机汽车,600335 国机汽车
600336,澳柯玛,澳柯玛,600336 澳柯玛
600337,美克家居,美克家居,600337 美克家居
600338,西藏珠峰,西藏珠峰,600338 西藏珠峰
600339,中油工程,中油工程,600339 中油工程
600340,华夏幸福,华夏幸福,600340 华夏幸福
600343,航天动力,航天动力,600343 航天动力
600345,长江通信,长江通信,600345 长江通信
600346,恒力石化,恒力石化,600346 恒力石化
600348,华阳股份,华阳股份,600348 华阳股份
600350,山东高速,山东高速,600350 山东高速
600351,亚宝药业,亚宝药业,600351 亚宝药业
600352,浙江龙盛,浙江龙盛,600352 浙江龙盛
600353,旭光电子,旭光电子,600353 旭光电子
600354,敦煌种业,敦煌种业,600354 敦煌种业
600355,*ST精伦,*st精伦,600355 *ST精伦
600356,恒丰纸业,恒丰纸业,600356 恒丰纸业
600358,ST联合,st联合,600358 ST联合
600359,新农开发,新农开发,600359 新农开发
600360,*ST华微,*st华微,600360 *ST华微
600361,创新新材,创新新材,600361 创新新材
600362,江西铜业,江西铜业,600362 江西铜业
600363,联创光电,联创光电,600363 联创光电
600365,ST通葡,st通葡,600365 ST通葡
600366,宁波韵升,宁波韵升,600366 宁波韵升
600367,红星发展,红星发展,600367 红星发展
600368,五洲交通,五洲交通,600368 五洲交通
600369,西南证券,西南证券,600369 西南证券
600370,三房巷,三房巷,600370 三房巷
600371,万向德农,万向德农,600371 万向德农
600372,中航机载,中航机载,600372 中航机载
600373,中文传媒,中文传媒,600373 中文传媒
600375,汉马科技,汉马科技,600375 汉马科技
600376,首开股份,首开股份,600376 首开股份
600377,宁沪高速,宁沪高速,600377 宁沪高速
600378,昊华科技,昊华科技,600378 昊华科技
600379,宝光股份,宝光股份,600379 宝光股份
600380,健康元,健康元,600380 健康元
600381,*ST春天,*st春天,600381 *ST春天
600382,广东明珠,广东明珠,600382 广东明珠
600383,金地集团,金地集团,600383 金地集团
600386,北巴传媒,北巴传媒,600386 北巴传媒
600388,龙净环保,龙净环保,600388 龙净环保
600389,江山股份,江山股份,600389 江山股份
600390,五矿资本,五矿资本,600390 五矿资本
600391,航发科技,航发科技,600391 航发科技
600392,盛和资源,盛和资源,600392 盛和资源
600395,盘江股份,盘江股份,600395 盘江股份
600396,华电辽能,华电辽能,600396 华电辽能
600397,江钨装备,江钨装备,600397 江钨装备
600398,海澜之家,海澜之家,600398 海澜之家
600399,抚顺特钢,抚顺特钢,600399 抚顺特钢
600400,红豆股份,红豆股份,600400 红豆股份
600403,大有能源,大有能源,600403 大有能源
600405,动力源,动力源,600405 动力源
600406,国电南瑞,国电南瑞,600406 国电南瑞
600408,安泰集团,安泰集团,600408 安泰集团
600409,三友化工,三友化工,600409 三友化工
600410,华胜天成,华胜天成,600410 华胜天成
600415,小商品城,小商品城,600415 小商品城
600416,湘电股份,湘电股份,600416 湘电股份
600418,江淮汽车,江淮汽车,600418 江淮汽车
600419,天润乳业,天润乳业,600419 天润乳业
600420,国药现代,国药现代,600420 国药现代
600421,*ST华嵘,*st华嵘,600421 *ST华嵘
600422,昆药集团,昆药集团,600422 昆药集团
600423,柳化股份,柳化股份,600423 柳化股份
600425,青松建化,青松建化,600425 青松建化
600426,华鲁恒升,华鲁恒升,600426 华鲁恒升
600428,中远海特,中远海特,600428 中远海特
600429,三元股份,三元股份,600429 三元股份
600433,冠豪高新,冠豪高新,600433 冠豪高新
600435,北方导航,北方导航,600435 北方导航
600436,片仔癀,片仔癀,600436 片仔癀
600438,通威股份,通威股份,600438 通威股份
600439,瑞贝卡,瑞贝卡,600439 瑞贝卡
600444,国机通用,国机通用,600444 国机通用
600446,金证股份,金证股份,600446 金证股份
600448,华纺股份,华纺股份,600448 华纺股份
600449,宁夏建材,宁夏建材,600449 宁夏建材
600452,涪陵电力,涪陵电力,600452 涪陵电力
600455,博通股份,博通股份,600455 博通股份
600456,宝钛股份,宝钛股份,600456 宝钛股份
600458,时代新材,时代新材,600458 时代新材
600459,贵研铂业,贵研铂业,600459 贵研铂业
600460,士兰微,士兰微,600460 士兰微
600461,洪城环境,洪城环境,600461 洪城环境
600463,空港股份,空港股份,600463 空港股份
600467,好当家,好当家,600467 好当家
600468,百利电气,百利电气,600468 百利电气
600469,风神股份,风神股份,600469 风神股份
600470,六国化工,六国化工,600470 六国化工
600475,华光环能,华光环能,600475 华光环能
600476,湘邮科技,湘邮科技,600476 湘邮科技
600477,杭萧钢构,杭萧钢构,600477 杭萧钢构
600478,科力远,科力远,600478 科力远
600479,千金药业,千金药业,600479 千金药业
600480,凌云股份,凌云股份,600480 凌云股份
600481,双良节能,双良节能,600481 双良节能
600482,中国动力,中国动力,600482 中国动力
600483,福能股份,福能股份,600483 福能股份
600486,扬农化工,扬农化工,600486 扬农化工
600487,亨通光电,亨通光电,600487 亨通光电
600488,津药药业,津药药业,600488 津药药业
600489,中金黄金,中金黄金,600489 中金黄金
600490,鹏欣资源,鹏欣资源,600490 鹏欣资源
600491,龙元建设,龙元建设,600491 龙元建设
600493,凤竹纺织,凤竹纺织,600493 凤竹纺织
600495,晋西车轴,晋西车轴,600495 晋西车轴
600496,精工钢构,精工钢构,600496 精工钢构
600497,驰宏锌锗,驰宏锌锗,600497 驰宏锌锗
600498,烽火通信,烽火通信,600498 烽火通信
600499,科达制造,科达制造,600499 科达制造
600500,中化国际,中化国际,600500 中化国际
600501,航天晨光,航天晨光,600501 航天晨光
600502,安徽建工,安徽建工,600502 安徽建工
600503,华丽家族,华丽家族,600503 华丽家族
600505,西昌电力,西昌电力,600505 西昌电力
600506,统一股份,统一股份,600506 统一股份
600507,方大特钢,方大特钢,600507 方大特钢
600508,上海能源,上海能源,600508 上海能源
600509,天富能源,天富能源,600509 天富能源
600510,黑牡丹,黑牡丹,600510 黑牡丹
600511,国药股份,国药股份,600511 国药股份
600512,腾达建设,腾达建设,600512 腾达建设
600513,联环药业,联环药业,600513 联环药业
600515,海南机场,海南机场,600515 海南机场
600516,方大炭素,方大炭素,600516 方大炭素
600517,国网英大,国网英大,600517 国网英大
600518,康美药业,康美药业,600518 康美药业
600519,贵州茅台,贵州茅台,600519 贵州茅台
600520,三佳科技,三佳科技,600520 三佳科技
600521,华海药业,华海药业,600521 华海药业
600522,中天科技,中天科技,600522 中天科技
600523,贵航股份,贵航股份,600523 贵航股份
600525,ST长园,st长园,600525 ST长园
600526,菲达环保,菲达环保,600526 菲达环保
600527,江南高纤,江南高纤,600527 江南高纤
600528,中铁工业,中铁工业,600528 中铁工业
600529,山东药玻,山东药玻,600529 山东药玻
600530,交大昂立,交大昂立,600530 交大昂立
600531,豫光金铅,豫光金铅,600531 豫光金铅
600533,栖霞建设,栖霞建设,600533 栖霞建设
600535,天士力,天士力,600535 天士力
600536,中国软件,中国软件,600536 中国软件
600537,亿晶光电,亿晶光电,600537 亿晶光电
600538,国发股份,国发股份,600538 国发股份
600539,狮头股份,狮头股份,600539 狮头股份
600540,新赛股份,新赛股份,600540 新赛股份
600543,莫高股份,莫高股份,600543 莫高股份
600545,卓郎智能,卓郎智能,600545 卓郎智能
600546,山煤国际,山煤国际,600546 山煤国际
600547,山东黄金,山东黄金,600547 山东黄金
600548,深高速,深高速,600548 深高速
600549,厦门钨业,厦门钨业,600549 厦门钨业
600550,保变电气,保变电气,600550 保变电气
600551,时代出版,时代出版,600551 时代出版
600552,凯盛科技,凯盛科技,600552 凯盛科技
600556,天下秀,天下秀,600556 天下秀
600557,康缘药业,康缘药业,600557 康缘药业
600558,大西洋,大西洋,600558 大西洋
600559,老白干酒,老白干酒,600559 老白干酒
600560,金自天正,金自天正,600560 金自天正
600561,江西长运,江西长运,600561 江西长运
600562,国睿科技,国睿科技,600562 国睿科技
600563,法拉电子,法拉电子,600563 法拉电子
600566,济川药业,济川药业,600566 济川药业
600567,山鹰国际,山鹰国际,600567 山鹰国际
600568,ST中珠,st中珠,600568 ST中珠
600569,安阳钢铁,安阳钢铁,600569 安阳钢铁
600570,恒生电子,恒生电子,600570 恒生电子
600571,信雅达,信雅达,600571 信雅达
600572,康恩贝,康恩贝,600572 康恩贝
600573,惠泉啤酒,惠泉啤酒,600573 惠泉啤酒
600575,淮河能源,淮河能源,600575 淮河能源
600576,祥源文旅,祥源文旅,600576 祥源文旅
600577,精达股份,精达股份,600577 精达股份
600578,京能电力,京能电力,600578 京能电力
600579,中化装备,中化装备,600579 中化装备
600580,卧龙电驱,卧龙电驱,600580 卧龙电驱
600581,八一钢铁,八一钢铁,600581 八一钢铁
600582,天地科技,天地科技,600582 天地科技
600583,海油工程,海油工程,600583 海油工程
600584,长电科技,长电科技,600584 长电科技
600585,海螺水泥,海螺水泥,600585 海螺水泥
600586,金晶科技,金晶科技,600586 金晶科技
600587,新华医疗,新华医疗,600587 新华医疗
600588,用友网络,用友网络,600588 用友网络
600589,大位科技,大位科技,600589 大位科技
600590,泰豪科技,泰豪科技,600590 泰豪科技
600592,龙溪股份,龙溪股份,600592 龙溪股份
600593,大连圣亚,大连圣亚,600593 大连圣亚
600594,益佰制药,益佰制药,600594 益佰制药
600595,中孚实业,中孚实业,600595 中孚实业
600596,新安股份,新安股份,600596 新安股份
600597,光明乳业,光明乳业,600597 光明乳业
600598,北大荒,北大荒,600598 北大荒
600599,*ST熊猫,*st熊猫,600599 *ST熊猫
600600,青岛啤酒,青岛啤酒,600600 青岛啤酒
600601,方正科技,方正科技,600601 方正科技
600602,云赛智联,云赛智联,600602 云赛智联
600603,广汇物流,广汇物流,600603 广汇物流
600604,市北高新,市北高新,600604 市北高新
600605,汇通能源,汇通能源,600605 汇通能源
600606,绿地控股,绿地控股,600606 绿地控股
600608,*ST沪科,*st沪科,600608 *ST沪科
600609,金杯汽车,金杯汽车,600609 金杯汽车
600610,中毅达,中毅达,600610 中毅达
600611,大众交通,大众交通,600611 大众交通
600612,老凤祥,老凤祥,600612 老凤祥
600613,神奇制药,神奇制药,600613 神奇制药
600615,鑫源智造,鑫源智造,600615 鑫源智造
600616,金枫酒业,金枫酒业,600616 金枫酒业
600617,国新能源,国新能源,600617 国新能源
600618,氯碱化工,氯碱化工,600618 氯碱化工
600619,海立股份,海立股份,600619 海立股份
600620,天宸股份,天宸股份,600620 天宸股份
600621,华鑫股份,华鑫股份,600621 华鑫股份
600622,光大嘉宝,光大嘉宝,600622 光大嘉宝
600623,华谊集团,华谊集团,600623 华谊集团
600624,ST复华,st复华,600624 ST复华
600626,申达股份,申达股份,600626 申达股份
600628,新世界,新世界,600628 新世界
600629,华建集团,华建集团,600629 华建集团
600630,龙头股份,龙头股份,600630 龙头股份
600633,浙数文化,浙数文化,600633 浙数文化
600635,大众公用,大众公用,600635 大众公用
600636,*ST国化,*st国化,600636 *ST国化
600637,东方明珠,东方明珠,600637 东方明珠
600638,新黄浦,新黄浦,600638 新黄浦
600639,浦东金桥,浦东金桥,600639 浦东金桥
600640,国脉文化,国脉文化,600640 国脉文化
600641,先导基电,先导基电,600641 先导基电
600642,申能股份,申能股份,600642 申能股份
600643,爱建集团,爱建集团,600643 爱建集团
600644,乐山电力,乐山电力,600644 乐山电力
600645,中源协和,中源协和,600645 中源协和
600648,外高桥,外高桥,600648 外高桥
600649,城投控股,城投控股,600649 城投控股
600650,锦江在线,锦江在线,600650 锦江在线
600651,飞乐音响,飞乐音响,600651 飞乐音响
600653,申华控股,申华控股,600653 申华控股
600654,中安科,中安科,600654 中安科
600655,豫园股份,豫园股份,600655 豫园股份
600657,信达地产,信达地产,600657 信达地产
600658,电子城,电子城,600658 电子城
600660,福耀玻璃,福耀玻璃,600660 福耀玻璃
600661,昂立教育,昂立教育,600661 昂立教育
600662,外服控股,外服控股,600662 外服控股
600663,陆家嘴,陆家嘴,600663 陆家嘴
600664,哈药股份,哈药股份,600664 哈药股份
600665,天地源,天地源,600665 天地源
600666,奥瑞德,奥瑞德,600666 奥瑞德
600667,太极实业,太极实业,600667 太极实业
600668,尖峰集团,尖峰集团,600668 尖峰集团
600671,天目药业,天目药业,600671 天目药业
600673,东阳光,东阳光,600673 东阳光
600674,川投能源,川投能源,600674 川投能源
600675,中华企业,中华企业,600675 中华企业
600676,交运股份,交运股份,600676 交运股份
600678,四川金顶,四川金顶,600678 四川金顶
600679,上海凤凰,上海凤凰,600679 上海凤凰
600681,百川能源,百川能源,600681 百川能源
600682,南京新百,南京新百,600682 南京新百
600683,京投发展,京投发展,600683 京投发展
600684,珠江股份,珠江股份,600684 珠江股份
600685,中船防务,中船防务,600685 中船防务
600686,金龙汽车,金龙汽车,600686 金龙汽车
600688,上海石化,上海石化,600688 上海石化
600689,上海三毛,上海三毛,600689 上海三毛
600690,海尔智家,海尔智家,600690 海尔智家
600691,潞化科技,潞化科技,600691 潞化科技
600692,亚通股份,亚通股份,600692 亚通股份
600693,东百集团,东百集团,600693 东百集团
600694,大商股份,大商股份,600694 大商股份
600696,*ST岩石,*st岩石,600696 *ST岩石
600697,欧亚集团,欧亚集团,600697 欧亚集团
600698,湖南天雁,湖南天雁,600698 湖南天雁
600699,均胜电子,均胜电子,600699 均胜电子
600702,舍得酒业,舍得酒业,600702 舍得酒业
600703,三安光电,三安光电,600703 三安光电
600704,物产中大,物产中大,600704 物产中大
600706,曲江文旅,曲江文旅,600706 曲江文旅
600707,彩虹股份,彩虹股份,600707 彩虹股份
600708,光明地产,光明地产,600708 光明地产
600710,苏美达,苏美达,600710 苏美达
600711,盛屯矿业,盛屯矿业,600711 盛屯矿业
600712,南宁百货,南宁百货,600712 南宁百货
600713,南京医药,南京医药,600713 南京医药
600714,金瑞矿业,金瑞矿业,600714 金瑞矿业
600715,文投控股,文投控股,600715 文投控股
600716,凤凰股份,凤凰股份,600716 凤凰股份
600717,天津港,天津港,600717 天津港
600718,东软集团,东软集团,600718 东软集团
600719,大连热电,大连热电,600719 大连热电
600720,中交设计,中交设计,600720 中交设计
600721,百花医药,百花医药,600721 百花医药
600722,金牛化工,金牛化工,600722 金牛化工
600724,宁波富达,宁波富达,600724 宁波富达
600725,云维股份,云维股份,600725 云维股份
600726,华电能源,华电能源,600726 华电能源
600727,鲁北化工,鲁北化工,600727 鲁北化工
600728,佳都科技,佳都科技,600728 佳都科技
600729,重庆百货,重庆百货,600729 重庆百货
600730,中国高科,中国高科,600730 中国高科
600731,湖南海利,湖南海利,600731 湖南海利
600732,爱旭股份,爱旭股份,600732 爱旭股份
600733,北汽蓝谷,北汽蓝谷,600733 北汽蓝谷
600734,实达集团,实达集团,600734 实达集团
600735,ST新华锦,st新华锦,600735 ST新华锦
600736,苏州高新,苏州高新,600736 苏州高新
600737,中粮糖业,中粮糖业,600737 中粮糖业
600738,丽尚国潮,丽尚国潮,600738 丽尚国潮
600739,辽宁成大,辽宁成大,600739 辽宁成大
600740,山西焦化,山西焦化,600740 山西焦化
600741,华域汽车,华域汽车,600741 华域汽车
600742,富维股份,富维股份,600742 富维股份
600743,华远控股,华远控股,600743 华远控股
600744,华银电力,华银电力,600744 华银电力
600745,闻泰科技,闻泰科技,600745 闻泰科技
600746,江苏索普,江苏索普,600746 江苏索普
600748,上实发展,上实发展,600748 上实发展
600749,西藏旅游,西藏旅游,600749 西藏旅游
600750,华润江中,华润江中,600750 华润江中
600751,海航科技,海航科技,600751 海航科技
600753,*ST海钦,*st海钦,600753 *ST海钦
600754,锦江酒店,锦江酒店,600754 锦江酒店
600755,厦门国贸,厦门国贸,600755 厦门国贸
600756,浪潮软件,浪潮软件,600756 浪潮软件
600757,长江传媒,长江传媒,600757 长江传媒
600758,辽宁能源,辽宁能源,600758 辽宁能源
600759,洲际油气,洲际油气,600759 洲际油气
600760,中航沈飞,中航沈飞,600760 中航沈飞
600761,安徽合力,安徽合力,600761 安徽合力
600763,通策医疗,通策医疗,600763 通策医疗
600764,中国海防,中国海防,600764 中国海防
600765,中航重机,中航重机,600765 中航重机
600768,宁波富邦,宁波富邦,600768 宁波富邦
600769,祥龙电业,祥龙电业,600769 祥龙电业
600770,综艺股份,综艺股份,600770 综艺股份
600771,广誉远,广誉远,600771 广誉远
600773,西藏城投,西藏城投,600773 西藏城投
600774,汉商集团,汉商集团,600774 汉商集团
600775,南京熊猫,南京熊猫,600775 南京熊猫
600776,东方通信,东方通信,600776 东方通信
600777,*ST新潮,*st新潮,600777 *ST新潮
600778,友好集团,友好集团,600778 友好集团
600779,水井坊,水井坊,600779 水井坊
600780,通宝能源,通宝能源,600780 通宝能源
600782,新钢股份,新钢股份,600782 新钢股份
600783,鲁信创投,鲁信创投,600783 鲁信创投
600784,鲁银投资,鲁银投资,600784 鲁银投资
600785,新华百货,新华百货,600785 新华百货
600787,中储股份,中储股份,600787 中储股份
600789,鲁抗医药,鲁抗医药,600789 鲁抗医药
600790,轻纺城,轻纺城,600790 轻纺城
600791,京能置业,京能置业,600791 京能置业
600792,云煤能源,云煤能源,600792 云煤能源
600793,宜宾纸业,宜宾纸业,600793 宜宾纸业
600794,保税科技,保税科技,600794 保税科技
600795,国电电力,国电电力,600795 国电电力
600796,钱江生化,钱江生化,600796 钱江生化
600797,浙大网新,浙大网新,600797 浙大网新
600798,宁波海运,宁波海运,600798 宁波海运
600800,渤海化学,渤海化学,600800 渤海化学
600801,华新建材,华新建材,600801 华新建材
600802,福建水泥,福建水泥,600802 福建水泥
600803,新奥股份,新奥股份,600803 新奥股份
600805,悦达投资,悦达投资,600805 悦达投资
600807,济高发展,济高发展,600807 济高发展
600808,马钢股份,马钢股份,600808 马钢股份
600809,山西汾酒,山西汾酒,600809 山西汾酒
600810,神马股份,神马股份,600810 神马股份
600812,华北制药,华北制药,600812 华北制药
600814,杭州解百,杭州解百,600814 杭州解百
600815,厦工股份,厦工股份,600815 厦工股份
600816,建元信托,建元信托,600816 建元信托
600817,宇通重工,宇通重工,600817 宇通重工
600818,中路股份,中路股份,600818 中路股份
600819,耀皮玻璃,耀皮玻璃,600819 耀皮玻璃
600820,隧道股份,隧道股份,600820 隧道股份
600821,金开新能,金开新能,600821 金开新能
600822,上海物贸,上海物贸,600822 上海物贸
600824,益民集团,益民集团,600824 益民集团
600825,新华传媒,新华传媒,600825 新华传媒
600826,兰生股份,兰生股份,600826 兰生股份
600827,百联股份,百联股份,600827 百联股份
600828,茂业商业,茂业商业,600828 茂业商业
600829,人民同泰,人民同泰,600829 人民同泰
600830,香溢融通,香溢融通,600830 香溢融通
600831,广电网络,广电网络,600831 广电网络
600833,第一医药,第一医药,600833 第一医药
600834,申通地铁,申通地铁,600834 申通地铁
600835,上海机电,上海机电,600835 上海机电
600838,上海九百,上海九百,600838 上海九百
600839,四川长虹,四川长虹,600839 四川长虹
600841,动力新科,动力新科,600841 动力新科
600843,上工申贝,上工申贝,600843 上工申贝
600844,金煤科技,金煤科技,600844 金煤科技
600845,宝信软件,宝信软件,600845 宝信软件
600846,同济科技,同济科技,600846 同济科技
600847,万里股份,万里股份,600847 万里股份
600848,上海临港,上海临港,600848 上海临港
600850,电科数字,电科数字,600850 电科数字
600851,海欣股份,海欣股份,600851 海欣股份
600853,龙建股份,龙建股份,600853 龙建股份
600854,春兰股份,春兰股份,600854 春兰股份
600855,航天长峰,航天长峰,600855 航天长峰
600857,宁波中百,宁波中百,600857 宁波中百
600858,银座股份,银座股份,600858 银座股份
600859,王府井,王府井,600859 王府井
600860,京城股份,京城股份,600860 京城股份
600861,北京人力,北京人力,600861 北京人力
600862,中航高科,中航高科,600862 中航高科
600863,华能蒙电,华能蒙电,600863 华能蒙电
600864,哈投股份,哈投股份,600864 哈投股份
600865,百大集团,百大集团,600865 百大集团
600866,星湖科技,星湖科技,600866 星湖科技
600867,通化东宝,通化东宝,600867 通化东宝
600868,梅雁吉祥,梅雁吉祥,600868 梅雁吉祥
600869,远东股份,远东股份,600869 远东股份
600871,石化油服,石化油服,600871 石化油服
600872,中炬高新,中炬高新,600872 中炬高新
600873,梅花生物,梅花生物,600873 梅花生物
600874,创业环保,创业环保,600874 创业环保
600875,东方电气,东方电气,600875 东方电气
600876,凯盛新能,凯盛新能,600876 凯盛新能
600877,电科芯片,电科芯片,600877 电科芯片
600879,航天电子,航天电子,600879 航天电子
600880,博瑞传播,博瑞传播,600880 博瑞传播
600881,亚泰集团,亚泰集团,600881 亚泰集团
600882,妙可蓝多,妙可蓝多,600882 妙可蓝多
600883,博闻科技,博闻科技,600883 博闻科技
600884,杉杉股份,杉杉股份,600884 杉杉股份
600885,宏发股份,宏发股份,600885 宏发股份
600886,国投电力,国投电力,600886 国投电力
600887,伊利股份,伊利股份,600887 伊利股份
600888,新疆众和,新疆众和,600888 新疆众和
600889,南京化纤,南京化纤,600889 南京化纤
600892,*ST大晟,*st大晟,600892 *ST大晟
600893,航发动力,航发动力,600893 航发动力
600894,广日股份,广日股份,600894 广日股份
600895,张江高科,张江高科,600895 张江高科
600897,厦门空港,厦门空港,600897 厦门空港
600900,长江电力,长江电力,600900 长江电力
600901,江苏金租,江苏金租,600901 江苏金租
600903,贵州燃气,贵州燃气,600903 贵州燃气
600905,三峡能源,三峡能源,600905 三峡能源
600906,财达证券,财达证券,600906 财达证券
600908,无锡银行,无锡银行,600908 无锡银行
600909,华安证券,华安证券,600909 华安证券
600916,中国黄金,中国黄金,600916 中国黄金
600917,重庆燃气,重庆燃气,600917 重庆燃气
600918,中泰证券,中泰证券,600918 中泰证券
600919,江苏银行,江苏银行,600919 江苏银行
600925,苏能股份,苏能股份,600925 苏能股份
600926,杭州银行,杭州银行,600926 杭州银行
600927,永安期货,永安期货,600927 永安期货
600928,西安银行,西安银行,600928 西安银行
600929,雪天盐业,雪天盐业,600929 雪天盐业
600930,华电新能,华电新能,600930 华电新能
600933,爱柯迪,爱柯迪,600933 爱柯迪
600935,华塑股份,华塑股份,600935 华塑股份
600936,北投科技,北投科技,600936 北投科技
600938,中国海油,中国海油,600938 中国海油
600939,重庆建工,重庆建工,600939 重庆建工
600941,中国移动,中国移动,600941 中国移动
600955,维远股份,维远股份,600955 维远股份
600956,新天绿能,新天绿能,600956 新天绿能
600958,东方证券,东方证券,600958 东方证券
600959,江苏有线,江苏有线,600959 江苏有线
600960,渤海汽车,渤海汽车,600960 渤海汽车
600961,株冶集团,株冶集团,600961 株冶集团
600962,国投中鲁,国投中鲁,600962 国投中鲁
600963,岳阳林纸,岳阳林纸,600963 岳阳林纸
600965,福成股份,福成股份,600965 福成股份
600966,博汇纸业,博汇纸业,600966 博汇纸业
600967,内蒙一机,内蒙一机,600967 内蒙一机
600968,海油发展,海油发展,600968 海油发展
600969,郴电国际,郴电国际,600969 郴电国际
600970,中材国际,中材国际,600970 中材国际
600971,恒源煤电,恒源煤电,600971 恒源煤电
600973,宝胜股份,宝胜股份,600973 宝胜股份
600975,新五丰,新五丰,600975 新五丰
600976,健民集团,健民集团,600976 健民集团
600977,中国电影,中国电影,600977 中国电影
600979,广安爱众,广安爱众,600979 广安爱众
600980,北矿科技,北矿科技,600980 北矿科技
600981,苏豪汇鸿,苏豪汇鸿,600981 苏豪汇鸿
600982,宁波能源,宁波能源,600982 宁波能源
600983,惠而浦,惠而浦,600983 惠而浦
600984,建设机械,建设机械,600984 建设机械
600985,淮北矿业,淮北矿业,600985 淮北矿业
600986,浙文互联,浙文互联,600986 浙文互联
600987,航民股份,航民股份,600987 航民股份
600988,赤峰黄金,赤峰黄金,600988 赤峰黄金
600989,宝丰能源,宝丰能源,600989 宝丰能源
600990,四创电子,四创电子,600990 四创电子
600992,贵绳股份,贵绳股份,600992 贵绳股份
600993,马应龙,马应龙,600993 马应龙
600995,南网储能,南网储能,600995 南网储能
600996,贵广网络,贵广网络,600996 贵广网络
600997,开滦股份,开滦股份,600997 开滦股份
600998,九州通,九州通,600998 九州通
600999,招商证券,招商证券,600999 招商证券
601000,唐山港,唐山港,601000 唐山港
601001,晋控煤业,晋控煤业,601001 晋控煤业
601002,晋亿实业,晋亿实业,601002 晋亿实业
601003,柳钢股份,柳钢股份,601003 柳钢股份
601005,重庆钢铁,重庆钢铁,601005 重庆钢铁
601006,大秦铁路,大秦铁路,601006 大秦铁路
601007,金陵饭店,金陵饭店,601007 金陵饭店
601008,连云港,连云港,601008 连云港
601009,南京银行,南京银行,601009 南京银行
601010,文峰股份,文峰股份,601010 文峰股份
601011,宝泰隆,宝泰隆,601011 宝泰隆
601012,隆基绿能,隆基绿能,601012 隆基绿能
601015,陕西黑猫,陕西黑猫,601015 陕西黑猫
601016,节能风电,节能风电,601016 节能风电
601018,宁波港,宁波港,601018 宁波港
601019,山东出版,山东出版,601019 山东出版
601020,华钰矿业,华钰矿业,601020 华钰矿业
601021,春秋航空,春秋航空,601021 春秋航空
601022,宁波远洋,宁波远洋,601022 宁波远洋
601026,道生天合,道生天合,601026 道生天合
601033,永兴股份,永兴股份,601033 永兴股份
601038,一拖股份,一拖股份,601038 一拖股份
601058,赛轮轮胎,赛轮轮胎,601058 赛轮轮胎
601059,信达证券,信达证券,601059 信达证券
601061,中信金属,中信金属,601061 中信金属
601065,江盐集团,江盐集团,601065 江盐集团
601066,中信建投,中信建投,601066 中信建投
601068,中铝国际,中铝国际,601068 中铝国际
601069,西部黄金,西部黄金,601069 西部黄金
601077,渝农商行,渝农商行,601077 渝农商行
601083,锦江航运,锦江航运,601083 锦江航运
601086,国芳集团,国芳集团,601086 国芳集团
601088,中国神华,中国神华,601088 中国神华
601089,福元医药,福元医药,601089 福元医药
601096,宏盛华源,宏盛华源,601096 宏盛华源
601098,中南传媒,中南传媒,601098 中南传媒
601099,太平洋,太平洋,601099 太平洋
601100,恒立液压,恒立液压,601100 恒立液压
601101,昊华能源,昊华能源,601101 昊华能源
601106,中国一重,中国一重,601106 中国一重
601107,四川成渝,四川成渝,601107 四川成渝
601108,财通证券,财通证券,601108 财通证券
601111,中国国航,中国国航,601111 中国国航
601112,振石股份,振石股份,601112 振石股份
601113,华鼎股份,华鼎股份,601113 华鼎股份
601116,三江购物,三江购物,601116 三江购物
601117,中国化学,中国化学,601117 中国化学
601118,海南橡胶,海南橡胶,601118 海南橡胶
601121,宝地矿业,宝地矿业,601121 宝地矿业
601126,四方股份,四方股份,601126 四方股份
601127,赛力斯,赛力斯,601127 赛力斯
601128,常熟银行,常熟银行,601128 常熟银行
601133,柏诚股份,柏诚股份,601133 柏诚股份
601136,首创证券,首创证券,601136 首创证券
601137,博威合金,博威合金,601137 博威合金
601138,工业富联,工业富联,601138 工业富联
601139,深圳燃气,深圳燃气,601139 深圳燃气
601155,新城控股,新城控股,601155 新城控股
601156,东航物流,东航物流,601156 东航物流
601158,重庆水务,重庆水务,601158 重庆水务
601162,天风证券,天风证券,601162 天风证券
601163,三角轮胎,三角轮胎,601163 三角轮胎
601166,兴业银行,兴业银行,601166 兴业银行
601168,西部矿业,西部矿业,601168 西部矿业
601169,北京银行,北京银行,601169 北京银行
601177,杭齿前进,杭齿前进,601177 杭齿前进
601179,中国西电,中国西电,601179 中国西电
601186,中国铁建,中国铁建,601186 中国铁建
601187,厦门银行,厦门银行,601187 厦门银行
601188,龙江交通,龙江交通,601188 龙江交通
601198,东兴证券,东兴证券,601198 东兴证券
601199,江南水务,江南水务,601199 江南水务
601200,上海环境,上海环境,601200 上海环境
601208,东材科技,东材科技,601208 东材科技
601211,国泰海通,国泰海通,601211 国泰海通
601212,白银有色,白银有色,601212 白银有色
601216,君正集团,君正集团,601216 君正集团
601218,吉鑫科技,吉鑫科技,601218 吉鑫科技
601222,林洋能源,林洋能源,601222 林洋能源
601225,陕西煤业,陕西煤业,601225 陕西煤业
601226,华电科工,华电科工,601226 华电科工
601228,广州港,广州港,601228 广州港
601229,上海银行,上海银行,601229 上海银行
601231,环旭电子,环旭电子,601231 环旭电子
601233,桐昆股份,桐昆股份,601233 桐昆股份
601236,红塔证券,红塔证券,601236 红塔证券
601238,广汽集团,广汽集团,601238 广汽集团
601279,英利汽车,英利汽车,601279 英利汽车
601288,农业银行,农业银行,601288 农业银行
601298,青岛港,青岛港,601298 青岛港
601311,骆驼股份,骆驼股份,601311 骆驼股份
601318,中国平安,中国平安,601318 中国平安
601319,中国人保,中国人保,601319 中国人保
601326,秦港股份,秦港股份,601326 秦港股份
601328,交通银行,交通银行,601328 交通银行
601330,绿色动力,绿色动力,601330 绿色动力
601333,广深铁路,广深铁路,601333 广深铁路
601336,新华保险,新华保险,601336 新华保险
601339,百隆东方,百隆东方,601339 百隆东方
601360,三六零,三六零,601360 三六零
601366,利群股份,利群股份,601366 利群股份
601368,绿城水务,绿城水务,601368 绿城水务
601369,陕鼓动力,陕鼓动力,601369 陕鼓动力
601375,中原证券,中原证券,601375 中原证券
601377,兴业证券,兴业证券,601377 兴业证券
601388,怡球资源,怡球资源,601388 怡球资源
601390,中国中铁,中国中铁,601390 中国中铁
601398,工商银行,工商银行,601398 工商银行
601399,国机重装,国机重装,601399 国机重装
601456,国联民生,国联民生,601456 国联民生
601500,通用股份,通用股份,601500 通用股份
601512,中新集团,中新集团,601512 中新集团
601515,衢州东峰,衢州东峰,601515 衢州东峰
601518,吉林高速,吉林高速,601518 吉林高速
601519,大智慧,大智慧,601519 大智慧
601528,瑞丰银行,瑞丰银行,601528 瑞丰银行
601555,东吴证券,东吴证券,601555 东吴证券
601566,九牧王,九牧王,601566 九牧王
601567,三星医疗,三星医疗,601567 三星医疗
601568,北元集团,北元集团,601568 北元集团
601577,长沙银行,长沙银行,601577 长沙银行
601579,会稽山,会稽山,601579 会稽山
601588,北辰实业,北辰实业,601588 北辰实业
601595,上海电影,上海电影,601595 上海电影
601598,中国外运,中国外运,601598 中国外运
601599,浙文影业,浙文影业,601599 浙文影业
601600,中国铝业,中国铝业,601600 中国铝业
601601,中国太保,中国太保,601601 中国太保
601606,长城军工,长城军工,601606 长城军工
601607,上海医药,上海医药,601607 上海医药
601608,中信重工,中信重工,601608 中信重工
601609,金田股份,金田股份,601609 金田股份
601611,中国核建,中国核建,601611 中国核建
601615,明阳智能,明阳智能,601615 明阳智能
601616,广电电气,广电电气,601616 广电电气
601618,中国中冶,中国中冶,601618 中国中冶
601619,嘉泽新能,嘉泽新能,601619 嘉泽新能
601628,中国人寿,中国人寿,601628 中国人寿
601633,长城汽车,长城汽车,601633 长城汽车
601636,旗滨集团,旗滨集团,601636 旗滨集团
601658,邮储银行,邮储银行,601658 邮储银行
601665,齐鲁银行,齐鲁银行,601665 齐鲁银行
601666,平煤股份,平煤股份,601666 平煤股份
601668,中国建筑,中国建筑,601668 中国建筑
601669,中国电建,中国电建,601669 中国电建
601677,明泰铝业,明泰铝业,601677 明泰铝业
601678,滨化股份,滨化股份,601678 滨化股份
601686,友发集团,友发集团,601686 友发集团
601688,华泰证券,华泰证券,601688 华泰证券
601689,拓普集团,拓普集团,601689 拓普集团
601696,中银证券,中银证券,601696 中银证券
601698,中国卫通,中国卫通,601698 中国卫通
601699,潞安环能,潞安环能,601699 潞安环能
601700,风范股份,风范股份,601700 风范股份
601702,华峰铝业,华峰铝业,601702 华峰铝业
601717,中创智领,中创智领,601717 中创智领
601718,际华集团,际华集团,601718 际华集团
601727,上海电气,上海电气,601727 上海电气
601728,中国电信,中国电信,601728 中国电信
601766,中国中车,中国中车,601766 中国中车
601777,千里科技,千里科技,601777 千里科技
601778,晶科科技,晶科科技,601778 晶科科技
601788,光大证券,光大证券,601788 光大证券
601789,宁波建工,宁波建工,601789 宁波建工
601798,蓝科高新,蓝科高新,601798 蓝科高新
601799,星宇股份,星宇股份,601799 星宇股份
601800,中国交建,中国交建,601800 中国交建
601801,皖新传媒,皖新传媒,601801 皖新传媒
601808,中海油服,中海油服,601808 中海油服
601811,新华文轩,新华文轩,601811 新华文轩
601816,京沪高铁,京沪高铁,601816 京沪高铁
601818,光大银行,光大银行,601818 光大银行
601825,沪农商行,沪农商行,601825 沪农商行
601827,三峰环境,三峰环境,601827 三峰环境
601828,美凯龙,美凯龙,601828 美凯龙
601838,成都银行,成都银行,601838 成都银行
601857,中国石油,中国石油,601857 中国石油
601858,中国科传,中国科传,601858 中国科传
601860,紫金银行,紫金银行,601860 紫金银行
601865,福莱特,福莱特,601865 福莱特
601866,中远海发,中远海发,601866 中远海发
601868,中国能建,中国能建,601868 中国能建
601869,长飞光纤,长飞光纤,601869 长飞光纤
601872,招商轮船,招商轮船,601872 招商轮船
601877,正泰电器,正泰电器,601877 正泰电器
601878,浙商证券,浙商证券,601878 浙商证券
601880,辽港股份,辽港股份,601880 辽港股份
601881,中国银河,中国银河,601881 中国银河
601882,海天精工,海天精工,601882 海天精工
601886,江河集团,江河集团,601886 江河集团
601888,中国中免,中国中免,601888 中国中免
601890,亚星锚链,亚星锚链,601890 亚星锚链
601898,中煤能源,中煤能源,601898 中煤能源
601899,紫金矿业,紫金矿业,601899 紫金矿业
601900,南方传媒,南方传媒,601900 南方传媒
601901,方正证券,方正证券,601901 方正证券
601908,京运通,京运通,601908 京运通
601916,浙商银行,浙商银行,601916 浙商银行
601918,新集能源,新集能源,601918 新集能源
601919,中远海控,中远海控,601919 中远海控
601921,浙版传媒,浙版传媒,601921 浙版传媒
601928,凤凰传媒,凤凰传媒,601928 凤凰传媒
601929,吉视传媒,吉视传媒,601929 吉视传媒
601933,永辉超市,永辉超市,601933 永辉超市
601939,建设银行,建设银行,601939 建设银行
601949,中国出版,中国出版,601949 中国出版
601952,苏垦农发,苏垦农发,601952 苏垦农发
601956,东贝集团,东贝集团,601956 东贝集团
601958,金钼股份,金钼股份,601958 金钼股份
601963,重庆银行,重庆银行,601963 重庆银行
601965,中国汽研,中国汽研,601965 中国汽研
601966,玲珑轮胎,玲珑轮胎,601966 玲珑轮胎
601968,宝钢包装,宝钢包装,601968 宝钢包装
601969,海南矿业,海南矿业,601969 海南矿业
601975,招商南油,招商南油,601975 招商南油
601985,中国核电,中国核电,601985 中国核电
601988,中国银行,中国银行,601988 中国银行
601990,南京证券,南京证券,601990 南京证券
601991,大唐发电,大唐发电,601991 大唐发电
601992,金隅集团,金隅集团,601992 金隅集团
601995,中金公司,中金公司,601995 中金公司
601996,丰林集团,丰林集团,601996 丰林集团
601997,贵阳银行,贵阳银行,601997 贵阳银行
601998,中信银行,中信银行,601998 中信银行
601999,出版传媒,出版传媒,601999 出版传媒
603000,人民网,人民网,603000 人民网
603001,奥康国际,奥康国际,603001 奥康国际
603002,宏昌电子,宏昌电子,603002 宏昌电子
603004,鼎龙科技,鼎龙科技,603004 鼎龙科技
603005,晶方科技,晶方科技,603005 晶方科技
603006,联明股份,联明股份,603006 联明股份
603007,*ST花王,*st花王,603007 *ST花王
603008,喜临门,喜临门,603008 喜临门
603009,北特科技,北特科技,603009 北特科技
603010,万盛股份,万盛股份,603010 万盛股份
603011,合锻智能,合锻智能,603011 合锻智能
603012,创力集团,创力集团,603012 创力集团
603013,亚普股份,亚普股份,603013 亚普股份
603014,威高血净,威高血净,603014 威高血净
603015,弘讯科技,弘讯科技,603015 弘讯科技
603016,新宏泰,新宏泰,603016 新宏泰
603017,中衡设计,中衡设计,603017 中衡设计
603018,华设集团,华设集团,603018 华设集团
603019,中科曙光,中科曙光,603019 中科曙光
603020,爱普股份,爱普股份,603020 爱普股份
603021,ST华鹏,st华鹏,603021 ST华鹏
603022,新通联,新通联,603022 新通联
603023,威帝股份,威帝股份,603023 威帝股份
603025,大豪科技,大豪科技,603025 大豪科技
603026,石大胜华,石大胜华,603026 石大胜华
603027,千禾味业,千禾味业,603027 千禾味业
603028,赛福天,赛福天,603028 赛福天
603029,天鹅股份,天鹅股份,603029 天鹅股份
603030,全筑股份,全筑股份,603030 全筑股份
603031,安孚科技,安孚科技,603031 安孚科技
603032,德新科技,德新科技,603032 德新科技
603033,三维股份,三维股份,603033 三维股份
603035,常熟汽饰,常熟汽饰,603035 常熟汽饰
603036,如通股份,如通股份,603036 如通股份
603037,凯众股份,凯众股份,603037 凯众股份
603038,华立股份,华立股份,603038 华立股份
603039,泛微网络,泛微网络,603039 泛微网络
603040,新坐标,新坐标,603040 新坐标
603041,美思德,美思德,603041 美思德
603042,华脉科技,华脉科技,603042 华脉科技
603043,广州酒家,广州酒家,603043 广州酒家
603045,福达合金,福达合金,603045 福达合金
603048,浙江黎明,浙江黎明,603048 浙江黎明
603049,中策橡胶,中策橡胶,603049 中策橡胶
603050,科林电气,科林电气,603050 科林电气
603051,鹿山新材,鹿山新材,603051 鹿山新材
603052,可川科技,可川科技,603052 可川科技
603053,成都燃气,成都燃气,603053 成都燃气
603055,台华新材,台华新材,603055 台华新材
603056,德邦股份,德邦股份,603056 德邦股份
603057,紫燕食品,紫燕食品,603057 紫燕食品
603058,永吉股份,永吉股份,603058 永吉股份
603059,倍加洁,倍加洁,603059 倍加洁
603060,国检集团,国检集团,603060 国检集团
603061,金海通,金海通,603061 金海通
603062,麦加芯彩,麦加芯彩,603062 麦加芯彩
603063,禾望电气,禾望电气,603063 禾望电气
603065,宿迁联盛,宿迁联盛,603065 宿迁联盛
603066,音飞储存,音飞储存,603066 音飞储存
603067,振华股份,振华股份,603067 振华股份
603068,博通集成,博通集成,603068 博通集成
603069,海汽集团,海汽集团,603069 海汽集团
603070,万控智造,万控智造,603070 万控智造
603071,物产环能,物产环能,603071 物产环能
603072,天和磁材,天和磁材,603072 天和磁材
603073,彩蝶实业,彩蝶实业,603073 彩蝶实业
603075,热威股份,热威股份,603075 热威股份
603076,乐惠国际,乐惠国际,603076 乐惠国际
603077,和邦生物,和邦生物,603077 和邦生物
603078,江化微,江化微,603078 江化微
603079,圣达生物,圣达生物,603079 圣达生物
603080,新疆火炬,新疆火炬,603080 新疆火炬
603081,大丰实业,大丰实业,603081 大丰实业
603082,北自科技,北自科技,603082 北自科技
603083,剑桥科技,剑桥科技,603083 剑桥科技
603085,天成自控,天成自控,603085 天成自控
603086,先达股份,先达股份,603086 先达股份
603087,甘李药业,甘李药业,603087 甘李药业
603088,宁波精达,宁波精达,603088 宁波精达
603089,正裕工业,正裕工业,603089 正裕工业
603090,宏盛股份,宏盛股份,603090 宏盛股份
603091,众鑫股份,众鑫股份,603091 众鑫股份
603092,德力佳,德力佳,603092 德力佳
603093,南华期货,南华期货,603093 南华期货
603095,越剑智能,越剑智能,603095 越剑智能
603096,新经典,新经典,603096 新经典
603097,江苏华辰,江苏华辰,603097 江苏华辰
603098,森特股份,森特股份,603098 森特股份
603099,长白山,长白山,603099 长白山
603100,川仪股份,川仪股份,603100 川仪股份
603101,汇嘉时代,汇嘉时代,603101 汇嘉时代
603102,百合股份,百合股份,603102 百合股份
603103,横店影视,横店影视,603103 横店影视
603105,芯能科技,芯能科技,603105 芯能科技
603106,恒银科技,恒银科技,603106 恒银科技
603107,上海汽配,上海汽配,603107 上海汽配
603108,润达医疗,润达医疗,603108 润达医疗
603109,神驰机电,神驰机电,603109 神驰机电
603110,东方材料,东方材料,603110 东方材料
603111,康尼机电,康尼机电,603111 康尼机电
603112,华翔股份,华翔股份,603112 华翔股份
603113,金能科技,金能科技,603113 金能科技
603115,海星股份,海星股份,603115 海星股份
603116,红蜻蜓,红蜻蜓,603116 红蜻蜓
603117,万林物流,万林物流,603117 万林物流
603118,共进股份,共进股份,603118 共进股份
603119,浙江荣泰,浙江荣泰,603119 浙江荣泰
603120,肯特催化,肯特催化,603120 肯特催化
603121,华培动力,华培动力,603121 华培动力
603122,合富中国,合富中国,603122 合富中国
603123,翠微股份,翠微股份,603123 翠微股份
603124,江南新材,江南新材,603124 江南新材
603125,常青科技,常青科技,603125 常青科技
603126,中材节能,中材节能,603126 中材节能
603127,昭衍新药,昭衍新药,603127 昭衍新药
603128,华贸物流,华贸物流,603128 华贸物流
603129,春风动力,春风动力,603129 春风动力
603130,云中马,云中马,603130 云中马
603131,上海沪工,上海沪工,603131 上海沪工
603132,金徽股份,金徽股份,603132 金徽股份
603135,中重科技,中重科技,603135 中重科技
603136,天目湖,天目湖,603136 天目湖
603137,恒尚节能,恒尚节能,603137 恒尚节能
603138,海量数据,海量数据,603138 海量数据
603139,康惠股份,康惠股份,603139 康惠股份
603150,万朗磁塑,万朗磁塑,603150 万朗磁塑
603151,邦基科技,邦基科技,603151 邦基科技
603153,上海建科,上海建科,603153 上海建科
603155,新亚强,新亚强,603155 新亚强
603156,养元饮品,养元饮品,603156 养元饮品
603158,腾龙股份,腾龙股份,603158 腾龙股份
603159,上海亚虹,上海亚虹,603159 上海亚虹
603160,汇顶科技,汇顶科技,603160 汇顶科技
603161,科华控股,科华控股,603161 科华控股
603162,海通发展,海通发展,603162 海通发展
603163,圣晖集成,圣晖集成,603163 圣晖集成
603165,荣晟环保,荣晟环保,603165 荣晟环保
603166,福达股份,福达股份,603166 福达股份
603167,渤海轮渡,渤海轮渡,603167 渤海轮渡
603168,莎普爱思,莎普爱思,603168 莎普爱思
603169,兰石重装,兰石重装,603169 兰石重装
603170,宝立食品,宝立食品,603170 宝立食品
603171,税友股份,税友股份,603171 税友股份
603172,万丰股份,万丰股份,603172 万丰股份
603173,福斯达,福斯达,603173 福斯达
603175,超颖电子,超颖电子,603175 超颖电子
603176,汇通集团,汇通集团,603176 汇通集团
603177,德创环保,德创环保,603177 德创环保
603178,圣龙股份,圣龙股份,603178 圣龙股份
603179,新泉股份,新泉股份,603179 新泉股份
603180,金牌家居,金牌家居,603180 金牌家居
603181,皇马科技,皇马科技,603181 皇马科技
603182,嘉华股份,嘉华股份,603182 嘉华股份
603183,建研院,建研院,603183 建研院
603185,弘元绿能,弘元绿能,603185 弘元绿能
603186,华正新材,华正新材,603186 华正新材
603187,海容冷链,海容冷链,603187 海容冷链
603188,亚邦股份,亚邦股份,603188 亚邦股份
603189,网达软件,网达软件,603189 网达软件
603190,亚通精工,亚通精工,603190 亚通精工
603191,望变电气,望变电气,603191 望变电气
603192,汇得科技,汇得科技,603192 汇得科技
603193,润本股份,润本股份,603193 润本股份
603194,中力股份,中力股份,603194 中力股份
603195,公牛集团,公牛集团,603195 公牛集团
603196,日播时尚,日播时尚,603196 日播时尚
603197,保隆科技,保隆科技,603197 保隆科技
603198,迎驾贡酒,迎驾贡酒,603198 迎驾贡酒
603199,九华旅游,九华旅游,603199 九华旅游
603200,上海洗霸,上海洗霸,603200 上海洗霸
603201,常润股份,常润股份,603201 常润股份
603202,天有为,天有为,603202 天有为
603203,快克智能,快克智能,603203 快克智能
603205,健尔康,健尔康,603205 健尔康
603206,嘉环科技,嘉环科技,603206 嘉环科技
603207,小方制药,小方制药,603207 小方制药
603208,江山欧派,江山欧派,603208 江山欧派
603209,兴通股份,兴通股份,603209 兴通股份
603210,泰鸿万立,泰鸿万立,603210 泰鸿万立
603211,晋拓股份,晋拓股份,603211 晋拓股份
603212,赛伍技术,赛伍技术,603212 赛伍技术
603213,镇洋发展,镇洋发展,603213 镇洋发展
603214,爱婴室,爱婴室,603214 爱婴室
603215,比依股份,比依股份,603215 比依股份
603216,梦天家居,梦天家居,603216 梦天家居
603217,元利科技,元利科技,603217 元利科技
603218,日月股份,日月股份,603218 日月股份
603219,富佳股份,富佳股份,603219 富佳股份
603220,中贝通信,中贝通信,603220 中贝通信
603221,爱丽家居,爱丽家居,603221 爱丽家居
603222,济民健康,济民健康,603222 济民健康
603223,恒通股份,恒通股份,603223 恒通股份
603225,新凤鸣,新凤鸣,603225 新凤鸣
603226,菲林格尔,菲林格尔,603226 菲林格尔
603227,雪峰科技,雪峰科技,603227 雪峰科技
603228,景旺电子,景旺电子,603228 景旺电子
603229,奥翔药业,奥翔药业,603229 奥翔药业
603230,内蒙新华,内蒙新华,603230 内蒙新华
603231,索宝蛋白,索宝蛋白,603231 索宝蛋白
603232,格尔软件,格尔软件,603232 格尔软件
603233,大参林,大参林,603233 大参林
603235,天新药业,天新药业,603235 天新药业
603236,移远通信,移远通信,603236 移远通信
603237,五芳斋,五芳斋,603237 五芳斋
603238,诺邦股份,诺邦股份,603238 诺邦股份
603239,浙江仙通,浙江仙通,603239 浙江仙通
603248,锡华科技,锡华科技,603248 锡华科技
603255,鼎际得,鼎际得,603255 鼎际得
603256,宏和科技,宏和科技,603256 宏和科技
603257,中国瑞林,中国瑞林,603257 中国瑞林
603258,电魂网络,电魂网络,603258 电魂网络
603259,药明康德,药明康德,603259 药明康德
603260,合盛硅业,合盛硅业,603260 合盛硅业
603261,*ST立航,*st立航,603261 *ST立航
603262,技源集团,技源集团,603262 技源集团
603266,天龙股份,天龙股份,603266 天龙股份
603267,鸿远电子,鸿远电子,603267 鸿远电子
603268,*ST松发,*st松发,603268 *ST松发
603269,海鸥股份,海鸥股份,603269 海鸥股份
603270,金帝股份,金帝股份,603270 金帝股份
603271,永杰新材,永杰新材,603271 永杰新材
603272,联翔股份,联翔股份,603272 联翔股份
603273,天元智能,天元智能,603273 天元智能
603275,众辰科技,众辰科技,603275 众辰科技
603276,恒兴新材,恒兴新材,603276 恒兴新材
603277,银都股份,银都股份,603277 银都股份
603278,大业股份,大业股份,603278 大业股份
603279,景津装备,景津装备,603279 景津装备
603280,南方路机,南方路机,603280 南方路机
603281,江瀚新材,江瀚新材,603281 江瀚新材
603282,亚光股份,亚光股份,603282 亚光股份
603283,赛腾股份,赛腾股份,603283 赛腾股份
603284,林平发展,林平发展,603284 林平发展
603285,键邦股份,键邦股份,603285 键邦股份
603286,日盈电子,日盈电子,603286 日盈电子
603288,海天味业,海天味业,603288 海天味业
603289,泰瑞机器,泰瑞机器,603289 泰瑞机器
603290,斯达半导,斯达半导,603290 斯达半导
603291,联合水务,联合水务,603291 联合水务
603296,华勤技术,华勤技术,603296 华勤技术
603297,永新光学,永新光学,603297 永新光学
603298,杭叉集团,杭叉集团,603298 杭叉集团
603299,苏盐井神,苏盐井神,603299 苏盐井神
603300,海南华铁,海南华铁,603300 海南华铁
603301,振德医疗,振德医疗,603301 振德医疗
603303,得邦照明,得邦照明,603303 得邦照明
603305,旭升集团,旭升集团,603305 旭升集团
603306,华懋科技,华懋科技,603306 华懋科技
603307,扬州金泉,扬州金泉,603307 扬州金泉
603308,应流股份,应流股份,603308 应流股份
603309,维力医疗,维力医疗,603309 维力医疗
603310,巍华新材,巍华新材,603310 巍华新材
603311,金海高科,金海高科,603311 金海高科
603312,西典新能,西典新能,603312 西典新能
603313,梦百合,梦百合,603313 梦百合
603315,福鞍股份,福鞍股份,603315 福鞍股份
603316,诚邦股份,诚邦股份,603316 诚邦股份
603317,天味食品,天味食品,603317 天味食品
603318,水发燃气,水发燃气,603318 水发燃气
603319,美湖股份,美湖股份,603319 美湖股份
603320,迪贝电气,迪贝电气,603320 迪贝电气
603321,梅轮电梯,梅轮电梯,603321 梅轮电梯
603322,超讯通信,超讯通信,603322 超讯通信
603323,苏农银行,苏农银行,603323 苏农银行
603324,盛剑科技,盛剑科技,603324 盛剑科技
603325,博隆技术,博隆技术,603325 博隆技术
603326,我乐家居,我乐家居,603326 我乐家居
603327,福蓉科技,福蓉科技,603327 福蓉科技
603328,依顿电子,依顿电子,603328 依顿电子
603329,上海雅仕,上海雅仕,603329 上海雅仕
603330,天洋新材,天洋新材,603330 天洋新材
603331,百达精工,百达精工,603331 百达精工
603332,苏州龙杰,苏州龙杰,603332 苏州龙杰
603333,尚纬股份,尚纬股份,603333 尚纬股份
603334,丰倍生物,丰倍生物,603334 丰倍生物
603335,迪生力,迪生力,603335 迪生力
603336,宏辉果蔬,宏辉果蔬,603336 宏辉果蔬
603337,杰克科技,杰克科技,603337 杰克科技
603338,浙江鼎力,浙江鼎力,603338 浙江鼎力
603339,四方科技,四方科技,603339 四方科技
603341,龙旗科技,龙旗科技,603341 龙旗科技
603344,星德胜,星德胜,603344 星德胜
603345,安井食品,安井食品,603345 安井食品
603348,文灿股份,文灿股份,603348 文灿股份
603350,安乃达,安乃达,603350 安乃达
603351,威尔药业,威尔药业,603351 威尔药业
603352,至信股份,至信股份,603352 至信股份
603353,和顺石油,和顺石油,603353 和顺石油
603355,莱克电气,莱克电气,603355 莱克电气
603356,华菱精工,华菱精工,603356 华菱精工
603357,设计总院,设计总院,603357 设计总院
603358,华达科技,华达科技,603358 华达科技
603359,东珠生态,东珠生态,603359 东珠生态
603360,百傲化学,百傲化学,603360 百傲化学
603363,傲农生物,傲农生物,603363 傲农生物
603365,水星家纺,水星家纺,603365 水星家纺
603366,日出东方,日出东方,603366 日出东方
603367,辰欣药业,辰欣药业,603367 辰欣药业
603368,柳药集团,柳药集团,603368 柳药集团
603369,今世缘,今世缘,603369 今世缘
603370,华新精科,华新精科,603370 华新精科
603373,安邦护卫,安邦护卫,603373 安邦护卫
603375,盛景微,盛景微,603375 盛景微
603376,大明电子,大明电子,603376 大明电子
603377,ST东时,st东时,603377 ST东时
603378,亚士创能,亚士创能,603378 亚士创能
603379,三美股份,三美股份,603379 三美股份
603380,易德龙,易德龙,603380 易德龙
603381,永臻股份,永臻股份,603381 永臻股份
603382,海阳科技,海阳科技,603382 海阳科技
603383,顶点软件,顶点软件,603383 顶点软件
603385,惠达卫浴,惠达卫浴,603385 惠达卫浴
603386,骏亚科技,骏亚科技,603386 骏亚科技
603387,基蛋生物,基蛋生物,603387 基蛋生物
603389,*ST亚振,*st亚振,603389 *ST亚振
603390,通达电气,通达电气,603390 通达电气
603391,力聚热能,力聚热能,603391 力聚热能
603392,万泰生物,万泰生物,603392 万泰生物
603393,新天然气,新天然气,603393 新天然气
603395,红四方,红四方,603395 红四方
603396,金辰股份,金辰股份,603396 金辰股份
603398,*ST沐邦,*st沐邦,603398 *ST沐邦
603399,永杉锂业,永杉锂业,603399 永杉锂业
603400,华之杰,华之杰,603400 华之杰
603402,陕西旅游,陕西旅游,603402 陕西旅游
603406,天富龙,天富龙,603406 天富龙
603408,建霖家居,建霖家居,603408 建霖家居
603409,汇通控股,汇通控股,603409 汇通控股
603416,信捷电气,信捷电气,603416 信捷电气
603418,友升股份,友升股份,603418 友升股份
603421,鼎信通讯,鼎信通讯,603421 鼎信通讯
603429,*ST集友,*st集友,603429 *ST集友
603439,三力制药,三力制药,603439 三力制药
603444,吉比特,吉比特,603444 吉比特
603456,九洲药业,九洲药业,603456 九洲药业
603458,勘设股份,勘设股份,603458 勘设股份
603466,风语筑,风语筑,603466 风语筑
603477,巨星农牧,巨星农牧,603477 巨星农牧
603486,科沃斯,科沃斯,603486 科沃斯
603488,展鹏科技,展鹏科技,603488 展鹏科技
603489,八方股份,八方股份,603489 八方股份
603496,恒为科技,恒为科技,603496 恒为科技
603499,翔港科技,翔港科技,603499 翔港科技
603500,祥和实业,祥和实业,603500 祥和实业
603501,豪威集团,豪威集团,603501 豪威集团
603505,金石资源,金石资源,603505 金石资源
603506,南都物业,南都物业,603506 南都物业
603507,振江股份,振江股份,603507 振江股份
603508,思维列控,思维列控,603508 思维列控
603511,爱慕股份,爱慕股份,603511 爱慕股份
603515,欧普照明,欧普照明,603515 欧普照明
603516,淳中科技,淳中科技,603516 淳中科技
603517,ST绝味,st绝味,603517 ST绝味
603518,锦泓集团,锦泓集团,603518 锦泓集团
603519,立霸股份,立霸股份,603519 立霸股份
603520,司太立,司太立,603520 司太立
603527,众源新材,众源新材,603527 众源新材
603528,多伦科技,多伦科技,603528 多伦科技
603529,爱玛科技,爱玛科技,603529 爱玛科技
603530,神马电力,神马电力,603530 神马电力
603533,掌阅科技,掌阅科技,603533 掌阅科技
603535,嘉诚国际,嘉诚国际,603535 嘉诚国际
603536,惠发食品,惠发食品,603536 惠发食品
603538,美诺华,美诺华,603538 美诺华
603551,奥普科技,奥普科技,603551 奥普科技
603556,海兴电力,海兴电力,603556 海兴电力
603557,ST起步,st起步,603557 ST起步
603558,健盛集团,健盛集团,603558 健盛集团
603559,ST通脉,st通脉,603559 ST通脉
603565,中谷物流,中谷物流,603565 中谷物流
603566,普莱柯,普莱柯,603566 普莱柯
603567,珍宝岛,珍宝岛,603567 珍宝岛
603568,伟明环保,伟明环保,603568 伟明环保
603569,长久物流,长久物流,603569 长久物流
603577,汇金通,汇金通,603577 汇金通
603578,三星新材,三星新材,603578 三星新材
603579,荣泰健康,荣泰健康,603579 荣泰健康
603580,*ST艾艾,*st艾艾,603580 *ST艾艾
603583,捷昌驱动,捷昌驱动,603583 捷昌驱动
603585,苏利股份,苏利股份,603585 苏利股份
603586,金麒麟,金麒麟,603586 金麒麟
603587,地素时尚,地素时尚,603587 地素时尚
603588,高能环境,高能环境,603588 高能环境
603589,口子窖,口子窖,603589 口子窖
603590,康辰药业,康辰药业,603590 康辰药业
603595,ST东尼,st东尼,603595 ST东尼
603596,伯特利,伯特利,603596 伯特利
603598,引力传媒,引力传媒,603598 引力传媒
603599,广信股份,广信股份,603599 广信股份
603600,永艺股份,永艺股份,603600 永艺股份
603601,再升科技,再升科技,603601 再升科技
603602,纵横通信,纵横通信,603602 纵横通信
603605,珀莱雅,珀莱雅,603605 珀莱雅
603606,东方电缆,东方电缆,603606 东方电缆
603607,京华激光,京华激光,603607 京华激光
603608,天创时尚,天创时尚,603608 天创时尚
603609,禾丰股份,禾丰股份,603609 禾丰股份
603610,麒盛科技,麒盛科技,603610 麒盛科技
603611,诺力股份,诺力股份,603611 诺力股份
603612,索通发展,索通发展,603612 索通发展
603613,国联股份,国联股份,603613 国联股份
603615,茶花股份,茶花股份,603615 茶花股份
603616,韩建河山,韩建河山,603616 韩建河山
603617,君禾股份,君禾股份,603617 君禾股份
603618,杭电股份,杭电股份,603618 杭电股份
603619,中曼石油,中曼石油,603619 中曼石油
603626,科森科技,科森科技,603626 科森科技
603628,清源股份,清源股份,603628 清源股份
603629,利通电子,利通电子,603629 利通电子
603630,拉芳家化,拉芳家化,603630 拉芳家化
603633,徕木股份,徕木股份,603633 徕木股份
603636,南威软件,南威软件,603636 南威软件
603637,镇海股份,镇海股份,603637 镇海股份
603638,艾迪精密,艾迪精密,603638 艾迪精密
603639,海利尔,海利尔,603639 海利尔
603648,畅联股份,畅联股份,603648 畅联股份
603650,彤程新材,彤程新材,603650 彤程新材
603655,朗博科技,朗博科技,603655 朗博科技
603656,泰禾智能,泰禾智能,603656 泰禾智能
603657,春光科技,春光科技,603657 春光科技
603658,安图生物,安图生物,603658 安图生物
603659,璞泰来,璞泰来,603659 璞泰来
603660,苏州科达,苏州科达,603660 苏州科达
603661,恒林股份,恒林股份,603661 恒林股份
603662,柯力传感,柯力传感,603662 柯力传感
603663,三祥新材,三祥新材,603663 三祥新材
603665,康隆达,康隆达,603665 康隆达
603666,亿嘉和,亿嘉和,603666 亿嘉和
603667,五洲新春,五洲新春,603667 五洲新春
603668,天马科技,天马科技,603668 天马科技
603669,灵康药业,灵康药业,603669 灵康药业
603676,卫信康,卫信康,603676 卫信康
603677,奇精机械,奇精机械,603677 奇精机械
603678,火炬电子,火炬电子,603678 火炬电子
603679,华体科技,华体科技,603679 华体科技
603680,今创集团,今创集团,603680 今创集团
603681,永冠新材,永冠新材,603681 永冠新材
603682,锦和商管,锦和商管,603682 锦和商管
603683,晶华新材,晶华新材,603683 晶华新材
603685,晨丰科技,晨丰科技,603685 晨丰科技
603686,福龙马,福龙马,603686 福龙马
603687,大胜达,大胜达,603687 大胜达
603688,石英股份,石英股份,603688 石英股份
603689,皖天然气,皖天然气,603689 皖天然气
603690,至纯科技,至纯科技,603690 至纯科技
603693,江苏新能,江苏新能,603693 江苏新能
603696,安记食品,安记食品,603696 安记食品
603697,有友食品,有友食品,603697 有友食品
603698,航天工程,航天工程,603698 航天工程
603699,纽威股份,纽威股份,603699 纽威股份
603700,宁水集团,宁水集团,603700 宁水集团
603701,德宏股份,德宏股份,603701 德宏股份
603703,盛洋科技,盛洋科技,603703 盛洋科技
603706,东方环宇,东方环宇,603706 东方环宇
603707,健友股份,健友股份,603707 健友股份
603708,家家悦,家家悦,603708 家家悦
603709,中源家居,中源家居,603709 中源家居
603711,香飘飘,香飘飘,603711 香飘飘
603712,七一二,七一二,603712 七一二
603713,密尔克卫,密尔克卫,603713 密尔克卫
603716,塞力医疗,塞力医疗,603716 塞力医疗
603717,天域生物,天域生物,603717 天域生物
603718,海利生物,海利生物,603718 海利生物
603719,良品铺子,良品铺子,603719 良品铺子
603721,*ST天择,*st天择,603721 *ST天择
603722,阿科力,阿科力,603722 阿科力
603725,天安新材,天安新材,603725 天安新材
603726,朗迪集团,朗迪集团,603726 朗迪集团
603727,博迈科,博迈科,603727 博迈科
603728,鸣志电器,鸣志电器,603728 鸣志电器
603729,龙韵股份,龙韵股份,603729 龙韵股份
603730,岱美股份,岱美股份,603730 岱美股份
603733,仙鹤股份,仙鹤股份,603733 仙鹤股份
603737,三棵树,三棵树,603737 三棵树
603738,泰晶科技,泰晶科技,603738 泰晶科技
603739,蔚蓝生物,蔚蓝生物,603739 蔚蓝生物
603755,日辰股份,日辰股份,603755 日辰股份
603757,大元泵业,大元泵业,603757 大元泵业
603758,秦安股份,秦安股份,603758 秦安股份
603759,海天股份,海天股份,603759 海天股份
603766,隆鑫通用,隆鑫通用,603766 隆鑫通用
603767,中马传动,中马传动,603767 中马传动
603768,常青股份,常青股份,603768 常青股份
603773,沃格光电,沃格光电,603773 沃格光电
603776,永安行,永安行,603776 永安行
603777,来伊份,来伊份,603777 来伊份
603778,国晟科技,国晟科技,603778 国晟科技
603779,威龙股份,威龙股份,603779 威龙股份
603786,科博达,科博达,603786 科博达
603787,新日股份,新日股份,603787 新日股份
603788,宁波高发,宁波高发,603788 宁波高发
603789,*ST星农,*st星农,603789 *ST星农
603790,雅运股份,雅运股份,603790 雅运股份
603797,联泰环保,联泰环保,603797 联泰环保
603798,康普顿,康普顿,603798 康普顿
603799,华友钴业,华友钴业,603799 华友钴业
603800,洪田股份,洪田股份,603800 洪田股份
603801,志邦家居,志邦家居,603801 志邦家居
603803,瑞斯康达,瑞斯康达,603803 瑞斯康达
603806,福斯特,福斯特,603806 福斯特
603808,歌力思,歌力思,603808 歌力思
603809,豪能股份,豪能股份,603809 豪能股份
603810,丰山集团,丰山集团,603810 丰山集团
603811,诚意药业,诚意药业,603811 诚意药业
603813,*ST原尚,*st原尚,603813 *ST原尚
603815,交建股份,交建股份,603815 交建股份
603816,顾家家居,顾家家居,603816 顾家家居
603817,海峡环保,海峡环保,603817 海峡环保
603818,曲美家居,曲美家居,603818 曲美家居
603819,神力股份,神力股份,603819 神力股份
603822,ST嘉澳,st嘉澳,603822 ST嘉澳
603823,百合花,百合花,603823 百合花
603825,ST华扬,st华扬,603825 ST华扬
603826,坤彩科技,坤彩科技,603826 坤彩科技
603828,ST柯利达,st柯利达,603828 ST柯利达
603829,洛凯股份,洛凯股份,603829 洛凯股份
603833,欧派家居,欧派家居,603833 欧派家居
603836,海程邦达,海程邦达,603836 海程邦达
603838,*ST四通,*st四通,603838 *ST四通
603839,安正时尚,安正时尚,603839 安正时尚
603843,*ST正平,*st正平,603843 *ST正平
603848,好太太,好太太,603848 好太太
603855,华荣股份,华荣股份,603855 华荣股份
603856,东宏股份,东宏股份,603856 东宏股份
603858,步长制药,步长制药,603858 步长制药
603859,能科科技,能科科技,603859 能科科技
603860,中公高科,中公高科,603860 中公高科
603861,白云电器,白云电器,603861 白云电器
603863,松炀资源,松炀资源,603863 松炀资源
603866,桃李面包,桃李面包,603866 桃李面包
603867,新化股份,新化股份,603867 新化股份
603868,飞科电器,飞科电器,603868 飞科电器
603869,ST智知,st智知,603869 ST智知
603871,嘉友国际,嘉友国际,603871 嘉友国际
603876,鼎胜新材,鼎胜新材,603876 鼎胜新材
603877,太平鸟,太平鸟,603877 太平鸟
603878,武进不锈,武进不锈,603878 武进不锈
603879,永悦科技,永悦科技,603879 永悦科技
603880,南卫股份,南卫股份,603880 南卫股份
603881,数据港,数据港,603881 数据港
603882,金域医学,金域医学,603882 金域医学
603883,老百姓,老百姓,603883 老百姓
603885,吉祥航空,吉祥航空,603885 吉祥航空
603886,元祖股份,元祖股份,603886 元祖股份
603887,城地香江,城地香江,603887 城地香江
603888,新华网,新华网,603888 新华网
603889,新澳股份,新澳股份,603889 新澳股份
603890,春秋电子,春秋电子,603890 春秋电子
603893,瑞芯微,瑞芯微,603893 瑞芯微
603895,天永智能,天永智能,603895 天永智能
603896,寿仙谷,寿仙谷,603896 寿仙谷
603897,长城科技,长城科技,603897 长城科技
603898,好莱客,好莱客,603898 好莱客
603899,晨光股份,晨光股份,603899 晨光股份
603900,莱绅通灵,莱绅通灵,603900 莱绅通灵
603901,永创智能,永创智能,603901 永创智能
603903,中持股份,中持股份,603903 中持股份
603906,龙蟠科技,龙蟠科技,603906 龙蟠科技
603908,牧高笛,牧高笛,603908 牧高笛
603909,建发合诚,建发合诚,603909 建发合诚
603912,佳力图,佳力图,603912 佳力图
603915,国茂股份,国茂股份,603915 国茂股份
603916,苏博特,苏博特,603916 苏博特
603917,合力科技,合力科技,603917 合力科技
603918,金桥信息,金桥信息,603918 金桥信息
603919,金徽酒,金徽酒,603919 金徽酒
603920,世运电路,世运电路,603920 世运电路
603922,金鸿顺,金鸿顺,603922 金鸿顺
603926,铁流股份,铁流股份,603926 铁流股份
603927,中科软,中科软,603927 中科软
603928,兴业股份,兴业股份,603928 兴业股份
603929,亚翔集成,亚翔集成,603929 亚翔集成
603931,格林达,格林达,603931 格林达
603933,睿能科技,睿能科技,603933 睿能科技
603936,博敏电子,博敏电子,603936 博敏电子
603937,丽岛新材,丽岛新材,603937 丽岛新材
603938,三孚股份,三孚股份,603938 三孚股份
603939,益丰药房,益丰药房,603939 益丰药房
603948,建业股份,建业股份,603948 建业股份
603949,雪龙集团,雪龙集团,603949 雪龙集团
603950,长源东谷,长源东谷,603950 长源东谷
603955,大千生态,大千生态,603955 大千生态
603956,威派格,威派格,603956 威派格
603958,哈森股份,哈森股份,603958 哈森股份
603959,百利科技,百利科技,603959 百利科技
603960,克来机电,克来机电,603960 克来机电
603966,法兰泰克,法兰泰克,603966 法兰泰克
603967,中创物流,中创物流,603967 中创物流
603968,醋化股份,醋化股份,603968 醋化股份
603969,银龙股份,银龙股份,603969 银龙股份
603970,中农立华,中农立华,603970 中农立华
603976,正川股份,正川股份,603976 正川股份
603977,国泰集团,国泰集团,603977 国泰集团
603978,深圳新星,深圳新星,603978 深圳新星
603979,金诚信,金诚信,603979 金诚信
603980,吉华集团,吉华集团,603980 吉华集团
603982,泉峰汽车,泉峰汽车,603982 泉峰汽车
603983,丸美生物,丸美生物,603983 丸美生物
603985,恒润股份,恒润股份,603985 恒润股份
603986,兆易创新,兆易创新,603986 兆易创新
603987,康德莱,康德莱,603987 康德莱
603988,中电电机,中电电机,603988 中电电机
603989,艾华集团,艾华集团,603989 艾华集团
603990,麦迪科技,麦迪科技,603990 麦迪科技
603991,至正股份,至正股份,603991 至正股份
603992,松霖科技,松霖科技,603992 松霖科技
603993,洛阳钼业,洛阳钼业,603993 洛阳钼业
603995,甬金股份,甬金股份,603995 甬金股份
603997,继峰股份,继峰股份,603997 继峰股份
603998,方盛制药,方盛制药,603998 方盛制药
603999,读者传媒,读者传媒,603999 读者传媒
605001,威奥股份,威奥股份,605001 威奥股份
605003,众望布艺,众望布艺,605003 众望布艺
605005,合兴股份,合兴股份,605005 合兴股份
605006,山东玻纤,山东玻纤,605006 山东玻纤
605007,五洲特纸,五洲特纸,605007 五洲特纸
605008,长鸿高科,长鸿高科,605008 长鸿高科
605009,豪悦护理,豪悦护理,605009 豪悦护理
605011,杭州热电,杭州热电,605011 杭州热电
605016,百龙创园,百龙创园,605016 百龙创园
605018,长华集团,长华集团,605018 长华集团
605020,永和股份,永和股份,605020 永和股份
605028,世茂能源,世茂能源,605028 世茂能源
605033,美邦股份,美邦股份,605033 美邦股份
605050,福然德,福然德,605050 福然德
605055,迎丰股份,迎丰股份,605055 迎丰股份
605056,咸亨国际,咸亨国际,605056 咸亨国际
605058,澳弘电子,澳弘电子,605058 澳弘电子
605060,联德股份,联德股份,605060 联德股份
605066,天正电气,天正电气,605066 天正电气
605068,明新旭腾,明新旭腾,605068 明新旭腾
605069,正和生态,正和生态,605069 正和生态
605077,华康股份,华康股份,605077 华康股份
605080,浙江自然,浙江自然,605080 浙江自然
605081,*ST太和,*st太和,605081 *ST太和
605086,龙高股份,龙高股份,605086 龙高股份
605088,冠盛股份,冠盛股份,605088 冠盛股份
605089,味知香,味知香,605089 味知香
605090,九丰能源,九丰能源,605090 九丰能源
605098,行动教育,行动教育,605098 行动教育
605099,共创草坪,共创草坪,605099 共创草坪
605100,华丰股份,华丰股份,605100 华丰股份
605108,同庆楼,同庆楼,605108 同庆楼
605111,新洁能,新洁能,605111 新洁能
605116,奥锐特,奥锐特,605116 奥锐特
605117,德业股份,德业股份,605117 德业股份
605118,力鼎光电,力鼎光电,605118 力鼎光电
605122,四方新材,四方新材,605122 四方新材
605123,派克新材,派克新材,605123 派克新材
605128,上海沿浦,上海沿浦,605128 上海沿浦
605133,嵘泰股份,嵘泰股份,605133 嵘泰股份
605136,丽人丽妆,丽人丽妆,605136 丽人丽妆
605138,盛泰集团,盛泰集团,605138 盛泰集团
605151,西上海,西上海,605151 西上海
605155,西大门,西大门,605155 西大门
605158,华达新材,华达新材,605158 华达新材
605162,新中港,新中港,605162 新中港
605166,聚合顺,聚合顺,605166 聚合顺
605167,利柏特,利柏特,605167 利柏特
605168,三人行,三人行,605168 三人行
605169,洪通燃气,洪通燃气,605169 洪通燃气
605177,东亚药业,东亚药业,605177 东亚药业
605178,时空科技,时空科技,605178 时空科技
605179,一鸣食品,一鸣食品,605179 一鸣食品
605180,华生科技,华生科技,605180 华生科技
605183,确成股份,确成股份,605183 确成股份
605186,健麾信息,健麾信息,605186 健麾信息
605188,国光连锁,国光连锁,605188 国光连锁
605189,富春染织,富春染织,605189 富春染织
605196,华通线缆,华通线缆,605196 华通线缆
605198,安德利,安德利,605198 安德利
605199,ST葫芦娃,st葫芦娃,605199 ST葫芦娃
605208,永茂泰,永茂泰,605208 永茂泰
605218,伟时电子,伟时电子,605218 伟时电子
605222,起帆电缆,起帆电缆,605222 起帆电缆
605228,神通科技,神通科技,605228 神通科技
605255,天普股份,天普股份,605255 天普股份
605258,协和电子,协和电子,605258 协和电子
605259,绿田机械,绿田机械,605259 绿田机械
605266,健之佳,健之佳,605266 健之佳
605268,王力安防,王力安防,605268 王力安防
605277,新亚电子,新亚电子,605277 新亚电子
605286,同力天启,同力天启,605286 同力天启
605287,德才股份,德才股份,605287 德才股份
605288,凯迪股份,凯迪股份,605288 凯迪股份
605289,罗曼股份,罗曼股份,605289 罗曼股份
605296,神农集团,神农集团,605296 神农集团
605298,必得科技,必得科技,605298 必得科技
605299,舒华体育,舒华体育,605299 舒华体育
605300,佳禾食品,佳禾食品,605300 佳禾食品
605303,园林股份,园林股份,605303 园林股份
605305,中际联合,中际联合,605305 中际联合
605318,法狮龙,法狮龙,605318 法狮龙
605319,无锡振华,无锡振华,605319 无锡振华
605333,沪光股份,沪光股份,605333 沪光股份
605336,帅丰电器,帅丰电器,605336 帅丰电器
605337,李子园,李子园,605337 李子园
605338,巴比食品,巴比食品,605338 巴比食品
605339,南侨食品,南侨食品,605339 南侨食品
605358,立昂微,立昂微,605358 立昂微
605365,立达信,立达信,605365 立达信
605366,宏柏新材,宏柏新材,605366 宏柏新材
605368,蓝天燃气,蓝天燃气,605368 蓝天燃气
605369,拱东医疗,拱东医疗,605369 拱东医疗
605376,博迁新材,博迁新材,605376 博迁新材
605377,华旺科技,华旺科技,605377 华旺科技
605378,野马电池,野马电池,605378 野马电池
605388,均瑶健康,均瑶健康,605388 均瑶健康
605389,长龄液压,长龄液压,605389 长龄液压
605398,新炬网络,新炬网络,605398 新炬网络
605399,晨光新材,晨光新材,605399 晨光新材
605488,福莱新材,福莱新材,605488 福莱新材
605499,东鹏饮料,东鹏饮料,605499 东鹏饮料
605500,森林包装,森林包装,605500 森林包装
605507,国邦医药,国邦医药,605507 国邦医药
605555,德昌股份,德昌股份,605555 德昌股份
605566,福莱蒽特,福莱蒽特,605566 福莱蒽特
605567,春雪食品,春雪食品,605567 春雪食品
605577,龙版传媒,龙版传媒,605577 龙版传媒
605580,恒盛能源,恒盛能源,605580 恒盛能源
605588,冠石科技,冠石科技,605588 冠石科技
605589,圣泉集团,圣泉集团,605589 圣泉集团
605598,上海港湾,上海港湾,605598 上海港湾
605599,菜百股份,菜百股份,605599 菜百股份
688001,华兴源创,华兴源创,688001 华兴源创
688002,睿创微纳,睿创微纳,688002 睿创微纳
688003,天准科技,天准科技,688003 天准科技
688004,博汇科技,博汇科技,688004 博汇科技
688005,容百科技,容百科技,688005 容百科技
688006,杭可科技,杭可科技,688006 杭可科技
688007,光峰科技,光峰科技,688007 光峰科技
688008,澜起科技,澜起科技,688008 澜起科技
688009,中国通号,中国通号,688009 中国通号
688010,福光股份,福光股份,688010 福光股份
688011,新光光电,新光光电,688011 新光光电
688012,中微公司,中微公司,688012 中微公司
688013,天臣医疗,天臣医疗,688013 天臣医疗
688015,交控科技,交控科技,688015 交控科技
688016,心脉医疗,心脉医疗,688016 心脉医疗
688017,绿的谐波,绿的谐波,688017 绿的谐波
688018,乐鑫科技,乐鑫科技,688018 乐鑫科技
688019,安集科技,安集科技,688019 安集科技
688020,方邦股份,方邦股份,688020 方邦股份
688021,奥福科技,奥福科技,688021 奥福科技
688022,瀚川智能,瀚川智能,688022 瀚川智能
688023,安恒信息,安恒信息,688023 安恒信息
688025,杰普特,杰普特,688025 杰普特
688026,洁特生物,洁特生物,688026 洁特生物
688027,国盾量子,国盾量子,688027 国盾量子
688028,沃尔德,沃尔德,688028 沃尔德
688029,南微医学,南微医学,688029 南微医学
688030,山石网科,山石网科,688030 山石网科
688031,星环科技,星环科技,688031 星环科技
688032,禾迈股份,禾迈股份,688032 禾迈股份
688033,天宜新材,天宜新材,688033 天宜新材
688035,德邦科技,德邦科技,688035 德邦科技
688036,传音控股,传音控股,688036 传音控股
688037,芯源微,芯源微,688037 芯源微
688038,中科通达,中科通达,688038 中科通达
688039,当虹科技,当虹科技,688039 当虹科技
688041,海光信息,海光信息,688041 海光信息
688045,必易微,必易微,688045 必易微
688046,药康生物,药康生物,688046 药康生物
688047,龙芯中科,龙芯中科,688047 龙芯中科
688048,长光华芯,长光华芯,688048 长光华芯
688049,炬芯科技,炬芯科技,688049 炬芯科技
688050,爱博医疗,爱博医疗,688050 爱博医疗
688051,佳华科技,佳华科技,688051 佳华科技
688052,纳芯微,纳芯微,688052 纳芯微
688053,ST思科瑞,st思科瑞,688053 ST思科瑞
688055,龙腾光电,龙腾光电,688055 龙腾光电
688056,莱伯泰科,莱伯泰科,688056 莱伯泰科
688057,金达莱,金达莱,688057 金达莱
688058,宝兰德,宝兰德,688058 宝兰德
688059,华锐精密,华锐精密,688059 华锐精密
688060,云涌科技,云涌科技,688060 云涌科技
688061,灿瑞科技,灿瑞科技,688061 灿瑞科技
688062,迈威生物,迈威生物,688062 迈威生物
688063,派能科技,派能科技,688063 派能科技
688065,凯赛生物,凯赛生物,688065 凯赛生物
688066,航天宏图,航天宏图,688066 航天宏图
688067,爱威科技,爱威科技,688067 爱威科技
688068,热景生物,热景生物,688068 热景生物
688069,德林海,德林海,688069 德林海
688070,纵横股份,纵横股份,688070 纵横股份
688071,华依科技,华依科技,688071 华依科技
688072,拓荆科技,拓荆科技,688072 拓荆科技
688073,毕得医药,毕得医药,688073 毕得医药
688075,安旭生物,安旭生物,688075 安旭生物
688076,ST诺泰,st诺泰,688076 ST诺泰
688077,大地熊,大地熊,688077 大地熊
688078,龙软科技,龙软科技,688078 龙软科技
688079,美迪凯,美迪凯,688079 美迪凯
688080,映翰通,映翰通,688080 映翰通
688081,兴图新科,兴图新科,688081 兴图新科
688082,盛美上海,盛美上海,688082 盛美上海
688083,中望软件,中望软件,688083 中望软件
688084,晶品特装,晶品特装,688084 晶品特装
688085,三友医疗,三友医疗,688085 三友医疗
688087,英科再生,英科再生,688087 英科再生
688088,虹软科技,虹软科技,688088 虹软科技
688089,嘉必优,嘉必优,688089 嘉必优
688090,瑞松科技,瑞松科技,688090 瑞松科技
688091,上海谊众,上海谊众,688091 上海谊众
688092,爱科科技,爱科科技,688092 爱科科技
688093,世华科技,世华科技,688093 世华科技
688095,福昕软件,福昕软件,688095 福昕软件
688096,京源环保,京源环保,688096 京源环保
688097,博众精工,博众精工,688097 博众精工
688098,申联生物,申联生物,688098 申联生物
688099,晶晨股份,晶晨股份,688099 晶晨股份
688100,威胜信息,威胜信息,688100 威胜信息
688101,三达膜,三达膜,688101 三达膜
688102,斯瑞新材,斯瑞新材,688102 斯瑞新材
688103,国力电子,国力电子,688103 国力电子
688105,诺唯赞,诺唯赞,688105 诺唯赞
688106,金宏气体,金宏气体,688106 金宏气体
688107,安路科技,安路科技,688107 安路科技
688108,赛诺医疗,赛诺医疗,688108 赛诺医疗
688109,品茗科技,品茗科技,688109 品茗科技
688110,东芯股份,东芯股份,688110 东芯股份
688111,金山办公,金山办公,688111 金山办公
688112,鼎阳科技,鼎阳科技,688112 鼎阳科技
688113,联测科技,联测科技,688113 联测科技
688114,华大智造,华大智造,688114 华大智造
688115,思林杰,思林杰,688115 思林杰
688116,天奈科技,天奈科技,688116 天奈科技
688117,圣诺生物,圣诺生物,688117 圣诺生物
688118,普元信息,普元信息,688118 普元信息
688119,中钢洛耐,中钢洛耐,688119 中钢洛耐
688120,华海清科,华海清科,688120 华海清科
688121,卓然股份,卓然股份,688121 卓然股份
688122,西部超导,西部超导,688122 西部超导
688123,聚辰股份,聚辰股份,688123 聚辰股份
688125,安达智能,安达智能,688125 安达智能
688126,沪硅产业,沪硅产业,688126 沪硅产业
688127,蓝特光学,蓝特光学,688127 蓝特光学
688128,中国电研,中国电研,688128 中国电研
688129,东来技术,东来技术,688129 东来技术
688130,晶华微,晶华微,688130 晶华微
688131,皓元医药,皓元医药,688131 皓元医药
688132,邦彦技术,邦彦技术,688132 邦彦技术
688133,泰坦科技,泰坦科技,688133 泰坦科技
688135,利扬芯片,利扬芯片,688135 利扬芯片
688136,科兴制药,科兴制药,688136 科兴制药
688137,近岸蛋白,近岸蛋白,688137 近岸蛋白
688138,清溢光电,清溢光电,688138 清溢光电
688139,海尔生物,海尔生物,688139 海尔生物
688141,杰华特,杰华特,688141 杰华特
688143,长盈通,长盈通,688143 长盈通
688146,中船特气,中船特气,688146 中船特气
688147,微导纳米,微导纳米,688147 微导纳米
688148,芳源股份,芳源股份,688148 芳源股份
688150,莱特光电,莱特光电,688150 莱特光电
688151,华强科技,华强科技,688151 华强科技
688152,麒麟信安,麒麟信安,688152 麒麟信安
688153,唯捷创芯,唯捷创芯,688153 唯捷创芯
688155,先惠技术,先惠技术,688155 先惠技术
688156,路德科技,路德科技,688156 路德科技
688157,松井股份,松井股份,688157 松井股份
688158,优刻得,优刻得,688158 优刻得
688159,有方科技,有方科技,688159 有方科技
688160,步科股份,步科股份,688160 步科股份
688161,威高骨科,威高骨科,688161 威高骨科
688162,巨一科技,巨一科技,688162 巨一科技
688163,赛伦生物,赛伦生物,688163 赛伦生物
688165,埃夫特,埃夫特,688165 埃夫特
688166,博瑞医药,博瑞医药,688166 博瑞医药
688167,炬光科技,炬光科技,688167 炬光科技
688168,安博通,安博通,688168 安博通
688169,石头科技,石头科技,688169 石头科技
688170,德龙激光,德龙激光,688170 德龙激光
688171,纬德信息,纬德信息,688171 纬德信息
688172,燕东微,燕东微,688172 燕东微
688173,希荻微,希荻微,688173 希荻微
688175,高凌信息,高凌信息,688175 高凌信息
688176,亚虹医药,亚虹医药,688176 亚虹医药
688177,百奥泰,百奥泰,688177 百奥泰
688178,万德斯,万德斯,688178 万德斯
688179,阿拉丁,阿拉丁,688179 阿拉丁
688180,君实生物,君实生物,688180 君实生物
688181,八亿时空,八亿时空,688181 八亿时空
688182,灿勤科技,灿勤科技,688182 灿勤科技
688183,生益电子,生益电子,688183 生益电子
688184,ST帕瓦,st帕瓦,688184 ST帕瓦
688185,康希诺,康希诺,688185 康希诺
688186,广大特材,广大特材,688186 广大特材
688187,时代电气,时代电气,688187 时代电气
688188,柏楚电子,柏楚电子,688188 柏楚电子
688189,南新制药,南新制药,688189 南新制药
688190,云路股份,云路股份,688190 云路股份
688191,智洋创新,智洋创新,688191 智洋创新
688192,迪哲医药,迪哲医药,688192 迪哲医药
688193,仁度生物,仁度生物,688193 仁度生物
688195,腾景科技,腾景科技,688195 腾景科技
688196,卓越新能,卓越新能,688196 卓越新能
688197,首药控股,首药控股,688197 首药控股
688198,佰仁医疗,佰仁医疗,688198 佰仁医疗
688199,久日新材,久日新材,688199 久日新材
688200,华峰测控,华峰测控,688200 华峰测控
688201,信安世纪,信安世纪,688201 信安世纪
688202,美迪西,美迪西,688202 美迪西
688203,海正生材,海正生材,688203 海正生材
688205,德科立,德科立,688205 德科立
688206,概伦电子,概伦电子,688206 概伦电子
688207,格灵深瞳,格灵深瞳,688207 格灵深瞳
688208,道通科技,道通科技,688208 道通科技
688209,英集芯,英集芯,688209 英集芯
688210,统联精密,统联精密,688210 统联精密
688211,中科微至,中科微至,688211 中科微至
688212,澳华内镜,澳华内镜,688212 澳华内镜
688213,思特威,思特威,688213 思特威
688215,瑞晟智能,瑞晟智能,688215 瑞晟智能
688216,气派科技,气派科技,688216 气派科技
688217,睿昂基因,睿昂基因,688217 睿昂基因
688218,江苏北人,江苏北人,688218 江苏北人
688219,会通股份,会通股份,688219 会通股份
688220,翱捷科技,翱捷科技,688220 翱捷科技
688221,前沿生物,前沿生物,688221 前沿生物
688222,成都先导,成都先导,688222 成都先导
688223,晶科能源,晶科能源,688223 晶科能源
688225,亚信安全,亚信安全,688225 亚信安全
688226,威腾电气,威腾电气,688226 威腾电气
688227,品高股份,品高股份,688227 品高股份
688228,开普云,开普云,688228 开普云
688229,博睿数据,博睿数据,688229 博睿数据
688230,芯导科技,芯导科技,688230 芯导科技
688231,隆达股份,隆达股份,688231 隆达股份
688232,新点软件,新点软件,688232 新点软件
688233,神工股份,神工股份,688233 神工股份
688234,天岳先进,天岳先进,688234 天岳先进
688235,百济神州,百济神州,688235 百济神州
688236,春立医疗,春立医疗,688236 春立医疗
688237,超卓航科,超卓航科,688237 超卓航科
688238,和元生物,和元生物,688238 和元生物
688239,航宇科技,航宇科技,688239 航宇科技
688244,永信至诚,永信至诚,688244 永信至诚
688246,嘉和美康,嘉和美康,688246 嘉和美康
688247,宣泰医药,宣泰医药,688247 宣泰医药
688248,南网科技,南网科技,688248 南网科技
688249,晶合集成,晶合集成,688249 晶合集成
688251,井松智能,井松智能,688251 井松智能
688252,天德钰,天德钰,688252 天德钰
688253,英诺特,英诺特,688253 英诺特
688255,凯尔达,凯尔达,688255 凯尔达
688256,寒武纪,寒武纪,688256 寒武纪
688257,新锐股份,新锐股份,688257 新锐股份
688258,卓易信息,卓易信息,688258 卓易信息
688259,创耀科技,创耀科技,688259 创耀科技
688260,昀冢科技,昀冢科技,688260 昀冢科技
688261,东微半导,东微半导,688261 东微半导
688262,国芯科技,国芯科技,688262 国芯科技
688265,南模生物,南模生物,688265 南模生物
688266,泽璟制药,泽璟制药,688266 泽璟制药
688267,中触媒,中触媒,688267 中触媒
688268,华特气体,华特气体,688268 华特气体
688269,凯立新材,凯立新材,688269 凯立新材
688270,臻镭科技,臻镭科技,688270 臻镭科技
688271,联影医疗,联影医疗,688271 联影医疗
688272,富吉瑞,富吉瑞,688272 富吉瑞
688273,麦澜德,麦澜德,688273 麦澜德
688275,万润新能,万润新能,688275 万润新能
688276,百克生物,百克生物,688276 百克生物
688277,天智航,天智航,688277 天智航
688278,特宝生物,特宝生物,688278 特宝生物
688279,峰岹科技,峰岹科技,688279 峰岹科技
688280,精进电动,精进电动,688280 精进电动
688281,华秦科技,华秦科技,688281 华秦科技
688282,理工导航,理工导航,688282 理工导航
688283,坤恒顺维,坤恒顺维,688283 坤恒顺维
688285,高铁电气,高铁电气,688285 高铁电气
688286,敏芯股份,敏芯股份,688286 敏芯股份
688287,*ST观典,*st观典,688287 *ST观典
688288,鸿泉技术,鸿泉技术,688288 鸿泉技术
688289,圣湘生物,圣湘生物,688289 圣湘生物
688290,景业智能,景业智能,688290 景业智能
688291,金橙子,金橙子,688291 金橙子
688292,浩瀚深度,浩瀚深度,688292 浩瀚深度
688293,奥浦迈,奥浦迈,688293 奥浦迈
688295,中复神鹰,中复神鹰,688295 中复神鹰
688296,和达科技,和达科技,688296 和达科技
688297,中无人机,中无人机,688297 中无人机
688298,东方生物,东方生物,688298 东方生物
688299,长阳科技,长阳科技,688299 长阳科技
688300,联瑞新材,联瑞新材,688300 联瑞新材
688301,奕瑞科技,奕瑞科技,688301 奕瑞科技
688302,海创药业,海创药业,688302 海创药业
688303,大全能源,大全能源,688303 大全能源
688305,科德数控,科德数控,688305 科德数控
688306,均普智能,均普智能,688306 均普智能
688307,中润光学,中润光学,688307 中润光学
688308,欧科亿,欧科亿,688308 欧科亿
688309,恒誉环保,恒誉环保,688309 恒誉环保
688310,迈得医疗,迈得医疗,688310 迈得医疗
688311,盟升电子,盟升电子,688311 盟升电子
688312,燕麦科技,燕麦科技,688312 燕麦科技
688313,仕佳光子,仕佳光子,688313 仕佳光子
688314,康拓医疗,康拓医疗,688314 康拓医疗
688315,诺禾致源,诺禾致源,688315 诺禾致源
688316,青云科技,青云科技,688316 青云科技
688317,之江生物,之江生物,688317 之江生物
688318,财富趋势,财富趋势,688318 财富趋势
688319,欧林生物,欧林生物,688319 欧林生物
688320,禾川科技,禾川科技,688320 禾川科技
688321,微芯生物,微芯生物,688321 微芯生物
688322,奥比中光,奥比中光,688322 奥比中光
688323,瑞华泰,瑞华泰,688323 瑞华泰
688325,赛微微电,赛微微电,688325 赛微微电
688326,经纬恒润,经纬恒润,688326 经纬恒润
688327,云从科技,云从科技,688327 云从科技
688328,深科达,深科达,688328 深科达
688329,艾隆科技,艾隆科技,688329 艾隆科技
688330,宏力达,宏力达,688330 宏力达
688331,荣昌生物,荣昌生物,688331 荣昌生物
688332,中科蓝讯,中科蓝讯,688332 中科蓝讯
688333,铂力特,铂力特,688333 铂力特
688334,西高院,西高院,688334 西高院
688335,复洁科技,复洁科技,688335 复洁科技
688336,三生国健,三生国健,688336 三生国健
688337,普源精电,普源精电,688337 普源精电
688338,赛科希德,赛科希德,688338 赛科希德
688339,亿华通,亿华通,688339 亿华通
688343,云天励飞,云天励飞,688343 云天励飞
688345,博力威,博力威,688345 博力威
688347,华虹公司,华虹公司,688347 华虹公司
688348,昱能科技,昱能科技,688348 昱能科技
688349,三一重能,三一重能,688349 三一重能
688350,富淼科技,富淼科技,688350 富淼科技
688351,微电生理,微电生理,688351 微电生理
688352,颀中科技,颀中科技,688352 颀中科技
688353,华盛锂电,华盛锂电,688353 华盛锂电
688355,明志科技,明志科技,688355 明志科技
688356,键凯科技,键凯科技,688356 键凯科技
688357,建龙微纳,建龙微纳,688357 建龙微纳
688358,祥生医疗,祥生医疗,688358 祥生医疗
688359,三孚新科,三孚新科,688359 三孚新科
688360,德马科技,德马科技,688360 德马科技
688361,中科飞测,中科飞测,688361 中科飞测
688362,甬矽电子,甬矽电子,688362 甬矽电子
688363,华熙生物,华熙生物,688363 华熙生物
688365,光云科技,光云科技,688365 光云科技
688366,昊海生科,昊海生科,688366 昊海生科
688367,工大高科,工大高科,688367 工大高科
688368,晶丰明源,晶丰明源,688368 晶丰明源
688369,致远互联,致远互联,688369 致远互联
688370,丛麟科技,丛麟科技,688370 丛麟科技
688371,菲沃泰,菲沃泰,688371 菲沃泰
688372,伟测科技,伟测科技,688372 伟测科技
688373,盟科药业,盟科药业,688373 盟科药业
688375,国博电子,国博电子,688375 国博电子
688376,美埃科技,美埃科技,688376 美埃科技
688377,迪威尔,迪威尔,688377 迪威尔
688378,奥来德,奥来德,688378 奥来德
688379,华光新材,华光新材,688379 华光新材
688380,中微半导,中微半导,688380 中微半导
688381,帝奥微,帝奥微,688381 帝奥微
688382,益方生物,益方生物,688382 益方生物
688383,新益昌,新益昌,688383 新益昌
688385,复旦微电,复旦微电,688385 复旦微电
688386,泛亚微透,泛亚微透,688386 泛亚微透
688387,信科移动,信科移动,688387 信科移动
688388,嘉元科技,嘉元科技,688388 嘉元科技
688389,普门科技,普门科技,688389 普门科技
688390,固德威,固德威,688390 固德威
688391,钜泉科技,钜泉科技,688391 钜泉科技
688392,骄成超声,骄成超声,688392 骄成超声
688393,安必平,安必平,688393 安必平
688395,正弦电气,正弦电气,688395 正弦电气
688396,华润微,华润微,688396 华润微
688398,赛特新材,赛特新材,688398 赛特新材
688399,硕世生物,硕世生物,688399 硕世生物
688400,凌云光,凌云光,688400 凌云光
688401,路维光电,路维光电,688401 路维光电
688403,汇成股份,汇成股份,688403 汇成股份
688408,中信博,中信博,688408 中信博
688409,富创精密,富创精密,688409 富创精密
688410,山外山,山外山,688410 山外山
688411,海博思创,海博思创,688411 海博思创
688416,恒烁股份,恒烁股份,688416 恒烁股份
688418,震有科技,震有科技,688418 震有科技
688419,耐科装备,耐科装备,688419 耐科装备
688420,美腾科技,美腾科技,688420 美腾科技
688425,铁建重工,铁建重工,688425 铁建重工
688426,康为世纪,康为世纪,688426 康为世纪
688428,诺诚健华,诺诚健华,688428 诺诚健华
688429,时创能源,时创能源,688429 时创能源
688432,有研硅,有研硅,688432 有研硅
688433,华曙高科,华曙高科,688433 华曙高科
688435,英方软件,英方软件,688435 英方软件
688439,振华风光,振华风光,688439 振华风光
688443,智翔金泰,智翔金泰,688443 智翔金泰
688448,磁谷科技,磁谷科技,688448 磁谷科技
688449,联芸科技,联芸科技,688449 联芸科技
688450,光格科技,光格科技,688450 光格科技
688455,科捷智能,科捷智能,688455 科捷智能
688456,有研粉材,有研粉材,688456 有研粉材
688458,美芯晟,美芯晟,688458 美芯晟
688459,哈铁科技,哈铁科技,688459 哈铁科技
688466,金科环境,金科环境,688466 金科环境
688468,科美诊断,科美诊断,688468 科美诊断
688469,芯联集成,芯联集成,688469 芯联集成
688472,阿特斯,阿特斯,688472 阿特斯
688475,萤石网络,萤石网络,688475 萤石网络
688478,晶升股份,晶升股份,688478 晶升股份
688479,友车科技,友车科技,688479 友车科技
688480,赛恩斯,赛恩斯,688480 赛恩斯
688484,南芯科技,南芯科技,688484 南芯科技
688485,九州一轨,九州一轨,688485 九州一轨
688486,龙迅股份,龙迅股份,688486 龙迅股份
688488,艾迪药业,艾迪药业,688488 艾迪药业
688489,三未信安,三未信安,688489 三未信安
688496,清越科技,清越科技,688496 清越科技
688498,源杰科技,源杰科技,688498 源杰科技
688499,利元亨,利元亨,688499 利元亨
688500,慧辰股份,慧辰股份,688500 慧辰股份
688501,青达环保,青达环保,688501 青达环保
688502,茂莱光学,茂莱光学,688502 茂莱光学
688503,聚和材料,聚和材料,688503 聚和材料
688505,复旦张江,复旦张江,688505 复旦张江
688506,百利天恒,百利天恒,688506 百利天恒
688507,索辰科技,索辰科技,688507 索辰科技
688508,芯朋微,芯朋微,688508 芯朋微
688509,正元地信,正元地信,688509 正元地信
688510,航亚科技,航亚科技,688510 航亚科技
688511,*ST天微,*st天微,688511 *ST天微
688512,慧智微,慧智微,688512 慧智微
688513,苑东生物,苑东生物,688513 苑东生物
688515,裕太微,裕太微,688515 裕太微
688516,奥特维,奥特维,688516 奥特维
688517,金冠电气,金冠电气,688517 金冠电气
688518,联赢激光,联赢激光,688518 联赢激光
688519,南亚新材,南亚新材,688519 南亚新材
688520,神州细胞,神州细胞,688520 神州细胞
688521,芯原股份,芯原股份,688521 芯原股份
688522,纳睿雷达,纳睿雷达,688522 纳睿雷达
688523,航天环宇,航天环宇,688523 航天环宇
688525,佰维存储,佰维存储,688525 佰维存储
688526,科前生物,科前生物,688526 科前生物
688528,秦川物联,秦川物联,688528 秦川物联
688529,豪森智能,豪森智能,688529 豪森智能
688530,欧莱新材,欧莱新材,688530 欧莱新材
688531,日联科技,日联科技,688531 日联科技
688533,上声电子,上声电子,688533 上声电子
688535,华海诚科,华海诚科,688535 华海诚科
688536,思瑞浦,思瑞浦,688536 思瑞浦
688538,和辉光电,和辉光电,688538 和辉光电
688539,高华科技,高华科技,688539 高华科技
688543,国科军工,国科军工,688543 国科军工
688545,兴福电子,兴福电子,688545 兴福电子
688548,广钢气体,广钢气体,688548 广钢气体
688549,中巨芯,中巨芯,688549 中巨芯
688550,瑞联新材,瑞联新材,688550 瑞联新材
688551,科威尔,科威尔,688551 科威尔
688552,航天南湖,航天南湖,688552 航天南湖
688553,汇宇制药,汇宇制药,688553 汇宇制药
688556,高测股份,高测股份,688556 高测股份
688557,兰剑智能,兰剑智能,688557 兰剑智能
688558,国盛智科,国盛智科,688558 国盛智科
688559,海目星,海目星,688559 海目星
688560,明冠新材,明冠新材,688560 明冠新材
688561,奇安信,奇安信,688561 奇安信
688562,航天软件,航天软件,688562 航天软件
688563,航材股份,航材股份,688563 航材股份
688565,力源科技,力源科技,688565 力源科技
688566,吉贝尔,吉贝尔,688566 吉贝尔
688567,孚能科技,孚能科技,688567 孚能科技
688568,中科星图,中科星图,688568 中科星图
688569,铁科轨道,铁科轨道,688569 铁科轨道
688570,天玛智控,天玛智控,688570 天玛智控
688571,杭华股份,杭华股份,688571 杭华股份
688573,信宇人,信宇人,688573 信宇人
688575,亚辉龙,亚辉龙,688575 亚辉龙
688576,西山科技,西山科技,688576 西山科技
688577,浙海德曼,浙海德曼,688577 浙海德曼
688578,艾力斯,艾力斯,688578 艾力斯
688579,地纬智能,地纬智能,688579 地纬智能
688580,伟思医疗,伟思医疗,688580 伟思医疗
688581,安杰思,安杰思,688581 安杰思
688582,芯动联科,芯动联科,688582 芯动联科
688583,思看科技,思看科技,688583 思看科技
688584,上海合晶,上海合晶,688584 上海合晶
688585,上纬新材,上纬新材,688585 上纬新材
688586,江航装备,江航装备,688586 江航装备
688588,凌志软件,凌志软件,688588 凌志软件
688589,力合微,力合微,688589 力合微
688590,新致软件,新致软件,688590 新致软件
688591,泰凌微,泰凌微,688591 泰凌微
688592,司南导航,司南导航,688592 司南导航
688593,新相微,新相微,688593 新相微
688595,芯海科技,芯海科技,688595 芯海科技
688596,正帆科技,正帆科技,688596 正帆科技
688597,煜邦电力,煜邦电力,688597 煜邦电力
688598,金博股份,金博股份,688598 金博股份
688599,天合光能,天合光能,688599 天合光能
688600,皖仪科技,皖仪科技,688600 皖仪科技
688601,力芯微,力芯微,688601 力芯微
688602,康鹏科技,康鹏科技,688602 康鹏科技
688603,天承科技,天承科技,688603 天承科技
688605,先锋精科,先锋精科,688605 先锋精科
688606,奥泰生物,奥泰生物,688606 奥泰生物
688607,康众医疗,康众医疗,688607 康众医疗
688608,恒玄科技,恒玄科技,688608 恒玄科技
688609,九联科技,九联科技,688609 九联科技
688610,埃科光电,埃科光电,688610 埃科光电
688611,杭州柯林,杭州柯林,688611 杭州柯林
688612,威迈斯,威迈斯,688612 威迈斯
688613,奥精医疗,奥精医疗,688613 奥精医疗
688615,合合信息,合合信息,688615 合合信息
688616,西力科技,西力科技,688616 西力科技
688617,惠泰医疗,惠泰医疗,688617 惠泰医疗
688618,三旺通信,三旺通信,688618 三旺通信
688619,罗普特,罗普特,688619 罗普特
688620,安凯微,安凯微,688620 安凯微
688621,阳光诺和,阳光诺和,688621 阳光诺和
688622,禾信仪器,禾信仪器,688622 禾信仪器
688623,双元科技,双元科技,688623 双元科技
688625,呈和科技,呈和科技,688625 呈和科技
688626,翔宇医疗,翔宇医疗,688626 翔宇医疗
688627,精智达,精智达,688627 精智达
688628,优利德,优利德,688628 优利德
688629,华丰科技,华丰科技,688629 华丰科技
688630,芯碁微装,芯碁微装,688630 芯碁微装
688631,莱斯信息,莱斯信息,688631 莱斯信息
688633,星球石墨,星球石墨,688633 星球石墨
688636,智明达,智明达,688636 智明达
688638,誉辰智能,誉辰智能,688638 誉辰智能
688639,华恒生物,华恒生物,688639 华恒生物
688646,ST逸飞,st逸飞,688646 ST逸飞
688648,中邮科技,中邮科技,688648 中邮科技
688651,盛邦安全,盛邦安全,688651 盛邦安全
688652,京仪装备,京仪装备,688652 京仪装备
688653,康希通信,康希通信,688653 康希通信
688655,迅捷兴,迅捷兴,688655 迅捷兴
688656,浩欧博,浩欧博,688656 浩欧博
688657,浩辰软件,浩辰软件,688657 浩辰软件
688658,悦康药业,悦康药业,688658 悦康药业
688659,元琛科技,元琛科技,688659 元琛科技
688660,电气风电,电气风电,688660 电气风电
688661,和林微纳,和林微纳,688661 和林微纳
688662,富信科技,富信科技,688662 富信科技
688663,新风光,新风光,688663 新风光
688665,四方光电,四方光电,688665 四方光电
688667,菱电电控,菱电电控,688667 菱电电控
688668,鼎通科技,鼎通科技,688668 鼎通科技
688669,聚石化学,聚石化学,688669 聚石化学
688670,金迪克,金迪克,688670 金迪克
688671,碧兴物联,碧兴物联,688671 碧兴物联
688676,金盘科技,金盘科技,688676 金盘科技
688677,海泰新光,海泰新光,688677 海泰新光
688678,福立旺,福立旺,688678 福立旺
688679,通源环境,通源环境,688679 通源环境
688680,海优新材,海优新材,688680 海优新材
688681,科汇股份,科汇股份,688681 科汇股份
688682,霍莱沃,霍莱沃,688682 霍莱沃
688683,莱尔科技,莱尔科技,688683 莱尔科技
688685,迈信林,迈信林,688685 迈信林
688686,奥普特,奥普特,688686 奥普特
688687,凯因科技,凯因科技,688687 凯因科技
688689,银河微电,银河微电,688689 银河微电
688690,纳微科技,纳微科技,688690 纳微科技
688691,灿芯股份,灿芯股份,688691 灿芯股份
688692,达梦数据,达梦数据,688692 达梦数据
688693,锴威特,锴威特,688693 锴威特
688695,中创股份,中创股份,688695 中创股份
688696,极米科技,极米科技,688696 极米科技
688697,纽威数控,纽威数控,688697 纽威数控
688698,伟创电气,伟创电气,688698 伟创电气
688699,明微电子,明微电子,688699 明微电子
688700,东威科技,东威科技,688700 东威科技
688701,卓锦股份,卓锦股份,688701 卓锦股份
688702,盛科通信,盛科通信,688702 盛科通信
688707,振华新材,振华新材,688707 振华新材
688708,佳驰科技,佳驰科技,688708 佳驰科技
688709,成都华微,成都华微,688709 成都华微
688710,益诺思,益诺思,688710 益诺思
688711,宏微科技,宏微科技,688711 宏微科技
688712,北芯生命,北芯生命,688712 北芯生命
688716,中研股份,中研股份,688716 中研股份
688717,艾罗能源,艾罗能源,688717 艾罗能源
688718,唯赛勃,唯赛勃,688718 唯赛勃
688719,爱科赛博,爱科赛博,688719 爱科赛博
688720,艾森股份,艾森股份,688720 艾森股份
688721,龙图光罩,龙图光罩,688721 龙图光罩
688722,同益中,同益中,688722 同益中
688726,拉普拉斯,拉普拉斯,688726 拉普拉斯
688727,恒坤新材,恒坤新材,688727 恒坤新材
688728,格科微,格科微,688728 格科微
688729,屹唐股份,屹唐股份,688729 屹唐股份
688733,壹石通,壹石通,688733 壹石通
688737,中自科技,中自科技,688737 中自科技
688739,成大生物,成大生物,688739 成大生物
688750,金天钛业,金天钛业,688750 金天钛业
688755,汉邦科技,汉邦科技,688755 汉邦科技
688757,胜科纳米,胜科纳米,688757 胜科纳米
688758,赛分科技,赛分科技,688758 赛分科技
688759,必贝特,必贝特,688759 必贝特
688765,禾元生物,禾元生物,688765 禾元生物
688766,普冉股份,普冉股份,688766 普冉股份
688767,博拓生物,博拓生物,688767 博拓生物
688768,容知日新,容知日新,688768 容知日新
688772,珠海冠宇,珠海冠宇,688772 珠海冠宇
688775,影石创新,影石创新,688775 影石创新
688776,国光电气,国光电气,688776 国光电气
688777,中控技术,中控技术,688777 中控技术
688778,厦钨新能,厦钨新能,688778 厦钨新能
688779,五矿新能,五矿新能,688779 五矿新能
688783,西安奕材,西安奕材,688783 西安奕材
688785,恒运昌,恒运昌,688785 恒运昌
688786,悦安新材,悦安新材,688786 悦安新材
688787,海天瑞声,海天瑞声,688787 海天瑞声
688788,科思科技,科思科技,688788 科思科技
688789,宏华数科,宏华数科,688789 宏华数科
688790,昂瑞微,昂瑞微,688790 昂瑞微
688793,倍轻松,倍轻松,688793 倍轻松
688795,摩尔线程,摩尔线程,688795 摩尔线程
688796,百奥赛图,百奥赛图,688796 百奥赛图
688798,艾为电子,艾为电子,688798 艾为电子
688799,华纳药厂,华纳药厂,688799 华纳药厂
688800,瑞可达,瑞可达,688800 瑞可达
688802,沐曦股份,沐曦股份,688802 沐曦股份
688805,健信超导,健信超导,688805 健信超导
688807,优迅股份,优迅股份,688807 优迅股份
688809,强一股份,强一股份,688809 强一股份
688816,易思维,易思维,688816 易思维
688818,电科蓝天,电科蓝天,688818 电科蓝天
688819,天能股份,天能股份,688819 天能股份
688981,中芯国际,中芯国际,688981 中芯国际
689009,九号公司,九号公司,689009 九号公司
920000,安徽凤凰,安徽凤凰,920000 安徽凤凰
920001,纬达光电,纬达光电,920001 纬达光电
920002,万达轴承,万达轴承,920002 万达轴承
920003,中诚咨询,中诚咨询,920003 中诚咨询
920005,鼎佳精密,鼎佳精密,920005 鼎佳精密
920006,晟楠科技,晟楠科技,920006 晟楠科技
920007,酉立智能,酉立智能,920007 酉立智能
920008,成电光信,成电光信,920008 成电光信
920009,丹娜生物,丹娜生物,920009 丹娜生物
920010,凯添燃气,凯添燃气,920010 凯添燃气
920014,特瑞斯,特瑞斯,920014 特瑞斯
920015,锦华新材,锦华新材,920015 锦华新材
920016,中草香料,中草香料,920016 中草香料
920017,星昊医药,星昊医药,920017 星昊医药
920018,宏远股份,宏远股份,920018 宏远股份
920019,铜冠矿建,铜冠矿建,920019 铜冠矿建
920020,泰凯英,泰凯英,920020 泰凯英
920021,流金科技,流金科技,920021 流金科技
920022,世昌股份,世昌股份,920022 世昌股份
920023,田野股份,田野股份,920023 田野股份
920026,卓兆点胶,卓兆点胶,920026 卓兆点胶
920027,交大铁发,交大铁发,920027 交大铁发
920028,新恒泰,新恒泰,920028 新恒泰
920029,开发科技,开发科技,920029 开发科技
920030,德众汽车,德众汽车,920030 德众汽车
920033,康普化学,康普化学,920033 康普化学
920035,精创电气,精创电气,920035 精创电气
920036,觅睿科技,觅睿科技,920036 觅睿科技
920037,广信科技,广信科技,920037 广信科技
920039,国义招标,国义招标,920039 国义招标
920045,蘅东光,蘅东光,920045 蘅东光
920046,亿能电力,亿能电力,920046 亿能电力
920047,诺思兰德,诺思兰德,920047 诺思兰德
920050,爱舍伦,爱舍伦,920050 爱舍伦
920056,能之光,能之光,920056 能之光
920057,百甲科技,百甲科技,920057 百甲科技
920058,华洋赛车,华洋赛车,920058 华洋赛车
920060,万源通,万源通,920060 万源通
920061,西磁科技,西磁科技,920061 西磁科技
920062,科润智控,科润智控,920062 科润智控
920066,科拜尔,科拜尔,920066 科拜尔
920068,天工股份,天工股份,920068 天工股份
920075,柏星龙,柏星龙,920075 柏星龙
920076,国亮新材,国亮新材,920076 国亮新材
920077,吉林碳谷,吉林碳谷,920077 吉林碳谷
920078,族兴新材,族兴新材,920078 族兴新材
920080,奥美森,奥美森,920080 奥美森
920082,方正阀门,方正阀门,920082 方正阀门
920086,科马材料,科马材料,920086 科马材料
920087,秋乐种业,秋乐种业,920087 秋乐种业
920088,科力股份,科力股份,920088 科力股份
920089,禾昌聚合,禾昌聚合,920089 禾昌聚合
920090,同辉信息,同辉信息,920090 同辉信息
920091,大鹏工业,大鹏工业,920091 大鹏工业
920092,汉鑫科技,汉鑫科技,920092 汉鑫科技
920098,科隆新材,科隆新材,920098 科隆新材
920099,瑞华技术,瑞华技术,920099 瑞华技术
920100,三协电机,三协电机,920100 三协电机
920101,志高机械,志高机械,920101 志高机械
920106,林泰新材,林泰新材,920106 林泰新材
920108,宏海科技,宏海科技,920108 宏海科技
920110,雷特科技,雷特科技,920110 雷特科技
920111,聚星科技,聚星科技,920111 聚星科技
920112,巴兰仕,巴兰仕,920112 巴兰仕
920116,星图测控,星图测控,920116 星图测控
920118,太湖远大,太湖远大,920118 太湖远大
920119,美德乐,美德乐,920119 美德乐
920121,江天科技,江天科技,920121 江天科技
920122,中纺标,中纺标,920122 中纺标
920123,芭薇股份,芭薇股份,920123 芭薇股份
920124,南特科技,南特科技,920124 南特科技
920128,胜业电气,胜业电气,920128 胜业电气
920130,立方控股,立方控股,920130 立方控股
920132,泰鹏智能,泰鹏智能,920132 泰鹏智能
920139,华岭股份,华岭股份,920139 华岭股份
920145,恒合股份,恒合股份,920145 恒合股份
920146,华阳变速,华阳变速,920146 华阳变速
920149,旭杰科技,旭杰科技,920149 旭杰科技
920152,昆工科技,昆工科技,920152 昆工科技
920158,长江能科,长江能科,920158 长江能科
920159,农大科技,农大科技,920159 农大科技
920160,北矿检测,北矿检测,920160 北矿检测
920163,方大新材,方大新材,920163 方大新材
920166,海圣医疗,海圣医疗,920166 海圣医疗
920167,同享科技,同享科技,920167 同享科技
920168,通宝光电,通宝光电,920168 通宝光电
920169,七丰精工,七丰精工,920169 七丰精工
920171,志晟信息,志晟信息,920171 志晟信息
920174,五新隧装,五新隧装,920174 五新隧装
920175,东方碳素,东方碳素,920175 东方碳素
920179,凯德石英,凯德石英,920179 凯德石英
920180,爱得科技,爱得科技,920180 爱得科技
920183,海菲曼,海菲曼,920183 海菲曼
920184,国源科技,国源科技,920184 国源科技
920185,贝特瑞,贝特瑞,920185 贝特瑞
920187,通领科技,通领科技,920187 通领科技
920190,雷神科技,雷神科技,920190 雷神科技
920195,三祥科技,三祥科技,920195 三祥科技
920198,微创光电,微创光电,920198 微创光电
920199,倍益康,倍益康,920199 倍益康
920204,沪江材料,沪江材料,920204 沪江材料
920207,众诚科技,众诚科技,920207 众诚科技
920208,青矩技术,青矩技术,920208 青矩技术
920212,智新电子,智新电子,920212 智新电子
920221,易实精密,易实精密,920221 易实精密
920223,荣亿精密,荣亿精密,920223 荣亿精密
920225,利通科技,利通科技,920225 利通科技
920227,美登科技,美登科技,920227 美登科技
920230,欧康医药,欧康医药,920230 欧康医药
920237,力佳科技,力佳科技,920237 力佳科技
920239,长虹能源,长虹能源,920239 长虹能源
920242,建邦科技,建邦科技,920242 建邦科技
920245,威博液压,威博液压,920245 威博液压
920247,华密新材,华密新材,920247 华密新材
920249,利尔达,利尔达,920249 利尔达
920252,天宏锂电,天宏锂电,920252 天宏锂电
920260,中寰股份,中寰股份,920260 中寰股份
920261,一诺威,一诺威,920261 一诺威
920262,太湖雪,太湖雪,920262 太湖雪
920263,中航泰达,中航泰达,920263 中航泰达
920266,生物谷,生物谷,920266 生物谷
920267,鑫汇科,鑫汇科,920267 鑫汇科
920270,天铭科技,天铭科技,920270 天铭科技
920271,邦德股份,邦德股份,920271 邦德股份
920273,一致魔芋,一致魔芋,920273 一致魔芋
920274,宏裕包材,宏裕包材,920274 宏裕包材
920275,驱动力,驱动力,920275 驱动力
920278,鹿得医疗,鹿得医疗,920278 鹿得医疗
920284,灵鸽科技,灵鸽科技,920284 灵鸽科技
920299,灿能电力,灿能电力,920299 灿能电力
920300,辰光医疗,辰光医疗,920300 辰光医疗
920304,迪尔化工,迪尔化工,920304 迪尔化工
920305,*ST云创,*st云创,920305 *ST云创
920339,恒太照明,恒太照明,920339 恒太照明
920344,三元基因,三元基因,920344 三元基因
920346,威贸电子,威贸电子,920346 威贸电子
920351,华光源海,华光源海,920351 华光源海
920357,雅葆轩,雅葆轩,920357 雅葆轩
920363,莱赛激光,莱赛激光,920363 莱赛激光
920367,新赣江,新赣江,920367 新赣江
920368,连城数控,连城数控,920368 连城数控
920370,新安洁,新安洁,920370 新安洁
920371,欧福蛋业,欧福蛋业,920371 欧福蛋业
920374,云里物里,云里物里,920374 云里物里
920375,派诺科技,派诺科技,920375 派诺科技
920378,泰德股份,泰德股份,920378 泰德股份
920392,佳合科技,佳合科技,920392 佳合科技
920394,民士达,民士达,920394 民士达
920395,朗鸿科技,朗鸿科技,920395 朗鸿科技
920396,常辅股份,常辅股份,920396 常辅股份
920402,硅烷科技,硅烷科技,920402 硅烷科技
920403,康农种业,康农种业,920403 康农种业
920405,海希通讯,海希通讯,920405 海希通讯
920407,驰诚股份,驰诚股份,920407 驰诚股份
920414,欧普泰,欧普泰,920414 欧普泰
920415,恒拓开源,恒拓开源,920415 恒拓开源
920418,苏轴股份,苏轴股份,920418 苏轴股份
920419,路斯股份,路斯股份,920419 路斯股份
920422,润普食品,润普食品,920422 润普食品
920425,乐创技术,乐创技术,920425 乐创技术
920427,华维设计,华维设计,920427 华维设计
920429,康比特,康比特,920429 康比特
920433,大唐药业,大唐药业,920433 大唐药业
920436,大地电气,大地电气,920436 大地电气
920438,戈碧迦,戈碧迦,920438 戈碧迦
920445,龙竹科技,龙竹科技,920445 龙竹科技
920454,同心传动,同心传动,920454 同心传动
920455,汇隆活塞,汇隆活塞,920455 汇隆活塞
920469,富恒新材,富恒新材,920469 富恒新材
920471,美邦科技,美邦科技,920471 美邦科技
920475,三友科技,三友科技,920475 三友科技
920476,海能技术,海能技术,920476 海能技术
920478,峆一药业,峆一药业,920478 峆一药业
920489,佳先股份,佳先股份,920489 佳先股份
920491,奥迪威,奥迪威,920491 奥迪威
920493,并行科技,并行科技,920493 并行科技
920496,许昌智能,许昌智能,920496 许昌智能
920504,博迅生物,博迅生物,920504 博迅生物
920505,九菱科技,九菱科技,920505 九菱科技
920508,殷图网联,殷图网联,920508 殷图网联
920509,同惠电子,同惠电子,920509 同惠电子
920510,丰光精密,丰光精密,920510 丰光精密
920519,万德股份,万德股份,920519 万德股份
920522,纳科诺尔,纳科诺尔,920522 纳科诺尔
920523,德瑞锂电,德瑞锂电,920523 德瑞锂电
920526,凯华材料,凯华材料,920526 凯华材料
920527,夜光明,夜光明,920527 夜光明
920533,骏创科技,骏创科技,920533 骏创科技
920541,铁大科技,铁大科技,920541 铁大科技
920547,无锡晶海,无锡晶海,920547 无锡晶海
920553,凯腾精工,凯腾精工,920553 凯腾精工
920556,雅达股份,雅达股份,920556 雅达股份
920564,天润科技,天润科技,920564 天润科技
920566,梓橦宫,梓橦宫,920566 梓橦宫
920570,坤博精工,坤博精工,920570 坤博精工
920571,国航远洋,国航远洋,920571 国航远洋
920575,康乐卫士,康乐卫士,920575 康乐卫士
920576,天力复合,天力复合,920576 天力复合
920578,巨能股份,巨能股份,920578 巨能股份
920579,机科股份,机科股份,920579 机科股份
920580,科创新材,科创新材,920580 科创新材
920592,华信永道,华信永道,920592 华信永道
920593,鼎智科技,鼎智科技,920593 鼎智科技
920599,同力股份,同力股份,920599 同力股份
920608,丰安股份,丰安股份,920608 丰安股份
920627,力王股份,力王股份,920627 力王股份
920634,新威凌,新威凌,920634 新威凌
920639,晨光电缆,晨光电缆,920639 晨光电缆
920640,富士达,富士达,920640 富士达
920641,格利尔,格利尔,920641 格利尔
920642,通易航天,通易航天,920642 通易航天
920651,天罡股份,天罡股份,920651 天罡股份
920656,海昇药业,海昇药业,920656 海昇药业
920662,方盛股份,方盛股份,920662 方盛股份
920663,明阳科技,明阳科技,920663 明阳科技
920665,科强股份,科强股份,920665 科强股份
920670,数字人,数字人,920670 数字人
920675,秉扬科技,秉扬科技,920675 秉扬科技
920679,前进科技,前进科技,920679 前进科技
920682,球冠电缆,球冠电缆,920682 球冠电缆
920685,新芝生物,新芝生物,920685 新芝生物
920689,克莱特,克莱特,920689 克莱特
920690,捷众科技,捷众科技,920690 捷众科技
920693,阿为特,阿为特,920693 阿为特
920694,中裕科技,中裕科技,920694 中裕科技
920699,海达尔,海达尔,920699 海达尔
920701,豪声电子,豪声电子,920701 豪声电子
920703,广厦环能,广厦环能,920703 广厦环能
920706,铁拓机械,铁拓机械,920706 铁拓机械
920717,瑞星股份,瑞星股份,920717 瑞星股份
920718,合肥高科,合肥高科,920718 合肥高科
920719,宁新新材,宁新新材,920719 宁新新材
920720,吉冈精密,吉冈精密,920720 吉冈精密
920725,惠丰钻石,惠丰钻石,920725 惠丰钻石
920726,朱老六,朱老六,920726 朱老六
920729,永顺生物,永顺生物,920729 永顺生物
920735,德源药业,德源药业,920735 德源药业
920748,路桥信息,路桥信息,920748 路桥信息
920751,惠同新材,惠同新材,920751 惠同新材
920753,天纺标,天纺标,920753 天纺标
920765,美之高,美之高,920765 美之高
920768,拾比佰,拾比佰,920768 拾比佰
920770,艾能聚,艾能聚,920770 艾能聚
920779,武汉蓝电,武汉蓝电,920779 武汉蓝电
920781,瑞奇智造,瑞奇智造,920781 瑞奇智造
920786,骑士乳业,骑士乳业,920786 骑士乳业
920790,联迪信息,联迪信息,920790 联迪信息
920792,东和新材,东和新材,920792 东和新材
920799,艾融软件,艾融软件,920799 艾融软件
920802,保丽洁,保丽洁,920802 保丽洁
920806,云星宇,云星宇,920806 云星宇
920807,奔朗新材,奔朗新材,920807 奔朗新材
920808,曙光数创,曙光数创,920808 曙光数创
920809,安达科技,安达科技,920809 安达科技
920810,春光智能,春光智能,920810 春光智能
920819,颖泰生物,颖泰生物,920819 颖泰生物
920821,则成电子,则成电子,920821 则成电子
920826,盖世食品,盖世食品,920826 盖世食品
920832,齐鲁华信,齐鲁华信,920832 齐鲁华信
920833,美心翼申,美心翼申,920833 美心翼申
920834,三维装备,三维装备,920834 三维装备
920837,华原股份,华原股份,920837 华原股份
920839,万通液压,万通液压,920839 万通液压
920855,浙江大农,浙江大农,920855 浙江大农
920856,浩淼科技,浩淼科技,920856 浩淼科技
920857,泓禧科技,泓禧科技,920857 泓禧科技
920866,绿亨科技,绿亨科技,920866 绿亨科技
920870,恒进感应,恒进感应,920870 恒进感应
920871,派特尔,派特尔,920871 派特尔
920873,中设咨询,中设咨询,920873 中设咨询
920876,慧为智能,慧为智能,920876 慧为智能
920879,基康技术,基康技术,920879 基康技术
920885,星辰科技,星辰科技,920885 星辰科技
920892,广咨国际,广咨国际,920892 广咨国际
920895,花溪科技,花溪科技,920895 花溪科技
920896,旺成科技,旺成科技,920896 旺成科技
920906,舜宇精工,舜宇精工,920906 舜宇精工
920914,远航精密,远航精密,920914 远航精密
920924,广脉科技,广脉科技,920924 广脉科技
920925,锦好医疗,锦好医疗,920925 锦好医疗
920926,鸿智科技,鸿智科技,920926 鸿智科技
920931,无锡鼎邦,无锡鼎邦,920931 无锡鼎邦
920932,科达自控,科达自控,920932 科达自控
920942,恒立钻具,恒立钻具,920942 恒立钻具
920943,优机股份,优机股份,920943 优机股份
920946,森萱医药,森萱医药,920946 森萱医药
920950,迅安科技,迅安科技,920950 迅安科技
920953,国子软件,国子软件,920953 国子软件
920957,汉维科技,汉维科技,920957 汉维科技
920961,创远信科,创远信科,920961 创远信科
920964,润农节水,润农节水,920964 润农节水
920970,大禹生物,大禹生物,920970 大禹生物
920971,天马新材,天马新材,920971 天马新材
920974,凯大催化,凯大催化,920974 凯大催化
920976,视声智能,视声智能,920976 视声智能
920978,开特股份,开特股份,920978 开特股份
920981,晶赛科技,晶赛科技,920981 晶赛科技
920982,锦波生物,锦波生物,920982 锦波生物
920985,海泰新能,海泰新能,920985 海泰新能
920992,中科美菱,中科美菱,920992 中科美菱
