date,open,high,low,close,volume
1984-09-07,-9.8214,-9.8198,-9.8225,-9.8214,2981600.0
1984-09-10,-9.8214,-9.8209,-9.8242,-9.822,2346400.0
1984-09-11,-9.8209,-9.8175,-9.8209,-9.8198,5444000.0
1984-09-12,-9.8198,-9.8192,-9.8231,-9.8231,4773600.0
1984-09-13,-9.817,-9.8164,-9.817,-9.817,7429600.0
1984-09-14,-9.8164,-9.8125,-9.8164,-9.8153,8826400.0
1984-09-17,-9.812,-9.8103,-9.812,-9.812,6886400.0
1984-09-18,-9.812,-9.8108,-9.8164,-9.8164,3495200.0
1984-09-19,-9.8164,-9.8153,-9.8192,-9.8192,3816000.0
1984-09-20,-9.8187,-9.8175,-9.8187,-9.8187,2387200.0
1984-09-21,-9.8187,-9.8153,-9.8214,-9.8198,3591200.0
1984-09-24,-9.8198,-9.8192,-9.8209,-9.8209,2833600.0
1984-09-25,-9.8214,-9.8214,-9.8231,-9.8231,5977600.0
1984-09-26,-9.8231,-9.8181,-9.8248,-9.8248,3987200.0
1984-09-27,-9.8248,-9.8242,-9.8248,-9.8248,3796000.0
1984-09-28,-9.8248,-9.8248,-9.8298,-9.8276,8344800.0
1984-10-01,-9.8281,-9.8281,-9.8303,-9.8303,3521600.0
1984-10-02,-9.8292,-9.8253,-9.8292,-9.8292,4258400.0
1984-10-03,-9.8276,-9.8259,-9.8276,-9.8276,4335200.0
1984-10-04,-9.8265,-9.8253,-9.8265,-9.8265,4482400.0
1984-10-05,-9.8265,-9.8265,-9.8292,-9.8287,3510400.0
1984-10-08,-9.8287,-9.8281,-9.8287,-9.8287,1721600.0
1984-10-09,-9.8287,-9.8281,-9.8298,-9.8298,4515200.0
1984-10-10,-9.8298,-9.8298,-9.8332,-9.8332,13070400.0
1984-10-11,-9.8332,-9.8303,-9.8337,-9.8337,6553600.0
1984-10-12,-9.8337,-9.8332,-9.8393,-9.8382,9522400.0
1984-10-15,-9.8326,-9.8315,-9.8326,-9.8326,8715200.0
1984-10-16,-9.8326,-9.832,-9.8332,-9.8332,4246400.0
1984-10-17,-9.8287,-9.8281,-9.8287,-9.8287,5636000.0
1984-10-18,-9.8253,-9.8248,-9.8253,-9.8253,8842400.0
1984-10-19,-9.8253,-9.8175,-9.8259,-9.8253,11673600.0
1984-10-22,-9.8253,-9.8237,-9.8265,-9.8265,4108800.0
1984-10-23,-9.8237,-9.8225,-9.8237,-9.8237,6668800.0
1984-10-24,-9.8225,-9.8214,-9.8225,-9.8225,5989600.0
1984-10-25,-9.8225,-9.8225,-9.827,-9.827,5676000.0
1984-10-26,-9.827,-9.827,-9.8303,-9.8298,4113600.0
1984-10-29,-9.8292,-9.8287,-9.8292,-9.8292,1836000.0
1984-10-30,-9.8281,-9.827,-9.8281,-9.8281,2677600.0
1984-10-31,-9.8281,-9.827,-9.8287,-9.8287,2191200.0
1984-11-01,-9.8281,-9.827,-9.8281,-9.8281,1680000.0
1984-11-02,-9.8281,-9.8276,-9.8292,-9.8287,1004800.0
1984-11-05,-9.8287,-9.8265,-9.8292,-9.8292,3764800.0
1984-11-06,-9.8225,-9.822,-9.8225,-9.8225,8073600.0
1984-11-07,-9.8225,-9.822,-9.8248,-9.8248,8286400.0
1984-11-08,-9.8248,-9.8248,-9.8292,-9.8292,3162400.0
1984-11-09,-9.8292,-9.8287,-9.837,-9.8359,10518400.0
1984-11-12,-9.832,-9.8315,-9.832,-9.832,4070400.0
1984-11-13,-9.832,-9.8298,-9.8348,-9.8348,4548800.0
1984-11-14,-9.8337,-9.8326,-9.8337,-9.8337,3752800.0
1984-11-15,-9.8337,-9.8326,-9.8337,-9.8337,3833600.0
1984-11-16,-9.8337,-9.832,-9.8365,-9.8359,5920000.0
1984-11-19,-9.8359,-9.8354,-9.8421,-9.8421,8321600.0
1984-11-20,-9.8387,-9.8382,-9.8387,-9.8387,9424800.0
1984-11-21,-9.8365,-9.8359,-9.8365,-9.8365,6418400.0
1984-11-23,-9.8354,-9.832,-9.8354,-9.8337,4904800.0
1984-11-26,-9.8326,-9.8326,-9.8326,-9.8326,3636000.0
1984-11-27,-9.8298,-9.8287,-9.8298,-9.8298,4590400.0
1984-11-28,-9.8242,-9.8214,-9.8242,-9.8242,14673600.0
1984-11-29,-9.8242,-9.8242,-9.8265,-9.8265,6248800.0
1984-11-30,-9.8265,-9.8253,-9.8298,-9.8292,3906400.0
1984-12-03,-9.8292,-9.8287,-9.8309,-9.8309,3533600.0
1984-12-04,-9.8287,-9.8265,-9.8287,-9.8287,4332800.0
1984-12-05,-9.8231,-9.8231,-9.8231,-9.8231,9406400.0
1984-12-06,-9.8175,-9.817,-9.8175,-9.8175,11360000.0
1984-12-07,-9.8175,-9.8131,-9.8187,-9.8181,17696000.0
1984-12-10,-9.8181,-9.8181,-9.8203,-9.8203,4016000.0
1984-12-11,-9.8203,-9.8187,-9.822,-9.822,4432800.0
1984-12-12,-9.822,-9.822,-9.8259,-9.8259,3937600.0
1984-12-13,-9.8248,-9.8225,-9.8248,-9.8248,2424800.0
1984-12-14,-9.8248,-9.8209,-9.8248,-9.822,3475200.0
1984-12-17,-9.8192,-9.8181,-9.8192,-9.8192,4513600.0
1984-12-18,-9.812,-9.8114,-9.812,-9.812,12164800.0
1984-12-19,-9.812,-9.8114,-9.817,-9.817,11372800.0
1984-12-20,-9.817,-9.8147,-9.8175,-9.8175,5013600.0
1984-12-21,-9.8175,-9.817,-9.8203,-9.8192,4438400.0
1984-12-24,-9.817,-9.8164,-9.817,-9.817,2418400.0
1984-12-26,-9.8164,-9.8153,-9.8164,-9.8164,2444000.0
1984-12-27,-9.8158,-9.8153,-9.8158,-9.8158,3531200.0
1984-12-28,-9.8158,-9.8108,-9.8164,-9.8114,5941600.0
1984-12-31,-9.8097,-9.8091,-9.8097,-9.8097,7453600.0
1985-01-02,-9.8097,-9.8097,-9.8153,-9.8153,6272800.0
1985-01-03,-9.8131,-9.8097,-9.8131,-9.8131,5967200.0
1985-01-04,-9.8131,-9.8125,-9.8147,-9.8131,4915200.0
1985-01-07,-9.8131,-9.8125,-9.8136,-9.8136,6117600.0
1985-01-08,-9.8136,-9.8125,-9.8147,-9.8147,5040000.0
1985-01-09,-9.8114,-9.8097,-9.8114,-9.8114,5973600.0
1985-01-10,-9.8058,-9.8053,-9.8058,-9.8058,9926400.0
1985-01-11,-9.8058,-9.8047,-9.808,-9.8069,7347200.0
1985-01-14,-9.803,-9.8019,-9.803,-9.803,9691200.0
1985-01-15,-9.803,-9.8008,-9.8058,-9.8058,9476000.0
1985-01-16,-9.8047,-9.8024,-9.8047,-9.8047,6816000.0
1985-01-17,-9.8047,-9.8024,-9.8142,-9.8142,19573600.0
1985-01-18,-9.8142,-9.8091,-9.8147,-9.812,12615200.0
1985-01-21,-9.8091,-9.808,-9.8091,-9.8091,11635200.0
1985-01-22,-9.8053,-9.8047,-9.8053,-9.8053,15202400.0
1985-01-23,-9.8053,-9.8047,-9.8075,-9.8075,15384000.0
1985-01-24,-9.8075,-9.8075,-9.8103,-9.8103,14192800.0
1985-01-25,-9.8103,-9.8075,-9.8131,-9.8075,11381600.0
1985-01-28,-9.8047,-9.803,-9.8047,-9.8047,14721600.0
1985-01-29,-9.8047,-9.8036,-9.8064,-9.8064,8029600.0
1985-01-30,-9.8064,-9.8036,-9.8064,-9.8064,17624800.0
1985-01-31,-9.8064,-9.8058,-9.8103,-9.8103,9880000.0
1985-02-01,-9.8103,-9.8097,-9.8131,-9.812,4941600.0
1985-02-04,-9.8091,-9.8086,-9.8091,-9.8091,7801600.0
1985-02-05,-9.808,-9.8058,-9.808,-9.808,6824800.0
1985-02-06,-9.8058,-9.8058,-9.8058,-9.8058,6980000.0
1985-02-07,-9.8058,-9.8041,-9.8064,-9.8064,8793600.0
1985-02-08,-9.8064,-9.8058,-9.808,-9.8064,4757600.0
1985-02-11,-9.8036,-9.8024,-9.8036,-9.8036,12431200.0
1985-02-12,-9.8036,-9.803,-9.8069,-9.8069,8095200.0
1985-02-13,-9.8069,-9.8069,-9.8131,-9.8131,18835200.0
1985-02-14,-9.8131,-9.812,-9.8164,-9.8164,15268800.0
1985-02-15,-9.8164,-9.8142,-9.8175,-9.8147,6224000.0
1985-02-19,-9.8153,-9.8153,-9.8164,-9.8164,5391200.0
1985-02-20,-9.8164,-9.8158,-9.822,-9.822,7864800.0
1985-02-21,-9.8198,-9.8192,-9.8198,-9.8198,11035200.0
1985-02-22,-9.8198,-9.8153,-9.8198,-9.8164,8096000.0
1985-02-25,-9.8164,-9.8158,-9.8181,-9.8181,3564000.0
1985-02-26,-9.8181,-9.8175,-9.8203,-9.8203,6764800.0
1985-02-27,-9.8203,-9.8203,-9.8276,-9.8276,14421600.0
1985-02-28,-9.8276,-9.8276,-9.8292,-9.8292,11415200.0
1985-03-01,-9.8292,-9.8287,-9.8326,-9.8287,8857600.0
1985-03-04,-9.827,-9.8237,-9.827,-9.827,5484000.0
1985-03-05,-9.8242,-9.8242,-9.8242,-9.8242,4687200.0
1985-03-06,-9.8242,-9.8242,-9.8298,-9.8298,6933600.0
1985-03-07,-9.8298,-9.8292,-9.841,-9.841,26244000.0
1985-03-08,-9.841,-9.841,-9.8471,-9.8437,16931200.0
1985-03-11,-9.8404,-9.8399,-9.8404,-9.8404,10244800.0
1985-03-12,-9.837,-9.8359,-9.837,-9.837,7880000.0
1985-03-13,-9.837,-9.837,-9.8426,-9.8426,8973600.0
1985-03-14,-9.8426,-9.8421,-9.8426,-9.8426,8667200.0
1985-03-15,-9.8426,-9.8365,-9.8432,-9.8387,6524000.0
1985-03-18,-9.8376,-9.8365,-9.8376,-9.8376,4487200.0
1985-03-19,-9.8376,-9.8365,-9.8415,-9.8415,6147200.0
1985-03-20,-9.8404,-9.8387,-9.8404,-9.8404,14498400.0
1985-03-21,-9.8387,-9.837,-9.8387,-9.8387,5826400.0
1985-03-22,-9.8387,-9.837,-9.8404,-9.8404,2910400.0
1985-03-25,-9.8404,-9.8404,-9.8432,-9.8432,3931200.0
1985-03-26,-9.8393,-9.8393,-9.8393,-9.8393,4346400.0
1985-03-27,-9.8393,-9.8382,-9.8421,-9.8421,4008800.0
1985-03-28,-9.8421,-9.8404,-9.8421,-9.8421,4667200.0
1985-03-29,-9.8421,-9.8404,-9.8421,-9.841,3155200.0
1985-04-01,-9.841,-9.8387,-9.8432,-9.8432,4115200.0
1985-04-02,-9.8432,-9.8426,-9.846,-9.846,8146400.0
1985-04-03,-9.846,-9.8454,-9.846,-9.846,8681600.0
1985-04-04,-9.846,-9.8454,-9.8477,-9.8466,5792800.0
1985-04-08,-9.8466,-9.846,-9.8521,-9.8521,7129600.0
1985-04-09,-9.8521,-9.8516,-9.8521,-9.8521,9461600.0
1985-04-10,-9.846,-9.8449,-9.846,-9.846,8117600.0
1985-04-11,-9.8443,-9.8415,-9.8443,-9.8443,5260000.0
1985-04-12,-9.8443,-9.8443,-9.8471,-9.8466,2607200.0
1985-04-15,-9.8443,-9.8432,-9.8443,-9.8443,2168800.0
1985-04-16,-9.8432,-9.8426,-9.8432,-9.8432,2424800.0
1985-04-17,-9.8387,-9.8376,-9.8387,-9.8387,4402400.0
1985-04-18,-9.8376,-9.837,-9.8376,-9.8376,7246400.0
1985-04-19,-9.8376,-9.8376,-9.8399,-9.8393,3468800.0
1985-04-22,-9.8393,-9.8393,-9.8432,-9.8432,3700000.0
1985-04-23,-9.841,-9.8404,-9.841,-9.841,4261600.0
1985-04-24,-9.841,-9.8393,-9.8415,-9.8415,2830400.0
1985-04-25,-9.8415,-9.841,-9.8415,-9.8415,3135200.0
1985-04-26,-9.8415,-9.8387,-9.8421,-9.8421,4295200.0
1985-04-29,-9.8421,-9.8415,-9.8454,-9.8454,2256000.0
1985-04-30,-9.8449,-9.8443,-9.8449,-9.8449,3396000.0
1985-05-01,-9.8449,-9.8443,-9.8466,-9.8466,2075200.0
1985-05-02,-9.8477,-9.8477,-9.8538,-9.8538,11787200.0
1985-05-03,-9.8538,-9.8499,-9.8538,-9.8504,5673600.0
1985-05-06,-9.8504,-9.8493,-9.8516,-9.8516,2007200.0
1985-05-07,-9.8504,-9.8504,-9.8504,-9.8504,3844800.0
1985-05-08,-9.851,-9.851,-9.851,-9.851,5177600.0
1985-05-09,-9.8504,-9.8499,-9.8504,-9.8504,4571200.0
1985-05-10,-9.8504,-9.8482,-9.8504,-9.8493,4893600.0
1985-05-13,-9.8493,-9.8488,-9.8504,-9.8504,3157600.0
1985-05-14,-9.8504,-9.8499,-9.8516,-9.8516,4364000.0
1985-05-15,-9.8504,-9.8488,-9.8504,-9.8504,4668800.0
1985-05-16,-9.8443,-9.8415,-9.8443,-9.8443,8275200.0
1985-05-17,-9.8443,-9.841,-9.8449,-9.8426,7592800.0
1985-05-20,-9.8426,-9.8404,-9.8443,-9.8443,7044000.0
1985-05-21,-9.8449,-9.8449,-9.8471,-9.8471,5452800.0
1985-05-22,-9.8471,-9.8466,-9.8477,-9.8477,4342400.0
1985-05-23,-9.8482,-9.8482,-9.8516,-9.8516,8576000.0
1985-05-24,-9.8516,-9.8516,-9.8588,-9.8588,21060000.0
1985-05-28,-9.8599,-9.8599,-9.8644,-9.8644,18253600.0
1985-05-29,-9.8633,-9.8627,-9.8633,-9.8633,8808800.0
1985-05-30,-9.8611,-9.8599,-9.8611,-9.8611,11273600.0
1985-05-31,-9.8611,-9.8594,-9.8622,-9.8622,13235200.0
1985-06-03,-9.8638,-9.8638,-9.8683,-9.8683,20578400.0
1985-06-04,-9.8627,-9.8622,-9.8627,-9.8627,14373600.0
1985-06-05,-9.8627,-9.8605,-9.8644,-9.8644,10267200.0
1985-06-06,-9.8638,-9.8638,-9.8638,-9.8638,9688800.0
1985-06-07,-9.8638,-9.8638,-9.8666,-9.8666,16980000.0
1985-06-10,-9.8666,-9.8661,-9.8678,-9.8678,11296000.0
1985-06-11,-9.8678,-9.8661,-9.8678,-9.8678,10751200.0
1985-06-12,-9.8678,-9.8672,-9.8694,-9.8694,8888800.0
1985-06-13,-9.8694,-9.8688,-9.8733,-9.8733,13573600.0
1985-06-14,-9.8733,-9.8694,-9.8739,-9.8739,20226400.0
1985-06-17,-9.8733,-9.8728,-9.8733,-9.8733,8464000.0
1985-06-18,-9.8716,-9.8705,-9.8716,-9.8716,9489600.0
1985-06-19,-9.8699,-9.8688,-9.8699,-9.8699,6177600.0
1985-06-20,-9.8694,-9.8694,-9.8694,-9.8694,6822400.0
1985-06-21,-9.8678,-9.8661,-9.8678,-9.8678,5941600.0
1985-06-24,-9.8627,-9.8616,-9.8627,-9.8627,7387200.0
1985-06-25,-9.8616,-9.8599,-9.8616,-9.8616,10506400.0
1985-06-26,-9.8588,-9.8588,-9.8588,-9.8588,4722400.0
1985-06-27,-9.8577,-9.8571,-9.8577,-9.8577,6915200.0
1985-06-28,-9.8577,-9.8571,-9.8594,-9.8594,4875200.0
1985-07-01,-9.8588,-9.8583,-9.8588,-9.8588,3702400.0
1985-07-02,-9.8588,-9.8583,-9.8627,-9.8627,2807200.0
1985-07-03,-9.8616,-9.8616,-9.8616,-9.8616,2472800.0
1985-07-05,-9.8611,-9.8605,-9.8611,-9.8611,1321600.0
1985-07-08,-9.8611,-9.8605,-9.8611,-9.8611,3301600.0
1985-07-09,-9.8611,-9.8605,-9.8611,-9.8611,5284000.0
1985-07-10,-9.8594,-9.8594,-9.8594,-9.8594,3802400.0
1985-07-11,-9.8594,-9.8588,-9.8594,-9.8594,2361600.0
1985-07-12,-9.8594,-9.8594,-9.8599,-9.8599,1680000.0
1985-07-15,-9.8599,-9.8583,-9.8605,-9.8605,2804800.0
1985-07-16,-9.8605,-9.8599,-9.8616,-9.8616,5120000.0
1985-07-17,-9.8611,-9.8599,-9.8611,-9.8611,4255200.0
1985-07-18,-9.8611,-9.8611,-9.8627,-9.8627,6437600.0
1985-07-19,-9.8622,-9.8622,-9.8622,-9.8622,4117600.0
1985-07-22,-9.8622,-9.8622,-9.8644,-9.8644,6906400.0
1985-07-23,-9.8644,-9.8633,-9.8661,-9.8661,6038400.0
1985-07-24,-9.8661,-9.8649,-9.8672,-9.8672,6040000.0
1985-07-25,-9.8655,-9.8649,-9.8655,-9.8655,11282400.0
1985-07-26,-9.8655,-9.8649,-9.8655,-9.8655,4673600.0
1985-07-29,-9.8655,-9.8655,-9.8683,-9.8683,2808800.0
1985-07-30,-9.8672,-9.8666,-9.8672,-9.8672,3237600.0
1985-07-31,-9.8672,-9.8666,-9.8688,-9.8688,2917600.0
1985-08-01,-9.8688,-9.8678,-9.8688,-9.8688,1842400.0
1985-08-02,-9.8688,-9.8688,-9.8694,-9.8694,3501600.0
1985-08-05,-9.8694,-9.8688,-9.8711,-9.8711,3307200.0
1985-08-06,-9.8711,-9.8694,-9.8716,-9.8716,2260000.0
1985-08-07,-9.8716,-9.8683,-9.8733,-9.8733,5452800.0
1985-08-08,-9.8722,-9.8716,-9.8722,-9.8722,5321600.0
1985-08-09,-9.8716,-9.8716,-9.8716,-9.8716,2186400.0
1985-08-12,-9.8716,-9.8716,-9.8728,-9.8728,1988800.0
1985-08-13,-9.8716,-9.8705,-9.8716,-9.8716,1555200.0
1985-08-14,-9.8716,-9.8716,-9.8744,-9.8744,10372800.0
1985-08-15,-9.8744,-9.8739,-9.875,-9.875,3800000.0
1985-08-16,-9.8744,-9.8733,-9.8744,-9.8744,3008800.0
1985-08-19,-9.8728,-9.8716,-9.8728,-9.8728,1726400.0
1985-08-20,-9.8716,-9.8716,-9.8716,-9.8716,2431200.0
1985-08-21,-9.8716,-9.8716,-9.8716,-9.8716,2767200.0
1985-08-22,-9.8716,-9.8716,-9.8733,-9.8733,4406400.0
1985-08-23,-9.8733,-9.8728,-9.8739,-9.8739,1601600.0
1985-08-26,-9.8722,-9.8722,-9.8722,-9.8722,1315200.0
1985-08-27,-9.8716,-9.8716,-9.8716,-9.8716,1540000.0
1985-08-28,-9.8716,-9.8711,-9.8716,-9.8716,1475200.0
1985-08-29,-9.8716,-9.8716,-9.8733,-9.8733,2006400.0
1985-08-30,-9.8728,-9.8728,-9.8728,-9.8728,1537600.0
1985-09-03,-9.8728,-9.8728,-9.8739,-9.8739,1369600.0
1985-09-04,-9.8733,-9.8722,-9.8733,-9.8733,1708800.0
1985-09-05,-9.8733,-9.8728,-9.8733,-9.8733,1201600.0
1985-09-06,-9.8728,-9.8728,-9.8728,-9.8728,3333600.0
1985-09-09,-9.8716,-9.8711,-9.8716,-9.8716,4728800.0
1985-09-10,-9.8711,-9.8699,-9.8711,-9.8711,4364800.0
1985-09-11,-9.8705,-9.8699,-9.8705,-9.8705,3150400.0
1985-09-12,-9.8678,-9.8678,-9.8678,-9.8678,3998400.0
1985-09-13,-9.8678,-9.8678,-9.8694,-9.8694,2541600.0
1985-09-16,-9.8694,-9.8694,-9.8716,-9.8716,1344000.0
1985-09-17,-9.8716,-9.8716,-9.8716,-9.8716,6564000.0
1985-09-18,-9.8672,-9.8672,-9.8672,-9.8672,4316000.0
1985-09-19,-9.8638,-9.8638,-9.8638,-9.8638,6662400.0
1985-09-20,-9.8638,-9.8633,-9.8649,-9.8649,4846400.0
1985-09-23,-9.8644,-9.8633,-9.8644,-9.8644,4277600.0
1985-09-24,-9.8644,-9.8627,-9.8661,-9.8661,3161600.0
1985-09-25,-9.8661,-9.8661,-9.8688,-9.8688,3761600.0
1985-09-26,-9.8688,-9.8683,-9.8688,-9.8688,1949600.0
1985-09-27,-9.8688,-9.8683,-9.8688,-9.8688,250400.0
1985-09-30,-9.8688,-9.8683,-9.8694,-9.8694,1324800.0
1985-10-01,-9.8694,-9.8688,-9.8694,-9.8694,3175200.0
1985-10-02,-9.8694,-9.8688,-9.8699,-9.8699,795200.0
1985-10-03,-9.8699,-9.8699,-9.8705,-9.8705,1784800.0
1985-10-04,-9.8705,-9.8705,-9.8728,-9.8728,2484800.0
1985-10-07,-9.8728,-9.8716,-9.8728,-9.8728,3284800.0
1985-10-08,-9.8722,-9.8722,-9.8722,-9.8722,3144000.0
1985-10-09,-9.8722,-9.8716,-9.8728,-9.8728,3001600.0
1985-10-10,-9.8688,-9.8683,-9.8688,-9.8688,9386400.0
1985-10-11,-9.8683,-9.8672,-9.8683,-9.8683,4261600.0
1985-10-14,-9.8655,-9.8655,-9.8655,-9.8655,5555200.0
1985-10-15,-9.8638,-9.8633,-9.8638,-9.8638,10504800.0
1985-10-16,-9.8594,-9.8588,-9.8594,-9.8594,10336000.0
1985-10-17,-9.8583,-9.8544,-9.8583,-9.8583,12455200.0
1985-10-18,-9.8583,-9.8577,-9.8605,-9.8605,8268800.0
1985-10-21,-9.8605,-9.8605,-9.8627,-9.8627,4248800.0
1985-10-22,-9.8594,-9.8583,-9.8594,-9.8594,15186400.0
1985-10-23,-9.8594,-9.8571,-9.8594,-9.8594,5309600.0
1985-10-24,-9.8577,-9.8555,-9.8577,-9.8577,9768800.0
1985-10-25,-9.8577,-9.8577,-9.8594,-9.8594,2271200.0
1985-10-28,-9.8594,-9.8588,-9.8594,-9.8594,2148800.0
1985-10-29,-9.8594,-9.8594,-9.8599,-9.8599,4693600.0
1985-10-30,-9.8549,-9.8549,-9.8549,-9.8549,8098400.0
1985-10-31,-9.8549,-9.8538,-9.8566,-9.8566,5548800.0
1985-11-01,-9.8566,-9.8549,-9.8566,-9.8566,3320000.0
1985-11-04,-9.856,-9.8544,-9.856,-9.856,5584800.0
1985-11-05,-9.856,-9.8544,-9.8566,-9.8566,3841600.0
1985-11-06,-9.8538,-9.8533,-9.8538,-9.8538,7181600.0
1985-11-07,-9.8521,-9.851,-9.8521,-9.8521,11352800.0
1985-11-08,-9.8482,-9.8471,-9.8482,-9.8482,10517600.0
1985-11-11,-9.8482,-9.8471,-9.8504,-9.8504,6421600.0
1985-11-12,-9.8504,-9.8493,-9.851,-9.851,6224800.0
1985-11-13,-9.851,-9.851,-9.8533,-9.8533,3642400.0
1985-11-14,-9.8504,-9.8499,-9.8504,-9.8504,4995200.0
1985-11-15,-9.8504,-9.8493,-9.851,-9.851,2932800.0
1985-11-18,-9.851,-9.8504,-9.851,-9.851,2342400.0
1985-11-19,-9.851,-9.8504,-9.8538,-9.8538,3373600.0
1985-11-20,-9.8538,-9.8533,-9.8549,-9.8549,3548800.0
1985-11-21,-9.8549,-9.8538,-9.8549,-9.8549,3720000.0
1985-11-22,-9.8549,-9.8538,-9.8555,-9.8549,4620000.0
1985-11-25,-9.8549,-9.8538,-9.8549,-9.8544,3488800.0
1985-11-26,-9.8544,-9.8527,-9.8549,-9.8533,5892800.0
1985-11-27,-9.8533,-9.8499,-9.8538,-9.8504,6873600.0
1985-11-29,-9.8504,-9.8499,-9.851,-9.8499,3546400.0
1985-12-02,-9.8499,-9.8493,-9.8504,-9.8493,3611200.0
1985-12-03,-9.8493,-9.8488,-9.8504,-9.8499,5548800.0
1985-12-04,-9.8499,-9.8477,-9.8499,-9.8482,5928800.0
1985-12-05,-9.8482,-9.8471,-9.8504,-9.8499,4508800.0
1985-12-06,-9.8499,-9.8499,-9.8521,-9.8516,2347200.0
1985-12-09,-9.8516,-9.8504,-9.8538,-9.8533,5015200.0
1985-12-10,-9.8533,-9.8521,-9.8538,-9.8527,7206400.0
1985-12-11,-9.8527,-9.8499,-9.8527,-9.8516,8489600.0
1985-12-12,-9.851,-9.8493,-9.851,-9.8504,4515200.0
1985-12-13,-9.8504,-9.8493,-9.8516,-9.8504,8975200.0
1985-12-16,-9.8504,-9.8449,-9.8504,-9.8466,10362400.0
1985-12-17,-9.8466,-9.846,-9.8488,-9.8477,3926400.0
1985-12-18,-9.8443,-9.8376,-9.8443,-9.8404,20033600.0
1985-12-19,-9.8404,-9.8382,-9.841,-9.8393,9673600.0
1985-12-20,-9.8393,-9.8382,-9.8404,-9.8399,7402400.0
1985-12-23,-9.8399,-9.8393,-9.8432,-9.8421,5157600.0
1985-12-24,-9.8421,-9.8415,-9.8432,-9.8426,2344800.0
1985-12-26,-9.8426,-9.8415,-9.8432,-9.8426,1658400.0
1985-12-27,-9.8426,-9.8387,-9.8426,-9.8399,4427200.0
1985-12-30,-9.8399,-9.8387,-9.841,-9.8404,3848800.0
1985-12-31,-9.8404,-9.8399,-9.8415,-9.8415,3158400.0
1986-01-02,-9.8415,-9.8404,-9.8426,-9.8404,4212800.0
1986-01-03,-9.8404,-9.8399,-9.841,-9.8399,8653600.0
1986-01-06,-9.8399,-9.8399,-9.8421,-9.8404,6636000.0
1986-01-07,-9.8404,-9.837,-9.841,-9.837,16807200.0
1986-01-08,-9.837,-9.8348,-9.8382,-9.8376,21711200.0
1986-01-09,-9.8376,-9.837,-9.8421,-9.8387,16002400.0
1986-01-10,-9.8387,-9.8365,-9.8387,-9.8382,5491200.0
1986-01-13,-9.8382,-9.8365,-9.8393,-9.837,7701600.0
1986-01-14,-9.837,-9.8337,-9.8393,-9.8359,9772800.0
1986-01-15,-9.8359,-9.8326,-9.8365,-9.8332,15126400.0
1986-01-16,-9.8332,-9.8292,-9.8332,-9.8303,19132800.0
1986-01-17,-9.8303,-9.8292,-9.8332,-9.8326,12344000.0
1986-01-20,-9.8326,-9.8326,-9.8354,-9.8332,4590400.0
1986-01-21,-9.8332,-9.832,-9.8337,-9.8326,5464800.0
1986-01-22,-9.8326,-9.832,-9.8399,-9.8354,5144800.0
1986-01-23,-9.8354,-9.8348,-9.8382,-9.837,5624000.0
1986-01-24,-9.837,-9.8354,-9.8387,-9.8387,4044000.0
1986-01-27,-9.8387,-9.8382,-9.8415,-9.841,13955200.0
1986-01-28,-9.841,-9.8399,-9.8415,-9.8404,7949600.0
1986-01-29,-9.8404,-9.8309,-9.8415,-9.8343,21064800.0
1986-01-30,-9.8348,-9.8348,-9.8376,-9.837,8493600.0
1986-01-31,-9.837,-9.8359,-9.8376,-9.8365,5317600.0
1986-02-03,-9.8365,-9.8326,-9.8376,-9.8332,12512800.0
1986-02-04,-9.8332,-9.8309,-9.8337,-9.8337,9298400.0
1986-02-05,-9.8337,-9.8332,-9.8348,-9.8337,7042400.0
1986-02-06,-9.8337,-9.8315,-9.8343,-9.832,4835200.0
1986-02-07,-9.832,-9.832,-9.8348,-9.8326,4656000.0
1986-02-10,-9.8326,-9.8303,-9.8337,-9.8332,4036000.0
1986-02-11,-9.8332,-9.8326,-9.8348,-9.8332,5504000.0
1986-02-12,-9.8332,-9.8326,-9.8337,-9.8326,4770400.0
1986-02-13,-9.8326,-9.8326,-9.8337,-9.8332,3944000.0
1986-02-14,-9.8332,-9.832,-9.8337,-9.8337,4928800.0
1986-02-18,-9.8337,-9.8326,-9.8359,-9.8332,5295200.0
1986-02-19,-9.8332,-9.8259,-9.8332,-9.8281,12871200.0
1986-02-20,-9.8281,-9.8265,-9.8287,-9.8276,4951200.0
1986-02-21,-9.8276,-9.8248,-9.8276,-9.827,6771200.0
1986-02-24,-9.827,-9.8248,-9.8281,-9.8248,8840000.0
1986-02-25,-9.8248,-9.822,-9.8276,-9.822,8041600.0
1986-02-26,-9.822,-9.8203,-9.8237,-9.8237,5907200.0
1986-02-27,-9.8237,-9.8231,-9.8259,-9.8253,3873600.0
1986-02-28,-9.8253,-9.8242,-9.8287,-9.8281,4507200.0
1986-03-03,-9.8281,-9.8276,-9.8303,-9.8298,3912800.0
1986-03-04,-9.8298,-9.8281,-9.8303,-9.8298,3217600.0
1986-03-05,-9.8298,-9.8259,-9.8315,-9.827,6324000.0
1986-03-06,-9.827,-9.8248,-9.8276,-9.8265,3630400.0
1986-03-07,-9.8265,-9.8265,-9.8292,-9.8292,3477600.0
1986-03-10,-9.8292,-9.8287,-9.8298,-9.8298,2727200.0
1986-03-11,-9.8298,-9.8287,-9.8303,-9.8287,3681600.0
1986-03-12,-9.8287,-9.8276,-9.8292,-9.8292,3071200.0
1986-03-13,-9.8292,-9.8281,-9.8309,-9.8292,4176000.0
1986-03-14,-9.8292,-9.8225,-9.8292,-9.8231,13781600.0
1986-03-17,-9.8237,-9.8237,-9.8265,-9.8237,4240000.0
1986-03-18,-9.8237,-9.8181,-9.8242,-9.8198,8920000.0
1986-03-19,-9.8198,-9.8181,-9.822,-9.8214,6816000.0
1986-03-20,-9.8147,-9.8075,-9.8147,-9.8136,32318400.0
1986-03-21,-9.8136,-9.8114,-9.817,-9.8164,9309600.0
1986-03-24,-9.8164,-9.8164,-9.822,-9.8203,10528800.0
1986-03-25,-9.8203,-9.8153,-9.8203,-9.8153,10060000.0
1986-03-26,-9.8153,-9.8114,-9.8153,-9.8136,7941600.0
1986-03-27,-9.8136,-9.8103,-9.8136,-9.8136,7856000.0
1986-03-31,-9.8136,-9.8125,-9.8147,-9.8136,6744800.0
1986-04-01,-9.8136,-9.8136,-9.8192,-9.8181,7973600.0
1986-04-02,-9.8181,-9.8175,-9.8225,-9.8181,11627200.0
1986-04-03,-9.8181,-9.8164,-9.8198,-9.8192,7548800.0
1986-04-04,-9.8192,-9.8192,-9.8209,-9.8203,4508800.0
1986-04-07,-9.8203,-9.817,-9.8225,-9.8181,4318400.0
1986-04-08,-9.8181,-9.8158,-9.8181,-9.8164,6912800.0
1986-04-09,-9.8164,-9.8158,-9.8198,-9.8187,4851200.0
1986-04-10,-9.8187,-9.8175,-9.8198,-9.8181,3932800.0
1986-04-11,-9.8181,-9.817,-9.8192,-9.8192,2737600.0
1986-04-14,-9.8192,-9.8181,-9.8203,-9.8198,3076000.0
1986-04-15,-9.8198,-9.817,-9.8198,-9.8175,4722400.0
1986-04-16,-9.8175,-9.8125,-9.8175,-9.8136,7535200.0
1986-04-17,-9.8136,-9.8097,-9.8147,-9.8103,9672800.0
1986-04-18,-9.8103,-9.8064,-9.8114,-9.8069,8871200.0
1986-04-21,-9.8064,-9.8024,-9.8064,-9.8041,9775200.0
1986-04-22,-9.8041,-9.8002,-9.8075,-9.8064,11726400.0
1986-04-23,-9.8064,-9.8041,-9.8086,-9.8075,9371200.0
1986-04-24,-9.8075,-9.7991,-9.808,-9.7997,16398400.0
1986-04-25,-9.7997,-9.7941,-9.7997,-9.7958,9348800.0
1986-04-28,-9.7958,-9.7935,-9.798,-9.7969,5241600.0
1986-04-29,-9.7969,-9.7958,-9.8198,-9.8002,4750400.0
1986-04-30,-9.8002,-9.7986,-9.8047,-9.8047,4944000.0
1986-05-01,-9.8047,-9.8047,-9.8069,-9.8047,9218400.0
1986-05-02,-9.8047,-9.8013,-9.8053,-9.8036,3377600.0
1986-05-05,-9.8036,-9.7946,-9.8036,-9.7963,5364000.0
1986-05-06,-9.7958,-9.7913,-9.7958,-9.7941,7829600.0
1986-05-07,-9.7941,-9.7929,-9.8002,-9.7991,7133600.0
1986-05-08,-9.7991,-9.7918,-9.7991,-9.7924,8342400.0
1986-05-09,-9.7924,-9.7896,-9.7935,-9.7907,7961600.0
1986-05-12,-9.7907,-9.7762,-9.7913,-9.7773,14335200.0
1986-05-13,-9.7773,-9.7768,-9.7824,-9.779,16876000.0
1986-05-14,-9.779,-9.7728,-9.779,-9.7751,17277600.0
1986-05-15,-9.7751,-9.7745,-9.7807,-9.779,7964000.0
1986-05-16,-9.779,-9.7779,-9.7829,-9.779,11424800.0
1986-05-19,-9.779,-9.7768,-9.7812,-9.7807,7506400.0
1986-05-20,-9.7807,-9.7807,-9.7868,-9.7818,8811200.0
1986-05-21,-9.7818,-9.7734,-9.7835,-9.7745,12418400.0
1986-05-22,-9.7745,-9.7723,-9.7801,-9.7757,7895200.0
1986-05-23,-9.7757,-9.774,-9.7773,-9.7745,5013600.0
1986-05-27,-9.7745,-9.7745,-9.7773,-9.7751,3058400.0
1986-05-28,-9.7751,-9.7723,-9.7757,-9.7734,7418400.0
1986-05-29,-9.7734,-9.7734,-9.7768,-9.7745,3635200.0
1986-05-30,-9.7745,-9.7734,-9.7768,-9.7745,4591200.0
1986-06-02,-9.7745,-9.7728,-9.7757,-9.774,7158400.0
1986-06-03,-9.774,-9.7695,-9.774,-9.7706,11661600.0
1986-06-04,-9.7706,-9.7662,-9.7712,-9.7667,10747200.0
1986-06-05,-9.7667,-9.765,-9.7678,-9.7662,5282400.0
1986-06-06,-9.7662,-9.7662,-9.7723,-9.7712,6342400.0
1986-06-09,-9.7712,-9.7706,-9.7795,-9.779,8835200.0
1986-06-10,-9.779,-9.779,-9.7829,-9.779,8827200.0
1986-06-11,-9.779,-9.7779,-9.7812,-9.7784,6692800.0
1986-06-12,-9.7784,-9.7773,-9.779,-9.779,4638400.0
1986-06-13,-9.779,-9.7773,-9.7824,-9.7773,5144800.0
1986-06-16,-9.7773,-9.7751,-9.7807,-9.7795,6222400.0
1986-06-17,-9.7795,-9.779,-9.7879,-9.7868,7936000.0
1986-06-18,-9.7868,-9.7846,-9.7946,-9.7868,15381600.0
1986-06-19,-9.7868,-9.7801,-9.7885,-9.7835,12347200.0
1986-06-20,-9.7835,-9.7784,-9.7835,-9.779,5761600.0
1986-06-23,-9.779,-9.7779,-9.7851,-9.7846,4196000.0
1986-06-24,-9.7846,-9.7829,-9.7862,-9.784,5088800.0
1986-06-25,-9.7835,-9.779,-9.7835,-9.7795,4755200.0
1986-06-26,-9.7795,-9.7773,-9.7812,-9.7779,4184800.0
1986-06-27,-9.7779,-9.7757,-9.7812,-9.7795,1811200.0
1986-06-30,-9.7795,-9.7779,-9.7801,-9.7795,2553600.0
1986-07-01,-9.7795,-9.7784,-9.7846,-9.7818,3140000.0
1986-07-02,-9.7818,-9.7779,-9.7818,-9.7784,5202400.0
1986-07-03,-9.7784,-9.7712,-9.7807,-9.7717,6509600.0
1986-07-07,-9.7717,-9.7712,-9.7818,-9.7807,6501600.0
1986-07-08,-9.7824,-9.7824,-9.7874,-9.7868,9782400.0
1986-07-09,-9.7868,-9.7846,-9.7879,-9.7851,13040000.0
1986-07-10,-9.7846,-9.7818,-9.7851,-9.7818,7453600.0
1986-07-11,-9.7818,-9.7712,-9.7824,-9.774,8000000.0
1986-07-14,-9.774,-9.7728,-9.7779,-9.7779,8480000.0
1986-07-15,-9.7835,-9.7835,-9.7868,-9.784,10640000.0
1986-07-16,-9.7812,-9.7807,-9.7935,-9.7902,19280000.0
1986-07-17,-9.7902,-9.7891,-9.7963,-9.7958,8960000.0
1986-07-18,-9.7958,-9.7946,-9.8002,-9.798,11040000.0
1986-07-21,-9.7924,-9.7891,-9.7935,-9.7902,8160000.0
1986-07-22,-9.7902,-9.7851,-9.7913,-9.7851,8560000.0
1986-07-23,-9.7851,-9.7851,-9.7874,-9.7874,6416000.0
1986-07-24,-9.7868,-9.7862,-9.7924,-9.7918,5187200.0
1986-07-25,-9.7918,-9.7879,-9.7924,-9.7879,7769600.0
1986-07-28,-9.7885,-9.7879,-9.7958,-9.7952,8800000.0
1986-07-29,-9.7958,-9.7958,-9.8024,-9.8002,21280000.0
1986-07-30,-9.8002,-9.7991,-9.8058,-9.8036,9120000.0
1986-07-31,-9.8036,-9.7991,-9.8036,-9.8002,10080000.0
1986-08-01,-9.8008,-9.798,-9.8008,-9.7997,5360000.0
1986-08-04,-9.7997,-9.7991,-9.803,-9.7991,4653600.0
1986-08-05,-9.7986,-9.7952,-9.7991,-9.7963,4238400.0
1986-08-06,-9.7963,-9.7963,-9.8013,-9.8008,6644800.0
1986-08-07,-9.8008,-9.7941,-9.8008,-9.798,6211200.0
1986-08-08,-9.7974,-9.7952,-9.7986,-9.7986,3941600.0
1986-08-11,-9.7974,-9.7902,-9.798,-9.7902,6591200.0
1986-08-12,-9.7907,-9.7862,-9.7907,-9.7868,8720000.0
1986-08-13,-9.7868,-9.7779,-9.7868,-9.779,16240000.0
1986-08-14,-9.779,-9.7745,-9.779,-9.779,8240000.0
1986-08-15,-9.7784,-9.7768,-9.7807,-9.7801,4910400.0
1986-08-18,-9.7801,-9.7795,-9.7835,-9.7818,5297600.0
1986-08-19,-9.7829,-9.7812,-9.7851,-9.7818,4944000.0
1986-08-20,-9.7824,-9.7768,-9.7824,-9.7779,6140000.0
1986-08-21,-9.7784,-9.7773,-9.7801,-9.7801,6992800.0
1986-08-22,-9.7795,-9.7762,-9.7795,-9.7779,4162400.0
1986-08-25,-9.7768,-9.7751,-9.7773,-9.7773,4533600.0
1986-08-26,-9.7773,-9.7751,-9.7773,-9.7762,4713600.0
1986-08-27,-9.7762,-9.7745,-9.7779,-9.7745,5280000.0
1986-08-28,-9.7745,-9.7701,-9.7751,-9.7712,7849600.0
1986-08-29,-9.7717,-9.7701,-9.7751,-9.7745,4846400.0
1986-09-02,-9.774,-9.774,-9.7846,-9.7846,8320000.0
1986-09-03,-9.7846,-9.784,-9.7874,-9.7846,4216000.0
1986-09-04,-9.7835,-9.7812,-9.7846,-9.7812,7133600.0
1986-09-05,-9.7807,-9.7795,-9.7835,-9.7829,3561600.0
1986-09-08,-9.7835,-9.7835,-9.7896,-9.7846,4522400.0
1986-09-09,-9.7851,-9.779,-9.7851,-9.7801,5398400.0
1986-09-10,-9.7807,-9.7795,-9.7846,-9.7835,2737600.0
1986-09-11,-9.7851,-9.7846,-9.7946,-9.7941,4842400.0
1986-09-12,-9.7946,-9.7935,-9.798,-9.798,8160000.0
1986-09-15,-9.7958,-9.7918,-9.7969,-9.7918,7973600.0
1986-09-16,-9.7918,-9.7829,-9.7946,-9.784,8800000.0
1986-09-17,-9.784,-9.7835,-9.7868,-9.7868,4181600.0
1986-09-18,-9.7868,-9.7857,-9.7891,-9.7879,3546400.0
1986-09-19,-9.7891,-9.7885,-9.7913,-9.7896,4601600.0
1986-09-22,-9.7902,-9.7818,-9.7902,-9.7824,8560000.0
1986-09-23,-9.7824,-9.7779,-9.7829,-9.7784,12080000.0
1986-09-24,-9.7784,-9.7773,-9.7879,-9.7829,6360000.0
1986-09-25,-9.7829,-9.7824,-9.7896,-9.7857,6744800.0
1986-09-26,-9.7874,-9.7862,-9.7885,-9.7868,2512800.0
1986-09-29,-9.7896,-9.7885,-9.7986,-9.7946,7475200.0
1986-09-30,-9.7929,-9.7885,-9.7941,-9.7902,6488800.0
1986-10-01,-9.7907,-9.7857,-9.7907,-9.7874,4988800.0
1986-10-02,-9.7891,-9.7862,-9.7902,-9.7874,3401600.0
1986-10-03,-9.7862,-9.7846,-9.7907,-9.7891,4997600.0
1986-10-06,-9.7891,-9.7868,-9.7896,-9.7874,3384000.0
1986-10-07,-9.7879,-9.7874,-9.7929,-9.7924,4577600.0
1986-10-08,-9.7929,-9.7924,-9.7958,-9.7935,4021600.0
1986-10-09,-9.7935,-9.7913,-9.7941,-9.7924,2820000.0
1986-10-10,-9.7929,-9.7907,-9.7952,-9.7913,2096000.0
1986-10-13,-9.7918,-9.7851,-9.7924,-9.7851,3582400.0
1986-10-14,-9.7851,-9.7824,-9.7891,-9.7879,7164000.0
1986-10-15,-9.7902,-9.7902,-9.7935,-9.7907,7367200.0
1986-10-16,-9.7907,-9.7885,-9.7913,-9.7896,4876000.0
1986-10-17,-9.7891,-9.7879,-9.7907,-9.7896,5460000.0
1986-10-20,-9.7902,-9.7896,-9.7929,-9.7929,5344000.0
1986-10-21,-9.7924,-9.7924,-9.7941,-9.7935,4096000.0
1986-10-22,-9.7935,-9.7929,-9.7958,-9.7946,3382400.0
1986-10-23,-9.7946,-9.7918,-9.7946,-9.7918,4441600.0
1986-10-24,-9.7918,-9.7913,-9.7935,-9.7924,2718400.0
1986-10-27,-9.7902,-9.7879,-9.7913,-9.7879,5422400.0
1986-10-28,-9.7879,-9.7874,-9.7924,-9.7907,5102400.0
1986-10-29,-9.7902,-9.7902,-9.7918,-9.7907,3057600.0
1986-10-30,-9.7902,-9.7846,-9.7907,-9.7868,10480000.0
1986-10-31,-9.7868,-9.784,-9.7868,-9.7851,4338400.0
1986-11-03,-9.7846,-9.7829,-9.7851,-9.7835,5457600.0
1986-11-04,-9.784,-9.7795,-9.7885,-9.7801,8800000.0
1986-11-05,-9.7801,-9.774,-9.7812,-9.7745,22320000.0
1986-11-06,-9.7762,-9.7751,-9.7801,-9.7784,11840000.0
1986-11-07,-9.779,-9.7784,-9.784,-9.7801,5153600.0
1986-11-10,-9.7795,-9.7795,-9.7829,-9.7818,3793600.0
1986-11-11,-9.7812,-9.7801,-9.7824,-9.7812,1809600.0
1986-11-12,-9.7801,-9.7762,-9.7807,-9.7762,4700000.0
1986-11-13,-9.7768,-9.7768,-9.7812,-9.7812,4928800.0
1986-11-14,-9.7812,-9.7812,-9.784,-9.7824,4840000.0
1986-11-17,-9.7824,-9.7745,-9.7835,-9.7773,5071200.0
1986-11-18,-9.7773,-9.7757,-9.7829,-9.7818,6115200.0
1986-11-19,-9.7829,-9.7824,-9.7857,-9.7835,10800000.0
1986-11-20,-9.784,-9.7818,-9.784,-9.7824,10560000.0
1986-11-21,-9.7824,-9.7779,-9.7829,-9.779,10240000.0
1986-11-24,-9.7779,-9.7695,-9.779,-9.7701,13440000.0
1986-11-25,-9.7701,-9.7595,-9.7701,-9.76,30320000.0
1986-11-26,-9.7606,-9.7556,-9.7612,-9.7589,18080000.0
1986-11-28,-9.7589,-9.7583,-9.7628,-9.7612,7897600.0
1986-12-01,-9.7612,-9.7606,-9.765,-9.7606,12400000.0
1986-12-02,-9.7589,-9.7533,-9.7612,-9.7545,13200000.0
1986-12-03,-9.7539,-9.7478,-9.7545,-9.7489,12000000.0
1986-12-04,-9.7494,-9.7489,-9.7522,-9.75,9600000.0
1986-12-05,-9.7494,-9.7444,-9.75,-9.7444,9360000.0
1986-12-08,-9.7449,-9.7438,-9.7505,-9.75,12400000.0
1986-12-09,-9.7505,-9.7494,-9.7561,-9.7505,10800000.0
1986-12-10,-9.7505,-9.7444,-9.7522,-9.7455,8720000.0
1986-12-11,-9.7449,-9.7438,-9.7494,-9.7483,8080000.0
1986-12-12,-9.7483,-9.7478,-9.7556,-9.7556,6451200.0
1986-12-15,-9.7567,-9.7533,-9.7595,-9.7533,7481600.0
1986-12-16,-9.7539,-9.75,-9.7539,-9.75,5464000.0
1986-12-17,-9.7505,-9.75,-9.7572,-9.7556,5417600.0
1986-12-18,-9.7561,-9.7528,-9.7578,-9.755,6258400.0
1986-12-19,-9.755,-9.75,-9.755,-9.7516,7149600.0
1986-12-22,-9.7522,-9.75,-9.7533,-9.7516,5887200.0
1986-12-23,-9.7511,-9.7505,-9.7528,-9.7516,8720000.0
1986-12-24,-9.7522,-9.7516,-9.7539,-9.7528,3453600.0
1986-12-26,-9.7528,-9.7528,-9.7567,-9.7567,3215200.0
1986-12-29,-9.7567,-9.7561,-9.76,-9.7589,4224800.0
1986-12-30,-9.7589,-9.7545,-9.7595,-9.7567,5297600.0
1986-12-31,-9.7567,-9.755,-9.7595,-9.7589,4742400.0
1987-01-02,-9.7595,-9.7561,-9.7606,-9.7572,4360000.0
1987-01-05,-9.7556,-9.7466,-9.7567,-9.7478,8560000.0
1987-01-06,-9.7472,-9.7433,-9.7494,-9.7444,11600000.0
1987-01-07,-9.7438,-9.7394,-9.7449,-9.7399,15520000.0
1987-01-08,-9.7399,-9.7383,-9.7411,-9.7399,10400000.0
1987-01-09,-9.7399,-9.7355,-9.7416,-9.7371,8560000.0
1987-01-12,-9.7366,-9.7355,-9.7399,-9.7366,8320000.0
1987-01-13,-9.7383,-9.7371,-9.7405,-9.7405,7584800.0
1987-01-14,-9.7405,-9.7243,-9.7411,-9.7249,18000000.0
1987-01-15,-9.7243,-9.7103,-9.7254,-9.717,19520000.0
1987-01-16,-9.7165,-9.7165,-9.7266,-9.7221,14560000.0
1987-01-19,-9.7221,-9.7025,-9.726,-9.7025,12960000.0
1987-01-20,-9.6942,-9.6908,-9.7098,-9.7092,27680000.0
1987-01-21,-9.7126,-9.7115,-9.721,-9.721,19040000.0
1987-01-22,-9.7215,-9.7048,-9.7232,-9.7053,16880000.0
1987-01-23,-9.7053,-9.7031,-9.7154,-9.7154,16400000.0
1987-01-26,-9.7165,-9.7143,-9.7187,-9.7176,12560000.0
1987-01-27,-9.7165,-9.7025,-9.717,-9.7042,13520000.0
1987-01-28,-9.7031,-9.6908,-9.707,-9.6925,14800000.0
1987-01-29,-9.6903,-9.6841,-9.7014,-9.6981,19920000.0
1987-01-30,-9.6987,-9.6903,-9.7048,-9.692,14640000.0
1987-02-02,-9.692,-9.6897,-9.6975,-9.6903,8800000.0
1987-02-03,-9.6897,-9.6891,-9.6953,-9.692,6412800.0
1987-02-04,-9.692,-9.692,-9.697,-9.6942,7791200.0
1987-02-05,-9.6942,-9.6936,-9.7025,-9.6992,12160000.0
1987-02-06,-9.6987,-9.6987,-9.7037,-9.6987,10480000.0
1987-02-09,-9.7037,-9.7014,-9.7065,-9.7048,5611200.0
1987-02-10,-9.7053,-9.7042,-9.7092,-9.7042,5977600.0
1987-02-11,-9.7031,-9.6864,-9.7042,-9.6875,12240000.0
1987-02-12,-9.6853,-9.6724,-9.6853,-9.678,25360000.0
1987-02-13,-9.678,-9.6607,-9.6808,-9.6624,18240000.0
1987-02-17,-9.6624,-9.6428,-9.6635,-9.6434,14640000.0
1987-02-18,-9.6423,-9.639,-9.6568,-9.6562,16800000.0
1987-02-19,-9.6562,-9.6562,-9.6641,-9.6612,11200000.0
1987-02-20,-9.6612,-9.6607,-9.6691,-9.6663,6813600.0
1987-02-23,-9.6679,-9.6529,-9.6735,-9.6579,12560000.0
1987-02-24,-9.6574,-9.6451,-9.6579,-9.6473,12720000.0
1987-02-25,-9.6473,-9.6295,-9.6512,-9.6312,16240000.0
1987-02-26,-9.6295,-9.6211,-9.6362,-9.6312,17840000.0
1987-02-27,-9.6312,-9.6228,-9.6373,-9.6272,14480000.0
1987-03-02,-9.6261,-9.625,-9.6406,-9.6384,14160000.0
1987-03-03,-9.6384,-9.6356,-9.6507,-9.6495,15600000.0
1987-03-04,-9.6462,-9.635,-9.6479,-9.6378,16000000.0
1987-03-05,-9.6384,-9.6317,-9.6395,-9.6339,12080000.0
1987-03-06,-9.6395,-9.6345,-9.6417,-9.6395,6332800.0
1987-03-09,-9.6428,-9.6417,-9.6518,-9.6512,9120000.0
1987-03-10,-9.6518,-9.6412,-9.6518,-9.6417,8720000.0
1987-03-11,-9.6395,-9.6362,-9.644,-9.644,7826400.0
1987-03-12,-9.6451,-9.644,-9.6557,-9.6484,10800000.0
1987-03-13,-9.6484,-9.6451,-9.6562,-9.6562,7067200.0
1987-03-16,-9.6562,-9.6484,-9.6607,-9.6484,8800000.0
1987-03-17,-9.6473,-9.6362,-9.6495,-9.6406,8720000.0
1987-03-18,-9.6395,-9.6384,-9.6507,-9.6451,10800000.0
1987-03-19,-9.6462,-9.6339,-9.6473,-9.6345,7396000.0
1987-03-20,-9.635,-9.6283,-9.635,-9.635,12400000.0
1987-03-23,-9.6362,-9.635,-9.644,-9.6384,8800000.0
1987-03-24,-9.6373,-9.6339,-9.644,-9.644,9600000.0
1987-03-25,-9.6428,-9.6406,-9.6484,-9.6417,9760000.0
1987-03-26,-9.6417,-9.6373,-9.6428,-9.6395,5146400.0
1987-03-27,-9.6395,-9.6384,-9.6507,-9.6495,4817600.0
1987-03-30,-9.6562,-9.6529,-9.6618,-9.6607,9280000.0
1987-03-31,-9.6618,-9.6507,-9.6618,-9.6518,9760000.0
1987-04-01,-9.6585,-9.6406,-9.6612,-9.6417,7792800.0
1987-04-02,-9.635,-9.6194,-9.6406,-9.6194,27760000.0
1987-04-03,-9.6205,-9.6189,-9.6261,-9.6194,19280000.0
1987-04-06,-9.6205,-9.6149,-9.6306,-9.6272,10320000.0
1987-04-07,-9.6283,-9.6261,-9.6373,-9.6373,9280000.0
1987-04-08,-9.6373,-9.6261,-9.6384,-9.6317,8240000.0
1987-04-09,-9.6328,-9.6205,-9.6373,-9.6228,8480000.0
1987-04-10,-9.6216,-9.6205,-9.6283,-9.6261,7791200.0
1987-04-13,-9.6272,-9.6261,-9.6384,-9.6384,5101600.0
1987-04-14,-9.6417,-9.6283,-9.6428,-9.6362,14560000.0
1987-04-15,-9.6295,-9.6228,-9.6328,-9.6228,12480000.0
1987-04-16,-9.6216,-9.6127,-9.6228,-9.6205,12400000.0
1987-04-20,-9.6205,-9.6149,-9.6239,-9.6222,5353600.0
1987-04-21,-9.6261,-9.6049,-9.6295,-9.606,15440000.0
1987-04-22,-9.5977,-9.596,-9.6094,-9.6083,14400000.0
1987-04-23,-9.6083,-9.5949,-9.6083,-9.6004,10880000.0
1987-04-24,-9.6016,-9.5982,-9.6071,-9.606,9120000.0
1987-04-27,-9.6083,-9.6038,-9.6127,-9.6049,13680000.0
1987-04-28,-9.6016,-9.5921,-9.6027,-9.596,11600000.0
1987-04-29,-9.5949,-9.5837,-9.596,-9.5926,10400000.0
1987-04-30,-9.5915,-9.5826,-9.5926,-9.5859,9040000.0
1987-05-01,-9.5848,-9.5826,-9.5882,-9.5826,4751200.0
1987-05-04,-9.5848,-9.5815,-9.587,-9.5837,5095200.0
1987-05-05,-9.5826,-9.5792,-9.5915,-9.5815,8240000.0
1987-05-06,-9.5803,-9.5725,-9.5859,-9.5826,10240000.0
1987-05-07,-9.5837,-9.5781,-9.5837,-9.5815,6488800.0
1987-05-08,-9.5803,-9.5781,-9.587,-9.587,6618400.0
1987-05-11,-9.596,-9.5848,-9.5971,-9.596,7048800.0
1987-05-12,-9.6004,-9.5982,-9.6049,-9.6027,9280000.0
1987-05-13,-9.6015,-9.5887,-9.6027,-9.5893,11120000.0
1987-05-14,-9.5904,-9.5848,-9.5904,-9.5859,5316000.0
1987-05-15,-9.5859,-9.5859,-9.5915,-9.5904,5220000.0
1987-05-18,-9.5904,-9.5893,-9.6027,-9.6015,8640000.0
1987-05-19,-9.6015,-9.6015,-9.6155,-9.6127,8560000.0
1987-05-20,-9.6138,-9.6049,-9.6161,-9.6071,10320000.0
1987-05-21,-9.606,-9.6015,-9.6071,-9.6071,6233600.0
1987-05-22,-9.6049,-9.6027,-9.6105,-9.6088,3484000.0
1987-05-26,-9.6071,-9.5915,-9.6094,-9.5915,5481600.0
1987-05-27,-9.5915,-9.5815,-9.5937,-9.5848,6484000.0
1987-05-28,-9.5848,-9.5815,-9.5893,-9.5826,5424000.0
1987-05-29,-9.5815,-9.5803,-9.587,-9.587,3322400.0
1987-06-01,-9.5848,-9.5848,-9.5937,-9.5926,2984000.0
1987-06-02,-9.5937,-9.5915,-9.596,-9.5948,4927200.0
1987-06-03,-9.5948,-9.5848,-9.5948,-9.5926,6140000.0
1987-06-04,-9.5915,-9.5882,-9.596,-9.5893,5511200.0
1987-06-05,-9.5882,-9.5882,-9.5926,-9.5926,4696000.0
1987-06-08,-9.5926,-9.5915,-9.5971,-9.5926,7213600.0
1987-06-09,-9.5937,-9.5848,-9.5937,-9.5893,4570400.0
1987-06-10,-9.5882,-9.5815,-9.5915,-9.5893,5235200.0
1987-06-11,-9.5893,-9.5826,-9.5915,-9.587,4521600.0
1987-06-12,-9.587,-9.5837,-9.5882,-9.587,3653600.0
1987-06-15,-9.587,-9.5848,-9.5937,-9.5893,9280000.0
1987-06-16,-9.5692,-9.5669,-9.6004,-9.5692,12240000.0
1987-06-17,-9.5692,-9.5602,-9.5826,-9.5781,10640000.0
1987-06-18,-9.5803,-9.5669,-9.587,-9.5692,8200000.0
1987-06-19,-9.5692,-9.5669,-9.5792,-9.5736,4480000.0
1987-06-22,-9.5714,-9.5625,-9.5747,-9.5647,6040000.0
1987-06-23,-9.5647,-9.5636,-9.5759,-9.5714,2892000.0
1987-06-24,-9.5692,-9.5536,-9.5781,-9.5647,4240000.0
1987-06-25,-9.5647,-9.5602,-9.5781,-9.5781,4320000.0
1987-06-26,-9.5759,-9.5692,-9.5826,-9.5781,4560000.0
1987-06-29,-9.5781,-9.5759,-9.5826,-9.5759,3628000.0
1987-06-30,-9.5781,-9.5736,-9.5848,-9.5781,5160000.0
1987-07-01,-9.5759,-9.5759,-9.5848,-9.5826,3402000.0
1987-07-02,-9.5826,-9.5736,-9.5848,-9.5769,2931200.0
1987-07-06,-9.5759,-9.5669,-9.5781,-9.5759,3060800.0
1987-07-07,-9.5781,-9.5736,-9.5937,-9.5893,7280000.0
1987-07-08,-9.5893,-9.5893,-9.6138,-9.6071,12200000.0
1987-07-09,-9.6071,-9.5937,-9.6071,-9.6027,8560000.0
1987-07-10,-9.6004,-9.5893,-9.6027,-9.6004,5600000.0
1987-07-13,-9.5915,-9.5759,-9.5937,-9.5781,9120000.0
1987-07-14,-9.5736,-9.5558,-9.5736,-9.5558,9200000.0
1987-07-15,-9.5558,-9.5402,-9.5625,-9.5469,9680000.0
1987-07-16,-9.5469,-9.5469,-9.5536,-9.5469,3388000.0
1987-07-17,-9.5446,-9.5402,-9.558,-9.5536,3300000.0
1987-07-20,-9.5558,-9.5536,-9.5692,-9.5669,4440000.0
1987-07-21,-9.5647,-9.5602,-9.5714,-9.5702,3966400.0
1987-07-22,-9.5692,-9.558,-9.5714,-9.5602,2185200.0
1987-07-23,-9.5558,-9.5513,-9.5781,-9.5669,2685600.0
1987-07-24,-9.5692,-9.558,-9.5692,-9.5602,4200000.0
1987-07-27,-9.5602,-9.5558,-9.5647,-9.5625,2035600.0
1987-07-28,-9.5602,-9.558,-9.5669,-9.5658,2660800.0
1987-07-29,-9.5647,-9.5647,-9.5781,-9.5736,3534800.0
1987-07-30,-9.5736,-9.5692,-9.5759,-9.5692,3727600.0
1987-07-31,-9.5714,-9.5647,-9.5714,-9.5714,2613600.0
1987-08-03,-9.5736,-9.5692,-9.5803,-9.5803,2275600.0
1987-08-04,-9.5781,-9.5625,-9.5826,-9.5625,4320000.0
1987-08-05,-9.5625,-9.5513,-9.5647,-9.5536,4640000.0
1987-08-06,-9.5536,-9.5223,-9.558,-9.5268,9000000.0
1987-08-07,-9.5268,-9.5178,-9.529,-9.5245,5440000.0
1987-08-10,-9.5089,-9.5089,-9.5312,-9.5089,2800000.0
1987-08-11,-9.4977,-9.491,-9.5044,-9.4977,9680000.0
1987-08-12,-9.4977,-9.4955,-9.5089,-9.5044,5760000.0
1987-08-13,-9.5044,-9.491,-9.5067,-9.5022,7000000.0
1987-08-14,-9.5067,-9.4933,-9.5111,-9.5022,3758800.0
1987-08-17,-9.4977,-9.4933,-9.5044,-9.4977,5200000.0
1987-08-18,-9.5,-9.4977,-9.5089,-9.5044,8480000.0
1987-08-19,-9.4977,-9.4933,-9.5022,-9.4933,2404400.0
1987-08-20,-9.491,-9.4709,-9.4955,-9.4776,6280000.0
1987-08-21,-9.4776,-9.4598,-9.4799,-9.4665,5000000.0
1987-08-24,-9.4665,-9.462,-9.4732,-9.4732,4320000.0
1987-08-25,-9.4687,-9.4642,-9.4754,-9.4754,4880000.0
1987-08-26,-9.4665,-9.462,-9.4754,-9.4754,7000000.0
1987-08-27,-9.4732,-9.4687,-9.4799,-9.4754,4440000.0
1987-08-28,-9.4754,-9.4709,-9.4799,-9.4754,3434400.0
1987-08-31,-9.4732,-9.4553,-9.4776,-9.4576,5360000.0
1987-09-01,-9.4509,-9.4464,-9.4709,-9.4709,4960000.0
1987-09-02,-9.4754,-9.4642,-9.4866,-9.4754,8200000.0
1987-09-03,-9.4709,-9.4687,-9.491,-9.4821,6600000.0
1987-09-04,-9.4821,-9.4776,-9.4933,-9.4888,3891200.0
1987-09-08,-9.491,-9.4888,-9.5067,-9.4943,6280000.0
1987-09-09,-9.491,-9.4665,-9.4977,-9.4687,5640000.0
1987-09-10,-9.4642,-9.4531,-9.4653,-9.4598,5000000.0
1987-09-11,-9.4576,-9.4442,-9.4687,-9.4531,4440000.0
1987-09-14,-9.4509,-9.4464,-9.4687,-9.4665,2928000.0
1987-09-15,-9.4665,-9.4665,-9.4799,-9.4776,3744800.0
1987-09-16,-9.4776,-9.4698,-9.4821,-9.4776,6000000.0
1987-09-17,-9.4754,-9.4732,-9.4843,-9.4754,2400000.0
1987-09-18,-9.4754,-9.4732,-9.4809,-9.4776,2555600.0
1987-09-21,-9.4776,-9.4687,-9.491,-9.491,4600000.0
1987-09-22,-9.4888,-9.4553,-9.491,-9.4564,5480000.0
1987-09-23,-9.4564,-9.4397,-9.4598,-9.4464,9098800.0
1987-09-24,-9.4464,-9.4229,-9.4464,-9.4352,6520000.0
1987-09-25,-9.433,-9.4218,-9.4352,-9.4263,3806800.0
1987-09-28,-9.4263,-9.4151,-9.4442,-9.4419,7280000.0
1987-09-29,-9.4397,-9.4397,-9.4553,-9.4531,6120000.0
1987-09-30,-9.4553,-9.4308,-9.4553,-9.4352,4360000.0
1987-10-01,-9.433,-9.4151,-9.4352,-9.4196,4160000.0
1987-10-02,-9.4196,-9.4151,-9.4263,-9.4174,3450000.0
1987-10-05,-9.4174,-9.4062,-9.4241,-9.4107,4800000.0
1987-10-06,-9.4084,-9.4084,-9.4442,-9.4419,7200000.0
1987-10-07,-9.4442,-9.4419,-9.4553,-9.4442,8000000.0
1987-10-08,-9.4442,-9.4397,-9.4642,-9.4553,5880000.0
1987-10-09,-9.4553,-9.4442,-9.4576,-9.4564,5200000.0
1987-10-12,-9.4553,-9.4542,-9.4776,-9.4642,7120000.0
1987-10-13,-9.4531,-9.4509,-9.4642,-9.4531,5800000.0
1987-10-14,-9.4598,-9.4576,-9.4754,-9.4642,9240000.0
1987-10-15,-9.4642,-9.4531,-9.4776,-9.4754,12440000.0
1987-10-16,-9.4732,-9.4665,-9.5156,-9.5089,15000000.0
1987-10-19,-9.5089,-9.5089,-9.6227,-9.6138,17000000.0
1987-10-20,-9.5959,-9.5647,-9.6484,-9.6317,20320000.0
1987-10-21,-9.5959,-9.5647,-9.6004,-9.5781,19080000.0
1987-10-22,-9.5892,-9.5781,-9.6183,-9.6116,13760000.0
1987-10-23,-9.6205,-9.6138,-9.6339,-9.6227,7080000.0
1987-10-26,-9.6317,-9.6272,-9.6931,-9.6897,11200000.0
1987-10-27,-9.6763,-9.6517,-9.6808,-9.6696,16280000.0
1987-10-28,-9.6651,-9.6384,-9.6785,-9.6406,14960000.0
1987-10-29,-9.6339,-9.5826,-9.6517,-9.587,11840000.0
1987-10-30,-9.5826,-9.5558,-9.5959,-9.5948,15040000.0
1987-11-02,-9.5937,-9.587,-9.6049,-9.5937,6720000.0
1987-11-03,-9.6004,-9.5959,-9.6339,-9.616,11200000.0
1987-11-04,-9.6227,-9.6071,-9.6294,-9.6183,8360000.0
1987-11-05,-9.616,-9.5937,-9.616,-9.6004,9120000.0
1987-11-06,-9.5982,-9.587,-9.6093,-9.6026,6680000.0
1987-11-09,-9.6093,-9.6049,-9.616,-9.6071,7520000.0
1987-11-10,-9.6138,-9.6049,-9.6183,-9.616,8280000.0
1987-11-11,-9.6071,-9.5982,-9.6116,-9.6071,6640000.0
1987-11-12,-9.5959,-9.5826,-9.597,-9.5937,8800000.0
1987-11-13,-9.5892,-9.587,-9.6093,-9.6071,5520000.0
1987-11-16,-9.6026,-9.5959,-9.6138,-9.6116,6600000.0
1987-11-17,-9.6115,-9.6093,-9.6272,-9.6272,9600000.0
1987-11-18,-9.6205,-9.6138,-9.6316,-9.616,9480000.0
1987-11-19,-9.6138,-9.6138,-9.6361,-9.6316,6520000.0
1987-11-20,-9.6361,-9.6182,-9.6428,-9.6227,8960000.0
1987-11-23,-9.6227,-9.616,-9.6294,-9.616,3500000.0
1987-11-24,-9.6115,-9.6026,-9.6171,-9.6093,7040000.0
1987-11-25,-9.6093,-9.6093,-9.6182,-9.6138,3311200.0
1987-11-27,-9.616,-9.6138,-9.6294,-9.6272,2526800.0
1987-11-30,-9.6383,-9.6316,-9.6673,-9.645,14880000.0
1987-12-01,-9.6406,-9.6361,-9.6473,-9.6428,6480000.0
1987-12-02,-9.6428,-9.6406,-9.6495,-9.6495,5080000.0
1987-12-03,-9.645,-9.6416,-9.674,-9.6673,11400000.0
1987-12-04,-9.6696,-9.6607,-9.674,-9.6651,8720000.0
1987-12-07,-9.6629,-9.6428,-9.6629,-9.645,7280000.0
1987-12-08,-9.6406,-9.6282,-9.6428,-9.6316,9080000.0
1987-12-09,-9.6316,-9.616,-9.6372,-9.6272,6400000.0
1987-12-10,-9.6383,-9.6182,-9.6428,-9.6294,9880000.0
1987-12-11,-9.6294,-9.6294,-9.6406,-9.6361,4360000.0
1987-12-14,-9.6316,-9.6048,-9.6339,-9.6071,12200000.0
1987-12-15,-9.6026,-9.5982,-9.6093,-9.6048,10680000.0
1987-12-16,-9.6026,-9.5848,-9.6071,-9.5892,11800000.0
1987-12-17,-9.5781,-9.5758,-9.5892,-9.5892,11640000.0
1987-12-18,-9.587,-9.5714,-9.5892,-9.5781,10800000.0
1987-12-21,-9.5781,-9.5669,-9.5803,-9.5669,6720000.0
1987-12-22,-9.5669,-9.5669,-9.5781,-9.5691,4600000.0
1987-12-23,-9.5669,-9.558,-9.5714,-9.5624,6120000.0
1987-12-24,-9.5647,-9.5557,-9.5669,-9.559,2508000.0
1987-12-28,-9.5624,-9.5602,-9.587,-9.5803,8200000.0
1987-12-29,-9.5781,-9.5624,-9.5803,-9.5635,4240000.0
1987-12-30,-9.5602,-9.549,-9.5602,-9.5523,5560000.0
1987-12-31,-9.5602,-9.5557,-9.5657,-9.5647,4200000.0
1988-01-04,-9.558,-9.5401,-9.5624,-9.5401,11800000.0
1988-01-05,-9.529,-9.5267,-9.5446,-9.5412,11040000.0
1988-01-06,-9.5379,-9.5379,-9.549,-9.549,9600000.0
1988-01-07,-9.5513,-9.5401,-9.5602,-9.5423,7600000.0
1988-01-08,-9.5423,-9.5357,-9.587,-9.5825,17360000.0
1988-01-11,-9.5825,-9.558,-9.5848,-9.5602,14440000.0
1988-01-12,-9.5557,-9.5513,-9.5848,-9.5647,14320000.0
1988-01-13,-9.5647,-9.5535,-9.5724,-9.5624,7560000.0
1988-01-14,-9.558,-9.5568,-9.5647,-9.5624,4720000.0
1988-01-15,-9.5513,-9.5379,-9.5602,-9.5568,12280000.0
1988-01-18,-9.5557,-9.5557,-9.5647,-9.558,4480000.0
1988-01-19,-9.5624,-9.5535,-9.5702,-9.558,9800000.0
1988-01-20,-9.5557,-9.5557,-9.5982,-9.5848,24320000.0
1988-01-21,-9.5781,-9.5758,-9.5881,-9.5814,17640000.0
1988-01-22,-9.5781,-9.5758,-9.5982,-9.5892,15920000.0
1988-01-25,-9.587,-9.5691,-9.587,-9.5747,7160000.0
1988-01-26,-9.5758,-9.5736,-9.5892,-9.5848,5120000.0
1988-01-27,-9.5803,-9.5781,-9.5937,-9.5848,9240000.0
1988-01-28,-9.5825,-9.5691,-9.5848,-9.5714,8320000.0
1988-01-29,-9.5691,-9.5669,-9.5803,-9.5691,9480000.0
1988-02-01,-9.5669,-9.5602,-9.5702,-9.5669,7120000.0
1988-02-02,-9.5691,-9.5657,-9.5781,-9.5714,6840000.0
1988-02-03,-9.5736,-9.5714,-9.5892,-9.587,8080000.0
1988-02-04,-9.587,-9.5814,-9.5915,-9.5848,7120000.0
1988-02-05,-9.5825,-9.5791,-9.5959,-9.5948,4720000.0
1988-02-08,-9.5959,-9.5892,-9.6026,-9.5937,7280000.0
1988-02-09,-9.5915,-9.5836,-9.5937,-9.5848,4160000.0
1988-02-10,-9.5848,-9.5691,-9.5848,-9.5736,8160000.0
1988-02-11,-9.5736,-9.5714,-9.5803,-9.5769,5280000.0
1988-02-12,-9.5769,-9.5691,-9.578,-9.5736,4920000.0
1988-02-16,-9.5736,-9.5713,-9.5825,-9.5713,5520000.0
1988-02-17,-9.5713,-9.5602,-9.5713,-9.5657,9160000.0
1988-02-18,-9.5679,-9.5579,-9.5691,-9.5669,5120000.0
1988-02-19,-9.5669,-9.5646,-9.5691,-9.5669,3242400.0
1988-02-22,-9.5691,-9.5501,-9.5691,-9.5535,7160000.0
1988-02-23,-9.5535,-9.549,-9.5624,-9.5579,7880000.0
1988-02-24,-9.5579,-9.5557,-9.5646,-9.5624,5200000.0
1988-02-25,-9.5646,-9.5557,-9.5669,-9.5669,6400000.0
1988-02-26,-9.5646,-9.5624,-9.5713,-9.5669,2952400.0
1988-02-29,-9.5669,-9.5535,-9.5691,-9.5557,4000000.0
1988-03-01,-9.5535,-9.5513,-9.5602,-9.5535,6120000.0
1988-03-02,-9.549,-9.5379,-9.5513,-9.5401,10440000.0
1988-03-03,-9.5423,-9.52,-9.5423,-9.5245,16920000.0
1988-03-04,-9.5289,-9.52,-9.5334,-9.5211,7480000.0
1988-03-07,-9.5222,-9.5133,-9.5245,-9.5211,7400000.0
1988-03-08,-9.5222,-9.52,-9.5289,-9.5267,5160000.0
1988-03-09,-9.5267,-9.5178,-9.5267,-9.5222,4800000.0
1988-03-10,-9.52,-9.5178,-9.5356,-9.5356,6320000.0
1988-03-11,-9.5334,-9.5312,-9.5423,-9.5312,5640000.0
1988-03-14,-9.5312,-9.5245,-9.5334,-9.5267,3518000.0
1988-03-15,-9.5289,-9.5267,-9.5401,-9.5379,6480000.0
1988-03-16,-9.5389,-9.5255,-9.5423,-9.5278,4240000.0
1988-03-17,-9.5267,-9.5245,-9.5401,-9.5379,9320000.0
1988-03-18,-9.5379,-9.5334,-9.5446,-9.5401,9720000.0
1988-03-21,-9.5434,-9.5412,-9.5557,-9.5479,8120000.0
1988-03-22,-9.5468,-9.5423,-9.5535,-9.5468,4265600.0
1988-03-23,-9.5468,-9.5468,-9.5657,-9.5602,7480000.0
1988-03-24,-9.5669,-9.5602,-9.5825,-9.5746,11440000.0
1988-03-25,-9.5758,-9.5713,-9.5825,-9.5813,4680000.0
1988-03-28,-9.5825,-9.5669,-9.587,-9.5691,6160000.0
1988-03-29,-9.5691,-9.5646,-9.5769,-9.5736,7640000.0
1988-03-30,-9.5758,-9.5713,-9.5937,-9.587,13280000.0
1988-03-31,-9.5847,-9.578,-9.5892,-9.5825,7760000.0
1988-04-04,-9.5847,-9.578,-9.5959,-9.5937,6480000.0
1988-04-05,-9.5892,-9.587,-9.5959,-9.5892,5280000.0
1988-04-06,-9.587,-9.5669,-9.5914,-9.5669,6800000.0
1988-04-07,-9.5669,-9.5613,-9.5758,-9.5758,5840000.0
1988-04-08,-9.5758,-9.5669,-9.5847,-9.5736,7240000.0
1988-04-11,-9.5669,-9.5646,-9.5736,-9.5691,5320000.0
1988-04-12,-9.5669,-9.5624,-9.5713,-9.5669,6200000.0
1988-04-13,-9.5669,-9.5646,-9.5736,-9.5713,5120000.0
1988-04-14,-9.578,-9.5691,-9.5914,-9.587,6720000.0
1988-04-15,-9.5847,-9.5825,-9.5959,-9.587,8320000.0
1988-04-18,-9.5847,-9.5758,-9.5892,-9.5825,6080000.0
1988-04-19,-9.5813,-9.5691,-9.5813,-9.5803,7596400.0
1988-04-20,-9.5803,-9.578,-9.5892,-9.5847,7680000.0
1988-04-21,-9.5791,-9.578,-9.5914,-9.587,6360000.0
1988-04-22,-9.5847,-9.5803,-9.587,-9.5813,3846800.0
1988-04-25,-9.5803,-9.5736,-9.5825,-9.5746,5360000.0
1988-04-26,-9.5736,-9.5669,-9.5758,-9.5691,6280000.0
1988-04-27,-9.5669,-9.5646,-9.5691,-9.5669,4520000.0
1988-04-28,-9.5669,-9.5646,-9.5713,-9.5702,3553600.0
1988-04-29,-9.5713,-9.5691,-9.578,-9.5736,3222000.0
1988-05-02,-9.5758,-9.5713,-9.578,-9.5736,2944400.0
1988-05-03,-9.5736,-9.5624,-9.5758,-9.5669,4440000.0
1988-05-04,-9.5657,-9.5546,-9.5669,-9.5646,8000000.0
1988-05-05,-9.5646,-9.5624,-9.5691,-9.5669,2536800.0
1988-05-06,-9.5679,-9.5669,-9.5713,-9.5713,3835600.0
1988-05-09,-9.5713,-9.5713,-9.578,-9.5758,2732000.0
1988-05-10,-9.578,-9.5736,-9.5803,-9.5746,3439200.0
1988-05-11,-9.5803,-9.5758,-9.587,-9.587,6240000.0
1988-05-12,-9.587,-9.5803,-9.587,-9.5847,2965600.0
1988-05-13,-9.5803,-9.578,-9.5825,-9.578,2566800.0
1988-05-16,-9.578,-9.5702,-9.5825,-9.5713,2686800.0
1988-05-17,-9.5691,-9.5646,-9.5802,-9.578,6920000.0
1988-05-18,-9.578,-9.5758,-9.5869,-9.5847,6240000.0
1988-05-19,-9.5869,-9.5847,-9.5959,-9.5914,8920000.0
1988-05-20,-9.5892,-9.5869,-9.5936,-9.5936,2941200.0
1988-05-23,-9.5959,-9.5925,-9.6059,-9.6003,6560000.0
1988-05-24,-9.6003,-9.5914,-9.6026,-9.5925,5080000.0
1988-05-25,-9.5914,-9.5847,-9.5959,-9.5959,4840000.0
1988-05-26,-9.5959,-9.5869,-9.5959,-9.588,3076800.0
1988-05-27,-9.5892,-9.5825,-9.5914,-9.5847,3020000.0
1988-05-31,-9.5825,-9.5691,-9.5847,-9.5691,4400000.0
1988-06-01,-9.5691,-9.5602,-9.5713,-9.5602,8200000.0
1988-06-02,-9.5646,-9.5602,-9.5691,-9.5669,4760000.0
1988-06-03,-9.5669,-9.5535,-9.5669,-9.5557,6280000.0
1988-06-06,-9.5579,-9.5468,-9.5579,-9.5468,5880000.0
1988-06-07,-9.549,-9.5356,-9.5512,-9.5468,11120000.0
1988-06-08,-9.5445,-9.5334,-9.5468,-9.5378,9240000.0
1988-06-09,-9.5378,-9.5356,-9.5535,-9.5512,9640000.0
1988-06-10,-9.5512,-9.5401,-9.5557,-9.5423,6320000.0
1988-06-13,-9.5378,-9.5356,-9.5445,-9.5378,5320000.0
1988-06-14,-9.5356,-9.5289,-9.5378,-9.5356,10445600.0
1988-06-15,-9.5356,-9.5311,-9.5378,-9.5311,4360000.0
1988-06-16,-9.5378,-9.5356,-9.5445,-9.5423,3854400.0
1988-06-17,-9.5401,-9.5401,-9.5445,-9.5401,3410800.0
1988-06-20,-9.5434,-9.5401,-9.5468,-9.5456,2811200.0
1988-06-21,-9.5468,-9.5378,-9.5478,-9.5389,4422000.0
1988-06-22,-9.5334,-9.53,-9.5378,-9.5322,6998000.0
1988-06-23,-9.5311,-9.5311,-9.5378,-9.5378,2566400.0
1988-06-24,-9.5378,-9.5334,-9.5423,-9.5378,2684400.0
1988-06-27,-9.5423,-9.5344,-9.5423,-9.5423,3001200.0
1988-06-28,-9.5401,-9.5267,-9.5423,-9.5267,5809200.0
1988-06-29,-9.5289,-9.5222,-9.5311,-9.5255,5125200.0
1988-06-30,-9.5267,-9.5222,-9.5289,-9.5267,4104800.0
1988-07-01,-9.5244,-9.521,-9.5267,-9.5244,3385600.0
1988-07-05,-9.5244,-9.5177,-9.5277,-9.5177,3736400.0
1988-07-06,-9.5188,-9.5155,-9.5277,-9.5244,5608800.0
1988-07-07,-9.5244,-9.5244,-9.5356,-9.53,3778000.0
1988-07-08,-9.5334,-9.5289,-9.5378,-9.5356,3766400.0
1988-07-11,-9.5334,-9.5334,-9.5389,-9.5367,2646400.0
1988-07-12,-9.5378,-9.5356,-9.5423,-9.5401,3605600.0
1988-07-13,-9.5401,-9.5378,-9.5445,-9.5401,4132000.0
1988-07-14,-9.5401,-9.5356,-9.5423,-9.5378,2245200.0
1988-07-15,-9.5378,-9.5334,-9.5401,-9.5378,2968000.0
1988-07-18,-9.5344,-9.5289,-9.5356,-9.5334,4061200.0
1988-07-19,-9.5378,-9.5334,-9.5478,-9.5401,4372400.0
1988-07-20,-9.5401,-9.5378,-9.5468,-9.5445,4293600.0
1988-07-21,-9.549,-9.5468,-9.5579,-9.5557,5323600.0
1988-07-22,-9.5557,-9.5535,-9.5602,-9.5602,3724800.0
1988-07-25,-9.5579,-9.5535,-9.5624,-9.5579,3794400.0
1988-07-26,-9.5579,-9.5535,-9.5624,-9.5579,3640800.0
1988-07-27,-9.5579,-9.5535,-9.5602,-9.5579,4162400.0
1988-07-28,-9.5602,-9.5557,-9.5624,-9.559,3326800.0
1988-07-29,-9.5535,-9.5423,-9.5557,-9.5434,5697600.0
1988-08-01,-9.5423,-9.5311,-9.5445,-9.5378,3085600.0
1988-08-02,-9.5378,-9.5334,-9.5423,-9.5411,4338000.0
1988-08-03,-9.5401,-9.5401,-9.5468,-9.5401,3980800.0
1988-08-04,-9.5401,-9.5356,-9.5423,-9.5411,2473200.0
1988-08-05,-9.5423,-9.5378,-9.5445,-9.5445,1881200.0
1988-08-08,-9.5423,-9.5401,-9.5468,-9.5468,1085600.0
1988-08-09,-9.5468,-9.5445,-9.5557,-9.5512,6090800.0
1988-08-10,-9.549,-9.549,-9.5669,-9.5657,5300800.0
1988-08-11,-9.5624,-9.5535,-9.5646,-9.5535,3803200.0
1988-08-12,-9.5557,-9.5557,-9.5624,-9.5602,2771200.0
1988-08-15,-9.5624,-9.5624,-9.578,-9.5713,5971200.0
1988-08-16,-9.5735,-9.5534,-9.5758,-9.5601,4397600.0
1988-08-17,-9.5601,-9.5579,-9.5668,-9.5646,4252400.0
1988-08-18,-9.5646,-9.5557,-9.5668,-9.5601,2648000.0
1988-08-19,-9.5601,-9.5579,-9.578,-9.5758,8120000.0
1988-08-22,-9.5802,-9.5758,-9.5869,-9.5847,6100000.0
1988-08-23,-9.5847,-9.5802,-9.5891,-9.5869,5843200.0
1988-08-24,-9.5847,-9.5758,-9.5869,-9.5758,4482000.0
1988-08-25,-9.5802,-9.578,-9.5891,-9.5813,4560000.0
1988-08-26,-9.5824,-9.5758,-9.5824,-9.5802,1453200.0
1988-08-29,-9.5758,-9.5735,-9.578,-9.5746,2046400.0
1988-08-30,-9.5758,-9.5735,-9.5824,-9.5746,1809200.0
1988-08-31,-9.5735,-9.5724,-9.5869,-9.5835,8493600.0
1988-09-01,-9.5847,-9.5847,-9.5958,-9.5924,8818800.0
1988-09-02,-9.5869,-9.5824,-9.5914,-9.5847,6661200.0
1988-09-06,-9.5824,-9.5824,-9.5936,-9.5924,5125200.0
1988-09-07,-9.5914,-9.5869,-9.6025,-9.5981,6417600.0
1988-09-08,-9.5981,-9.5869,-9.6025,-9.5936,7403200.0
1988-09-09,-9.5936,-9.5735,-9.6025,-9.578,8393200.0
1988-09-12,-9.5735,-9.5668,-9.5813,-9.5735,5290800.0
1988-09-13,-9.5802,-9.5713,-9.5824,-9.5735,4293600.0
1988-09-14,-9.5668,-9.5612,-9.5691,-9.5646,8520800.0
1988-09-15,-9.5646,-9.5579,-9.5691,-9.5679,5920000.0
1988-09-16,-9.5691,-9.5579,-9.5701,-9.5624,4431200.0
1988-09-19,-9.5646,-9.5624,-9.5713,-9.5668,3296400.0
1988-09-20,-9.5668,-9.5624,-9.5701,-9.5691,3682400.0
1988-09-21,-9.5668,-9.5557,-9.5691,-9.5579,3274800.0
1988-09-22,-9.5557,-9.5467,-9.5579,-9.5467,5203600.0
1988-09-23,-9.5512,-9.5445,-9.5512,-9.549,3638000.0
1988-09-26,-9.549,-9.5467,-9.5601,-9.5579,3124400.0
1988-09-27,-9.5601,-9.5512,-9.5601,-9.5523,5832400.0
1988-09-28,-9.5512,-9.5456,-9.5534,-9.5512,3038800.0
1988-09-29,-9.549,-9.5445,-9.5512,-9.5467,3804400.0
1988-09-30,-9.5467,-9.5467,-9.5534,-9.5534,3338800.0
1988-10-03,-9.5557,-9.5534,-9.5646,-9.5601,3243200.0
1988-10-04,-9.5624,-9.5579,-9.5724,-9.5691,1847600.0
1988-10-05,-9.5713,-9.5668,-9.578,-9.5746,4400000.0
1988-10-06,-9.578,-9.5746,-9.5891,-9.5847,6009200.0
1988-10-07,-9.5914,-9.5847,-9.5969,-9.5847,16355200.0
1988-10-10,-9.5869,-9.5847,-9.6048,-9.5958,11880000.0
1988-10-11,-9.5981,-9.5869,-9.5981,-9.5914,6964400.0
1988-10-12,-9.5958,-9.5914,-9.6003,-9.5936,4763600.0
1988-10-13,-9.5958,-9.5847,-9.5958,-9.5914,5892400.0
1988-10-14,-9.5869,-9.5869,-9.5991,-9.5936,5625200.0
1988-10-17,-9.5958,-9.5914,-9.5981,-9.5958,3360800.0
1988-10-18,-9.5914,-9.5869,-9.5981,-9.588,5100000.0
1988-10-19,-9.5847,-9.5758,-9.5869,-9.5824,9918000.0
1988-10-20,-9.5824,-9.5679,-9.5824,-9.5691,6215200.0
1988-10-21,-9.5713,-9.5668,-9.5758,-9.5735,4422400.0
1988-10-24,-9.5713,-9.5713,-9.5858,-9.5824,4842400.0
1988-10-25,-9.5802,-9.5802,-9.5847,-9.5835,3043600.0
1988-10-26,-9.5824,-9.5824,-9.5958,-9.5891,6751200.0
1988-10-27,-9.5936,-9.5891,-9.5981,-9.5914,5138000.0
1988-10-28,-9.5914,-9.5869,-9.5958,-9.5958,3026800.0
1988-10-31,-9.5936,-9.5936,-9.6048,-9.5947,8695200.0
1988-11-01,-9.5958,-9.5936,-9.6025,-9.6003,5138800.0
1988-11-02,-9.5981,-9.5981,-9.6115,-9.607,7451200.0
1988-11-03,-9.607,-9.6048,-9.6115,-9.6081,8670000.0
1988-11-04,-9.6115,-9.6003,-9.6115,-9.6025,5500000.0
1988-11-07,-9.607,-9.6025,-9.6092,-9.6048,6093600.0
1988-11-08,-9.6048,-9.5936,-9.6058,-9.5958,5540800.0
1988-11-09,-9.5981,-9.588,-9.6003,-9.5891,7206800.0
1988-11-10,-9.5869,-9.5847,-9.5914,-9.5869,3573200.0
1988-11-11,-9.5914,-9.5858,-9.5958,-9.5958,3882400.0
1988-11-14,-9.5936,-9.5914,-9.5981,-9.5924,3046400.0
1988-11-15,-9.5914,-9.5891,-9.5936,-9.5914,2866800.0
1988-11-16,-9.5914,-9.5891,-9.6025,-9.6003,5280000.0
1988-11-17,-9.6003,-9.5958,-9.6003,-9.5981,2841200.0
1988-11-18,-9.5958,-9.5958,-9.6003,-9.6003,2066400.0
1988-11-21,-9.6047,-9.6025,-9.6159,-9.6125,7928000.0
1988-11-22,-9.6137,-9.6103,-9.6181,-9.617,5299200.0
1988-11-23,-9.6204,-9.6092,-9.6226,-9.6103,6733200.0
1988-11-25,-9.6159,-9.6114,-9.6181,-9.6137,1727600.0
1988-11-28,-9.6137,-9.6114,-9.6181,-9.6137,4986800.0
1988-11-29,-9.6137,-9.6114,-9.6181,-9.6114,3326400.0
1988-11-30,-9.6114,-9.6003,-9.6114,-9.6036,6013600.0
1988-12-01,-9.6025,-9.5913,-9.6047,-9.5936,7586800.0
1988-12-02,-9.598,-9.5835,-9.6003,-9.5891,11940000.0
1988-12-05,-9.5869,-9.5824,-9.5936,-9.5869,5534400.0
1988-12-06,-9.5891,-9.5846,-9.5913,-9.5869,3763200.0
1988-12-07,-9.5913,-9.5869,-9.5936,-9.588,3518800.0
1988-12-08,-9.5891,-9.5891,-9.5936,-9.5902,2125600.0
1988-12-09,-9.5891,-9.5869,-9.5936,-9.5902,1608800.0
1988-12-12,-9.5891,-9.5869,-9.5958,-9.5958,4215600.0
1988-12-13,-9.5958,-9.5936,-9.598,-9.5936,4386400.0
1988-12-14,-9.5958,-9.5824,-9.5958,-9.5846,6916800.0
1988-12-15,-9.5824,-9.578,-9.5891,-9.5869,4032000.0
1988-12-16,-9.5869,-9.578,-9.5891,-9.5813,6572000.0
1988-12-19,-9.5802,-9.5735,-9.5824,-9.5757,8373600.0
1988-12-20,-9.5735,-9.569,-9.5768,-9.5735,9810800.0
1988-12-21,-9.5735,-9.5646,-9.5735,-9.5668,8642400.0
1988-12-22,-9.5668,-9.5646,-9.5757,-9.5735,3802000.0
1988-12-23,-9.5735,-9.5701,-9.5735,-9.5723,1475600.0
1988-12-27,-9.5735,-9.569,-9.578,-9.578,2155200.0
1988-12-28,-9.578,-9.5757,-9.5846,-9.5802,1841200.0
1988-12-29,-9.5802,-9.5757,-9.5802,-9.578,4212000.0
1988-12-30,-9.578,-9.5713,-9.5802,-9.5802,2938800.0
1989-01-03,-9.5802,-9.578,-9.5824,-9.579,3578800.0
1989-01-04,-9.5757,-9.5634,-9.578,-9.5646,8575200.0
1989-01-05,-9.5646,-9.5534,-9.5713,-9.5623,10985200.0
1989-01-06,-9.5623,-9.5512,-9.5623,-9.5589,7103600.0
1989-01-09,-9.5556,-9.5545,-9.5623,-9.5556,2850800.0
1989-01-10,-9.5601,-9.5567,-9.569,-9.5589,3695600.0
1989-01-11,-9.5623,-9.5601,-9.5713,-9.5634,5585200.0
1989-01-12,-9.5623,-9.5556,-9.5646,-9.5579,5373200.0
1989-01-13,-9.5579,-9.5512,-9.5612,-9.5534,6928000.0
1989-01-16,-9.5534,-9.5467,-9.5556,-9.5489,6033200.0
1989-01-17,-9.5534,-9.5512,-9.5824,-9.579,27033600.0
1989-01-18,-9.5757,-9.5723,-9.5869,-9.5846,17440800.0
1989-01-19,-9.578,-9.5735,-9.5824,-9.578,9155200.0
1989-01-20,-9.578,-9.569,-9.5802,-9.5735,6207600.0
1989-01-23,-9.5757,-9.5713,-9.5757,-9.5735,6452000.0
1989-01-24,-9.5735,-9.5668,-9.5757,-9.5679,7983200.0
1989-01-25,-9.5668,-9.5646,-9.5735,-9.569,3963200.0
1989-01-26,-9.5757,-9.5634,-9.5768,-9.5668,10203600.0
1989-01-27,-9.598,-9.5891,-9.6159,-9.6036,75976400.0
1989-01-30,-9.6036,-9.6003,-9.607,-9.6058,20961200.0
1989-01-31,-9.607,-9.6025,-9.6114,-9.6025,16442000.0
1989-02-01,-9.6025,-9.5857,-9.6058,-9.5891,17420000.0
1989-02-02,-9.5869,-9.5802,-9.5891,-9.5846,16927600.0
1989-02-03,-9.5824,-9.5802,-9.5913,-9.5891,6406400.0
1989-02-06,-9.5869,-9.5869,-9.598,-9.5958,4174400.0
1989-02-07,-9.598,-9.5891,-9.598,-9.5913,5908800.0
1989-02-08,-9.5913,-9.5869,-9.6003,-9.598,5612000.0
1989-02-09,-9.598,-9.5913,-9.6003,-9.598,5756400.0
1989-02-10,-9.598,-9.598,-9.6092,-9.607,12441200.0
1989-02-13,-9.6114,-9.607,-9.6114,-9.6092,8422000.0
1989-02-14,-9.6103,-9.6092,-9.6248,-9.6204,31843200.0
1989-02-15,-9.6204,-9.6159,-9.6226,-9.6159,11812400.0
1989-02-16,-9.6159,-9.607,-9.6181,-9.6147,9138800.0
1989-02-17,-9.6159,-9.6092,-9.6159,-9.6114,4180800.0
1989-02-21,-9.6102,-9.6025,-9.6114,-9.6047,6808800.0
1989-02-22,-9.6069,-9.6047,-9.6136,-9.6114,8529200.0
1989-02-23,-9.6136,-9.6092,-9.6159,-9.6114,3409200.0
1989-02-24,-9.6092,-9.6092,-9.6181,-9.6181,5452000.0
1989-02-27,-9.6181,-9.6136,-9.6203,-9.6136,4151200.0
1989-02-28,-9.6136,-9.6114,-9.6181,-9.6159,6290000.0
1989-03-01,-9.6159,-9.6136,-9.6226,-9.6181,6096400.0
1989-03-02,-9.6203,-9.6159,-9.6293,-9.627,13440800.0
1989-03-03,-9.6248,-9.6248,-9.636,-9.6293,13854400.0
1989-03-06,-9.627,-9.6192,-9.6315,-9.6226,6028800.0
1989-03-07,-9.6226,-9.6181,-9.627,-9.6203,9327600.0
1989-03-08,-9.6214,-9.6159,-9.6248,-9.6248,7727600.0
1989-03-09,-9.6248,-9.6203,-9.6315,-9.6315,4768800.0
1989-03-10,-9.6315,-9.627,-9.6337,-9.627,3684400.0
1989-03-13,-9.627,-9.6226,-9.6293,-9.627,4683600.0
1989-03-14,-9.627,-9.6226,-9.6281,-9.6248,5796800.0
1989-03-15,-9.6248,-9.6226,-9.6293,-9.627,3225600.0
1989-03-16,-9.627,-9.6226,-9.6315,-9.6248,6880000.0
1989-03-17,-9.6315,-9.6203,-9.636,-9.6281,8485200.0
1989-03-20,-9.627,-9.6248,-9.6315,-9.6281,6480800.0
1989-03-21,-9.6226,-9.6226,-9.6293,-9.6281,4588800.0
1989-03-22,-9.6337,-9.6293,-9.6382,-9.637,5180800.0
1989-03-23,-9.636,-9.6315,-9.6382,-9.6326,4250800.0
1989-03-27,-9.6337,-9.6315,-9.6404,-9.6382,5425600.0
1989-03-28,-9.636,-9.6315,-9.636,-9.636,5047600.0
1989-03-29,-9.636,-9.6315,-9.636,-9.6337,2666800.0
1989-03-30,-9.6337,-9.627,-9.636,-9.6293,3780800.0
1989-03-31,-9.627,-9.6203,-9.6293,-9.6214,6630800.0
1989-04-03,-9.6226,-9.6159,-9.6293,-9.627,5949200.0
1989-04-04,-9.6315,-9.6281,-9.637,-9.6315,4140800.0
1989-04-05,-9.6315,-9.6248,-9.6337,-9.627,4303200.0
1989-04-06,-9.6293,-9.6169,-9.6315,-9.6181,5598800.0
1989-04-07,-9.6181,-9.6047,-9.6181,-9.6058,12699200.0
1989-04-10,-9.6069,-9.6002,-9.6114,-9.6092,4854400.0
1989-04-11,-9.6047,-9.6002,-9.6092,-9.6025,5252400.0
1989-04-12,-9.598,-9.5891,-9.6013,-9.5958,13862000.0
1989-04-13,-9.5935,-9.5869,-9.598,-9.5958,6493200.0
1989-04-14,-9.5913,-9.5891,-9.598,-9.5935,4408800.0
1989-04-17,-9.5958,-9.5891,-9.6002,-9.5891,5008000.0
1989-04-18,-9.5869,-9.5779,-9.5891,-9.5812,20055200.0
1989-04-19,-9.5824,-9.5678,-9.5846,-9.5745,15215600.0
1989-04-20,-9.5757,-9.569,-9.5802,-9.5757,6434400.0
1989-04-21,-9.5779,-9.5745,-9.5846,-9.5812,4132000.0
1989-04-24,-9.5824,-9.5802,-9.5869,-9.5812,3977600.0
1989-04-25,-9.5824,-9.5779,-9.5846,-9.5824,4165600.0
1989-04-26,-9.5824,-9.5802,-9.5902,-9.5846,6652000.0
1989-04-27,-9.5869,-9.5824,-9.5913,-9.5879,4988000.0
1989-04-28,-9.5891,-9.5869,-9.5958,-9.5913,3725600.0
1989-05-01,-9.5958,-9.5891,-9.5958,-9.5913,2881200.0
1989-05-02,-9.5913,-9.5802,-9.5913,-9.5835,7719200.0
1989-05-03,-9.5846,-9.5757,-9.5846,-9.5802,7896800.0
1989-05-04,-9.5802,-9.5712,-9.5824,-9.5735,6762000.0
1989-05-05,-9.5601,-9.5578,-9.569,-9.569,16464400.0
1989-05-08,-9.569,-9.5623,-9.569,-9.5623,7373600.0
1989-05-09,-9.5645,-9.5556,-9.5645,-9.5601,12398800.0
1989-05-10,-9.5556,-9.5511,-9.5601,-9.5534,8380000.0
1989-05-11,-9.5534,-9.5444,-9.5556,-9.5477,10763600.0
1989-05-12,-9.5422,-9.5377,-9.5467,-9.5377,16685600.0
1989-05-15,-9.54,-9.5266,-9.54,-9.5288,11372400.0
1989-05-16,-9.5288,-9.5266,-9.5377,-9.5344,8170800.0
1989-05-17,-9.5355,-9.5333,-9.5377,-9.5355,8892400.0
1989-05-18,-9.5355,-9.5333,-9.54,-9.54,7558800.0
1989-05-19,-9.54,-9.5266,-9.54,-9.531,11820800.0
1989-05-22,-9.531,-9.5266,-9.5355,-9.5288,6800000.0
1989-05-23,-9.5288,-9.5288,-9.5355,-9.5332,4803600.0
1989-05-24,-9.5355,-9.5132,-9.5355,-9.5132,10645200.0
1989-05-25,-9.5176,-9.502,-9.5176,-9.5087,8309200.0
1989-05-26,-9.5087,-9.502,-9.5109,-9.5065,4028800.0
1989-05-30,-9.5087,-9.502,-9.5165,-9.5154,4018000.0
1989-05-31,-9.5154,-9.5098,-9.5199,-9.5132,4134400.0
1989-06-01,-9.5132,-9.4998,-9.5154,-9.5042,6416800.0
1989-06-02,-9.5065,-9.4975,-9.5065,-9.502,4448800.0
1989-06-05,-9.5042,-9.502,-9.5243,-9.5199,4451200.0
1989-06-06,-9.5221,-9.5199,-9.5266,-9.5221,5189200.0
1989-06-07,-9.5221,-9.5065,-9.5221,-9.5087,6293200.0
1989-06-08,-9.5065,-9.502,-9.5176,-9.5142,6378800.0
1989-06-09,-9.5176,-9.5132,-9.5243,-9.5199,3378800.0
1989-06-12,-9.5221,-9.5132,-9.5266,-9.5154,2892400.0
1989-06-13,-9.5154,-9.5042,-9.5199,-9.5065,8254400.0
1989-06-14,-9.502,-9.4908,-9.5087,-9.4964,8983600.0
1989-06-15,-9.4975,-9.4953,-9.5154,-9.5154,5766800.0
1989-06-16,-9.5399,-9.5332,-9.5511,-9.5422,19378000.0
1989-06-19,-9.5422,-9.5399,-9.5511,-9.5466,6551200.0
1989-06-20,-9.5466,-9.5466,-9.5623,-9.5556,4807600.0
1989-06-21,-9.5556,-9.5511,-9.5623,-9.56,4659200.0
1989-06-22,-9.56,-9.5489,-9.5645,-9.5533,4911200.0
1989-06-23,-9.5533,-9.5444,-9.5533,-9.5477,4438800.0
1989-06-26,-9.5466,-9.5466,-9.5533,-9.5511,6568800.0
1989-06-27,-9.5489,-9.5444,-9.56,-9.5589,3788000.0
1989-06-28,-9.5623,-9.5623,-9.5734,-9.5667,9190800.0
1989-06-29,-9.5734,-9.5712,-9.5824,-9.5767,8351200.0
1989-06-30,-9.5779,-9.5667,-9.5868,-9.5712,5885600.0
1989-07-03,-9.5667,-9.5667,-9.5757,-9.5757,1730800.0
1989-07-05,-9.5779,-9.5757,-9.5824,-9.5779,4264400.0
1989-07-06,-9.5757,-9.5667,-9.5801,-9.5712,6218000.0
1989-07-07,-9.5712,-9.5645,-9.5779,-9.5712,3806400.0
1989-07-10,-9.5734,-9.5712,-9.5824,-9.5779,7294400.0
1989-07-11,-9.5757,-9.5734,-9.5846,-9.5846,8729200.0
1989-07-12,-9.5846,-9.5801,-9.5868,-9.5824,4452000.0
1989-07-13,-9.5824,-9.5734,-9.5868,-9.5767,8057600.0
1989-07-14,-9.5757,-9.5734,-9.5846,-9.5757,9206800.0
1989-07-17,-9.5757,-9.5712,-9.5846,-9.5757,4694400.0
1989-07-18,-9.5757,-9.5757,-9.5935,-9.5891,17050800.0
1989-07-19,-9.5868,-9.5757,-9.5913,-9.5779,8543200.0
1989-07-20,-9.5757,-9.5712,-9.5846,-9.5824,8448800.0
1989-07-21,-9.5846,-9.5824,-9.5913,-9.5824,4993600.0
1989-07-24,-9.5846,-9.5846,-9.5891,-9.5891,4154800.0
1989-07-25,-9.5891,-9.5846,-9.6002,-9.5935,7502400.0
1989-07-26,-9.598,-9.5957,-9.6024,-9.598,8363600.0
1989-07-27,-9.598,-9.5868,-9.6002,-9.5891,6193200.0
1989-07-28,-9.5891,-9.5846,-9.5913,-9.5879,4274400.0
1989-07-31,-9.5891,-9.5824,-9.5913,-9.5846,4014800.0
1989-08-01,-9.5846,-9.5801,-9.5891,-9.5834,4996800.0
1989-08-02,-9.5846,-9.5779,-9.5868,-9.5779,3633600.0
1989-08-03,-9.5779,-9.569,-9.5779,-9.5712,6185600.0
1989-08-04,-9.5712,-9.5578,-9.5723,-9.5578,6564400.0
1989-08-07,-9.5556,-9.5466,-9.5589,-9.5489,6012000.0
1989-08-08,-9.5511,-9.5399,-9.5511,-9.5455,7366400.0
1989-08-09,-9.5466,-9.531,-9.5477,-9.5466,6975600.0
1989-08-10,-9.5466,-9.5466,-9.5578,-9.5533,5442400.0
1989-08-11,-9.5466,-9.5466,-9.5712,-9.5656,8226800.0
1989-08-14,-9.569,-9.5645,-9.5779,-9.5757,3690800.0
1989-08-15,-9.5757,-9.569,-9.5757,-9.57,5852000.0
1989-08-16,-9.569,-9.5667,-9.5824,-9.579,4318800.0
1989-08-17,-9.5801,-9.5712,-9.5824,-9.5734,5495600.0
1989-08-18,-9.5667,-9.56,-9.569,-9.5623,3003600.0
1989-08-21,-9.5622,-9.5533,-9.5645,-9.5622,4923600.0
1989-08-22,-9.5645,-9.5555,-9.5645,-9.5566,4013200.0
1989-08-23,-9.5555,-9.5444,-9.56,-9.5488,6202400.0
1989-08-24,-9.5488,-9.5421,-9.5511,-9.5454,5829200.0
1989-08-25,-9.5466,-9.5377,-9.5466,-9.5399,5766400.0
1989-08-28,-9.5421,-9.5377,-9.5466,-9.5399,2936800.0
1989-08-29,-9.5399,-9.5377,-9.5488,-9.5454,6339200.0
1989-08-30,-9.5466,-9.5399,-9.5466,-9.5421,4161200.0
1989-08-31,-9.5421,-9.5377,-9.5444,-9.5421,2016400.0
1989-09-01,-9.5421,-9.5399,-9.5444,-9.541,2651200.0
1989-09-05,-9.5421,-9.5343,-9.5421,-9.5399,4112400.0
1989-09-06,-9.5399,-9.5388,-9.5466,-9.5399,3108800.0
1989-09-07,-9.5399,-9.5332,-9.5399,-9.5399,4083200.0
1989-09-08,-9.5399,-9.5354,-9.5421,-9.5377,2013200.0
1989-09-11,-9.5399,-9.5288,-9.5421,-9.531,3522000.0
1989-09-12,-9.5332,-9.5221,-9.5377,-9.5288,3710800.0
1989-09-13,-9.5265,-9.5231,-9.5377,-9.5377,4616400.0
1989-09-14,-9.5377,-9.5354,-9.5421,-9.5399,4693600.0
1989-09-15,-9.5377,-9.5354,-9.5444,-9.5377,4470800.0
1989-09-18,-9.5421,-9.5377,-9.5466,-9.5466,2264400.0
1989-09-19,-9.5444,-9.5421,-9.5555,-9.5533,2888800.0
1989-09-20,-9.5466,-9.5377,-9.5488,-9.541,4230800.0
1989-09-21,-9.5377,-9.5288,-9.5444,-9.5399,7186800.0
1989-09-22,-9.5399,-9.5354,-9.5444,-9.5388,2605600.0
1989-09-25,-9.5399,-9.531,-9.5399,-9.5354,4875600.0
1989-09-26,-9.5377,-9.5332,-9.5399,-9.5354,2762400.0
1989-09-27,-9.5444,-9.5365,-9.5466,-9.5399,3229200.0
1989-09-28,-9.5377,-9.531,-9.5377,-9.5332,2856800.0
1989-09-29,-9.5354,-9.5332,-9.5421,-9.5421,2500800.0
1989-10-02,-9.5421,-9.5399,-9.5488,-9.5432,4922400.0
1989-10-03,-9.5444,-9.5421,-9.5544,-9.5499,6094400.0
1989-10-04,-9.5488,-9.541,-9.5511,-9.5444,5687600.0
1989-10-05,-9.5421,-9.5243,-9.5444,-9.5332,8760000.0
1989-10-06,-9.5265,-9.5087,-9.5288,-9.5097,12939200.0
1989-10-09,-9.5109,-9.4953,-9.5154,-9.4975,6997600.0
1989-10-10,-9.4953,-9.4896,-9.5064,-9.4975,10262400.0
1989-10-11,-9.5042,-9.4997,-9.5109,-9.503,5608800.0
1989-10-12,-9.502,-9.4997,-9.5064,-9.5042,2969200.0
1989-10-13,-9.5042,-9.4975,-9.5377,-9.531,7195600.0
1989-10-16,-9.5399,-9.5221,-9.56,-9.5221,15184400.0
1989-10-17,-9.5288,-9.5042,-9.5377,-9.5176,8935600.0
1989-10-18,-9.5243,-9.5087,-9.5288,-9.5087,5157600.0
1989-10-19,-9.5087,-9.4975,-9.5087,-9.5042,4016800.0
1989-10-20,-9.5131,-9.4997,-9.5154,-9.5109,9350800.0
1989-10-23,-9.5109,-9.5087,-9.5265,-9.5221,4375600.0
1989-10-24,-9.5265,-9.5064,-9.5354,-9.5142,7735600.0
1989-10-25,-9.5131,-9.5131,-9.5265,-9.5243,4263600.0
1989-10-26,-9.5332,-9.5243,-9.5377,-9.5354,6048000.0
1989-10-27,-9.5354,-9.531,-9.5421,-9.5354,4634400.0
1989-10-30,-9.5332,-9.5288,-9.5377,-9.531,3121200.0
1989-10-31,-9.531,-9.5243,-9.5332,-9.5243,3288800.0
1989-11-01,-9.5265,-9.5221,-9.531,-9.5276,2199200.0
1989-11-02,-9.5377,-9.5377,-9.5555,-9.5466,16170800.0
1989-11-03,-9.5466,-9.5421,-9.5533,-9.5533,6258800.0
1989-11-06,-9.5511,-9.5466,-9.5555,-9.5533,4416400.0
1989-11-07,-9.5533,-9.5421,-9.5533,-9.5466,5406800.0
1989-11-08,-9.5444,-9.5354,-9.5444,-9.5377,5102000.0
1989-11-09,-9.5377,-9.5288,-9.5421,-9.5288,3166400.0
1989-11-10,-9.531,-9.5198,-9.531,-9.5221,2336800.0
1989-11-13,-9.5243,-9.5176,-9.5243,-9.5243,2445600.0
1989-11-14,-9.5243,-9.5221,-9.5421,-9.5399,3021200.0
1989-11-15,-9.5377,-9.5354,-9.5466,-9.5444,3499200.0
1989-11-16,-9.5421,-9.5399,-9.5488,-9.5399,3453600.0
1989-11-17,-9.5421,-9.5354,-9.5421,-9.5399,3164400.0
1989-11-20,-9.5376,-9.5332,-9.5421,-9.5354,3870800.0
1989-11-21,-9.5354,-9.5243,-9.5354,-9.5354,5013600.0
1989-11-22,-9.5332,-9.5309,-9.5421,-9.5399,3508000.0
1989-11-24,-9.5399,-9.5376,-9.5399,-9.5399,1014400.0
1989-11-27,-9.5399,-9.5354,-9.5488,-9.5466,3774800.0
1989-11-28,-9.5488,-9.5443,-9.5577,-9.5454,4854400.0
1989-11-29,-9.551,-9.5443,-9.56,-9.5466,5475200.0
1989-11-30,-9.5488,-9.5421,-9.551,-9.5443,2280800.0
1989-12-01,-9.5421,-9.5376,-9.5499,-9.5466,5235200.0
1989-12-04,-9.5488,-9.5332,-9.5488,-9.5354,3498000.0
1989-12-05,-9.5354,-9.5309,-9.5421,-9.5376,4364800.0
1989-12-06,-9.5376,-9.5354,-9.5734,-9.5577,11965600.0
1989-12-07,-9.5622,-9.5533,-9.5644,-9.5577,6378800.0
1989-12-08,-9.56,-9.5555,-9.5711,-9.5667,9032400.0
1989-12-11,-9.5734,-9.5689,-9.5968,-9.589,23223200.0
1989-12-12,-9.589,-9.5868,-9.6269,-9.618,36634400.0
1989-12-13,-9.618,-9.6135,-9.6225,-9.618,13920000.0
1989-12-14,-9.6202,-9.6168,-9.6314,-9.628,10886400.0
1989-12-15,-9.6292,-9.6269,-9.6493,-9.6381,18520800.0
1989-12-18,-9.6381,-9.6269,-9.6381,-9.6292,10978000.0
1989-12-19,-9.6314,-9.6225,-9.6314,-9.6269,8977600.0
1989-12-20,-9.6202,-9.6158,-9.6247,-9.6202,6377600.0
1989-12-21,-9.6202,-9.6158,-9.6225,-9.6158,10889200.0
1989-12-22,-9.6158,-9.6068,-9.618,-9.6135,6610800.0
1989-12-26,-9.6113,-9.6113,-9.6247,-9.6225,4849200.0
1989-12-27,-9.6225,-9.6202,-9.6269,-9.6258,9189200.0
1989-12-28,-9.6269,-9.6247,-9.6336,-9.6302,5403200.0
1989-12-29,-9.6292,-9.6202,-9.6325,-9.6247,5445200.0
1990-01-02,-9.6247,-9.6046,-9.6269,-9.6068,6555600.0
1990-01-03,-9.6001,-9.6001,-9.6046,-9.6046,7444400.0
1990-01-04,-9.5979,-9.5934,-9.6068,-9.6034,7928800.0
1990-01-05,-9.6024,-9.5979,-9.6091,-9.6024,4406400.0
1990-01-08,-9.6046,-9.6001,-9.6091,-9.6001,3643200.0
1990-01-09,-9.6001,-9.6001,-9.6091,-9.6034,3096800.0
1990-01-10,-9.6034,-9.6034,-9.6202,-9.618,7140000.0
1990-01-11,-9.6158,-9.6158,-9.6314,-9.6314,7547600.0
1990-01-12,-9.6336,-9.6292,-9.6381,-9.6314,6150000.0
1990-01-15,-9.6314,-9.6202,-9.6336,-9.6336,5785600.0
1990-01-16,-9.6403,-9.6269,-9.647,-9.628,7658000.0
1990-01-17,-9.6292,-9.6292,-9.6448,-9.6426,7050000.0
1990-01-18,-9.6448,-9.6403,-9.6515,-9.6503,9760800.0
1990-01-19,-9.6381,-9.6314,-9.6403,-9.6336,9485600.0
1990-01-22,-9.6359,-9.6314,-9.6426,-9.6426,5200800.0
1990-01-23,-9.6381,-9.6336,-9.6448,-9.6381,5048800.0
1990-01-24,-9.6493,-9.6336,-9.6515,-9.6359,6077600.0
1990-01-25,-9.6336,-9.6292,-9.6359,-9.6347,3996800.0
1990-01-26,-9.6359,-9.6359,-9.6515,-9.647,6492000.0
1990-01-29,-9.6448,-9.6403,-9.6526,-9.6426,4284800.0
1990-01-30,-9.6426,-9.6314,-9.6448,-9.6359,4180800.0
1990-01-31,-9.6314,-9.6292,-9.6448,-9.6359,5152400.0
1990-02-01,-9.6314,-9.6302,-9.6403,-9.6392,4193200.0
1990-02-02,-9.6426,-9.6292,-9.6426,-9.6336,4248800.0
1990-02-05,-9.6336,-9.6247,-9.6359,-9.6269,3653200.0
1990-02-06,-9.6292,-9.6269,-9.6359,-9.6292,2640000.0
1990-02-07,-9.6448,-9.6359,-9.6493,-9.6426,11180800.0
1990-02-08,-9.6426,-9.6403,-9.6515,-9.6448,6680000.0
1990-02-09,-9.6403,-9.6314,-9.6426,-9.6336,6004400.0
1990-02-12,-9.6336,-9.6314,-9.6381,-9.6359,2695600.0
1990-02-13,-9.6359,-9.6269,-9.6381,-9.6314,3653600.0
1990-02-14,-9.6314,-9.6292,-9.6381,-9.6336,3448000.0
1990-02-15,-9.6381,-9.6336,-9.6403,-9.6336,3509200.0
1990-02-16,-9.6336,-9.6314,-9.6381,-9.6381,4556400.0
1990-02-20,-9.6403,-9.6381,-9.6448,-9.6403,4402400.0
1990-02-21,-9.647,-9.6336,-9.6492,-9.6358,6283600.0
1990-02-22,-9.6358,-9.6314,-9.6448,-9.6448,6976800.0
1990-02-23,-9.647,-9.6403,-9.647,-9.6425,5375600.0
1990-02-26,-9.6448,-9.6336,-9.6448,-9.6358,2844800.0
1990-02-27,-9.6358,-9.6336,-9.6403,-9.6403,2642000.0
1990-02-28,-9.6403,-9.6358,-9.6425,-9.6358,3918800.0
1990-03-01,-9.6403,-9.6291,-9.6425,-9.6336,7283200.0
1990-03-02,-9.6403,-9.6291,-9.6425,-9.6381,3761200.0
1990-03-05,-9.6403,-9.6291,-9.6403,-9.6314,6537600.0
1990-03-06,-9.6269,-9.6247,-9.6314,-9.6247,5578800.0
1990-03-07,-9.6269,-9.618,-9.6269,-9.6235,7301200.0
1990-03-08,-9.6202,-9.609,-9.6269,-9.6113,8013600.0
1990-03-09,-9.6113,-9.6046,-9.6157,-9.6101,8248800.0
1990-03-12,-9.6068,-9.6046,-9.6157,-9.6123,5864400.0
1990-03-13,-9.6135,-9.6068,-9.6157,-9.6101,5321200.0
1990-03-14,-9.6113,-9.6068,-9.6135,-9.609,3654800.0
1990-03-15,-9.6135,-9.6001,-9.6135,-9.6113,4302000.0
1990-03-16,-9.5823,-9.5756,-9.59,-9.58,23042400.0
1990-03-19,-9.5778,-9.5599,-9.5823,-9.561,15433200.0
1990-03-20,-9.5622,-9.5555,-9.5756,-9.5699,13984400.0
1990-03-21,-9.5711,-9.5622,-9.5711,-9.5677,5463200.0
1990-03-22,-9.5666,-9.5622,-9.5756,-9.5756,8292400.0
1990-03-23,-9.5711,-9.5555,-9.5733,-9.5622,8155200.0
1990-03-26,-9.5599,-9.5521,-9.5644,-9.5622,4581200.0
1990-03-27,-9.5644,-9.5622,-9.5711,-9.5644,3033600.0
1990-03-28,-9.5644,-9.5632,-9.5733,-9.5711,3696800.0
1990-03-29,-9.5733,-9.5689,-9.5756,-9.5722,3472000.0
1990-03-30,-9.5823,-9.5733,-9.5823,-9.58,7986400.0
1990-04-02,-9.5823,-9.5766,-9.5867,-9.58,5332000.0
1990-04-03,-9.5778,-9.5666,-9.5778,-9.5666,5006400.0
1990-04-04,-9.5689,-9.5644,-9.5756,-9.5711,5363200.0
1990-04-05,-9.5733,-9.5711,-9.5823,-9.58,3877600.0
1990-04-06,-9.58,-9.5711,-9.5845,-9.5833,4235600.0
1990-04-09,-9.5845,-9.5689,-9.5867,-9.5722,3771200.0
1990-04-10,-9.5711,-9.5644,-9.5733,-9.5711,4695600.0
1990-04-11,-9.5689,-9.5555,-9.5689,-9.5599,7620000.0
1990-04-12,-9.5555,-9.5465,-9.5599,-9.5532,7566800.0
1990-04-16,-9.551,-9.5443,-9.5532,-9.5488,8116400.0
1990-04-17,-9.5532,-9.551,-9.5577,-9.5532,4683600.0
1990-04-18,-9.5532,-9.5488,-9.5599,-9.5532,6925200.0
1990-04-19,-9.5666,-9.5543,-9.5823,-9.58,17215600.0
1990-04-20,-9.5744,-9.5689,-9.5845,-9.58,11573600.0
1990-04-23,-9.58,-9.5778,-9.5867,-9.5845,4597600.0
1990-04-24,-9.5823,-9.5778,-9.5956,-9.5934,10852000.0
1990-04-25,-9.5934,-9.5912,-9.5979,-9.5934,4743200.0
1990-04-26,-9.5912,-9.5867,-9.5989,-9.5923,5098000.0
1990-04-27,-9.5912,-9.5867,-9.5934,-9.59,4178800.0
1990-04-30,-9.5889,-9.5845,-9.5912,-9.5878,4888800.0
1990-05-01,-9.5845,-9.5823,-9.5878,-9.5856,5845200.0
1990-05-02,-9.5845,-9.5823,-9.5889,-9.5845,4857600.0
1990-05-03,-9.5845,-9.58,-9.5845,-9.5823,5950800.0
1990-05-04,-9.5823,-9.5756,-9.5889,-9.5823,6063200.0
1990-05-07,-9.5845,-9.5666,-9.5845,-9.5689,4866400.0
1990-05-08,-9.5733,-9.5644,-9.5733,-9.5666,4025600.0
1990-05-09,-9.5677,-9.5644,-9.5711,-9.5655,3491200.0
1990-05-10,-9.5666,-9.5666,-9.5778,-9.5699,6413600.0
1990-05-11,-9.5699,-9.5577,-9.5756,-9.5588,7691200.0
1990-05-14,-9.5577,-9.5577,-9.5711,-9.5666,8088000.0
1990-05-15,-9.5699,-9.5644,-9.5733,-9.5666,5343600.0
1990-05-16,-9.5666,-9.5666,-9.5733,-9.5677,3139200.0
1990-05-17,-9.5666,-9.5622,-9.5733,-9.5689,5488000.0
1990-05-18,-9.5711,-9.5689,-9.5867,-9.5845,9248000.0
1990-05-21,-9.5867,-9.5822,-9.5934,-9.5867,9382400.0
1990-05-22,-9.5811,-9.5688,-9.5822,-9.5699,10772000.0
1990-05-23,-9.5711,-9.5599,-9.5711,-9.5644,7417600.0
1990-05-24,-9.5621,-9.5621,-9.5688,-9.5644,5296400.0
1990-05-25,-9.5867,-9.5755,-9.5911,-9.5822,11562400.0
1990-05-29,-9.5822,-9.5711,-9.5889,-9.5733,8689200.0
1990-05-30,-9.5677,-9.5666,-9.5711,-9.5699,9890000.0
1990-05-31,-9.5688,-9.5688,-9.5733,-9.5711,3682400.0
1990-06-01,-9.5699,-9.5644,-9.5755,-9.5755,5624400.0
1990-06-04,-9.5755,-9.5733,-9.5844,-9.5755,6412400.0
1990-06-05,-9.5733,-9.5733,-9.5911,-9.5867,10702000.0
1990-06-06,-9.5911,-9.5867,-9.5934,-9.5867,7563600.0
1990-06-07,-9.5867,-9.5844,-9.5956,-9.5911,6668800.0
1990-06-08,-9.5956,-9.5956,-9.6045,-9.5978,11926800.0
1990-06-11,-9.6023,-9.5911,-9.6023,-9.5911,5661200.0
1990-06-12,-9.59,-9.5778,-9.5934,-9.5778,5902000.0
1990-06-13,-9.5788,-9.5755,-9.5844,-9.5844,4963600.0
1990-06-14,-9.5822,-9.58,-9.5889,-9.5844,5018000.0
1990-06-15,-9.5844,-9.5822,-9.59,-9.5867,5163600.0
1990-06-18,-9.5889,-9.5867,-9.5911,-9.5889,3988800.0
1990-06-19,-9.5911,-9.5844,-9.5967,-9.5855,5623600.0
1990-06-20,-9.5833,-9.58,-9.5844,-9.5822,5530000.0
1990-06-21,-9.5822,-9.5644,-9.5822,-9.5654,7455600.0
1990-06-22,-9.5644,-9.5587,-9.5711,-9.5688,10154400.0
1990-06-25,-9.5688,-9.5666,-9.58,-9.5711,4378000.0
1990-06-26,-9.5666,-9.5644,-9.5788,-9.5766,4558800.0
1990-06-27,-9.5755,-9.5644,-9.58,-9.5688,3490800.0
1990-06-28,-9.5577,-9.5532,-9.5666,-9.5554,8930000.0
1990-06-29,-9.5554,-9.5386,-9.5577,-9.5398,11622000.0
1990-07-02,-9.542,-9.542,-9.5487,-9.5465,4856400.0
1990-07-03,-9.5476,-9.542,-9.5487,-9.5465,3572400.0
1990-07-05,-9.5487,-9.5443,-9.5532,-9.551,3859200.0
1990-07-06,-9.551,-9.5376,-9.5532,-9.5398,7481200.0
1990-07-09,-9.5376,-9.5197,-9.5398,-9.523,11281200.0
1990-07-10,-9.5197,-9.5153,-9.5219,-9.5197,12923600.0
1990-07-11,-9.5219,-9.5197,-9.5309,-9.5197,8808800.0
1990-07-12,-9.5219,-9.5153,-9.5242,-9.5163,6537600.0
1990-07-13,-9.5153,-9.513,-9.5219,-9.5219,8254400.0
1990-07-16,-9.5219,-9.5186,-9.5353,-9.5319,6428000.0
1990-07-17,-9.5309,-9.5286,-9.5465,-9.5443,4892000.0
1990-07-18,-9.542,-9.5376,-9.5554,-9.5409,10309200.0
1990-07-19,-9.5755,-9.5599,-9.5822,-9.5666,20932400.0
1990-07-20,-9.5644,-9.5599,-9.5755,-9.5733,6858000.0
1990-07-23,-9.5733,-9.5666,-9.5822,-9.5688,9655200.0
1990-07-24,-9.5644,-9.5621,-9.5733,-9.5632,6928800.0
1990-07-25,-9.5644,-9.5532,-9.5666,-9.5621,3762400.0
1990-07-26,-9.5621,-9.5599,-9.5733,-9.5699,2885600.0
1990-07-27,-9.5711,-9.5666,-9.5778,-9.5699,2240000.0
1990-07-30,-9.5755,-9.5599,-9.5755,-9.561,3058800.0
1990-07-31,-9.5599,-9.5577,-9.5688,-9.5644,3444800.0
1990-08-01,-9.5644,-9.5577,-9.5688,-9.561,3350800.0
1990-08-02,-9.5711,-9.5487,-9.5711,-9.551,7973600.0
1990-08-03,-9.551,-9.5487,-9.5844,-9.5711,9609200.0
1990-08-06,-9.5911,-9.5778,-9.5956,-9.5867,6425600.0
1990-08-07,-9.58,-9.5766,-9.5934,-9.5867,7096400.0
1990-08-08,-9.5867,-9.5755,-9.5867,-9.5811,3674400.0
1990-08-09,-9.58,-9.5778,-9.5889,-9.5867,3443600.0
1990-08-10,-9.5934,-9.5889,-9.5978,-9.5934,3683600.0
1990-08-13,-9.6001,-9.5822,-9.6011,-9.5833,5584400.0
1990-08-14,-9.5822,-9.5822,-9.5889,-9.5844,3520800.0
1990-08-15,-9.5822,-9.58,-9.5889,-9.5889,3292000.0
1990-08-16,-9.5911,-9.5855,-9.5956,-9.5956,4438800.0
1990-08-17,-9.5956,-9.5956,-9.6202,-9.6135,8806400.0
1990-08-20,-9.6134,-9.6045,-9.6157,-9.6112,2681200.0
1990-08-21,-9.6201,-9.6112,-9.6246,-9.6157,5769200.0
1990-08-22,-9.609,-9.609,-9.6279,-9.6257,4395600.0
1990-08-23,-9.6335,-9.6268,-9.6402,-9.6313,5138800.0
1990-08-24,-9.6246,-9.6179,-9.6291,-9.6224,2634400.0
1990-08-27,-9.6112,-9.6,-9.6157,-9.6023,4214800.0
1990-08-28,-9.6045,-9.5966,-9.6067,-9.5989,2877600.0
1990-08-29,-9.6,-9.5989,-9.6112,-9.6067,5407600.0
1990-08-30,-9.6067,-9.6045,-9.6179,-9.6157,4388800.0
1990-08-31,-9.6179,-9.6067,-9.6179,-9.609,3570000.0
1990-09-04,-9.6134,-9.6045,-9.6134,-9.609,2974800.0
1990-09-05,-9.6067,-9.6067,-9.6201,-9.6179,2292000.0
1990-09-06,-9.6224,-9.6179,-9.6246,-9.6201,3134800.0
1990-09-07,-9.6224,-9.6112,-9.6257,-9.6145,2098800.0
1990-09-10,-9.609,-9.609,-9.6201,-9.6201,2732400.0
1990-09-11,-9.6179,-9.6167,-9.638,-9.6358,6370800.0
1990-09-12,-9.6313,-9.6313,-9.6402,-9.6358,3600800.0
1990-09-13,-9.6313,-9.6291,-9.6447,-9.638,3492400.0
1990-09-14,-9.6402,-9.6335,-9.6424,-9.6358,4084400.0
1990-09-17,-9.6358,-9.6246,-9.6402,-9.638,2782000.0
1990-09-18,-9.638,-9.638,-9.6447,-9.6413,4456400.0
1990-09-19,-9.6424,-9.638,-9.6536,-9.6491,6536800.0
1990-09-20,-9.6514,-9.6514,-9.6603,-9.657,3607600.0
1990-09-21,-9.6536,-9.6491,-9.6625,-9.6581,5503600.0
1990-09-24,-9.6581,-9.6581,-9.6737,-9.6692,4961200.0
1990-09-25,-9.667,-9.6648,-9.6782,-9.6715,5642000.0
1990-09-26,-9.6715,-9.667,-9.6737,-9.6737,3363200.0
1990-09-27,-9.6715,-9.667,-9.6893,-9.6871,5085600.0
1990-09-28,-9.6849,-9.6804,-9.696,-9.6804,6291200.0
1990-10-01,-9.6759,-9.6625,-9.6782,-9.667,5581200.0
1990-10-02,-9.6625,-9.6536,-9.6759,-9.6749,9699200.0
1990-10-03,-9.6737,-9.6737,-9.7005,-9.6983,9591200.0
1990-10-04,-9.7005,-9.6893,-9.7049,-9.6893,7638800.0
1990-10-05,-9.6983,-9.6826,-9.6983,-9.6893,3572000.0
1990-10-08,-9.6826,-9.6782,-9.6871,-9.6793,2218800.0
1990-10-09,-9.6849,-9.6804,-9.6916,-9.6893,4321200.0
1990-10-10,-9.696,-9.6893,-9.7072,-9.7027,5283600.0
1990-10-11,-9.7005,-9.6905,-9.7116,-9.6916,7376800.0
1990-10-12,-9.6871,-9.6849,-9.6983,-9.6871,8169200.0
1990-10-15,-9.6849,-9.6826,-9.7016,-9.6916,7190000.0
1990-10-16,-9.6938,-9.6938,-9.7228,-9.7161,10913200.0
1990-10-17,-9.7139,-9.7027,-9.7161,-9.7027,11059200.0
1990-10-18,-9.7027,-9.6826,-9.7027,-9.6849,11255600.0
1990-10-19,-9.6603,-9.6558,-9.6692,-9.6592,33363200.0
1990-10-22,-9.6581,-9.6581,-9.667,-9.6615,9041200.0
1990-10-23,-9.6625,-9.6581,-9.6692,-9.6625,5969200.0
1990-10-24,-9.6648,-9.6625,-9.6715,-9.667,5079200.0
1990-10-25,-9.6692,-9.6603,-9.6749,-9.6715,5481200.0
1990-10-26,-9.6737,-9.6603,-9.6737,-9.6715,4811200.0
1990-10-29,-9.6692,-9.667,-9.6737,-9.6726,4415600.0
1990-10-30,-9.6737,-9.6648,-9.6816,-9.6682,3513600.0
1990-10-31,-9.667,-9.6548,-9.6692,-9.6648,5331200.0
1990-11-01,-9.667,-9.6625,-9.6737,-9.667,3258800.0
1990-11-02,-9.667,-9.6502,-9.667,-9.6558,5323200.0
1990-11-05,-9.6514,-9.6402,-9.6536,-9.6424,6604400.0
1990-11-06,-9.6402,-9.6313,-9.6424,-9.6402,6620800.0
1990-11-07,-9.6402,-9.638,-9.648,-9.6424,7254400.0
1990-11-08,-9.6447,-9.6268,-9.6447,-9.6313,7136400.0
1990-11-09,-9.6268,-9.6201,-9.6313,-9.6224,7102000.0
1990-11-12,-9.6224,-9.6112,-9.6246,-9.6157,5192000.0
1990-11-13,-9.6157,-9.6134,-9.6201,-9.6179,5086400.0
1990-11-14,-9.6201,-9.6067,-9.6201,-9.609,6819200.0
1990-11-15,-9.6112,-9.609,-9.6224,-9.6179,5787600.0
1990-11-16,-9.6201,-9.6179,-9.629,-9.6256,6545200.0
1990-11-19,-9.6223,-9.6145,-9.6246,-9.6145,8017600.0
1990-11-20,-9.6134,-9.6112,-9.6246,-9.6223,5490800.0
1990-11-21,-9.6246,-9.6156,-9.629,-9.6167,4400800.0
1990-11-23,-9.6156,-9.6089,-9.6179,-9.6145,1911200.0
1990-11-26,-9.6179,-9.6089,-9.6179,-9.6112,2925600.0
1990-11-27,-9.6089,-9.5978,-9.6112,-9.6045,5899200.0
1990-11-28,-9.6022,-9.5955,-9.6112,-9.6112,6250800.0
1990-11-29,-9.6089,-9.6089,-9.6156,-9.6112,4528000.0
1990-11-30,-9.6156,-9.6067,-9.6156,-9.6112,4350800.0
1990-12-03,-9.6067,-9.5978,-9.6089,-9.5988,5922400.0
1990-12-04,-9.6045,-9.5933,-9.6045,-9.5955,5453200.0
1990-12-05,-9.5955,-9.5799,-9.6011,-9.581,7822000.0
1990-12-06,-9.571,-9.5665,-9.5777,-9.571,19013600.0
1990-12-07,-9.5732,-9.5576,-9.5732,-9.5598,11781200.0
1990-12-10,-9.5621,-9.5598,-9.5688,-9.5665,8966400.0
1990-12-11,-9.571,-9.5688,-9.5821,-9.5821,12438000.0
1990-12-12,-9.5844,-9.5821,-9.5911,-9.5854,8664400.0
1990-12-13,-9.5866,-9.5732,-9.5866,-9.5754,5752000.0
1990-12-14,-9.5799,-9.5777,-9.5866,-9.5832,3126400.0
1990-12-17,-9.5911,-9.5777,-9.5911,-9.581,4683600.0
1990-12-18,-9.5732,-9.5598,-9.5754,-9.5621,7899200.0
1990-12-19,-9.5598,-9.5598,-9.5721,-9.5654,5036800.0
1990-12-20,-9.571,-9.542,-9.571,-9.5464,14326400.0
1990-12-21,-9.5442,-9.5353,-9.5509,-9.5375,12363200.0
1990-12-24,-9.5397,-9.5375,-9.5464,-9.5464,2106800.0
1990-12-26,-9.5464,-9.5442,-9.5554,-9.5487,3682000.0
1990-12-27,-9.5531,-9.5464,-9.5531,-9.5509,3492000.0
1990-12-28,-9.5531,-9.5509,-9.5576,-9.5554,2285200.0
1990-12-31,-9.5554,-9.5531,-9.5576,-9.5554,1593200.0
1991-01-02,-9.5576,-9.5464,-9.5643,-9.5509,5543600.0
1991-01-03,-9.5509,-9.5442,-9.5554,-9.5554,5365600.0
1991-01-04,-9.5554,-9.5442,-9.5554,-9.5531,5062400.0
1991-01-07,-9.5554,-9.5353,-9.5554,-9.5531,11111200.0
1991-01-08,-9.5487,-9.5475,-9.5598,-9.5531,7816400.0
1991-01-09,-9.5442,-9.5286,-9.5487,-9.5353,16692400.0
1991-01-10,-9.5308,-9.5174,-9.5308,-9.5185,15562400.0
1991-01-11,-9.5196,-9.5174,-9.5286,-9.5196,11003200.0
1991-01-14,-9.5286,-9.5219,-9.5286,-9.5263,7535600.0
1991-01-15,-9.5241,-9.5219,-9.5286,-9.5219,6870000.0
1991-01-16,-9.5196,-9.4929,-9.5219,-9.4951,13968800.0
1991-01-17,-9.4705,-9.4683,-9.5018,-9.4817,21137600.0
1991-01-18,-9.504,-9.4862,-9.5063,-9.4906,33691200.0
1991-01-21,-9.4951,-9.4795,-9.4951,-9.4862,11595200.0
1991-01-22,-9.4839,-9.4705,-9.4884,-9.4817,15296400.0
1991-01-23,-9.4817,-9.4728,-9.4839,-9.4772,8725600.0
1991-01-24,-9.4795,-9.4683,-9.4795,-9.4738,8374400.0
1991-01-25,-9.475,-9.4604,-9.475,-9.4616,8012000.0
1991-01-28,-9.4638,-9.446,-9.4638,-9.4527,9771200.0
1991-01-29,-9.4549,-9.4527,-9.4728,-9.4594,7708800.0
1991-01-30,-9.4638,-9.4415,-9.4638,-9.4438,12043200.0
1991-01-31,-9.4438,-9.4393,-9.4504,-9.4438,8677600.0
1991-02-01,-9.4438,-9.4225,-9.4438,-9.4415,15897600.0
1991-02-04,-9.4415,-9.4393,-9.4482,-9.446,9569200.0
1991-02-05,-9.446,-9.4214,-9.4504,-9.4237,12740000.0
1991-02-06,-9.4237,-9.4192,-9.4348,-9.4314,7965200.0
1991-02-07,-9.4304,-9.4147,-9.4415,-9.4237,18587600.0
1991-02-08,-9.4259,-9.4013,-9.4259,-9.4046,11220000.0
1991-02-11,-9.4036,-9.3902,-9.4058,-9.3913,11546400.0
1991-02-12,-9.3946,-9.3924,-9.4091,-9.4036,8042000.0
1991-02-13,-9.4036,-9.4013,-9.4214,-9.4036,9130800.0
1991-02-14,-9.4036,-9.4036,-9.4326,-9.4292,13493200.0
1991-02-15,-9.4281,-9.4169,-9.4281,-9.4247,13067600.0
1991-02-19,-9.4259,-9.4013,-9.4269,-9.4035,8080800.0
1991-02-20,-9.408,-9.3879,-9.4102,-9.3946,7646800.0
1991-02-21,-9.3924,-9.3834,-9.4147,-9.4125,6826400.0
1991-02-22,-9.4125,-9.3879,-9.4169,-9.4058,8320800.0
1991-02-25,-9.4013,-9.3991,-9.4259,-9.4214,12848800.0
1991-02-26,-9.4259,-9.4147,-9.4348,-9.4192,8934400.0
1991-02-27,-9.4192,-9.4169,-9.4259,-9.4192,6243200.0
1991-02-28,-9.4192,-9.4169,-9.437,-9.4281,8120000.0
1991-03-01,-9.4303,-9.4125,-9.4303,-9.4236,4518800.0
1991-03-04,-9.4214,-9.4147,-9.4303,-9.418,3175600.0
1991-03-05,-9.4125,-9.3745,-9.4125,-9.3756,15769200.0
1991-03-06,-9.3678,-9.3534,-9.3778,-9.3767,18731200.0
1991-03-07,-9.3723,-9.3366,-9.3745,-9.3388,11497600.0
1991-03-08,-9.3343,-9.3299,-9.3589,-9.3589,11522400.0
1991-03-11,-9.3634,-9.3611,-9.3834,-9.3723,6276400.0
1991-03-12,-9.3767,-9.3701,-9.3812,-9.3778,8360000.0
1991-03-13,-9.379,-9.3455,-9.379,-9.3477,6253200.0
1991-03-14,-9.3433,-9.3366,-9.3634,-9.3567,8126400.0
1991-03-15,-9.3522,-9.3455,-9.3567,-9.3477,7335600.0
1991-03-18,-9.3522,-9.3299,-9.3522,-9.3343,7645200.0
1991-03-19,-9.3455,-9.312,-9.3522,-9.3187,15100000.0
1991-03-20,-9.3209,-9.3187,-9.3422,-9.3343,12939200.0
1991-03-21,-9.3299,-9.3254,-9.3701,-9.3611,10600000.0
1991-03-22,-9.3678,-9.3611,-9.3834,-9.3745,12096400.0
1991-03-25,-9.3723,-9.3589,-9.3745,-9.3634,4858800.0
1991-03-26,-9.3611,-9.312,-9.3611,-9.3142,11935200.0
1991-03-27,-9.3142,-9.312,-9.3276,-9.3209,6812400.0
1991-03-28,-9.3209,-9.3142,-9.3343,-9.3321,2816800.0
1991-04-01,-9.3321,-9.3187,-9.3366,-9.3276,4218000.0
1991-04-02,-9.3232,-9.2897,-9.3276,-9.2897,10473600.0
1991-04-03,-9.2919,-9.2897,-9.3142,-9.3142,8585200.0
1991-04-04,-9.3142,-9.2964,-9.3187,-9.3009,6024400.0
1991-04-05,-9.2986,-9.2986,-9.3254,-9.3199,5567600.0
1991-04-08,-9.3209,-9.3142,-9.3254,-9.3142,2604400.0
1991-04-09,-9.3165,-9.3142,-9.3299,-9.3254,4280800.0
1991-04-10,-9.3276,-9.3209,-9.3433,-9.3422,7733600.0
1991-04-11,-9.3343,-9.302,-9.3366,-9.3053,12710800.0
1991-04-12,-9.3009,-9.2852,-9.3165,-9.2986,13140000.0
1991-04-15,-9.3879,-9.3634,-9.4035,-9.3834,60732400.0
1991-04-16,-9.3745,-9.3634,-9.3812,-9.3656,22176800.0
1991-04-17,-9.3589,-9.3589,-9.3857,-9.3745,11533600.0
1991-04-18,-9.379,-9.3767,-9.3968,-9.3946,8853600.0
1991-04-19,-9.3946,-9.3901,-9.408,-9.4068,10272400.0
1991-04-22,-9.408,-9.3857,-9.4147,-9.3901,9190000.0
1991-04-23,-9.3834,-9.3767,-9.4013,-9.3901,8494400.0
1991-04-24,-9.3879,-9.3857,-9.3991,-9.3968,3769200.0
1991-04-25,-9.4058,-9.4058,-9.4169,-9.4169,11276800.0
1991-04-26,-9.4169,-9.4125,-9.4236,-9.4158,4481200.0
1991-04-29,-9.4169,-9.4013,-9.4192,-9.4192,7395200.0
1991-04-30,-9.4236,-9.4192,-9.4526,-9.4482,25413600.0
1991-05-01,-9.5107,-9.5017,-9.5196,-9.5174,66732000.0
1991-05-02,-9.5129,-9.4951,-9.5151,-9.5017,28973600.0
1991-05-03,-9.5017,-9.4973,-9.5084,-9.5017,8717600.0
1991-05-06,-9.5062,-9.4884,-9.5084,-9.4906,7596400.0
1991-05-07,-9.4839,-9.4817,-9.4884,-9.4872,9671200.0
1991-05-08,-9.4861,-9.4861,-9.4995,-9.4951,6332400.0
1991-05-09,-9.4928,-9.4794,-9.4951,-9.4861,8523200.0
1991-05-10,-9.4794,-9.4638,-9.4861,-9.4817,8652000.0
1991-05-13,-9.4727,-9.4616,-9.4794,-9.4683,8763600.0
1991-05-14,-9.4683,-9.4593,-9.4705,-9.4616,7763600.0
1991-05-15,-9.4794,-9.475,-9.5017,-9.4884,18530800.0
1991-05-16,-9.4839,-9.4817,-9.5062,-9.5017,13652000.0
1991-05-17,-9.504,-9.504,-9.5241,-9.5196,16836800.0
1991-05-20,-9.5173,-9.5151,-9.5464,-9.5441,9365200.0
1991-05-21,-9.5352,-9.524,-9.5397,-9.5352,12500000.0
1991-05-22,-9.5307,-9.524,-9.533,-9.5263,8137600.0
1991-05-23,-9.524,-9.5218,-9.5397,-9.5363,7458800.0
1991-05-24,-9.533,-9.5285,-9.5374,-9.5296,3484800.0
1991-05-28,-9.5285,-9.5263,-9.5352,-9.5285,6124400.0
1991-05-29,-9.5263,-9.5129,-9.5296,-9.5196,13733600.0
1991-05-30,-9.5196,-9.5129,-9.524,-9.5139,5663600.0
1991-05-31,-9.5151,-9.5129,-9.5263,-9.5196,7792400.0
1991-06-03,-9.5196,-9.4972,-9.5218,-9.4995,7870800.0
1991-06-04,-9.4972,-9.4972,-9.5062,-9.5005,6593600.0
1991-06-05,-9.4995,-9.4995,-9.5129,-9.5106,4760800.0
1991-06-06,-9.5084,-9.5084,-9.524,-9.5229,6028000.0
1991-06-07,-9.5263,-9.5196,-9.5318,-9.5273,5463600.0
1991-06-10,-9.5285,-9.5184,-9.5307,-9.5285,5991200.0
1991-06-11,-9.5374,-9.533,-9.5441,-9.5407,6742400.0
1991-06-12,-9.5464,-9.5397,-9.5709,-9.5608,15580000.0
1991-06-13,-9.5597,-9.5553,-9.5664,-9.563,7565200.0
1991-06-14,-9.5575,-9.5575,-9.5754,-9.572,8049200.0
1991-06-17,-9.5731,-9.562,-9.5731,-9.5642,5966800.0
1991-06-18,-9.562,-9.553,-9.5687,-9.563,8749200.0
1991-06-19,-9.5664,-9.562,-9.5709,-9.5664,6408000.0
1991-06-20,-9.5709,-9.5642,-9.5754,-9.5642,5158000.0
1991-06-21,-9.5642,-9.5597,-9.5664,-9.5642,7378800.0
1991-06-24,-9.5664,-9.562,-9.5709,-9.5664,7443600.0
1991-06-25,-9.5642,-9.5553,-9.5664,-9.5608,8151200.0
1991-06-26,-9.5575,-9.5508,-9.562,-9.5553,8958000.0
1991-06-27,-9.5597,-9.5575,-9.5664,-9.5597,5400000.0
1991-06-28,-9.562,-9.5597,-9.5798,-9.5687,8102400.0
1991-07-01,-9.562,-9.5553,-9.5664,-9.5597,6979200.0
1991-07-02,-9.562,-9.5575,-9.5664,-9.562,4296800.0
1991-07-03,-9.562,-9.5508,-9.5664,-9.5541,11087600.0
1991-07-05,-9.5553,-9.5285,-9.5575,-9.5318,11842000.0
1991-07-08,-9.5352,-9.5173,-9.5374,-9.5218,10971200.0
1991-07-09,-9.5173,-9.5084,-9.524,-9.5206,8091200.0
1991-07-10,-9.5151,-9.5084,-9.5218,-9.5173,5610000.0
1991-07-11,-9.5196,-9.5173,-9.5285,-9.5218,5217600.0
1991-07-12,-9.5173,-9.5173,-9.5263,-9.5218,4753200.0
1991-07-15,-9.5218,-9.5218,-9.533,-9.533,4932400.0
1991-07-16,-9.533,-9.5307,-9.5508,-9.5486,7966400.0
1991-07-17,-9.5508,-9.5419,-9.562,-9.5597,7474400.0
1991-07-18,-9.5464,-9.5363,-9.5553,-9.5385,14240000.0
1991-07-19,-9.5352,-9.5263,-9.5374,-9.5285,4601200.0
1991-07-22,-9.5307,-9.5263,-9.533,-9.5285,3882000.0
1991-07-23,-9.5263,-9.524,-9.5419,-9.5374,4770000.0
1991-07-24,-9.5352,-9.5307,-9.5419,-9.5374,4703200.0
1991-07-25,-9.5352,-9.5307,-9.5374,-9.5352,2366800.0
1991-07-26,-9.5307,-9.5307,-9.5397,-9.5385,2657600.0
1991-07-29,-9.5352,-9.533,-9.5419,-9.533,1916800.0
1991-07-30,-9.533,-9.5218,-9.533,-9.524,3281200.0
1991-07-31,-9.524,-9.5206,-9.5374,-9.5263,3689200.0
1991-08-01,-9.5285,-9.4995,-9.5307,-9.5005,16023600.0
1991-08-02,-9.495,-9.4905,-9.5017,-9.4928,9767600.0
1991-08-05,-9.495,-9.495,-9.5084,-9.5062,3620800.0
1991-08-06,-9.5039,-9.4905,-9.5129,-9.4972,7890800.0
1991-08-07,-9.4972,-9.4839,-9.4983,-9.4894,7578800.0
1991-08-08,-9.4861,-9.4772,-9.4928,-9.4883,6769200.0
1991-08-09,-9.4883,-9.4839,-9.495,-9.4861,5533600.0
1991-08-12,-9.4861,-9.4727,-9.4883,-9.4772,5096400.0
1991-08-13,-9.4749,-9.4571,-9.4749,-9.4615,10255200.0
1991-08-14,-9.4504,-9.4481,-9.4581,-9.4492,7173200.0
1991-08-15,-9.4481,-9.4481,-9.466,-9.4638,5219200.0
1991-08-16,-9.4682,-9.4548,-9.4727,-9.4638,5689200.0
1991-08-19,-9.4972,-9.4782,-9.5061,-9.4883,11538000.0
1991-08-20,-9.4794,-9.4771,-9.4883,-9.4838,7123600.0
1991-08-21,-9.4704,-9.4559,-9.4749,-9.4593,7987600.0
1991-08-22,-9.457,-9.4503,-9.4593,-9.4548,5936400.0
1991-08-23,-9.457,-9.4436,-9.4682,-9.466,8601200.0
1991-08-26,-9.466,-9.4615,-9.4704,-9.466,3644400.0
1991-08-27,-9.466,-9.457,-9.4682,-9.457,3597600.0
1991-08-28,-9.457,-9.4548,-9.4648,-9.4637,3843600.0
1991-08-29,-9.4637,-9.4581,-9.4704,-9.466,4053200.0
1991-08-30,-9.466,-9.4637,-9.4727,-9.466,2363200.0
1991-09-03,-9.4682,-9.4637,-9.4749,-9.4704,2443200.0
1991-09-04,-9.4682,-9.4682,-9.4804,-9.4794,4299200.0
1991-09-05,-9.4794,-9.4771,-9.486,-9.4838,2793600.0
1991-09-06,-9.4838,-9.4771,-9.4883,-9.4794,2848800.0
1991-09-09,-9.4771,-9.4615,-9.4794,-9.4637,4538000.0
1991-09-10,-9.4682,-9.4626,-9.495,-9.4916,6535600.0
1991-09-11,-9.486,-9.4838,-9.4972,-9.4883,6378000.0
1991-09-12,-9.4816,-9.4816,-9.495,-9.4871,4267600.0
1991-09-13,-9.4927,-9.4905,-9.5061,-9.505,5974400.0
1991-09-16,-9.4994,-9.4994,-9.524,-9.5173,7365600.0
1991-09-17,-9.5195,-9.5017,-9.5218,-9.5017,4856400.0
1991-09-18,-9.5039,-9.4883,-9.5061,-9.4916,4342000.0
1991-09-19,-9.4905,-9.4883,-9.4972,-9.495,6374400.0
1991-09-20,-9.495,-9.4838,-9.4972,-9.4871,6742000.0
1991-09-23,-9.4927,-9.486,-9.4994,-9.4972,3136800.0
1991-09-24,-9.4972,-9.4894,-9.5084,-9.4905,3805600.0
1991-09-25,-9.4905,-9.4883,-9.4994,-9.4883,1959200.0
1991-09-26,-9.4905,-9.4905,-9.5017,-9.4927,2556800.0
1991-09-27,-9.4927,-9.486,-9.5039,-9.5017,2245200.0
1991-09-30,-9.4994,-9.495,-9.5017,-9.4972,2266800.0
1991-10-01,-9.4994,-9.4816,-9.5017,-9.486,4698800.0
1991-10-02,-9.4771,-9.4771,-9.4972,-9.495,643600.0
1991-10-03,-9.4927,-9.4927,-9.5151,-9.5128,6478000.0
1991-10-04,-9.5106,-9.5039,-9.5151,-9.5084,2854400.0
1991-10-07,-9.5106,-9.5039,-9.5151,-9.5094,2328000.0
1991-10-08,-9.5094,-9.5061,-9.524,-9.5084,6170000.0
1991-10-09,-9.5084,-9.5039,-9.5128,-9.5106,4752400.0
1991-10-10,-9.5039,-9.5017,-9.5218,-9.5128,5623200.0
1991-10-11,-9.5094,-9.5027,-9.524,-9.5061,4292000.0
1991-10-14,-9.5017,-9.4905,-9.5039,-9.4938,4015600.0
1991-10-15,-9.4883,-9.4704,-9.4927,-9.4704,10300800.0
1991-10-16,-9.4704,-9.457,-9.4727,-9.4615,7182000.0
1991-10-17,-9.466,-9.4637,-9.4794,-9.4715,5423200.0
1991-10-18,-9.4469,-9.4436,-9.4526,-9.4481,15964400.0
1991-10-21,-9.4459,-9.4402,-9.4548,-9.4503,4172000.0
1991-10-22,-9.4436,-9.4369,-9.4526,-9.4526,7456400.0
1991-10-23,-9.4481,-9.4459,-9.4682,-9.4648,6046400.0
1991-10-24,-9.466,-9.4637,-9.4794,-9.4737,6372400.0
1991-10-25,-9.4771,-9.4727,-9.486,-9.4816,3832000.0
1991-10-28,-9.4794,-9.4771,-9.486,-9.4794,2792400.0
1991-10-29,-9.4794,-9.4749,-9.486,-9.4771,3624400.0
1991-10-30,-9.4749,-9.4682,-9.4972,-9.495,5302400.0
1991-10-31,-9.486,-9.4771,-9.4927,-9.4794,8300800.0
1991-11-01,-9.4816,-9.4749,-9.4883,-9.4838,7203600.0
1991-11-04,-9.486,-9.486,-9.5061,-9.495,6983200.0
1991-11-05,-9.495,-9.4883,-9.5039,-9.5039,7711200.0
1991-11-06,-9.5017,-9.4994,-9.5151,-9.5106,8466400.0
1991-11-07,-9.5061,-9.4883,-9.5084,-9.495,10618800.0
1991-11-08,-9.4816,-9.4593,-9.4838,-9.4637,13435200.0
1991-11-11,-9.4615,-9.4526,-9.4637,-9.4593,5896800.0
1991-11-12,-9.4548,-9.4503,-9.4593,-9.4526,5972000.0
1991-11-13,-9.457,-9.4526,-9.4615,-9.4559,6640000.0
1991-11-14,-9.4548,-9.4459,-9.457,-9.4503,6733600.0
1991-11-15,-9.4526,-9.4503,-9.495,-9.4927,9186400.0
1991-11-18,-9.4927,-9.4704,-9.4927,-9.4737,8530000.0
1991-11-19,-9.4771,-9.4771,-9.4949,-9.4815,10216400.0
1991-11-20,-9.4815,-9.4748,-9.4905,-9.4882,6005600.0
1991-11-21,-9.4882,-9.4771,-9.4882,-9.4838,3823200.0
1991-11-22,-9.4838,-9.4771,-9.4905,-9.4815,3502400.0
1991-11-25,-9.4838,-9.4726,-9.4838,-9.4815,2802000.0
1991-11-26,-9.4793,-9.4748,-9.4927,-9.4793,4982000.0
1991-11-27,-9.4815,-9.4793,-9.4882,-9.4838,2268800.0
1991-11-29,-9.4882,-9.4793,-9.4882,-9.486,1227600.0
1991-12-02,-9.486,-9.4748,-9.4927,-9.4771,4250000.0
1991-12-03,-9.4748,-9.4748,-9.4905,-9.4882,3692400.0
1991-12-04,-9.486,-9.486,-9.4927,-9.4882,2897600.0
1991-12-05,-9.4882,-9.4838,-9.4994,-9.4927,3555600.0
1991-12-06,-9.4972,-9.4949,-9.5061,-9.5039,7055200.0
1991-12-09,-9.5016,-9.4927,-9.5039,-9.5005,3502000.0
1991-12-10,-9.5016,-9.4972,-9.5061,-9.5005,4390000.0
1991-12-11,-9.4994,-9.4949,-9.5061,-9.5016,3031200.0
1991-12-12,-9.4982,-9.4949,-9.5016,-9.4982,3297600.0
1991-12-13,-9.4949,-9.486,-9.4949,-9.4893,3418000.0
1991-12-16,-9.4893,-9.486,-9.4927,-9.4882,2777600.0
1991-12-17,-9.4882,-9.4838,-9.4905,-9.4882,3502400.0
1991-12-18,-9.4905,-9.4748,-9.4927,-9.4771,6678000.0
1991-12-19,-9.4815,-9.4771,-9.486,-9.486,4140800.0
1991-12-20,-9.4815,-9.4793,-9.4905,-9.4905,4588000.0
1991-12-23,-9.4882,-9.4771,-9.4927,-9.4793,3686800.0
1991-12-24,-9.4748,-9.4592,-9.4771,-9.4726,6742400.0
1991-12-26,-9.4682,-9.4481,-9.4726,-9.4491,4805600.0
1991-12-27,-9.4503,-9.4414,-9.4525,-9.4481,6008000.0
1991-12-30,-9.4481,-9.428,-9.4481,-9.4324,6580800.0
1991-12-31,-9.4268,-9.4213,-9.4391,-9.4357,4802000.0
1992-01-02,-9.4414,-9.4057,-9.4436,-9.4079,8357600.0
1992-01-03,-9.4034,-9.4012,-9.419,-9.4123,6814400.0
1992-01-06,-9.4146,-9.4123,-9.4235,-9.4213,4080000.0
1992-01-07,-9.4257,-9.4079,-9.4257,-9.4112,5059200.0
1992-01-08,-9.4168,-9.3923,-9.4168,-9.399,8330800.0
1992-01-09,-9.399,-9.3833,-9.4012,-9.3833,7450800.0
1992-01-10,-9.39,-9.3811,-9.3945,-9.3833,7012400.0
1992-01-13,-9.3833,-9.3789,-9.39,-9.3856,3858800.0
1992-01-14,-9.3833,-9.361,-9.3833,-9.3632,9789200.0
1992-01-15,-9.3632,-9.3588,-9.3766,-9.3722,11652400.0
1992-01-16,-9.3699,-9.3655,-9.3811,-9.3789,10485200.0
1992-01-17,-9.3342,-9.3231,-9.361,-9.361,30308800.0
1992-01-20,-9.3632,-9.3565,-9.3677,-9.3677,7492400.0
1992-01-21,-9.3655,-9.3655,-9.3945,-9.3933,6938000.0
1992-01-22,-9.39,-9.3699,-9.3923,-9.3722,6560000.0
1992-01-23,-9.3655,-9.361,-9.3766,-9.3632,4953200.0
1992-01-24,-9.3632,-9.3521,-9.3677,-9.3622,6356400.0
1992-01-27,-9.361,-9.3565,-9.3655,-9.3632,2992000.0
1992-01-28,-9.361,-9.3555,-9.3766,-9.3565,6206800.0
1992-01-29,-9.361,-9.3521,-9.3744,-9.3744,5164400.0
1992-01-30,-9.3722,-9.3699,-9.3789,-9.3699,3128800.0
1992-01-31,-9.3677,-9.3565,-9.3722,-9.361,5164400.0
1992-02-03,-9.361,-9.3476,-9.3632,-9.3521,5652000.0
1992-02-04,-9.3521,-9.3476,-9.3588,-9.3521,6896400.0
1992-02-05,-9.3476,-9.3432,-9.3577,-9.3488,5772400.0
1992-02-06,-9.3521,-9.3498,-9.3677,-9.3666,3330000.0
1992-02-07,-9.3655,-9.361,-9.3789,-9.3677,5285600.0
1992-02-10,-9.3677,-9.3655,-9.3766,-9.3755,3091200.0
1992-02-11,-9.3766,-9.3699,-9.3833,-9.3777,4378800.0
1992-02-12,-9.3699,-9.3543,-9.3766,-9.3565,4931200.0
1992-02-13,-9.3565,-9.3565,-9.3699,-9.3655,2734400.0
1992-02-14,-9.3699,-9.3654,-9.3744,-9.3666,2610800.0
1992-02-18,-9.3654,-9.3632,-9.3788,-9.3788,2442000.0
1992-02-19,-9.3788,-9.3766,-9.3878,-9.3855,3426400.0
1992-02-20,-9.3811,-9.361,-9.3833,-9.3621,4692400.0
1992-02-21,-9.361,-9.3543,-9.3632,-9.3587,5421200.0
1992-02-24,-9.3476,-9.3453,-9.352,-9.3487,6122400.0
1992-02-25,-9.3476,-9.3275,-9.3565,-9.3275,8134400.0
1992-02-26,-9.3297,-9.3141,-9.3297,-9.3153,8193600.0
1992-02-27,-9.3141,-9.3141,-9.332,-9.3275,4364800.0
1992-02-28,-9.3275,-9.323,-9.3409,-9.3364,3244400.0
1992-03-02,-9.3342,-9.3275,-9.3386,-9.3386,3203200.0
1992-03-03,-9.3342,-9.332,-9.3476,-9.3465,3560000.0
1992-03-04,-9.3476,-9.3431,-9.361,-9.3587,4120800.0
1992-03-05,-9.3632,-9.3543,-9.3766,-9.3721,8462400.0
1992-03-06,-9.3721,-9.3677,-9.3766,-9.3677,4816400.0
1992-03-09,-9.3699,-9.3654,-9.3721,-9.3699,3896800.0
1992-03-10,-9.3677,-9.361,-9.3699,-9.3699,4394400.0
1992-03-11,-9.3699,-9.3654,-9.3766,-9.3744,4714400.0
1992-03-12,-9.3744,-9.3699,-9.39,-9.3788,5472400.0
1992-03-13,-9.3744,-9.3699,-9.3855,-9.3754,2843600.0
1992-03-16,-9.3788,-9.3721,-9.3878,-9.3732,2016400.0
1992-03-17,-9.3721,-9.3699,-9.3788,-9.3777,3061200.0
1992-03-18,-9.3744,-9.3677,-9.3766,-9.3699,2902000.0
1992-03-19,-9.3699,-9.3699,-9.3788,-9.3766,4251200.0
1992-03-20,-9.3766,-9.3744,-9.3766,-9.3744,1942400.0
1992-03-23,-9.3766,-9.3699,-9.3766,-9.3766,1804400.0
1992-03-24,-9.3721,-9.3587,-9.3744,-9.3587,7501200.0
1992-03-25,-9.3587,-9.3587,-9.3654,-9.3632,4353200.0
1992-03-26,-9.361,-9.3565,-9.3699,-9.3677,4412400.0
1992-03-27,-9.3687,-9.3677,-9.3989,-9.3945,9452000.0
1992-03-30,-9.3922,-9.3922,-9.4235,-9.4201,12124400.0
1992-03-31,-9.419,-9.4056,-9.4212,-9.419,7613200.0
1992-04-01,-9.4279,-9.4101,-9.4279,-9.4123,5714400.0
1992-04-02,-9.4123,-9.4078,-9.4178,-9.4145,4798800.0
1992-04-03,-9.4145,-9.4101,-9.4168,-9.4123,4181200.0
1992-04-06,-9.4123,-9.3945,-9.4123,-9.3967,3643600.0
1992-04-07,-9.3945,-9.3922,-9.4279,-9.4279,8234400.0
1992-04-08,-9.4302,-9.4302,-9.4503,-9.4402,13123600.0
1992-04-09,-9.4391,-9.419,-9.4458,-9.4279,6874400.0
1992-04-10,-9.4279,-9.4257,-9.448,-9.4436,9803600.0
1992-04-13,-9.4436,-9.4324,-9.4458,-9.4346,4402000.0
1992-04-14,-9.4235,-9.4101,-9.4279,-9.4145,5178000.0
1992-04-15,-9.4212,-9.3955,-9.4257,-9.3989,7764400.0
1992-04-16,-9.4011,-9.3967,-9.4168,-9.4123,9260800.0
1992-04-20,-9.4123,-9.4123,-9.4391,-9.4324,7380800.0
1992-04-21,-9.4302,-9.4279,-9.4391,-9.4369,6442400.0
1992-04-22,-9.4369,-9.4212,-9.4369,-9.4245,6129200.0
1992-04-23,-9.4257,-9.419,-9.4391,-9.4302,6534400.0
1992-04-24,-9.4302,-9.419,-9.4391,-9.4346,3526800.0
1992-04-27,-9.4391,-9.4369,-9.448,-9.4413,5014800.0
1992-04-28,-9.4458,-9.4413,-9.4659,-9.4547,6229200.0
1992-04-29,-9.4547,-9.4302,-9.4547,-9.4302,7116800.0
1992-04-30,-9.4279,-9.4011,-9.4346,-9.4022,9303600.0
1992-05-01,-9.4034,-9.3967,-9.419,-9.4101,4821200.0
1992-05-04,-9.4078,-9.3922,-9.4101,-9.3989,4402000.0
1992-05-05,-9.3989,-9.3978,-9.4078,-9.3989,6449200.0
1992-05-06,-9.3967,-9.3844,-9.3989,-9.3878,6377600.0
1992-05-07,-9.39,-9.3833,-9.3989,-9.3967,6175600.0
1992-05-08,-9.39,-9.3777,-9.3945,-9.3855,7105600.0
1992-05-11,-9.3855,-9.3788,-9.39,-9.3833,3250000.0
1992-05-12,-9.3833,-9.3766,-9.3878,-9.3833,2769200.0
1992-05-13,-9.3811,-9.3744,-9.3833,-9.3788,3482000.0
1992-05-14,-9.3788,-9.3766,-9.4011,-9.3911,5606800.0
1992-05-15,-9.3945,-9.3922,-9.3989,-9.3978,4339200.0
1992-05-18,-9.39,-9.39,-9.4034,-9.4,4616400.0
1992-05-19,-9.3967,-9.3967,-9.4123,-9.4089,4715600.0
1992-05-20,-9.4056,-9.4011,-9.4101,-9.4034,6200800.0
1992-05-21,-9.4011,-9.4011,-9.4145,-9.4111,4938800.0
1992-05-22,-9.4123,-9.4056,-9.4123,-9.4078,1670800.0
1992-05-26,-9.4078,-9.4056,-9.4145,-9.4101,3423200.0
1992-05-27,-9.4101,-9.4011,-9.4123,-9.4011,5516400.0
1992-05-28,-9.4034,-9.4011,-9.4123,-9.4078,4558000.0
1992-05-29,-9.4056,-9.3978,-9.4078,-9.4056,6369200.0
1992-06-01,-9.4279,-9.4078,-9.4391,-9.4257,8869200.0
1992-06-02,-9.4257,-9.4257,-9.4368,-9.4346,5560000.0
1992-06-03,-9.4346,-9.4346,-9.4569,-9.4558,10743200.0
1992-06-04,-9.4547,-9.4502,-9.4614,-9.4524,6453200.0
1992-06-05,-9.4502,-9.4458,-9.4547,-9.4491,4040800.0
1992-06-08,-9.448,-9.448,-9.4569,-9.4547,3730000.0
1992-06-09,-9.4547,-9.4547,-9.4614,-9.4569,3626800.0
1992-06-10,-9.4569,-9.4502,-9.4614,-9.4591,4522400.0
1992-06-11,-9.4591,-9.4547,-9.4614,-9.458,5028800.0
1992-06-12,-9.4524,-9.448,-9.4547,-9.4513,3450800.0
1992-06-15,-9.4569,-9.4569,-9.4703,-9.4691,6777600.0
1992-06-16,-9.477,-9.4748,-9.5038,-9.4993,13053200.0
1992-06-17,-9.5016,-9.4993,-9.5194,-9.5149,10880800.0
1992-06-18,-9.5149,-9.5016,-9.5395,-9.535,15495600.0
1992-06-19,-9.5283,-9.5283,-9.5484,-9.5395,15280000.0
1992-06-22,-9.5462,-9.5395,-9.5574,-9.544,13930000.0
1992-06-23,-9.5373,-9.5328,-9.5417,-9.535,11130800.0
1992-06-24,-9.5328,-9.5283,-9.535,-9.5283,7548000.0
1992-06-25,-9.5239,-9.5239,-9.535,-9.5316,5745200.0
1992-06-26,-9.5306,-9.5283,-9.5417,-9.535,3953600.0
1992-06-29,-9.5306,-9.5183,-9.535,-9.5216,6735200.0
1992-06-30,-9.5216,-9.5083,-9.5239,-9.5105,6919200.0
1992-07-01,-9.5105,-9.4971,-9.5127,-9.5016,5129200.0
1992-07-02,-9.5016,-9.5016,-9.5306,-9.5261,9169200.0
1992-07-06,-9.5239,-9.5216,-9.5328,-9.5261,4378000.0
1992-07-07,-9.5261,-9.5261,-9.5507,-9.544,7416400.0
1992-07-08,-9.5462,-9.5306,-9.5462,-9.5306,7020000.0
1992-07-09,-9.5283,-9.5239,-9.5306,-9.5294,5922000.0
1992-07-10,-9.5283,-9.5261,-9.5383,-9.5306,5144400.0
1992-07-13,-9.5306,-9.5183,-9.535,-9.5194,4486800.0
1992-07-14,-9.5194,-9.5105,-9.5194,-9.5149,4510800.0
1992-07-15,-9.5149,-9.5016,-9.5172,-9.5105,6248000.0
1992-07-16,-9.5127,-9.5016,-9.5172,-9.5038,5011200.0
1992-07-17,-9.5373,-9.5283,-9.5406,-9.5373,15135600.0
1992-07-20,-9.5395,-9.535,-9.5462,-9.5395,6873600.0
1992-07-21,-9.5328,-9.5261,-9.5373,-9.5306,4730800.0
1992-07-22,-9.535,-9.5328,-9.5462,-9.544,5798800.0
1992-07-23,-9.5417,-9.5395,-9.5484,-9.5395,6128800.0
1992-07-24,-9.5417,-9.5261,-9.5462,-9.5294,4832000.0
1992-07-27,-9.5306,-9.5239,-9.535,-9.535,88800.0
1992-07-28,-9.5328,-9.5239,-9.535,-9.5239,4813600.0
1992-07-29,-9.5227,-9.5127,-9.5239,-9.5172,8976400.0
1992-07-30,-9.5172,-9.5149,-9.5216,-9.5172,4927600.0
1992-07-31,-9.5172,-9.5149,-9.5216,-9.5216,3262000.0
1992-08-03,-9.5216,-9.5172,-9.5328,-9.5306,2452400.0
1992-08-04,-9.5373,-9.5306,-9.5395,-9.5328,4295600.0
1992-08-05,-9.5328,-9.5328,-9.5417,-9.5395,4981200.0
1992-08-06,-9.544,-9.5417,-9.5574,-9.5462,9220800.0
1992-08-07,-9.5641,-9.5484,-9.5685,-9.5517,7842400.0
1992-08-10,-9.5529,-9.5417,-9.5551,-9.545,3280800.0
1992-08-11,-9.5417,-9.5417,-9.5551,-9.5507,4339200.0
1992-08-12,-9.5484,-9.544,-9.5529,-9.545,4343600.0
1992-08-13,-9.5417,-9.5328,-9.544,-9.5395,6122000.0
1992-08-14,-9.5373,-9.535,-9.5417,-9.5395,4872400.0
1992-08-17,-9.5439,-9.5395,-9.5484,-9.5395,4617600.0
1992-08-18,-9.5417,-9.535,-9.5417,-9.5395,4017600.0
1992-08-19,-9.5405,-9.535,-9.5417,-9.5417,6096800.0
1992-08-20,-9.5395,-9.5372,-9.5439,-9.5395,3894800.0
1992-08-21,-9.5395,-9.535,-9.5462,-9.5405,3926400.0
1992-08-24,-9.5439,-9.5395,-9.5529,-9.5529,5454400.0
1992-08-25,-9.5529,-9.5417,-9.5529,-9.5428,4731200.0
1992-08-26,-9.5439,-9.5417,-9.5529,-9.5439,4325600.0
1992-08-27,-9.5395,-9.5361,-9.5439,-9.5417,2974800.0
1992-08-28,-9.5439,-9.535,-9.5462,-9.5372,2202400.0
1992-08-31,-9.5372,-9.5261,-9.5395,-9.5283,4328800.0
1992-09-01,-9.5261,-9.5238,-9.5305,-9.5238,2172000.0
1992-09-02,-9.5238,-9.5038,-9.5238,-9.506,6794400.0
1992-09-03,-9.5015,-9.4993,-9.5127,-9.5127,7570000.0
1992-09-04,-9.5082,-9.5082,-9.5216,-9.5171,2268800.0
1992-09-08,-9.5216,-9.5104,-9.5238,-9.5127,2511200.0
1992-09-09,-9.5104,-9.4993,-9.5127,-9.5015,5622400.0
1992-09-10,-9.5104,-9.4971,-9.5149,-9.4993,8165600.0
1992-09-11,-9.5015,-9.4993,-9.5149,-9.5138,6438000.0
1992-09-14,-9.5015,-9.4926,-9.506,-9.4971,7682400.0
1992-09-15,-9.4993,-9.4993,-9.5127,-9.5082,7806800.0
1992-09-16,-9.5127,-9.5082,-9.5238,-9.5194,6395600.0
1992-09-17,-9.5171,-9.5171,-9.5338,-9.5283,6180000.0
1992-09-18,-9.5305,-9.5204,-9.535,-9.5238,4133600.0
1992-09-21,-9.5216,-9.5127,-9.5261,-9.5238,3204400.0
1992-09-22,-9.5216,-9.5216,-9.535,-9.5305,3996800.0
1992-09-23,-9.5283,-9.5149,-9.5328,-9.5149,4443200.0
1992-09-24,-9.5171,-9.5127,-9.5261,-9.5261,4492000.0
1992-09-25,-9.5261,-9.5238,-9.535,-9.5328,4926400.0
1992-09-28,-9.5372,-9.5372,-9.5484,-9.5395,5351200.0
1992-09-29,-9.5417,-9.5328,-9.5462,-9.5383,5626400.0
1992-09-30,-9.5372,-9.5328,-9.5417,-9.5361,3580800.0
1992-10-01,-9.5395,-9.5361,-9.5439,-9.5439,4396400.0
1992-10-02,-9.5417,-9.5395,-9.5551,-9.5484,4063600.0
1992-10-05,-9.5529,-9.5484,-9.5685,-9.5506,9475600.0
1992-10-06,-9.5484,-9.5372,-9.5573,-9.5395,4058000.0
1992-10-07,-9.5372,-9.535,-9.5506,-9.5484,4050800.0
1992-10-08,-9.5462,-9.5439,-9.5551,-9.5506,4543200.0
1992-10-09,-9.5506,-9.5462,-9.5551,-9.5517,2108000.0
1992-10-12,-9.5529,-9.5439,-9.5529,-9.5462,2580000.0
1992-10-13,-9.5395,-9.5283,-9.5462,-9.5338,5265600.0
1992-10-14,-9.535,-9.5261,-9.5372,-9.5283,3429200.0
1992-10-15,-9.5305,-9.5283,-9.535,-9.5328,2701200.0
1992-10-16,-9.5216,-9.4971,-9.5238,-9.5015,16142000.0
1992-10-19,-9.5015,-9.4993,-9.506,-9.5015,7002400.0
1992-10-20,-9.5015,-9.4926,-9.506,-9.5004,10269200.0
1992-10-21,-9.4993,-9.4971,-9.5104,-9.506,4080800.0
1992-10-22,-9.506,-9.4993,-9.5082,-9.5038,3026400.0
1992-10-23,-9.4993,-9.4971,-9.5082,-9.5038,3279200.0
1992-10-26,-9.5038,-9.4792,-9.506,-9.4792,8972000.0
1992-10-27,-9.4792,-9.4703,-9.4837,-9.4792,7575600.0
1992-10-28,-9.4814,-9.468,-9.4859,-9.4725,7033200.0
1992-10-29,-9.4725,-9.4569,-9.4792,-9.4636,7661200.0
1992-10-30,-9.4613,-9.4613,-9.4747,-9.4703,4657600.0
1992-11-02,-9.4703,-9.468,-9.477,-9.4725,6094400.0
1992-11-03,-9.4703,-9.4703,-9.4792,-9.4747,4042000.0
1992-11-04,-9.4747,-9.468,-9.4747,-9.4703,5086800.0
1992-11-05,-9.4703,-9.4479,-9.4703,-9.4479,10647600.0
1992-11-06,-9.4502,-9.4346,-9.4502,-9.4413,9443200.0
1992-11-09,-9.439,-9.439,-9.4502,-9.4457,4052000.0
1992-11-10,-9.4479,-9.4346,-9.4502,-9.4368,4368000.0
1992-11-11,-9.4346,-9.4189,-9.4368,-9.4323,5023600.0
1992-11-12,-9.4301,-9.4256,-9.4356,-9.4312,3844400.0
1992-11-13,-9.4301,-9.4279,-9.439,-9.4368,3042000.0
1992-11-16,-9.4368,-9.4234,-9.439,-9.4267,2419200.0
1992-11-17,-9.4279,-9.4256,-9.449,-9.4457,6045200.0
1992-11-18,-9.439,-9.4189,-9.4435,-9.4234,10889200.0
1992-11-19,-9.4234,-9.4078,-9.4234,-9.4189,8608000.0
1992-11-20,-9.4167,-9.4145,-9.4301,-9.4256,5572000.0
1992-11-23,-9.4346,-9.4301,-9.4368,-9.4323,5462400.0
1992-11-24,-9.4301,-9.4256,-9.4346,-9.4256,5601200.0
1992-11-25,-9.4301,-9.4279,-9.439,-9.4346,4208000.0
1992-11-27,-9.4346,-9.4279,-9.4368,-9.4346,1688800.0
1992-11-30,-9.4367,-9.4256,-9.4423,-9.4256,5739200.0
1992-12-01,-9.4278,-9.4122,-9.4323,-9.4189,4652400.0
1992-12-02,-9.4189,-9.4167,-9.4301,-9.4278,3498800.0
1992-12-03,-9.4345,-9.4244,-9.4378,-9.4256,6710800.0
1992-12-04,-9.4278,-9.4256,-9.4345,-9.4311,3432400.0
1992-12-07,-9.4323,-9.4234,-9.4323,-9.4234,5168000.0
1992-12-08,-9.4234,-9.4144,-9.4234,-9.42,7035600.0
1992-12-09,-9.4234,-9.4211,-9.4278,-9.4244,5700800.0
1992-12-10,-9.4278,-9.4244,-9.4345,-9.4278,5010800.0
1992-12-11,-9.4278,-9.4189,-9.4278,-9.4256,4299200.0
1992-12-14,-9.4256,-9.4234,-9.4323,-9.4278,3962000.0
1992-12-15,-9.4323,-9.4301,-9.4434,-9.4356,6541200.0
1992-12-16,-9.4367,-9.4301,-9.4524,-9.4479,8085200.0
1992-12-17,-9.4457,-9.4256,-9.4457,-9.4311,8370800.0
1992-12-18,-9.4256,-9.41,-9.4278,-9.4189,8414400.0
1992-12-21,-9.4189,-9.4033,-9.4211,-9.4066,9159200.0
1992-12-22,-9.4055,-9.3921,-9.4055,-9.3976,10009200.0
1992-12-23,-9.401,-9.3988,-9.41,-9.4055,4018800.0
1992-12-24,-9.4033,-9.4033,-9.4122,-9.4122,1642400.0
1992-12-28,-9.41,-9.4055,-9.41,-9.4077,2536400.0
1992-12-29,-9.4077,-9.3966,-9.4077,-9.4066,4171200.0
1992-12-30,-9.4055,-9.4055,-9.4144,-9.4144,3610800.0
1992-12-31,-9.4144,-9.4033,-9.4144,-9.4055,3302000.0
1993-01-04,-9.4077,-9.4033,-9.4234,-9.4189,4618800.0
1993-01-05,-9.4211,-9.41,-9.4278,-9.41,6658800.0
1993-01-06,-9.3966,-9.3854,-9.3988,-9.3876,10055600.0
1993-01-07,-9.3876,-9.3809,-9.3976,-9.3943,9741200.0
1993-01-08,-9.3966,-9.3765,-9.4055,-9.3832,11474400.0
1993-01-11,-9.3854,-9.3642,-9.3876,-9.3665,9785200.0
1993-01-12,-9.3787,-9.3698,-9.3899,-9.3899,12364400.0
1993-01-13,-9.3899,-9.3676,-9.3921,-9.372,7135600.0
1993-01-14,-9.3676,-9.3564,-9.3698,-9.3586,13145200.0
1993-01-15,-9.3943,-9.3832,-9.4033,-9.401,32257600.0
1993-01-18,-9.4077,-9.4033,-9.4211,-9.4077,11935600.0
1993-01-19,-9.4055,-9.3988,-9.41,-9.4055,9802400.0
1993-01-20,-9.4055,-9.401,-9.4077,-9.4033,5685600.0
1993-01-21,-9.4055,-9.401,-9.4144,-9.4033,6601200.0
1993-01-22,-9.401,-9.401,-9.4122,-9.4077,5252400.0
1993-01-25,-9.41,-9.3988,-9.41,-9.4033,7237600.0
1993-01-26,-9.3988,-9.3854,-9.3988,-9.3966,10201200.0
1993-01-27,-9.3943,-9.3876,-9.4144,-9.401,8101200.0
1993-01-28,-9.4033,-9.401,-9.41,-9.4043,6580000.0
1993-01-29,-9.401,-9.3921,-9.4122,-9.4077,9516800.0
1993-02-01,-9.41,-9.3921,-9.41,-9.3921,8608800.0
1993-02-02,-9.3966,-9.3899,-9.401,-9.401,6530000.0
1993-02-03,-9.3943,-9.3943,-9.4167,-9.4033,9455200.0
1993-02-04,-9.4033,-9.401,-9.4122,-9.4077,7453200.0
1993-02-05,-9.41,-9.4077,-9.4367,-9.4278,13134400.0
1993-02-08,-9.4301,-9.4256,-9.4434,-9.4345,10060000.0
1993-02-09,-9.4301,-9.4267,-9.4345,-9.4311,8525600.0
1993-02-10,-9.4301,-9.4278,-9.4479,-9.4412,9593600.0
1993-02-11,-9.4412,-9.4367,-9.4479,-9.4467,6015200.0
1993-02-12,-9.4479,-9.4434,-9.459,-9.4579,9855600.0
1993-02-16,-9.4613,-9.4613,-9.4791,-9.4657,14563200.0
1993-02-17,-9.4635,-9.4568,-9.4747,-9.4579,8932400.0
1993-02-18,-9.4479,-9.4456,-9.4613,-9.4479,10006800.0
1993-02-19,-9.4456,-9.4434,-9.4501,-9.4479,6366800.0
1993-02-22,-9.4479,-9.4389,-9.4501,-9.4467,3531200.0
1993-02-23,-9.4479,-9.4456,-9.4568,-9.4546,6937600.0
1993-02-24,-9.4735,-9.4579,-9.4735,-9.4601,10253600.0
1993-02-25,-9.4635,-9.4501,-9.4635,-9.4501,5979200.0
1993-02-26,-9.4546,-9.4546,-9.4724,-9.4657,10538000.0
1993-03-01,-9.4657,-9.4613,-9.468,-9.4635,4272400.0
1993-03-02,-9.4657,-9.4523,-9.4657,-9.4546,5294400.0
1993-03-03,-9.4568,-9.4479,-9.4635,-9.4512,7261200.0
1993-03-04,-9.4523,-9.4456,-9.4613,-9.4479,6730000.0
1993-03-05,-9.4501,-9.4412,-9.4501,-9.4479,4001200.0
1993-03-08,-9.4479,-9.4322,-9.4479,-9.4345,6322400.0
1993-03-09,-9.4345,-9.4255,-9.4345,-9.4322,5535200.0
1993-03-10,-9.4322,-9.4278,-9.4389,-9.4322,4738800.0
1993-03-11,-9.43,-9.4278,-9.4367,-9.4311,5167600.0
1993-03-12,-9.4322,-9.4322,-9.4434,-9.4367,4527600.0
1993-03-15,-9.4389,-9.4278,-9.4445,-9.43,4868800.0
1993-03-16,-9.4278,-9.4233,-9.4345,-9.4345,3626800.0
1993-03-17,-9.4345,-9.43,-9.4479,-9.4467,6301200.0
1993-03-18,-9.4479,-9.4422,-9.4523,-9.4523,3810800.0
1993-03-19,-9.4479,-9.4456,-9.4613,-9.459,5516800.0
1993-03-22,-9.4613,-9.4579,-9.468,-9.4635,5911200.0
1993-03-23,-9.4635,-9.4568,-9.469,-9.468,3674400.0
1993-03-24,-9.468,-9.4546,-9.4702,-9.459,5126400.0
1993-03-25,-9.459,-9.4501,-9.4613,-9.4501,6125200.0
1993-03-26,-9.4501,-9.4501,-9.4702,-9.4635,5431200.0
1993-03-29,-9.4724,-9.4702,-9.4858,-9.4836,9362000.0
1993-03-30,-9.4824,-9.4724,-9.4903,-9.4724,9447600.0
1993-03-31,-9.4702,-9.468,-9.4814,-9.4791,7968800.0
1993-04-01,-9.4814,-9.4747,-9.4836,-9.4769,3878000.0
1993-04-02,-9.488,-9.4814,-9.497,-9.4914,9077600.0
1993-04-05,-9.4925,-9.488,-9.497,-9.4925,5332000.0
1993-04-06,-9.4925,-9.4903,-9.5037,-9.5037,6020800.0
1993-04-07,-9.5014,-9.4858,-9.5059,-9.488,5825200.0
1993-04-08,-9.4925,-9.488,-9.5014,-9.4947,5857600.0
1993-04-12,-9.497,-9.4836,-9.497,-9.4925,3324800.0
1993-04-13,-9.488,-9.4814,-9.5081,-9.5059,5893600.0
1993-04-14,-9.5081,-9.5037,-9.5137,-9.5037,6092400.0
1993-04-15,-9.5081,-9.5081,-9.5215,-9.5171,7816800.0
1993-04-16,-9.5081,-9.5037,-9.5159,-9.5092,24533200.0
1993-04-19,-9.5059,-9.497,-9.5081,-9.5059,8148000.0
1993-04-20,-9.5037,-9.4903,-9.5081,-9.4925,8580800.0
1993-04-21,-9.4903,-9.4858,-9.4992,-9.4958,7337600.0
1993-04-22,-9.4992,-9.488,-9.5014,-9.4925,5648800.0
1993-04-23,-9.4947,-9.4903,-9.5037,-9.4992,4808000.0
1993-04-26,-9.4992,-9.4947,-9.5059,-9.5014,3689200.0
1993-04-27,-9.5037,-9.4903,-9.5037,-9.4903,4648800.0
1993-04-28,-9.4947,-9.4747,-9.4947,-9.4802,5846800.0
1993-04-29,-9.4791,-9.4769,-9.4914,-9.4858,2958000.0
1993-04-30,-9.4858,-9.4702,-9.4858,-9.4814,4730000.0
1993-05-03,-9.4814,-9.4747,-9.4836,-9.4757,2332400.0
1993-05-04,-9.4724,-9.4546,-9.4747,-9.4623,6112400.0
1993-05-05,-9.4657,-9.4434,-9.4657,-9.4523,9059200.0
1993-05-06,-9.4523,-9.4501,-9.4613,-9.459,2536800.0
1993-05-07,-9.4613,-9.4501,-9.4613,-9.4501,2927600.0
1993-05-10,-9.4479,-9.44,-9.4479,-9.4479,4929200.0
1993-05-11,-9.4479,-9.4456,-9.4568,-9.4523,5665600.0
1993-05-12,-9.4546,-9.4501,-9.4657,-9.4635,3779200.0
1993-05-13,-9.4613,-9.4412,-9.4613,-9.4434,12940800.0
1993-05-14,-9.4456,-9.4389,-9.4479,-9.4434,4212000.0
1993-05-17,-9.4434,-9.4389,-9.4479,-9.4412,2491200.0
1993-05-18,-9.4434,-9.4367,-9.4479,-9.4434,5860000.0
1993-05-19,-9.4501,-9.4255,-9.4523,-9.4278,6176400.0
1993-05-20,-9.4278,-9.4122,-9.4278,-9.4144,10385200.0
1993-05-21,-9.4144,-9.411,-9.4322,-9.4255,5300000.0
1993-05-24,-9.4322,-9.4144,-9.4322,-9.4244,5373200.0
1993-05-25,-9.4322,-9.4255,-9.4412,-9.4355,6462400.0
1993-05-26,-9.4389,-9.4233,-9.4445,-9.4233,4353600.0
1993-05-27,-9.4233,-9.4166,-9.4278,-9.4255,7049200.0
1993-05-28,-9.43,-9.4255,-9.4367,-9.4333,6575200.0
1993-06-01,-9.4344,-9.4233,-9.4344,-9.43,4837600.0
1993-06-02,-9.4322,-9.4188,-9.4389,-9.43,7160000.0
1993-06-03,-9.43,-9.4277,-9.4389,-9.4355,5603200.0
1993-06-04,-9.4411,-9.4367,-9.4523,-9.4489,7649200.0
1993-06-07,-9.4523,-9.4501,-9.4891,-9.4858,17239200.0
1993-06-08,-9.5036,-9.4925,-9.5103,-9.4969,22194400.0
1993-06-09,-9.5371,-9.5315,-9.546,-9.5438,42090000.0
1993-06-10,-9.5505,-9.5393,-9.5572,-9.5416,19783600.0
1993-06-11,-9.5371,-9.5349,-9.5516,-9.5483,8662400.0
1993-06-14,-9.546,-9.5393,-9.5505,-9.5404,8927600.0
1993-06-15,-9.5349,-9.5349,-9.565,-9.5639,16018000.0
1993-06-16,-9.5617,-9.5527,-9.5684,-9.5617,12615600.0
1993-06-17,-9.5594,-9.5594,-9.5773,-9.5706,14635600.0
1993-06-18,-9.5672,-9.5627,-9.584,-9.5728,11138800.0
1993-06-21,-9.5773,-9.5773,-9.5862,-9.5851,9776800.0
1993-06-22,-9.5739,-9.5639,-9.584,-9.5694,12021200.0
1993-06-23,-9.5661,-9.5661,-9.5818,-9.5773,6462400.0
1993-06-24,-9.5773,-9.5661,-9.5818,-9.5661,7980000.0
1993-06-25,-9.5784,-9.5751,-9.5862,-9.5818,9198000.0
1993-06-28,-9.5773,-9.5773,-9.5929,-9.5806,12645600.0
1993-06-29,-9.5795,-9.5795,-9.5952,-9.5907,10526400.0
1993-06-30,-9.5929,-9.584,-9.5952,-9.5862,7170000.0
1993-07-01,-9.5907,-9.584,-9.5996,-9.5996,7809200.0
1993-07-02,-9.5974,-9.5929,-9.6018,-9.5952,6846400.0
1993-07-06,-9.5974,-9.5907,-9.6041,-9.6018,5558800.0
1993-07-07,-9.6041,-9.6007,-9.6152,-9.613,8124400.0
1993-07-08,-9.613,-9.6041,-9.6152,-9.613,4964800.0
1993-07-09,-9.6085,-9.6063,-9.613,-9.6108,5604400.0
1993-07-12,-9.6108,-9.5985,-9.6152,-9.5996,6215600.0
1993-07-13,-9.5929,-9.5929,-9.6085,-9.6063,5650800.0
1993-07-14,-9.6108,-9.6041,-9.6197,-9.6063,8816800.0
1993-07-15,-9.6063,-9.6018,-9.6242,-9.6197,12091200.0
1993-07-16,-9.6844,-9.6744,-9.7023,-9.6934,75744400.0
1993-07-19,-9.6889,-9.6822,-9.7112,-9.7102,28813200.0
1993-07-20,-9.7045,-9.6911,-9.709,-9.699,19017600.0
1993-07-21,-9.7068,-9.7001,-9.7112,-9.7045,16283600.0
1993-07-22,-9.7068,-9.6978,-9.709,-9.7023,7554400.0
1993-07-23,-9.6978,-9.6934,-9.7068,-9.7045,8365600.0
1993-07-26,-9.7001,-9.6934,-9.7068,-9.699,5468000.0
1993-07-27,-9.7001,-9.6934,-9.7045,-9.7023,7100800.0
1993-07-28,-9.7045,-9.6978,-9.7045,-9.699,3300000.0
1993-07-29,-9.6978,-9.6934,-9.7001,-9.6956,4343200.0
1993-07-30,-9.6934,-9.6867,-9.6978,-9.6911,7669200.0
1993-08-02,-9.6867,-9.6777,-9.6889,-9.6844,7728000.0
1993-08-03,-9.68,-9.6777,-9.6822,-9.68,6315600.0
1993-08-04,-9.6777,-9.6666,-9.68,-9.6688,8700000.0
1993-08-05,-9.6643,-9.6643,-9.68,-9.6755,7498800.0
1993-08-06,-9.6777,-9.6688,-9.6777,-9.6777,4506800.0
1993-08-09,-9.6777,-9.6688,-9.68,-9.6733,5767600.0
1993-08-10,-9.6755,-9.6733,-9.6867,-9.6844,5465600.0
1993-08-11,-9.6844,-9.6844,-9.6978,-9.6934,5965200.0
1993-08-12,-9.6934,-9.6911,-9.7068,-9.7023,12098800.0
1993-08-13,-9.7023,-9.6911,-9.7045,-9.6945,4978800.0
1993-08-16,-9.6933,-9.6889,-9.6956,-9.6933,3669200.0
1993-08-17,-9.6911,-9.6844,-9.6956,-9.6856,3876800.0
1993-08-18,-9.6799,-9.6732,-9.6866,-9.6844,6751200.0
1993-08-19,-9.6822,-9.6822,-9.6933,-9.6933,5452000.0
1993-08-20,-9.6911,-9.6889,-9.6978,-9.6889,3574400.0
1993-08-23,-9.6889,-9.6822,-9.6933,-9.6856,3265600.0
1993-08-24,-9.6866,-9.6822,-9.6911,-9.6889,3625600.0
1993-08-25,-9.6889,-9.6866,-9.7,-9.6956,5209200.0
1993-08-26,-9.6956,-9.6956,-9.7023,-9.699,6296800.0
1993-08-27,-9.6978,-9.6978,-9.7045,-9.7023,6676400.0
1993-08-30,-9.7023,-9.7023,-9.7079,-9.7067,9785600.0
1993-08-31,-9.7023,-9.7,-9.7067,-9.7023,4570800.0
1993-09-01,-9.7023,-9.7,-9.709,-9.7057,8065200.0
1993-09-02,-9.7067,-9.7045,-9.7134,-9.709,10081200.0
1993-09-03,-9.7067,-9.7067,-9.7134,-9.709,5830000.0
1993-09-07,-9.7067,-9.6978,-9.709,-9.7045,5130000.0
1993-09-08,-9.7045,-9.6978,-9.7067,-9.7,8102000.0
1993-09-09,-9.7,-9.6978,-9.7067,-9.7067,5352000.0
1993-09-10,-9.7045,-9.7045,-9.7123,-9.7045,4804800.0
1993-09-13,-9.7045,-9.7023,-9.7179,-9.7134,9143600.0
1993-09-14,-9.7223,-9.7157,-9.7246,-9.7223,9880000.0
1993-09-15,-9.7201,-9.7157,-9.729,-9.7201,9206800.0
1993-09-16,-9.7223,-9.7157,-9.7223,-9.7179,3086800.0
1993-09-17,-9.7213,-9.7112,-9.7223,-9.7134,6157600.0
1993-09-20,-9.7134,-9.7112,-9.7179,-9.7168,3968800.0
1993-09-21,-9.7179,-9.7134,-9.7257,-9.7201,5250000.0
1993-09-22,-9.7223,-9.7112,-9.7223,-9.7112,3960800.0
1993-09-23,-9.7112,-9.7112,-9.7201,-9.7179,4697600.0
1993-09-24,-9.7157,-9.7134,-9.7201,-9.7157,2743200.0
1993-09-27,-9.7157,-9.7134,-9.7223,-9.7179,4043200.0
1993-09-28,-9.7179,-9.7157,-9.7223,-9.7179,3386400.0
1993-09-29,-9.7223,-9.7168,-9.7268,-9.7257,8463600.0
1993-09-30,-9.7246,-9.7246,-9.7335,-9.7302,9828000.0
1993-10-01,-9.7357,-9.7335,-9.738,-9.7357,12022000.0
1993-10-04,-9.7369,-9.7335,-9.7424,-9.7357,6891200.0
1993-10-05,-9.7335,-9.7246,-9.7335,-9.729,6306400.0
1993-10-06,-9.7268,-9.7246,-9.7302,-9.728,6271200.0
1993-10-07,-9.729,-9.7268,-9.7357,-9.7335,4828000.0
1993-10-08,-9.7313,-9.7313,-9.7402,-9.7369,4989200.0
1993-10-11,-9.7357,-9.7246,-9.7357,-9.7268,5775200.0
1993-10-12,-9.7246,-9.7157,-9.7268,-9.7246,10952400.0
1993-10-13,-9.7223,-9.7223,-9.729,-9.7246,6322400.0
1993-10-14,-9.7246,-9.7201,-9.729,-9.7268,5749200.0
1993-10-15,-9.6911,-9.6844,-9.7,-9.6866,34136400.0
1993-10-18,-9.6889,-9.6822,-9.6911,-9.6856,11900000.0
1993-10-19,-9.6866,-9.6844,-9.6956,-9.6911,7643200.0
1993-10-20,-9.6889,-9.6866,-9.6956,-9.6911,4956400.0
1993-10-21,-9.6933,-9.6598,-9.6956,-9.6688,22417600.0
1993-10-22,-9.6665,-9.6576,-9.6732,-9.6688,14160000.0
1993-10-25,-9.6688,-9.6665,-9.6744,-9.671,7840800.0
1993-10-26,-9.6732,-9.671,-9.6799,-9.6732,7960000.0
1993-10-27,-9.671,-9.6509,-9.6732,-9.6554,16415200.0
1993-10-28,-9.6554,-9.6509,-9.6621,-9.6621,8736800.0
1993-10-29,-9.6621,-9.6554,-9.6665,-9.6643,4892400.0
1993-11-01,-9.6643,-9.6576,-9.6688,-9.6576,3798800.0
1993-11-02,-9.6598,-9.6442,-9.6621,-9.6465,8013600.0
1993-11-03,-9.6442,-9.6442,-9.6621,-9.6565,6320000.0
1993-11-04,-9.6576,-9.6509,-9.6643,-9.6509,6632000.0
1993-11-05,-9.6543,-9.6509,-9.6643,-9.6543,13513200.0
1993-11-08,-9.6532,-9.652,-9.6665,-9.6643,5966400.0
1993-11-09,-9.6621,-9.6598,-9.6732,-9.6699,6136400.0
1993-11-10,-9.6688,-9.6643,-9.671,-9.6643,2765600.0
1993-11-11,-9.6643,-9.6532,-9.6665,-9.6588,5090800.0
1993-11-12,-9.6576,-9.6532,-9.6665,-9.6554,5136800.0
1993-11-15,-9.6576,-9.6465,-9.6576,-9.6532,5616800.0
1993-11-16,-9.6532,-9.6331,-9.6554,-9.6353,10838000.0
1993-11-17,-9.6353,-9.6264,-9.6465,-9.6398,10812400.0
1993-11-18,-9.6398,-9.6375,-9.6442,-9.6398,4089200.0
1993-11-19,-9.6442,-9.6397,-9.6486,-9.6442,4409200.0
1993-11-22,-9.6464,-9.6442,-9.6509,-9.6486,5389200.0
1993-11-23,-9.6486,-9.6442,-9.6598,-9.6442,6653600.0
1993-11-24,-9.6464,-9.6397,-9.6475,-9.6442,3246800.0
1993-11-26,-9.6464,-9.6442,-9.6509,-9.6475,1569200.0
1993-11-29,-9.6509,-9.6486,-9.6576,-9.6553,3462000.0
1993-11-30,-9.6553,-9.6475,-9.6576,-9.6576,4036800.0
1993-12-01,-9.6531,-9.6509,-9.6598,-9.6576,3978800.0
1993-12-02,-9.6553,-9.6531,-9.662,-9.6553,3614400.0
1993-12-03,-9.6553,-9.6531,-9.662,-9.6576,4314800.0
1993-12-06,-9.6576,-9.6486,-9.6598,-9.6509,5610000.0
1993-12-07,-9.6531,-9.6509,-9.6576,-9.6509,2280800.0
1993-12-08,-9.6531,-9.6509,-9.6576,-9.6543,1422000.0
1993-12-09,-9.6553,-9.6531,-9.6732,-9.671,6531200.0
1993-12-10,-9.6687,-9.6665,-9.6911,-9.6866,17781200.0
1993-12-13,-9.6866,-9.6754,-9.6911,-9.6754,8729200.0
1993-12-14,-9.6777,-9.6732,-9.6799,-9.6788,10492400.0
1993-12-15,-9.6799,-9.6732,-9.6799,-9.6732,4438000.0
1993-12-16,-9.6754,-9.6732,-9.6799,-9.6766,4532000.0
1993-12-17,-9.6754,-9.6732,-9.6788,-9.6754,5197600.0
1993-12-20,-9.6777,-9.6732,-9.6866,-9.6844,6768800.0
1993-12-21,-9.6844,-9.6821,-9.6955,-9.6933,8973600.0
1993-12-22,-9.6955,-9.6844,-9.6978,-9.6888,6498800.0
1993-12-23,-9.6955,-9.6955,-9.7022,-9.6955,8120000.0
1993-12-27,-9.6911,-9.6821,-9.6955,-9.6844,5730000.0
1993-12-28,-9.6821,-9.6754,-9.6844,-9.6788,5705600.0
1993-12-29,-9.6777,-9.6777,-9.6844,-9.6844,3853200.0
1993-12-30,-9.6844,-9.6687,-9.6844,-9.6732,11253200.0
1993-12-31,-9.6732,-9.6687,-9.6777,-9.6777,5765200.0
1994-01-03,-9.6754,-9.671,-9.6799,-9.6721,6485200.0
1994-01-04,-9.6687,-9.6576,-9.671,-9.6576,10198800.0
1994-01-05,-9.6553,-9.6363,-9.6553,-9.6375,21874400.0
1994-01-06,-9.6375,-9.6353,-9.6486,-9.6464,13095200.0
1994-01-07,-9.6531,-9.642,-9.6598,-9.643,10688800.0
1994-01-10,-9.6442,-9.6363,-9.6464,-9.6386,7222000.0
1994-01-11,-9.6397,-9.6375,-9.6553,-9.6543,12700000.0
1994-01-12,-9.6509,-9.6509,-9.6665,-9.6665,15684400.0
1994-01-13,-9.671,-9.6643,-9.6732,-9.6654,19000000.0
1994-01-14,-9.6643,-9.6553,-9.6665,-9.662,7673200.0
1994-01-17,-9.662,-9.6576,-9.671,-9.6677,5206400.0
1994-01-18,-9.6687,-9.6687,-9.6799,-9.6766,12978000.0
1994-01-19,-9.6777,-9.6732,-9.6821,-9.6777,10066400.0
1994-01-20,-9.6754,-9.6643,-9.6754,-9.6721,9582400.0
1994-01-21,-9.642,-9.6397,-9.6509,-9.6408,35007600.0
1994-01-24,-9.642,-9.6241,-9.642,-9.6263,24742000.0
1994-01-25,-9.6286,-9.6263,-9.642,-9.6363,15818800.0
1994-01-26,-9.6375,-9.6353,-9.642,-9.6397,5922400.0
1994-01-27,-9.6397,-9.633,-9.6442,-9.6341,4724800.0
1994-01-28,-9.633,-9.6286,-9.6375,-9.6353,4891200.0
1994-01-31,-9.6397,-9.6375,-9.6464,-9.6464,8532400.0
1994-02-01,-9.6442,-9.6397,-9.6509,-9.642,5618000.0
1994-02-02,-9.642,-9.642,-9.6486,-9.6442,5247600.0
1994-02-03,-9.6442,-9.6386,-9.6486,-9.6397,4933200.0
1994-02-04,-9.6397,-9.6263,-9.642,-9.6397,12645200.0
1994-02-07,-9.6397,-9.6073,-9.6397,-9.6129,25925200.0
1994-02-08,-9.6174,-9.6129,-9.6241,-9.6196,10210800.0
1994-02-09,-9.6196,-9.6129,-9.6241,-9.6151,6699200.0
1994-02-10,-9.6151,-9.604,-9.6174,-9.6129,10802000.0
1994-02-11,-9.6151,-9.604,-9.6151,-9.6084,5880800.0
1994-02-14,-9.6084,-9.5995,-9.6107,-9.6084,8775200.0
1994-02-15,-9.6107,-9.604,-9.6151,-9.6073,4654400.0
1994-02-16,-9.604,-9.604,-9.6107,-9.6107,4379200.0
1994-02-17,-9.6062,-9.6006,-9.6151,-9.6084,5197600.0
1994-02-18,-9.6129,-9.6084,-9.6151,-9.6151,5326400.0
1994-02-22,-9.6151,-9.604,-9.6196,-9.6062,7676400.0
1994-02-23,-9.6062,-9.5973,-9.6084,-9.6062,9318800.0
1994-02-24,-9.6084,-9.6062,-9.6151,-9.6117,7081200.0
1994-02-25,-9.6084,-9.6062,-9.6218,-9.6174,8468000.0
1994-02-28,-9.6151,-9.6084,-9.6174,-9.6129,4434800.0
1994-03-01,-9.6107,-9.6107,-9.6196,-9.6151,7570800.0
1994-03-02,-9.6241,-9.6151,-9.6285,-9.6207,10519200.0
1994-03-03,-9.6196,-9.6151,-9.6218,-9.6196,6737600.0
1994-03-04,-9.6174,-9.604,-9.6196,-9.6107,8113600.0
1994-03-07,-9.6084,-9.5983,-9.6107,-9.6006,11088800.0
1994-03-08,-9.5995,-9.5995,-9.6107,-9.6084,6647600.0
1994-03-09,-9.6117,-9.604,-9.6174,-9.604,8896800.0
1994-03-10,-9.6062,-9.6028,-9.6107,-9.6062,5142400.0
1994-03-11,-9.6084,-9.6017,-9.6107,-9.6062,5791200.0
1994-03-14,-9.595,-9.595,-9.6017,-9.5983,15783600.0
1994-03-15,-9.5973,-9.5973,-9.6062,-9.6028,7319200.0
1994-03-16,-9.604,-9.6017,-9.6129,-9.6107,5265200.0
1994-03-17,-9.6107,-9.6084,-9.6151,-9.6129,5590800.0
1994-03-18,-9.6107,-9.6107,-9.6196,-9.614,8004400.0
1994-03-21,-9.614,-9.6129,-9.6241,-9.6218,8806400.0
1994-03-22,-9.6241,-9.6218,-9.6308,-9.6263,8690800.0
1994-03-23,-9.6241,-9.6218,-9.633,-9.6251,7749200.0
1994-03-24,-9.6251,-9.6241,-9.6352,-9.6296,6738800.0
1994-03-25,-9.6285,-9.6285,-9.6464,-9.6464,12291200.0
1994-03-28,-9.6441,-9.6352,-9.6464,-9.6419,10098800.0
1994-03-29,-9.6419,-9.6374,-9.6508,-9.6464,7640000.0
1994-03-30,-9.6486,-9.6419,-9.6553,-9.6486,6079200.0
1994-03-31,-9.6486,-9.6397,-9.6575,-9.6419,7481200.0
1994-04-04,-9.6508,-9.6419,-9.6553,-9.6419,6016800.0
1994-04-05,-9.6374,-9.633,-9.6397,-9.6397,3505600.0
1994-04-06,-9.6352,-9.6352,-9.6464,-9.6397,4616400.0
1994-04-07,-9.6397,-9.6374,-9.6464,-9.6408,2764800.0
1994-04-08,-9.6374,-9.6352,-9.6419,-9.6397,6336400.0
1994-04-11,-9.6397,-9.6397,-9.6486,-9.6397,3823600.0
1994-04-12,-9.6408,-9.6408,-9.6553,-9.6531,4890800.0
1994-04-13,-9.6508,-9.6486,-9.6598,-9.6553,8330000.0
1994-04-14,-9.6665,-9.6553,-9.6709,-9.6575,7933200.0
1994-04-15,-9.6598,-9.6575,-9.6709,-9.6687,6730800.0
1994-04-18,-9.6665,-9.6665,-9.6776,-9.6743,8238800.0
1994-04-19,-9.6732,-9.6709,-9.6843,-9.6799,5947600.0
1994-04-20,-9.6776,-9.6709,-9.6888,-9.6866,10080800.0
1994-04-21,-9.6843,-9.6665,-9.6977,-9.6743,14674400.0
1994-04-22,-9.6598,-9.6531,-9.6843,-9.6732,24923600.0
1994-04-25,-9.6732,-9.662,-9.6754,-9.662,12846800.0
1994-04-26,-9.6575,-9.6575,-9.662,-9.6598,5879200.0
1994-04-28,-9.662,-9.6598,-9.6732,-9.6687,3604400.0
1994-04-29,-9.6709,-9.6665,-9.6732,-9.6709,3399200.0
1994-05-02,-9.6709,-9.6598,-9.6709,-9.662,4401200.0
1994-05-03,-9.662,-9.6598,-9.6754,-9.6687,4761200.0
1994-05-04,-9.662,-9.6419,-9.6665,-9.6441,13008800.0
1994-05-05,-9.6419,-9.6374,-9.6508,-9.6452,10307600.0
1994-05-06,-9.6508,-9.6464,-9.6598,-9.6503,6721200.0
1994-05-09,-9.6508,-9.6486,-9.6642,-9.6598,5026400.0
1994-05-10,-9.6553,-9.6531,-9.662,-9.662,5246800.0
1994-05-11,-9.662,-9.6575,-9.6732,-9.6687,5218000.0
1994-05-12,-9.6665,-9.6642,-9.6754,-9.6737,3839200.0
1994-05-13,-9.6732,-9.6665,-9.6776,-9.6709,3323200.0
1994-05-16,-9.6709,-9.6665,-9.6754,-9.6754,4854800.0
1994-05-17,-9.6732,-9.6732,-9.6821,-9.6766,6450800.0
1994-05-18,-9.6732,-9.6642,-9.6776,-9.6654,4436800.0
1994-05-19,-9.6642,-9.6486,-9.6665,-9.6519,9776800.0
1994-05-20,-9.6553,-9.6508,-9.662,-9.6615,3519200.0
1994-05-23,-9.662,-9.6598,-9.6709,-9.6665,4286400.0
1994-05-24,-9.662,-9.6598,-9.6687,-9.6642,4536400.0
1994-05-25,-9.6687,-9.6553,-9.6709,-9.6598,4873200.0
1994-05-26,-9.6575,-9.6575,-9.6687,-9.6665,2613200.0
1994-05-27,-9.6687,-9.6642,-9.6754,-9.6714,3882400.0
1994-05-31,-9.6754,-9.6754,-9.6843,-9.6776,9211200.0
1994-06-01,-9.6843,-9.6832,-9.6899,-9.6865,13786800.0
1994-06-02,-9.6854,-9.6843,-9.6966,-9.6944,13762400.0
1994-06-03,-9.6966,-9.6888,-9.6999,-9.6921,12649200.0
1994-06-06,-9.6932,-9.691,-9.6977,-9.6944,4513200.0
1994-06-07,-9.6954,-9.691,-9.6954,-9.6932,5013600.0
1994-06-08,-9.6932,-9.6921,-9.7066,-9.7055,9809200.0
1994-06-09,-9.71,-9.6977,-9.7111,-9.6977,10485200.0
1994-06-10,-9.6966,-9.6944,-9.7033,-9.7021,5107600.0
1994-06-13,-9.7033,-9.696,-9.7033,-9.6977,3339200.0
1994-06-14,-9.6954,-9.6944,-9.7011,-9.6971,5531200.0
1994-06-15,-9.6977,-9.6888,-9.6988,-9.6904,5704400.0
1994-06-16,-9.691,-9.691,-9.7055,-9.7033,7812400.0
1994-06-17,-9.7066,-9.6999,-9.7078,-9.7021,8027600.0
1994-06-20,-9.7044,-9.6954,-9.7066,-9.6966,7150000.0
1994-06-21,-9.6988,-9.6954,-9.7088,-9.7066,8693200.0
1994-06-22,-9.7044,-9.6999,-9.7066,-9.7044,4081200.0
1994-06-23,-9.7044,-9.7044,-9.7167,-9.7145,7283200.0
1994-06-24,-9.7145,-9.7055,-9.7178,-9.7101,10470000.0
1994-06-27,-9.7133,-9.7044,-9.7189,-9.7044,9153200.0
1994-06-28,-9.7044,-9.6966,-9.71,-9.6999,6235200.0
1994-06-29,-9.6999,-9.6966,-9.7078,-9.7055,4842400.0
1994-06-30,-9.7044,-9.6988,-9.7044,-9.7021,3652000.0
1994-07-01,-9.7033,-9.7021,-9.7122,-9.7088,6404400.0
1994-07-05,-9.71,-9.6999,-9.71,-9.7021,3080800.0
1994-07-06,-9.7044,-9.7021,-9.7066,-9.7055,3499200.0
1994-07-07,-9.7078,-9.6977,-9.7111,-9.6994,6097600.0
1994-07-08,-9.7021,-9.6921,-9.7021,-9.6971,7457600.0
1994-07-11,-9.6966,-9.6944,-9.7011,-9.6977,3801200.0
1994-07-12,-9.6977,-9.6848,-9.7033,-9.6854,8662000.0
1994-07-13,-9.6843,-9.6687,-9.6843,-9.6737,16081200.0
1994-07-14,-9.6743,-9.6731,-9.6865,-9.6832,6459200.0
1994-07-15,-9.6867,-9.6832,-9.6932,-9.6865,3409200.0
1994-07-18,-9.6877,-9.6798,-9.6888,-9.6854,2734800.0
1994-07-19,-9.6832,-9.6821,-9.6944,-9.6915,4176400.0
1994-07-20,-9.6944,-9.6921,-9.7033,-9.7011,7765200.0
1994-07-21,-9.7011,-9.6843,-9.7021,-9.6888,10348800.0
1994-07-22,-9.6564,-9.6533,-9.6709,-9.662,28098800.0
1994-07-25,-9.6609,-9.6542,-9.6642,-9.6558,15103200.0
1994-07-26,-9.6553,-9.653,-9.6609,-9.6587,6756400.0
1994-07-27,-9.6597,-9.6587,-9.6654,-9.6614,4788000.0
1994-07-28,-9.662,-9.6519,-9.6631,-9.6542,8762000.0
1994-07-29,-9.6542,-9.6352,-9.6542,-9.6379,19853600.0
1994-08-01,-9.6385,-9.6374,-9.6463,-9.6407,8204400.0
1994-08-02,-9.6396,-9.6385,-9.6496,-9.648,9642400.0
1994-08-03,-9.6463,-9.6419,-9.6519,-9.6429,8113600.0
1994-08-04,-9.6429,-9.6374,-9.6429,-9.6419,6620000.0
1994-08-05,-9.6452,-9.6407,-9.6452,-9.6419,3123200.0
1994-08-08,-9.6429,-9.6352,-9.6441,-9.6374,5048800.0
1994-08-09,-9.6396,-9.6363,-9.6429,-9.6385,2811200.0
1994-08-10,-9.6385,-9.6273,-9.6419,-9.6296,9065200.0
1994-08-11,-9.6329,-9.6251,-9.6363,-9.6324,10649200.0
1994-08-12,-9.6318,-9.6251,-9.6363,-9.6285,6425200.0
1994-08-15,-9.6284,-9.6262,-9.6329,-9.6295,4293200.0
1994-08-16,-9.6317,-9.6284,-9.6351,-9.6284,5563200.0
1994-08-17,-9.6273,-9.6228,-9.6295,-9.6262,10232400.0
1994-08-18,-9.6284,-9.624,-9.6307,-9.6295,7370000.0
1994-08-19,-9.6284,-9.6262,-9.6329,-9.6273,4674800.0
1994-08-22,-9.6284,-9.6262,-9.6295,-9.6273,5445600.0
1994-08-23,-9.6273,-9.6184,-9.6284,-9.6262,7669200.0
1994-08-24,-9.6284,-9.6262,-9.6317,-9.6273,6132400.0
1994-08-25,-9.6329,-9.6139,-9.6329,-9.6257,10688800.0
1994-08-26,-9.624,-9.6161,-9.624,-9.6195,7300000.0
1994-08-29,-9.6195,-9.6161,-9.624,-9.6228,5450800.0
1994-08-30,-9.624,-9.6139,-9.6251,-9.6151,6515600.0
1994-08-31,-9.6173,-9.605,-9.6195,-9.6156,12568800.0
1994-09-01,-9.6228,-9.6195,-9.6295,-9.6262,7305200.0
1994-09-02,-9.624,-9.6217,-9.6262,-9.6228,3628000.0
1994-09-06,-9.624,-9.6206,-9.6262,-9.6212,3279200.0
1994-09-07,-9.6206,-9.6117,-9.6228,-9.6161,7283200.0
1994-09-08,-9.6173,-9.6151,-9.6206,-9.6161,5691200.0
1994-09-09,-9.6195,-9.6173,-9.6228,-9.6195,5624400.0
1994-09-12,-9.6206,-9.6195,-9.6228,-9.6195,3252400.0
1994-09-13,-9.6195,-9.6151,-9.6206,-9.619,3723600.0
1994-09-14,-9.6206,-9.6195,-9.6262,-9.6251,3549200.0
1994-09-15,-9.6251,-9.6161,-9.6251,-9.6173,9253200.0
1994-09-16,-9.6184,-9.6061,-9.6217,-9.6139,13008000.0
1994-09-19,-9.6139,-9.6106,-9.6217,-9.6217,6242000.0
1994-09-20,-9.6251,-9.6228,-9.6317,-9.6301,7047600.0
1994-09-21,-9.6307,-9.6295,-9.6374,-9.634,8402400.0
1994-09-22,-9.6329,-9.6329,-9.6384,-9.6362,5235600.0
1994-09-23,-9.6362,-9.6307,-9.6362,-9.6357,4760000.0
1994-09-26,-9.6362,-9.6307,-9.6384,-9.6357,5072400.0
1994-09-27,-9.6374,-9.634,-9.6407,-9.6362,3904800.0
1994-09-28,-9.6351,-9.6317,-9.6384,-9.6362,2914800.0
1994-09-29,-9.6374,-9.6317,-9.6407,-9.634,3921200.0
1994-09-30,-9.634,-9.6307,-9.6384,-9.6379,2561200.0
1994-10-03,-9.6384,-9.6374,-9.6485,-9.6429,4644400.0
1994-10-04,-9.6418,-9.6351,-9.6441,-9.6374,5822000.0
1994-10-05,-9.6384,-9.5983,-9.6407,-9.6005,25366800.0
1994-10-06,-9.605,-9.6041,-9.6173,-9.6151,18828800.0
1994-10-07,-9.6161,-9.6078,-9.6217,-9.6084,13022000.0
1994-10-10,-9.6072,-9.5849,-9.6084,-9.5916,18700800.0
1994-10-11,-9.5692,-9.5648,-9.5871,-9.5849,30083600.0
1994-10-12,-9.5849,-9.5581,-9.5893,-9.5626,21340000.0
1994-10-13,-9.5581,-9.5559,-9.5759,-9.5715,18761200.0
1994-10-14,-9.5682,-9.5637,-9.5737,-9.5715,6292000.0
1994-10-17,-9.5737,-9.5682,-9.5916,-9.5838,10866400.0
1994-10-18,-9.5759,-9.567,-9.5771,-9.5704,16749200.0
1994-10-19,-9.5726,-9.5626,-9.5726,-9.5704,12549200.0
1994-10-20,-9.5704,-9.5654,-9.5771,-9.5726,7808000.0
1994-10-21,-9.5749,-9.557,-9.5749,-9.5581,11528000.0
1994-10-24,-9.557,-9.5536,-9.5648,-9.5615,7316800.0
1994-10-25,-9.567,-9.5581,-9.5682,-9.5581,10771200.0
1994-10-26,-9.5581,-9.5524,-9.5581,-9.5526,7043200.0
1994-10-27,-9.5526,-9.5481,-9.5592,-9.557,5700800.0
1994-10-28,-9.5603,-9.5559,-9.5659,-9.5626,9762400.0
1994-10-31,-9.5637,-9.5514,-9.5682,-9.5531,12728000.0
1994-11-01,-9.5559,-9.5505,-9.5603,-9.5536,7805600.0
1994-11-02,-9.5536,-9.5526,-9.5692,-9.5692,7819200.0
1994-11-03,-9.5659,-9.5637,-9.5726,-9.5682,3962400.0
1994-11-04,-9.5682,-9.567,-9.5816,-9.5782,6869200.0
1994-11-07,-9.5782,-9.5704,-9.5804,-9.5749,4058000.0
1994-11-08,-9.5759,-9.5581,-9.5793,-9.5615,12476400.0
1994-11-09,-9.557,-9.5548,-9.5726,-9.567,14530000.0
1994-11-10,-9.5659,-9.5648,-9.5726,-9.5699,5476800.0
1994-11-11,-9.5704,-9.5682,-9.5726,-9.5715,2237600.0
1994-11-14,-9.5704,-9.557,-9.5704,-9.5592,5002000.0
1994-11-15,-9.5592,-9.5548,-9.5704,-9.5692,6001200.0
1994-11-16,-9.5749,-9.5676,-9.5759,-9.5732,6700000.0
1994-11-17,-9.5737,-9.5726,-9.5826,-9.5816,5380000.0
1994-11-18,-9.5815,-9.5771,-9.5848,-9.5815,5257600.0
1994-11-21,-9.5815,-9.5793,-9.5994,-9.5982,7255600.0
1994-11-22,-9.6016,-9.5893,-9.6061,-9.6049,8018800.0
1994-11-23,-9.6083,-9.6005,-9.6139,-9.6094,11723200.0
1994-11-25,-9.6094,-9.6016,-9.6105,-9.6016,3012400.0
1994-11-28,-9.6027,-9.5972,-9.6055,-9.6011,4971200.0
1994-11-29,-9.5994,-9.5949,-9.6016,-9.5972,5163200.0
1994-11-30,-9.596,-9.5871,-9.6083,-9.6061,11157600.0
1994-12-01,-9.6083,-9.6027,-9.6172,-9.6155,11051200.0
1994-12-02,-9.6128,-9.6105,-9.6205,-9.6122,6170000.0
1994-12-05,-9.6128,-9.6049,-9.6161,-9.6066,6460000.0
1994-12-06,-9.6083,-9.596,-9.6094,-9.6033,8516400.0
1994-12-07,-9.6039,-9.6011,-9.6167,-9.6116,4916800.0
1994-12-08,-9.6094,-9.6083,-9.6195,-9.6183,6081200.0
1994-12-09,-9.6183,-9.6139,-9.6284,-9.615,9329200.0
1994-12-12,-9.6139,-9.6105,-9.6217,-9.6128,8004400.0
1994-12-13,-9.6116,-9.6089,-9.615,-9.6139,4266800.0
1994-12-14,-9.6128,-9.5982,-9.6128,-9.6005,11123600.0
1994-12-15,-9.5994,-9.596,-9.6094,-9.6072,8133200.0
1994-12-16,-9.6061,-9.6016,-9.6105,-9.6061,6432400.0
1994-12-19,-9.6061,-9.5871,-9.6061,-9.5893,11890000.0
1994-12-20,-9.5893,-9.5882,-9.596,-9.5949,6263600.0
1994-12-21,-9.6005,-9.5949,-9.6039,-9.596,5635600.0
1994-12-22,-9.5949,-9.5915,-9.5972,-9.5938,4771200.0
1994-12-23,-9.5949,-9.5871,-9.5949,-9.5915,3372000.0
1994-12-27,-9.5882,-9.5838,-9.5915,-9.5893,2928800.0
1994-12-28,-9.5893,-9.5882,-9.5972,-9.5893,3198000.0
1994-12-29,-9.5882,-9.5826,-9.5893,-9.586,4341200.0
1994-12-30,-9.5871,-9.5826,-9.5927,-9.5905,2616400.0
1995-01-03,-9.5915,-9.5915,-9.6005,-9.596,3726400.0
1995-01-04,-9.5938,-9.5848,-9.5938,-9.5871,5682400.0
1995-01-05,-9.5882,-9.5871,-9.5927,-9.5915,2646800.0
1995-01-06,-9.567,-9.5536,-9.5714,-9.5637,38456800.0
1995-01-09,-9.567,-9.5647,-9.5726,-9.5708,9805200.0
1995-01-10,-9.5704,-9.5458,-9.5704,-9.5486,21977600.0
1995-01-11,-9.548,-9.5096,-9.5575,-9.5213,31212400.0
1995-01-12,-9.5268,-9.5246,-9.5391,-9.5335,19721200.0
1995-01-13,-9.5268,-9.5268,-9.5424,-9.538,12565600.0
1995-01-16,-9.538,-9.5347,-9.5436,-9.5414,6765600.0
1995-01-17,-9.5414,-9.5324,-9.5447,-9.5369,11806400.0
1995-01-18,-9.5369,-9.5313,-9.5391,-9.5313,4581200.0
1995-01-19,-9.5324,-9.528,-9.5369,-9.529,11238800.0
1995-01-20,-9.519,-9.519,-9.5592,-9.558,35731200.0
1995-01-23,-9.5647,-9.558,-9.5726,-9.5614,14252400.0
1995-01-24,-9.5614,-9.5603,-9.5692,-9.567,7805600.0
1995-01-25,-9.586,-9.5637,-9.586,-9.5728,18482000.0
1995-01-26,-9.5737,-9.5681,-9.5882,-9.586,8822000.0
1995-01-27,-9.5826,-9.5781,-9.5905,-9.5826,10676400.0
1995-01-30,-9.5804,-9.5771,-9.5826,-9.5804,8255200.0
1995-01-31,-9.5771,-9.5737,-9.5815,-9.5781,7621200.0
1995-02-01,-9.5748,-9.5748,-9.5826,-9.5804,5665200.0
1995-02-02,-9.5804,-9.5647,-9.5804,-9.567,7288000.0
1995-02-03,-9.5637,-9.5625,-9.5781,-9.5771,11400800.0
1995-02-06,-9.5748,-9.5748,-9.586,-9.5771,8702000.0
1995-02-07,-9.5781,-9.5726,-9.5815,-9.5743,7200000.0
1995-02-08,-9.5726,-9.5603,-9.5737,-9.5609,14403600.0
1995-02-09,-9.5625,-9.5469,-9.5625,-9.5491,16988800.0
1995-02-10,-9.5491,-9.5441,-9.5514,-9.548,12542400.0
1995-02-13,-9.5502,-9.5413,-9.5525,-9.548,10120800.0
1995-02-14,-9.548,-9.5446,-9.558,-9.5552,5934400.0
1995-02-15,-9.5525,-9.5502,-9.5592,-9.5586,6604400.0
1995-02-16,-9.5535,-9.5525,-9.558,-9.553,7821200.0
1995-02-17,-9.5558,-9.5547,-9.5592,-9.5592,4366400.0
1995-02-21,-9.558,-9.5569,-9.5736,-9.5726,10776800.0
1995-02-22,-9.5759,-9.5726,-9.5803,-9.5743,10501200.0
1995-02-23,-9.5714,-9.5647,-9.5815,-9.5798,11262000.0
1995-02-24,-9.5803,-9.5781,-9.5949,-9.5904,20334400.0
1995-02-27,-9.5971,-9.5904,-9.5984,-9.5971,9600800.0
1995-02-28,-9.5949,-9.5826,-9.5993,-9.586,7965200.0
1995-03-01,-9.5837,-9.5803,-9.5867,-9.5815,8025200.0
1995-03-02,-9.5803,-9.5748,-9.5837,-9.5815,9619200.0
1995-03-03,-9.5837,-9.5753,-9.586,-9.5793,5209200.0
1995-03-06,-9.5837,-9.5815,-9.586,-9.5837,4751200.0
1995-03-07,-9.5826,-9.5826,-9.5971,-9.5966,5399200.0
1995-03-08,-9.5927,-9.5803,-9.6016,-9.5854,13048800.0
1995-03-09,-9.5826,-9.5781,-9.587,-9.5837,7038000.0
1995-03-10,-9.5848,-9.5781,-9.587,-9.586,4923200.0
1995-03-13,-9.5848,-9.5848,-9.5993,-9.5982,11653200.0
1995-03-14,-9.5971,-9.5971,-9.6306,-9.6261,26015200.0
1995-03-15,-9.6217,-9.615,-9.6272,-9.6261,26120800.0
1995-03-16,-9.6239,-9.6172,-9.6261,-9.6239,11330000.0
1995-03-17,-9.6217,-9.6217,-9.6272,-9.625,7713600.0
1995-03-20,-9.625,-9.6205,-9.6261,-9.6239,6793600.0
1995-03-21,-9.6217,-9.6105,-9.6239,-9.615,10920800.0
1995-03-22,-9.615,-9.586,-9.615,-9.5988,17130800.0
1995-03-23,-9.6004,-9.5993,-9.6085,-9.6071,6094400.0
1995-03-24,-9.6049,-9.6004,-9.606,-9.6016,4584400.0
1995-03-27,-9.6027,-9.6027,-9.6116,-9.6066,5111200.0
1995-03-28,-9.615,-9.6142,-9.6339,-9.6317,24655600.0
1995-03-29,-9.6351,-9.6272,-9.6361,-9.6317,17760000.0
1995-03-30,-9.6294,-9.6217,-9.6306,-9.6227,9767600.0
1995-03-31,-9.625,-9.6205,-9.6284,-9.6239,6558000.0
1995-04-03,-9.6217,-9.6194,-9.625,-9.6217,5528000.0
1995-04-04,-9.6194,-9.6183,-9.6384,-9.6361,15300000.0
1995-04-05,-9.6339,-9.6284,-9.6373,-9.6284,9470000.0
1995-04-06,-9.606,-9.5993,-9.6214,-9.6105,25823600.0
1995-04-07,-9.6083,-9.6071,-9.615,-9.6105,10562400.0
1995-04-10,-9.6093,-9.6083,-9.616,-9.6116,4211200.0
1995-04-11,-9.6105,-9.6004,-9.6116,-9.6016,7673200.0
1995-04-12,-9.5971,-9.5848,-9.6049,-9.5904,16973200.0
1995-04-13,-9.5882,-9.5882,-9.6004,-9.5971,6242400.0
1995-04-17,-9.5982,-9.587,-9.6004,-9.596,7467600.0
1995-04-18,-9.5949,-9.5937,-9.6038,-9.6038,8263200.0
1995-04-19,-9.6038,-9.6038,-9.6205,-9.6138,9990800.0
1995-04-20,-9.6071,-9.5949,-9.6116,-9.6027,11772400.0
1995-04-21,-9.606,-9.586,-9.6071,-9.5893,23812400.0
1995-04-24,-9.5904,-9.5848,-9.5949,-9.5904,9724400.0
1995-04-25,-9.5893,-9.587,-9.606,-9.6016,9780000.0
1995-04-26,-9.6027,-9.5927,-9.6049,-9.5971,8246800.0
1995-04-27,-9.5949,-9.5949,-9.6016,-9.6004,5014800.0
1995-04-28,-9.5993,-9.596,-9.6038,-9.5971,6984400.0
1995-05-01,-9.5971,-9.5927,-9.5993,-9.5971,6375600.0
1995-05-02,-9.5971,-9.596,-9.6038,-9.5982,4289200.0
1995-05-03,-9.5971,-9.5937,-9.5993,-9.5982,6043600.0
1995-05-04,-9.5971,-9.5826,-9.5993,-9.5949,10846800.0
1995-05-05,-9.5927,-9.5893,-9.5982,-9.5915,7445200.0
1995-05-08,-9.5826,-9.5726,-9.5837,-9.577,13832000.0
1995-05-09,-9.5759,-9.5692,-9.5815,-9.5703,11540800.0
1995-05-10,-9.5681,-9.5647,-9.5748,-9.5686,9837600.0
1995-05-11,-9.5669,-9.5669,-9.5781,-9.5726,18712400.0
1995-05-12,-9.5736,-9.5485,-9.577,-9.5491,23153200.0
1995-05-15,-9.5535,-9.548,-9.5592,-9.5491,14053200.0
1995-05-16,-9.5535,-9.5424,-9.5592,-9.548,11895600.0
1995-05-17,-9.548,-9.5424,-9.5502,-9.5458,9419200.0
1995-05-18,-9.5446,-9.5446,-9.5525,-9.5513,13287600.0
1995-05-19,-9.5558,-9.548,-9.558,-9.5569,11522000.0
1995-05-22,-9.5592,-9.5446,-9.5614,-9.5446,13282400.0
1995-05-23,-9.5446,-9.5424,-9.5502,-9.5468,9881200.0
1995-05-24,-9.548,-9.5435,-9.5558,-9.5502,9459200.0
1995-05-25,-9.5525,-9.5458,-9.5547,-9.5513,6536800.0
1995-05-26,-9.5547,-9.5535,-9.5614,-9.5574,4097600.0
1995-05-30,-9.558,-9.5557,-9.5681,-9.5636,7021200.0
1995-05-31,-9.5624,-9.5624,-9.5725,-9.5675,5707600.0
1995-06-01,-9.5647,-9.5591,-9.5658,-9.5619,6685200.0
1995-06-02,-9.5647,-9.5602,-9.5681,-9.5624,3783200.0
1995-06-05,-9.5602,-9.5502,-9.5624,-9.5502,9103200.0
1995-06-06,-9.549,-9.5423,-9.5502,-9.5457,11270800.0
1995-06-07,-9.5446,-9.5446,-9.5535,-9.5535,4451200.0
1995-06-08,-9.5513,-9.5513,-9.5624,-9.5552,4874400.0
1995-06-09,-9.549,-9.548,-9.5535,-9.5502,6679200.0
1995-06-12,-9.5457,-9.5413,-9.5468,-9.5442,7584400.0
1995-06-13,-9.5413,-9.5401,-9.5468,-9.5457,4508000.0
1995-06-14,-9.5468,-9.5468,-9.5513,-9.549,4224800.0
1995-06-15,-9.549,-9.548,-9.5513,-9.549,3331200.0
1995-06-16,-9.5468,-9.5457,-9.5502,-9.5468,3200800.0
1995-06-19,-9.5468,-9.5346,-9.5502,-9.5423,16774400.0
1995-06-20,-9.5279,-9.5123,-9.5279,-9.5156,26385200.0
1995-06-21,-9.5133,-9.491,-9.5212,-9.4977,22378800.0
1995-06-22,-9.5011,-9.4955,-9.5044,-9.4999,16928800.0
1995-06-23,-9.5033,-9.5011,-9.5123,-9.5033,8286800.0
1995-06-26,-9.5078,-9.5056,-9.5133,-9.5089,5465600.0
1995-06-27,-9.5156,-9.5078,-9.5245,-9.5245,7772400.0
1995-06-28,-9.5279,-9.5145,-9.5334,-9.5223,9531200.0
1995-06-29,-9.5245,-9.5089,-9.5279,-9.5167,8320000.0
1995-06-30,-9.5167,-9.5111,-9.5267,-9.524,5927600.0
1995-07-03,-9.5234,-9.5178,-9.5257,-9.5195,1410800.0
1995-07-05,-9.52,-9.5111,-9.5234,-9.5234,6325600.0
1995-07-06,-9.5234,-9.519,-9.5301,-9.519,6583200.0
1995-07-07,-9.52,-9.4989,-9.5212,-9.5044,13840000.0
1995-07-10,-9.5044,-9.4932,-9.5089,-9.5044,10640800.0
1995-07-11,-9.5123,-9.5044,-9.5184,-9.5178,7683200.0
1995-07-12,-9.5167,-9.51,-9.5267,-9.519,10145200.0
1995-07-13,-9.5156,-9.5033,-9.5178,-9.5133,12596400.0
1995-07-14,-9.5156,-9.5011,-9.519,-9.5033,9929200.0
1995-07-17,-9.5022,-9.4944,-9.5044,-9.5011,8098000.0
1995-07-18,-9.5011,-9.4961,-9.5123,-9.5089,9102000.0
1995-07-19,-9.519,-9.51,-9.5368,-9.5323,18613200.0
1995-07-20,-9.5279,-9.5156,-9.5368,-9.5184,11848800.0
1995-07-21,-9.5547,-9.5379,-9.5547,-9.548,27082400.0
1995-07-24,-9.5457,-9.5323,-9.548,-9.5334,7679200.0
1995-07-25,-9.5279,-9.5245,-9.5312,-9.5301,9418000.0
1995-07-26,-9.5257,-9.5257,-9.5334,-9.5334,6125200.0
1995-07-27,-9.5323,-9.5145,-9.5323,-9.5207,11621200.0
1995-07-28,-9.5212,-9.5167,-9.5368,-9.5323,9341200.0
1995-07-31,-9.5323,-9.5312,-9.539,-9.5368,5673600.0
1995-08-01,-9.5379,-9.5379,-9.5502,-9.5502,7540000.0
1995-08-02,-9.5468,-9.5368,-9.548,-9.5423,9840800.0
1995-08-03,-9.5446,-9.5312,-9.5468,-9.5368,7640800.0
1995-08-04,-9.5368,-9.5357,-9.548,-9.5435,6884400.0
1995-08-07,-9.5446,-9.5401,-9.5535,-9.5513,6920000.0
1995-08-08,-9.549,-9.548,-9.5602,-9.5591,8388800.0
1995-08-09,-9.558,-9.548,-9.5591,-9.5535,13190000.0
1995-08-10,-9.5535,-9.5524,-9.558,-9.5569,5868000.0
1995-08-11,-9.5557,-9.5535,-9.5647,-9.5541,7407600.0
1995-08-14,-9.5547,-9.548,-9.5557,-9.5513,5989200.0
1995-08-15,-9.5468,-9.5446,-9.5535,-9.5452,11370800.0
1995-08-16,-9.5457,-9.5412,-9.549,-9.5412,10457600.0
1995-08-17,-9.5401,-9.5323,-9.5445,-9.5401,8827600.0
1995-08-18,-9.5378,-9.5356,-9.5479,-9.5378,8620000.0
1995-08-21,-9.5378,-9.5334,-9.5445,-9.5445,9721200.0
1995-08-22,-9.5423,-9.5356,-9.5445,-9.539,7769200.0
1995-08-23,-9.5378,-9.5289,-9.5401,-9.5323,9078000.0
1995-08-24,-9.5311,-9.5256,-9.5323,-9.5301,10285200.0
1995-08-25,-9.5289,-9.5289,-9.5401,-9.539,4819200.0
1995-08-28,-9.5378,-9.5368,-9.5546,-9.5546,8680000.0
1995-08-29,-9.5546,-9.5524,-9.5591,-9.5535,11325600.0
1995-08-30,-9.5524,-9.5479,-9.5535,-9.5512,5482000.0
1995-08-31,-9.5512,-9.5502,-9.5546,-9.5546,3148000.0
1995-09-01,-9.5546,-9.5502,-9.5557,-9.5552,3532400.0
1995-09-05,-9.5502,-9.5502,-9.5569,-9.5502,6443200.0
1995-09-06,-9.5468,-9.5442,-9.5502,-9.5479,7175600.0
1995-09-07,-9.5457,-9.534,-9.5479,-9.539,9373600.0
1995-09-08,-9.539,-9.5378,-9.5412,-9.539,6243200.0
1995-09-11,-9.5378,-9.5323,-9.5435,-9.5435,6160800.0
1995-09-12,-9.5412,-9.5378,-9.5579,-9.5552,11658800.0
1995-09-13,-9.5557,-9.5512,-9.5636,-9.5602,11530800.0
1995-09-14,-9.5691,-9.5669,-9.5836,-9.5814,19675600.0
1995-09-15,-9.6048,-9.5825,-9.6216,-9.6182,43286800.0
1995-09-18,-9.6137,-9.6099,-9.6182,-9.611,22216400.0
1995-09-19,-9.6104,-9.607,-9.616,-9.6104,17512400.0
1995-09-20,-9.606,-9.6048,-9.6127,-9.6115,11500800.0
1995-09-21,-9.6127,-9.6037,-9.6137,-9.6082,12407600.0
1995-09-22,-9.6093,-9.606,-9.6137,-9.6077,14258000.0
1995-09-25,-9.597,-9.5969,-9.6048,-9.6036,11267600.0
1995-09-26,-9.6015,-9.6003,-9.607,-9.6048,8961200.0
1995-09-27,-9.6037,-9.6037,-9.6283,-9.6149,16135600.0
1995-09-28,-9.6127,-9.6003,-9.6127,-9.6015,11843600.0
1995-09-29,-9.5993,-9.597,-9.6093,-9.606,10123200.0
1995-10-02,-9.6015,-9.5948,-9.6037,-9.6026,14000000.0
1995-10-03,-9.5981,-9.5948,-9.607,-9.6026,10368000.0
1995-10-04,-9.6115,-9.6082,-9.6171,-9.6137,9532000.0
1995-10-05,-9.6149,-9.6115,-9.6182,-9.6127,8737600.0
1995-10-06,-9.6104,-9.6082,-9.6204,-9.6199,11058000.0
1995-10-09,-9.6227,-9.6194,-9.6316,-9.6278,13320800.0
1995-10-10,-9.6316,-9.6261,-9.6383,-9.6288,14303600.0
1995-10-11,-9.6238,-9.6204,-9.6338,-9.6271,11893200.0
1995-10-12,-9.6261,-9.6227,-9.6283,-9.6233,5803200.0
1995-10-13,-9.6194,-9.6093,-9.6216,-9.6171,8422000.0
1995-10-16,-9.6149,-9.6082,-9.6182,-9.616,6515200.0
1995-10-17,-9.6127,-9.6093,-9.6182,-9.6115,6390000.0
1995-10-18,-9.6082,-9.5853,-9.6104,-9.6048,18311200.0
1995-10-19,-9.6182,-9.616,-9.6283,-9.6283,33761200.0
1995-10-20,-9.6238,-9.6238,-9.6294,-9.6249,13818800.0
1995-10-23,-9.6249,-9.6249,-9.6283,-9.6249,7078000.0
1995-10-24,-9.6216,-9.6216,-9.6271,-9.6249,7638800.0
1995-10-25,-9.6238,-9.6227,-9.6283,-9.6283,4761200.0
1995-10-26,-9.6271,-9.6261,-9.6305,-9.6271,4503600.0
1995-10-27,-9.6271,-9.6271,-9.6338,-9.6283,5523200.0
1995-10-30,-9.6271,-9.6238,-9.6294,-9.6238,6291200.0
1995-10-31,-9.6238,-9.6115,-9.6249,-9.6144,10334400.0
1995-11-01,-9.6115,-9.607,-9.6216,-9.6115,6913200.0
1995-11-02,-9.6093,-9.6093,-9.6149,-9.6115,5464400.0
1995-11-03,-9.6104,-9.6093,-9.6182,-9.6127,6413200.0
1995-11-06,-9.6127,-9.5926,-9.6137,-9.5981,11143200.0
1995-11-07,-9.6015,-9.577,-9.6037,-9.5847,26310800.0
1995-11-08,-9.5836,-9.5725,-9.5926,-9.5914,12823600.0
1995-11-09,-9.5836,-9.5814,-9.5914,-9.587,9295200.0
1995-11-10,-9.587,-9.5792,-9.5914,-9.5836,7973200.0
1995-11-13,-9.5792,-9.5703,-9.5814,-9.5736,11343200.0
1995-11-14,-9.5725,-9.5591,-9.5725,-9.568,14560000.0
1995-11-15,-9.5636,-9.5636,-9.5803,-9.5725,8874400.0
1995-11-16,-9.5736,-9.568,-9.5859,-9.582,8102000.0
1995-11-17,-9.5814,-9.578,-9.5836,-9.5803,4607600.0
1995-11-20,-9.5792,-9.5792,-9.5948,-9.5936,5314400.0
1995-11-21,-9.5925,-9.5925,-9.6003,-9.5936,6845200.0
1995-11-22,-9.5936,-9.5881,-9.5948,-9.5936,3533600.0
1995-11-24,-9.5914,-9.578,-9.5925,-9.5797,3930800.0
1995-11-27,-9.5758,-9.5758,-9.5869,-9.5869,4148800.0
1995-11-28,-9.5869,-9.5802,-9.5881,-9.5814,6305200.0
1995-11-29,-9.5802,-9.5802,-9.5903,-9.5881,3782000.0
1995-11-30,-9.5914,-9.5903,-9.5992,-9.5981,6247600.0
1995-12-01,-9.5992,-9.597,-9.607,-9.6025,7300800.0
1995-12-04,-9.5802,-9.5802,-9.5903,-9.5858,17171200.0
1995-12-05,-9.5948,-9.5824,-9.597,-9.5858,13000000.0
1995-12-06,-9.5836,-9.5824,-9.5958,-9.5925,7195200.0
1995-12-07,-9.5925,-9.5925,-9.6003,-9.5942,5084800.0
1995-12-08,-9.5925,-9.5869,-9.6003,-9.5869,5053200.0
1995-12-11,-9.5858,-9.5847,-9.5958,-9.5936,4003200.0
1995-12-12,-9.5936,-9.5936,-9.5992,-9.5992,6353200.0
1995-12-13,-9.597,-9.5903,-9.6104,-9.5958,24472400.0
1995-12-14,-9.5914,-9.5869,-9.5992,-9.597,11928000.0
1995-12-15,-9.6216,-9.6115,-9.6316,-9.6238,25960000.0
1995-12-18,-9.6249,-9.6238,-9.654,-9.6506,23807600.0
1995-12-19,-9.6461,-9.6416,-9.6506,-9.6461,15403600.0
1995-12-20,-9.6394,-9.6383,-9.6483,-9.6472,13074400.0
1995-12-21,-9.6461,-9.6461,-9.6562,-9.6483,11893200.0
1995-12-22,-9.6472,-9.6449,-9.6516,-9.6506,8392400.0
1995-12-26,-9.6483,-9.6483,-9.655,-9.6523,4994800.0
1995-12-27,-9.6516,-9.6405,-9.654,-9.6494,9609200.0
1995-12-28,-9.6516,-9.6461,-9.654,-9.6528,8933200.0
1995-12-29,-9.6528,-9.6494,-9.6562,-9.654,10874400.0
1996-01-02,-9.6506,-9.6506,-9.655,-9.6516,4983200.0
1996-01-03,-9.6528,-9.6449,-9.654,-9.6516,15368800.0
1996-01-04,-9.6494,-9.6494,-9.6584,-9.6567,10721200.0
1996-01-05,-9.6562,-9.6327,-9.6584,-9.6327,15929200.0
1996-01-08,-9.6305,-9.6216,-9.6349,-9.6293,4341200.0
1996-01-09,-9.6293,-9.6293,-9.6461,-9.6461,8978800.0
1996-01-10,-9.6483,-9.6283,-9.6506,-9.6327,13057600.0
1996-01-11,-9.6472,-9.626,-9.6494,-9.626,27041200.0
1996-01-12,-9.6283,-9.6283,-9.6416,-9.636,14370000.0
1996-01-15,-9.6372,-9.6305,-9.6405,-9.6338,12971200.0
1996-01-16,-9.6316,-9.6283,-9.6383,-9.6299,12606400.0
1996-01-17,-9.6316,-9.6316,-9.6372,-9.6349,8445200.0
1996-01-18,-9.6449,-9.6405,-9.6674,-9.6533,24955200.0
1996-01-19,-9.6617,-9.655,-9.6763,-9.6718,29623600.0
1996-01-22,-9.6729,-9.6617,-9.6774,-9.6662,17852400.0
1996-01-23,-9.6372,-9.6349,-9.6617,-9.6562,35305200.0
1996-01-24,-9.6516,-9.6506,-9.655,-9.6506,23438800.0
1996-01-25,-9.655,-9.6528,-9.6696,-9.6684,15911200.0
1996-01-26,-9.6674,-9.6595,-9.683,-9.6651,26297600.0
1996-01-29,-9.6796,-9.6729,-9.6818,-9.6785,11900000.0
1996-01-30,-9.6974,-9.6874,-9.6987,-9.6947,22246800.0
1996-01-31,-9.6908,-9.6885,-9.6941,-9.6919,11736800.0
1996-02-01,-9.693,-9.6852,-9.693,-9.6852,11902400.0
1996-02-02,-9.6808,-9.6741,-9.6818,-9.6774,19865600.0
1996-02-05,-9.6734,-9.6729,-9.6796,-9.6774,11396400.0
1996-02-06,-9.6774,-9.6707,-9.6774,-9.6741,8101200.0
1996-02-07,-9.6729,-9.6729,-9.6908,-9.6863,12885200.0
1996-02-08,-9.693,-9.6874,-9.693,-9.6897,9420800.0
1996-02-09,-9.6897,-9.6841,-9.6919,-9.6908,7360800.0
1996-02-12,-9.6874,-9.6841,-9.6885,-9.6852,6948800.0
1996-02-13,-9.6885,-9.6808,-9.6897,-9.6874,8161200.0
1996-02-14,-9.6863,-9.6863,-9.6935,-9.6919,5843600.0
1996-02-15,-9.6919,-9.6874,-9.6941,-9.6885,4360000.0
1996-02-16,-9.6874,-9.6852,-9.693,-9.693,5602400.0
1996-02-20,-9.6885,-9.6751,-9.6885,-9.6796,13473200.0
1996-02-21,-9.6763,-9.6729,-9.6785,-9.6741,7924400.0
1996-02-22,-9.6707,-9.6696,-9.6741,-9.6718,6588000.0
1996-02-23,-9.6718,-9.6684,-9.6741,-9.6718,6205200.0
1996-02-26,-9.6707,-9.6696,-9.6751,-9.6751,4238000.0
1996-02-27,-9.6718,-9.6718,-9.6841,-9.683,5331200.0
1996-02-28,-9.6808,-9.6808,-9.6919,-9.6908,6728800.0
1996-02-29,-9.693,-9.6908,-9.6952,-9.693,4049200.0
1996-03-01,-9.6919,-9.6919,-9.7008,-9.6986,8263200.0
1996-03-04,-9.6952,-9.6941,-9.7041,-9.7041,6708800.0
1996-03-05,-9.7019,-9.6997,-9.7041,-9.7008,4246800.0
1996-03-06,-9.6997,-9.6986,-9.7053,-9.7047,3547600.0
1996-03-07,-9.7041,-9.7031,-9.712,-9.7081,9292400.0
1996-03-08,-9.7086,-9.7041,-9.7153,-9.7064,5322400.0
1996-03-11,-9.7041,-9.7031,-9.7086,-9.7075,4544800.0
1996-03-12,-9.7064,-9.7031,-9.7098,-9.7081,3453200.0
1996-03-13,-9.7075,-9.7053,-9.7098,-9.7086,3560000.0
1996-03-14,-9.7075,-9.7075,-9.7108,-9.7098,3342400.0
1996-03-15,-9.7064,-9.7064,-9.7108,-9.7075,3632400.0
1996-03-18,-9.7069,-9.7053,-9.7086,-9.7053,3907600.0
1996-03-19,-9.7031,-9.7019,-9.7098,-9.7086,4442400.0
1996-03-20,-9.7086,-9.7086,-9.7142,-9.7131,4154800.0
1996-03-21,-9.7108,-9.7108,-9.7153,-9.7142,3932400.0
1996-03-22,-9.7131,-9.712,-9.7165,-9.712,3842400.0
1996-03-25,-9.7108,-9.7086,-9.7242,-9.7242,5887600.0
1996-03-26,-9.7242,-9.7198,-9.7276,-9.7254,5755600.0
1996-03-27,-9.7309,-9.7131,-9.7332,-9.7131,15338800.0
1996-03-28,-9.7175,-9.7098,-9.7232,-9.7225,10572000.0
1996-03-29,-9.722,-9.7175,-9.7265,-9.7192,5962400.0
1996-04-01,-9.7142,-9.7075,-9.7196,-9.7108,5680000.0
1996-04-02,-9.7098,-9.7098,-9.7165,-9.7153,3635600.0
1996-04-03,-9.7142,-9.7142,-9.7213,-9.7192,2591200.0
1996-04-04,-9.7187,-9.7187,-9.7242,-9.7232,3092000.0
1996-04-08,-9.7254,-9.7198,-9.7265,-9.7209,6046400.0
1996-04-09,-9.7165,-9.7019,-9.7209,-9.7064,8415600.0
1996-04-10,-9.7053,-9.7019,-9.7075,-9.7064,6242400.0
1996-04-11,-9.7053,-9.7041,-9.7108,-9.7086,3526400.0
1996-04-12,-9.7075,-9.7075,-9.712,-9.7108,2924400.0
1996-04-15,-9.7108,-9.7086,-9.7153,-9.7086,5515600.0
1996-04-16,-9.7075,-9.7064,-9.7098,-9.7075,3634400.0
1996-04-17,-9.7075,-9.7064,-9.7142,-9.7131,3056400.0
1996-04-18,-9.712,-9.7118,-9.722,-9.7175,7780800.0
1996-04-19,-9.7187,-9.7142,-9.7187,-9.7148,3655600.0
1996-04-22,-9.7131,-9.7108,-9.7165,-9.7142,3973200.0
1996-04-23,-9.7142,-9.7131,-9.7187,-9.7175,6086400.0
1996-04-24,-9.7187,-9.7175,-9.7225,-9.722,4596800.0
1996-04-25,-9.7209,-9.7165,-9.7232,-9.7165,6245200.0
1996-04-26,-9.7153,-9.7142,-9.7187,-9.7175,6759200.0
1996-04-29,-9.7153,-9.7153,-9.7198,-9.7175,4324800.0
1996-04-30,-9.7165,-9.7165,-9.7232,-9.7209,4881200.0
1996-05-01,-9.7209,-9.7175,-9.7232,-9.7209,4039200.0
1996-05-02,-9.7198,-9.7198,-9.7287,-9.7265,6728000.0
1996-05-03,-9.7232,-9.7232,-9.7287,-9.7254,3892400.0
1996-05-06,-9.7165,-9.7075,-9.7175,-9.7098,10349200.0
1996-05-07,-9.7031,-9.6941,-9.7041,-9.6986,12641200.0
1996-05-08,-9.6952,-9.6952,-9.7098,-9.6997,6688800.0
1996-05-09,-9.7031,-9.7019,-9.7086,-9.7053,3515600.0
1996-05-10,-9.7041,-9.6941,-9.7064,-9.6952,3966400.0
1996-05-13,-9.6964,-9.6919,-9.7008,-9.6969,6701200.0
1996-05-14,-9.6908,-9.6885,-9.693,-9.693,7068000.0
1996-05-15,-9.6897,-9.6808,-9.6908,-9.6841,10442400.0
1996-05-16,-9.6863,-9.683,-9.6897,-9.6852,4648800.0
1996-05-17,-9.6852,-9.6852,-9.693,-9.6919,4405600.0
1996-05-20,-9.6897,-9.6874,-9.6919,-9.6891,3028800.0
1996-05-21,-9.6885,-9.6874,-9.6964,-9.6964,4088000.0
1996-05-22,-9.6941,-9.6941,-9.7086,-9.7058,7215600.0
1996-05-23,-9.7053,-9.7008,-9.7086,-9.7041,4447600.0
1996-05-24,-9.7041,-9.6986,-9.7053,-9.6997,4046800.0
1996-05-28,-9.6997,-9.6952,-9.7031,-9.7031,3658800.0
1996-05-29,-9.7041,-9.7041,-9.7175,-9.7165,7840000.0
1996-05-30,-9.7165,-9.7086,-9.7175,-9.7108,3703600.0
1996-05-31,-9.7098,-9.7008,-9.7108,-9.7053,5813600.0
1996-06-03,-9.7075,-9.7064,-9.7175,-9.7175,4481200.0
1996-06-04,-9.7242,-9.7209,-9.7254,-9.7225,27235600.0
1996-06-05,-9.712,-9.7108,-9.722,-9.7142,18228000.0
1996-06-06,-9.7153,-9.7131,-9.7232,-9.722,12938800.0
1996-06-07,-9.7242,-9.7209,-9.7287,-9.7209,9565200.0
1996-06-10,-9.7209,-9.7198,-9.7242,-9.7232,3820800.0
1996-06-11,-9.722,-9.722,-9.7242,-9.7242,5481200.0
1996-06-12,-9.7198,-9.7198,-9.7242,-9.722,5440000.0
1996-06-13,-9.7209,-9.716,-9.7242,-9.7187,6856800.0
1996-06-14,-9.7175,-9.7175,-9.7254,-9.7248,5186800.0
1996-06-17,-9.7232,-9.7232,-9.7276,-9.7276,4052000.0
1996-06-18,-9.7276,-9.7265,-9.7366,-9.7354,7979200.0
1996-06-19,-9.7321,-9.7299,-9.7366,-9.7321,4803600.0
1996-06-20,-9.7299,-9.7299,-9.7376,-9.7354,5260800.0
1996-06-21,-9.7343,-9.7343,-9.7388,-9.7366,5792000.0
1996-06-24,-9.7366,-9.7366,-9.741,-9.7399,4398000.0
1996-06-25,-9.741,-9.7399,-9.7566,-9.7544,8831200.0
1996-06-26,-9.7544,-9.7533,-9.7633,-9.7611,14440800.0
1996-06-27,-9.7599,-9.751,-9.7622,-9.7544,8202400.0
1996-06-28,-9.7522,-9.751,-9.7544,-9.751,4138000.0
1996-07-01,-9.7499,-9.7466,-9.751,-9.7466,4732400.0
1996-07-02,-9.7477,-9.7466,-9.751,-9.751,3189200.0
1996-07-03,-9.7566,-9.7566,-9.7656,-9.7656,10323200.0
1996-07-05,-9.7656,-9.7622,-9.7666,-9.7644,3808800.0
1996-07-08,-9.7633,-9.7611,-9.7689,-9.7678,6762000.0
1996-07-09,-9.7644,-9.7633,-9.7689,-9.7689,6723600.0
1996-07-10,-9.7678,-9.7644,-9.7711,-9.7711,6055200.0
1996-07-11,-9.7711,-9.77,-9.7834,-9.779,10420000.0
1996-07-12,-9.7745,-9.7745,-9.7845,-9.7773,9610800.0
1996-07-15,-9.7767,-9.7767,-9.7857,-9.785,4779200.0
1996-07-16,-9.7834,-9.7834,-9.7957,-9.7879,10334400.0
1996-07-17,-9.7834,-9.7823,-9.7901,-9.7879,8355600.0
1996-07-18,-9.7466,-9.7443,-9.7567,-9.7522,32058800.0
1996-07-19,-9.7522,-9.751,-9.7533,-9.7533,9510000.0
1996-07-22,-9.7522,-9.7522,-9.7599,-9.7577,5456400.0
1996-07-23,-9.7555,-9.7544,-9.7577,-9.7555,4651200.0
1996-07-24,-9.7599,-9.751,-9.7611,-9.7527,9448800.0
1996-07-25,-9.7499,-9.7477,-9.7533,-9.751,4090800.0
1996-07-26,-9.7466,-9.7421,-9.7499,-9.7421,4426800.0
1996-07-29,-9.7421,-9.7376,-9.7443,-9.7399,7005600.0
1996-07-30,-9.7366,-9.7354,-9.7488,-9.7477,6766800.0
1996-07-31,-9.7488,-9.7421,-9.7488,-9.7421,3332400.0
1996-08-01,-9.7421,-9.7421,-9.7499,-9.7488,3942400.0
1996-08-02,-9.7455,-9.7421,-9.7488,-9.7455,4574800.0
1996-08-05,-9.7455,-9.7433,-9.7522,-9.751,3612000.0
1996-08-06,-9.751,-9.7466,-9.7533,-9.7466,3354800.0
1996-08-07,-9.7443,-9.7366,-9.7455,-9.7388,8892400.0
1996-08-08,-9.7388,-9.7388,-9.7433,-9.741,3640000.0
1996-08-09,-9.7399,-9.7299,-9.741,-9.7321,8243600.0
1996-08-12,-9.7299,-9.7276,-9.7388,-9.7332,5408000.0
1996-08-13,-9.7343,-9.7321,-9.7388,-9.7376,3706400.0
1996-08-14,-9.7366,-9.7332,-9.7366,-9.7354,2570000.0
1996-08-15,-9.7366,-9.7354,-9.7399,-9.7399,3845600.0
1996-08-16,-9.7366,-9.7366,-9.741,-9.7376,5075600.0
1996-08-19,-9.7388,-9.7276,-9.7388,-9.7276,8084400.0
1996-08-20,-9.7254,-9.7254,-9.7299,-9.7287,7564400.0
1996-08-21,-9.7287,-9.7276,-9.7343,-9.7332,4052400.0
1996-08-22,-9.7332,-9.7309,-9.7343,-9.7309,3138000.0
1996-08-23,-9.7332,-9.7242,-9.7332,-9.7254,7281200.0
1996-08-26,-9.7254,-9.7232,-9.7287,-9.7232,3204400.0
1996-08-27,-9.7232,-9.7153,-9.7242,-9.7166,10339200.0
1996-08-28,-9.7165,-9.7153,-9.7198,-9.7165,5844400.0
1996-08-29,-9.7165,-9.7165,-9.7209,-9.7198,3829200.0
1996-08-30,-9.7175,-9.7175,-9.722,-9.722,3784800.0
1996-09-03,-9.7232,-9.7209,-9.7254,-9.7232,2461200.0
1996-09-04,-9.7254,-9.7187,-9.7254,-9.7232,3636400.0
1996-09-05,-9.7287,-9.7265,-9.7343,-9.7343,9999200.0
1996-09-06,-9.7321,-9.7309,-9.7366,-9.7332,8602000.0
1996-09-09,-9.7366,-9.7354,-9.7433,-9.7421,5302400.0
1996-09-10,-9.741,-9.741,-9.7466,-9.7466,5562000.0
1996-09-11,-9.7466,-9.7443,-9.751,-9.7499,5266800.0
1996-09-12,-9.751,-9.7499,-9.7577,-9.7566,9340000.0
1996-09-13,-9.7566,-9.7488,-9.7566,-9.751,5967600.0
1996-09-16,-9.7466,-9.7332,-9.7477,-9.7388,8747600.0
1996-09-17,-9.7343,-9.7321,-9.7376,-9.7332,7487600.0
1996-09-18,-9.7332,-9.7232,-9.7343,-9.7287,12631200.0
1996-09-19,-9.7276,-9.7276,-9.7299,-9.7299,4282000.0
1996-09-20,-9.7299,-9.7287,-9.7354,-9.7343,5330800.0
1996-09-23,-9.7343,-9.7343,-9.7388,-9.7388,1653600.0
1996-09-24,-9.7388,-9.7343,-9.7388,-9.7376,5143600.0
1996-09-25,-9.7376,-9.7366,-9.7421,-9.7388,3902400.0
1996-09-26,-9.7388,-9.7376,-9.7399,-9.7388,3693600.0
1996-09-27,-9.7399,-9.7388,-9.741,-9.7393,2932000.0
1996-09-30,-9.741,-9.7388,-9.741,-9.7404,3058000.0
1996-10-01,-9.7421,-9.7175,-9.7421,-9.7187,19269200.0
1996-10-02,-9.7276,-9.7187,-9.7321,-9.7276,9890000.0
1996-10-03,-9.7276,-9.7265,-9.7388,-9.7388,8140000.0
1996-10-04,-9.7343,-9.7321,-9.741,-9.7349,4770000.0
1996-10-07,-9.7332,-9.7299,-9.7343,-9.7321,3428800.0
1996-10-08,-9.7287,-9.722,-9.7309,-9.7309,6802000.0
1996-10-09,-9.7299,-9.7276,-9.7343,-9.7332,3044800.0
1996-10-10,-9.7254,-9.7198,-9.7265,-9.7225,9883200.0
1996-10-11,-9.7209,-9.7187,-9.7242,-9.722,4327600.0
1996-10-14,-9.7198,-9.712,-9.722,-9.7131,9649200.0
1996-10-15,-9.7086,-9.7075,-9.7153,-9.7131,12970000.0
1996-10-16,-9.7131,-9.7053,-9.7187,-9.7086,11975200.0
1996-10-17,-9.693,-9.6908,-9.7031,-9.7031,36679200.0
1996-10-18,-9.7019,-9.7008,-9.7064,-9.7014,13681200.0
1996-10-21,-9.7019,-9.7008,-9.7108,-9.7098,6712000.0
1996-10-22,-9.7098,-9.7098,-9.722,-9.7165,7651200.0
1996-10-23,-9.7175,-9.7131,-9.7209,-9.7175,5736800.0
1996-10-24,-9.7153,-9.7153,-9.7198,-9.7175,3020800.0
1996-10-25,-9.7165,-9.7153,-9.7198,-9.7198,2775600.0
1996-10-28,-9.7142,-9.7142,-9.7198,-9.7198,4288800.0
1996-10-29,-9.7187,-9.7175,-9.7321,-9.7309,7135200.0
1996-10-30,-9.7287,-9.7242,-9.7343,-9.7343,9192000.0
1996-10-31,-9.7309,-9.7299,-9.7399,-9.7332,6945600.0
1996-11-01,-9.7299,-9.722,-9.7321,-9.722,7563200.0
1996-11-04,-9.7209,-9.7198,-9.7265,-9.7209,3270800.0
1996-11-05,-9.7198,-9.7075,-9.7198,-9.7108,13517600.0
1996-11-06,-9.7098,-9.7086,-9.7165,-9.7108,6462000.0
1996-11-07,-9.712,-9.7064,-9.7131,-9.7075,5548800.0
1996-11-08,-9.7075,-9.7041,-9.7086,-9.7041,6750800.0
1996-11-11,-9.7031,-9.7031,-9.7075,-9.7064,3318800.0
1996-11-12,-9.7053,-9.7041,-9.7142,-9.7131,5120000.0
1996-11-13,-9.712,-9.7075,-9.7153,-9.7103,3000800.0
1996-11-14,-9.7108,-9.7086,-9.712,-9.7098,1740800.0
1996-11-15,-9.7075,-9.7064,-9.7153,-9.7153,4684400.0
1996-11-18,-9.7153,-9.7142,-9.7198,-9.7175,5468800.0
1996-11-19,-9.7165,-9.7142,-9.7187,-9.7165,4446400.0
1996-11-20,-9.7165,-9.712,-9.7165,-9.7153,3683200.0
1996-11-21,-9.7165,-9.7153,-9.7209,-9.7198,2522400.0
1996-11-22,-9.7198,-9.7131,-9.7198,-9.7131,3732400.0
1996-11-25,-9.712,-9.7108,-9.7153,-9.7153,2830800.0
1996-11-26,-9.7165,-9.7153,-9.7242,-9.722,4054800.0
1996-11-27,-9.7232,-9.7187,-9.7232,-9.7198,3191200.0
1996-11-29,-9.7198,-9.7187,-9.7242,-9.7232,1527600.0
1996-12-02,-9.7232,-9.7142,-9.7254,-9.7142,6254400.0
1996-12-03,-9.7131,-9.7108,-9.7153,-9.7142,9840800.0
1996-12-04,-9.7142,-9.712,-9.7165,-9.7153,6823600.0
1996-12-05,-9.7153,-9.7131,-9.7153,-9.7153,5096800.0
1996-12-06,-9.7209,-9.712,-9.7242,-9.7142,8210800.0
1996-12-09,-9.7131,-9.712,-9.717,-9.7153,5680800.0
1996-12-10,-9.7165,-9.7153,-9.722,-9.7198,6593600.0
1996-12-11,-9.7265,-9.722,-9.7265,-9.7242,5853600.0
1996-12-12,-9.7232,-9.722,-9.7254,-9.7254,3122400.0
1996-12-13,-9.7265,-9.7254,-9.7309,-9.7309,3194400.0
1996-12-16,-9.7287,-9.7287,-9.7376,-9.7366,5335600.0
1996-12-17,-9.7388,-9.7376,-9.7399,-9.7376,5625200.0
1996-12-18,-9.7354,-9.7321,-9.7366,-9.7321,7326400.0
1996-12-19,-9.7332,-9.7309,-9.7399,-9.7399,4893600.0
1996-12-20,-9.7376,-9.7276,-9.7477,-9.7287,19535600.0
1996-12-23,-9.7242,-9.722,-9.7309,-9.7309,11883600.0
1996-12-24,-9.7309,-9.7299,-9.7343,-9.7321,2067600.0
1996-12-26,-9.7309,-9.7309,-9.7343,-9.7332,3049200.0
1996-12-27,-9.7343,-9.7265,-9.7343,-9.7321,4900000.0
1996-12-30,-9.7321,-9.7309,-9.7443,-9.7443,9366800.0
1996-12-31,-9.7477,-9.7466,-9.7533,-9.7522,13719200.0
1997-01-02,-9.7499,-9.7488,-9.7533,-9.751,5128800.0
1997-01-03,-9.7499,-9.7399,-9.751,-9.7443,4295600.0
1997-01-06,-9.7812,-9.7748,-9.7845,-9.779,67246400.0
1997-01-07,-9.7767,-9.7756,-9.7823,-9.7823,34896400.0
1997-01-08,-9.7756,-9.7745,-9.7834,-9.7812,39296400.0
1997-01-09,-9.78,-9.779,-9.7823,-9.78,15970000.0
1997-01-10,-9.7812,-9.7756,-9.7812,-9.7756,12651200.0
1997-01-13,-9.7733,-9.7733,-9.7767,-9.7767,10942000.0
1997-01-14,-9.7745,-9.7745,-9.78,-9.779,9143200.0
1997-01-15,-9.7778,-9.7778,-9.7857,-9.7845,15483200.0
1997-01-16,-9.7857,-9.7857,-9.7901,-9.789,23983600.0
1997-01-17,-9.789,-9.7857,-9.7901,-9.789,11619200.0
1997-01-20,-9.7879,-9.7857,-9.789,-9.7873,10423600.0
1997-01-21,-9.7867,-9.7845,-9.7879,-9.7845,10179200.0
1997-01-22,-9.7834,-9.7823,-9.7867,-9.785,7356800.0
1997-01-23,-9.7845,-9.7834,-9.7857,-9.7845,6175200.0
1997-01-24,-9.7845,-9.7845,-9.7879,-9.7879,6726800.0
1997-01-27,-9.7857,-9.7845,-9.7901,-9.7901,7646800.0
1997-01-28,-9.7867,-9.7867,-9.7912,-9.7901,7520000.0
1997-01-29,-9.7901,-9.789,-9.7912,-9.7901,5428000.0
1997-01-30,-9.789,-9.789,-9.7912,-9.789,5018800.0
1997-01-31,-9.7901,-9.7901,-9.7912,-9.7901,7135200.0
1997-02-03,-9.7879,-9.7867,-9.7934,-9.7929,13162000.0
1997-02-04,-9.7934,-9.7924,-9.8034,-9.8012,25458000.0
1997-02-05,-9.8024,-9.799,-9.8024,-9.8024,14093600.0
1997-02-06,-9.8024,-9.7946,-9.8024,-9.7957,14283600.0
1997-02-07,-9.7912,-9.7912,-9.7979,-9.7974,8403600.0
1997-02-10,-9.7946,-9.7946,-9.799,-9.799,6633600.0
1997-02-11,-9.7967,-9.7957,-9.8001,-9.7984,5004400.0
1997-02-12,-9.7979,-9.7967,-9.8001,-9.7979,6303600.0
1997-02-13,-9.7979,-9.7946,-9.8001,-9.7946,7013200.0
1997-02-14,-9.7934,-9.7924,-9.7957,-9.7929,8492000.0
1997-02-18,-9.7901,-9.779,-9.7934,-9.779,13171200.0
1997-02-19,-9.779,-9.779,-9.7857,-9.7812,8627600.0
1997-02-20,-9.7812,-9.7812,-9.7867,-9.7867,4474800.0
1997-02-21,-9.7879,-9.7867,-9.7957,-9.7924,7549200.0
1997-02-24,-9.7934,-9.7879,-9.7934,-9.7901,4222000.0
1997-02-25,-9.7867,-9.7834,-9.7879,-9.7879,4938000.0
1997-02-26,-9.7867,-9.7857,-9.789,-9.7857,3687600.0
1997-02-27,-9.7867,-9.7857,-9.789,-9.7867,3700000.0
1997-02-28,-9.7879,-9.7879,-9.7934,-9.7934,4371200.0
1997-03-03,-9.7912,-9.7912,-9.7957,-9.7946,4670000.0
1997-03-04,-9.7934,-9.7912,-9.7957,-9.7912,3688800.0
1997-03-05,-9.7901,-9.7867,-9.7912,-9.7867,3453600.0
1997-03-06,-9.7867,-9.7867,-9.7912,-9.7901,4172000.0
1997-03-07,-9.789,-9.789,-9.7924,-9.7912,2523200.0
1997-03-10,-9.7901,-9.789,-9.7917,-9.7901,3554800.0
1997-03-11,-9.7901,-9.7901,-9.7957,-9.7924,3539200.0
1997-03-12,-9.7934,-9.789,-9.7946,-9.7934,2544400.0
1997-03-13,-9.7924,-9.7924,-9.7946,-9.7924,3772000.0
1997-03-14,-9.7924,-9.789,-9.7934,-9.7907,8245600.0
1997-03-17,-9.7934,-9.7912,-9.7957,-9.7912,6886400.0
1997-03-18,-9.7924,-9.7912,-9.7946,-9.7934,4548800.0
1997-03-19,-9.7924,-9.7924,-9.7967,-9.7946,7457600.0
1997-03-20,-9.7957,-9.7823,-9.7967,-9.7845,11324400.0
1997-03-21,-9.7823,-9.7823,-9.7924,-9.7901,4892400.0
1997-03-24,-9.7912,-9.7901,-9.7934,-9.7912,2556800.0
1997-03-25,-9.7901,-9.7901,-9.7949,-9.7912,4031200.0
1997-03-26,-9.7924,-9.7879,-9.7934,-9.789,3824400.0
1997-03-27,-9.7823,-9.7666,-9.7845,-9.7723,40695200.0
1997-03-31,-9.7723,-9.7656,-9.7845,-9.7756,34658000.0
1997-04-01,-9.7812,-9.7795,-9.7834,-9.7823,7881200.0
1997-04-02,-9.779,-9.7773,-9.7812,-9.7778,7957600.0
1997-04-03,-9.7733,-9.7678,-9.7756,-9.77,19603200.0
1997-04-04,-9.7678,-9.7633,-9.7689,-9.7666,16980800.0
1997-04-07,-9.7622,-9.7611,-9.7666,-9.7644,9136800.0
1997-04-08,-9.7633,-9.7633,-9.7723,-9.7678,6923600.0
1997-04-09,-9.7666,-9.7666,-9.77,-9.7689,8766400.0
1997-04-10,-9.7689,-9.7678,-9.7733,-9.77,4188000.0
1997-04-11,-9.77,-9.77,-9.7767,-9.7756,2842400.0
1997-04-14,-9.7745,-9.77,-9.7778,-9.7711,4020000.0
1997-04-15,-9.7678,-9.7666,-9.7767,-9.7739,4869200.0
1997-04-16,-9.7723,-9.7689,-9.7745,-9.7728,3101200.0
1997-04-17,-9.7756,-9.7678,-9.7767,-9.7689,7859200.0
1997-04-18,-9.7678,-9.7678,-9.7745,-9.7745,5058000.0
1997-04-21,-9.7723,-9.7723,-9.7778,-9.7778,3197600.0
1997-04-22,-9.7767,-9.7733,-9.779,-9.7733,3392000.0
1997-04-23,-9.7745,-9.7733,-9.7767,-9.7767,1960800.0
1997-04-24,-9.7733,-9.7733,-9.78,-9.779,2696800.0
1997-04-25,-9.7812,-9.779,-9.7834,-9.7823,3121200.0
1997-04-28,-9.78,-9.779,-9.7823,-9.7812,1687600.0
1997-04-29,-9.7778,-9.7778,-9.7823,-9.7806,1853200.0
1997-04-30,-9.7867,-9.7845,-9.789,-9.7867,9202000.0
1997-05-01,-9.7879,-9.7857,-9.789,-9.7867,2596800.0
1997-05-02,-9.7867,-9.7857,-9.789,-9.7867,3643600.0
1997-05-05,-9.7867,-9.7857,-9.789,-9.7867,3538800.0
1997-05-06,-9.7867,-9.7857,-9.789,-9.7879,2974800.0
1997-05-07,-9.7879,-9.7867,-9.7924,-9.7912,4101200.0
1997-05-08,-9.7901,-9.7857,-9.7912,-9.7867,2963200.0
1997-05-09,-9.7867,-9.7823,-9.7867,-9.7862,6732000.0
1997-05-12,-9.7845,-9.7812,-9.7867,-9.7817,5898800.0
1997-05-13,-9.7823,-9.779,-9.7867,-9.7817,7056800.0
1997-05-14,-9.779,-9.7778,-9.7823,-9.7806,4846800.0
1997-05-15,-9.78,-9.7778,-9.7823,-9.78,3544800.0
1997-05-16,-9.7823,-9.7812,-9.7845,-9.7845,3338800.0
1997-05-19,-9.7823,-9.7812,-9.7867,-9.7867,1881200.0
1997-05-20,-9.7867,-9.7828,-9.789,-9.7845,3046400.0
1997-05-21,-9.7857,-9.7857,-9.7912,-9.7879,4369200.0
1997-05-22,-9.789,-9.7879,-9.7912,-9.7901,2753600.0
1997-05-23,-9.7901,-9.7867,-9.7901,-9.7879,2413200.0
1997-05-27,-9.789,-9.7834,-9.789,-9.7845,2938000.0
1997-05-28,-9.7834,-9.7823,-9.7867,-9.7867,3130000.0
1997-05-29,-9.7857,-9.7857,-9.7901,-9.7901,3976800.0
1997-05-30,-9.7912,-9.7867,-9.7924,-9.7901,6340800.0
1997-06-02,-9.7867,-9.7867,-9.789,-9.7873,1488000.0
1997-06-03,-9.789,-9.7873,-9.7901,-9.7895,2335600.0
1997-06-04,-9.7901,-9.789,-9.7912,-9.7901,2889200.0
1997-06-05,-9.7901,-9.7857,-9.7907,-9.7895,2323200.0
1997-06-06,-9.7901,-9.789,-9.7912,-9.789,1893200.0
1997-06-09,-9.7895,-9.7873,-9.7901,-9.7901,2689200.0
1997-06-10,-9.789,-9.789,-9.7951,-9.7934,4969200.0
1997-06-11,-9.7929,-9.7917,-9.7934,-9.7929,3766800.0
1997-06-12,-9.7924,-9.7924,-9.7957,-9.7951,2816400.0
1997-06-13,-9.7951,-9.7946,-9.7979,-9.7974,4737600.0
1997-06-16,-9.7967,-9.7967,-9.8012,-9.8001,4800800.0
1997-06-17,-9.7996,-9.7912,-9.8001,-9.7926,5080800.0
1997-06-18,-9.7946,-9.7934,-9.7979,-9.7962,3936400.0
1997-06-19,-9.7957,-9.7957,-9.7984,-9.7979,4323600.0
1997-06-20,-9.7984,-9.7979,-9.8001,-9.7996,3943600.0
1997-06-23,-9.8001,-9.799,-9.8012,-9.8012,3574800.0
1997-06-24,-9.8007,-9.7996,-9.8024,-9.8018,3974800.0
1997-06-25,-9.8018,-9.8012,-9.8046,-9.8034,7102000.0
1997-06-26,-9.8034,-9.8034,-9.8079,-9.8074,13643600.0
1997-06-27,-9.8074,-9.8063,-9.8079,-9.8074,5642000.0
1997-06-30,-9.8068,-9.8068,-9.8135,-9.8113,6132400.0
1997-07-01,-9.8141,-9.8135,-9.8213,-9.8208,16104400.0
1997-07-02,-9.8202,-9.8191,-9.8224,-9.8219,8931200.0
1997-07-03,-9.8213,-9.8146,-9.8224,-9.8163,6688000.0
1997-07-07,-9.8141,-9.8113,-9.8158,-9.8152,6860000.0
1997-07-08,-9.8146,-9.8135,-9.8163,-9.8158,3427600.0
1997-07-09,-9.8152,-9.8146,-9.8168,-9.8163,5090000.0
1997-07-10,-9.8235,-9.8191,-9.8247,-9.8202,17606400.0
1997-07-11,-9.8191,-9.8001,-9.8197,-9.8029,26252400.0
1997-07-14,-9.8024,-9.799,-9.8057,-9.799,14700800.0
1997-07-15,-9.7979,-9.7957,-9.799,-9.7962,14953200.0
1997-07-16,-9.7974,-9.7912,-9.799,-9.7917,15947600.0
1997-07-17,-9.7867,-9.7767,-9.7917,-9.7823,26659200.0
1997-07-18,-9.779,-9.7783,-9.7862,-9.7837,11353600.0
1997-07-21,-9.7817,-9.7806,-9.7957,-9.7942,12695600.0
1997-07-22,-9.7924,-9.7895,-9.7929,-9.7907,8274400.0
1997-07-23,-9.789,-9.7879,-9.7957,-9.7946,5049200.0
1997-07-24,-9.7946,-9.7946,-9.799,-9.7974,4772000.0
1997-07-25,-9.7967,-9.7907,-9.7979,-9.7934,7798000.0
1997-07-28,-9.7917,-9.7912,-9.7934,-9.7917,3962000.0
1997-07-29,-9.7917,-9.7901,-9.7924,-9.7912,2558000.0
1997-07-30,-9.7873,-9.7806,-9.789,-9.7834,13372400.0
1997-07-31,-9.7834,-9.78,-9.7845,-9.7823,9434400.0
1997-08-01,-9.7812,-9.7672,-9.7817,-9.7672,17217600.0
1997-08-04,-9.7672,-9.7616,-9.7672,-9.7622,21851200.0
1997-08-05,-9.7605,-9.7599,-9.7646,-9.7622,8840800.0
1997-08-06,-9.7131,-9.6908,-9.7153,-9.7036,149671200.0
1997-08-07,-9.6818,-9.6746,-9.6852,-9.6779,134124400.0
1997-08-08,-9.6902,-9.6852,-9.7053,-9.6991,64809200.0
1997-08-11,-9.7036,-9.7024,-9.7287,-9.7192,55411200.0
1997-08-12,-9.7237,-9.722,-9.7433,-9.7416,37444400.0
1997-08-13,-9.7399,-9.7254,-9.756,-9.7276,42923600.0
1997-08-14,-9.7276,-9.722,-9.7359,-9.7332,15536400.0
1997-08-15,-9.7321,-9.7292,-9.7349,-9.7309,9320000.0
1997-08-18,-9.7304,-9.7265,-9.7354,-9.7276,7791200.0
1997-08-19,-9.727,-9.7198,-9.7304,-9.7203,10331200.0
1997-08-20,-9.7203,-9.7142,-9.7225,-9.7187,11595200.0
1997-08-21,-9.7198,-9.7181,-9.7254,-9.7242,9271200.0
1997-08-22,-9.7292,-9.7242,-9.7299,-9.7276,8135200.0
1997-08-25,-9.7276,-9.727,-9.7337,-9.7326,4968800.0
1997-08-26,-9.7366,-9.7332,-9.741,-9.7399,8100800.0
1997-08-27,-9.7388,-9.7354,-9.7433,-9.7359,6813200.0
1997-08-28,-9.741,-9.7376,-9.7421,-9.7421,3426400.0
1997-08-29,-9.7438,-9.7421,-9.7466,-9.7443,3937600.0
1997-09-02,-9.7421,-9.7371,-9.7426,-9.7388,6646800.0
1997-09-03,-9.7388,-9.7309,-9.7393,-9.7376,10163200.0
1997-09-04,-9.7371,-9.7343,-9.7399,-9.7376,4385600.0
1997-09-05,-9.7366,-9.7343,-9.7421,-9.7404,4883600.0
1997-09-08,-9.7399,-9.7399,-9.7471,-9.7466,6264400.0
1997-09-09,-9.7483,-9.7433,-9.7488,-9.7438,5702000.0
1997-09-10,-9.7443,-9.7321,-9.7449,-9.7337,9803600.0
1997-09-11,-9.7343,-9.7332,-9.7416,-9.7388,7504400.0
1997-09-12,-9.7404,-9.7399,-9.7471,-9.7416,4071200.0
1997-09-15,-9.7433,-9.741,-9.7466,-9.7466,3473200.0
1997-09-16,-9.7416,-9.7408,-9.7443,-9.7426,4812400.0
1997-09-17,-9.7421,-9.7421,-9.7449,-9.7438,3109200.0
1997-09-18,-9.7466,-9.7376,-9.7466,-9.7393,6042400.0
1997-09-19,-9.7404,-9.7404,-9.7443,-9.7426,3407600.0
1997-09-22,-9.741,-9.7326,-9.7421,-9.7349,7176400.0
1997-09-23,-9.7399,-9.7399,-9.7449,-9.7443,7163200.0
1997-09-24,-9.7449,-9.7443,-9.7477,-9.7466,7957600.0
1997-09-25,-9.7483,-9.7443,-9.751,-9.7499,7988000.0
1997-09-26,-9.7466,-9.7426,-9.7499,-9.7483,7440000.0
1997-09-29,-9.7449,-9.7399,-9.746,-9.7416,5980000.0
1997-09-30,-9.7421,-9.7393,-9.7449,-9.7449,5032000.0
1997-10-01,-9.7449,-9.7443,-9.7477,-9.7463,4670800.0
1997-10-02,-9.7471,-9.7421,-9.7477,-9.7426,4856400.0
1997-10-03,-9.7421,-9.7399,-9.7449,-9.741,5813200.0
1997-10-06,-9.7404,-9.7399,-9.7449,-9.7426,3338800.0
1997-10-07,-9.7433,-9.7421,-9.7438,-9.7438,3916400.0
1997-10-08,-9.7443,-9.7438,-9.7483,-9.7466,3891200.0
1997-10-09,-9.7488,-9.7376,-9.7493,-9.7443,6696400.0
1997-10-10,-9.7466,-9.7354,-9.7466,-9.7359,9666800.0
1997-10-13,-9.7354,-9.7343,-9.7404,-9.7359,5679200.0
1997-10-14,-9.7359,-9.7354,-9.7404,-9.7359,5923200.0
1997-10-15,-9.741,-9.7175,-9.741,-9.7259,28982000.0
1997-10-16,-9.7499,-9.7416,-9.7522,-9.7466,26422000.0
1997-10-17,-9.7499,-9.7499,-9.7611,-9.7589,15682000.0
1997-10-20,-9.7589,-9.7583,-9.7723,-9.7716,14724400.0
1997-10-21,-9.77,-9.7661,-9.7716,-9.7683,16982000.0
1997-10-22,-9.7683,-9.7666,-9.7733,-9.7728,5421200.0
1997-10-23,-9.7778,-9.7761,-9.78,-9.78,6688000.0
1997-10-24,-9.7767,-9.7745,-9.7912,-9.7907,13880000.0
1997-10-27,-9.789,-9.7767,-9.789,-9.789,11764400.0
1997-10-28,-9.7957,-9.7733,-9.7967,-9.7767,12273200.0
1997-10-29,-9.7739,-9.7733,-9.7845,-9.7823,6355200.0
1997-10-30,-9.7862,-9.7817,-9.7912,-9.7912,6764400.0
1997-10-31,-9.7834,-9.7834,-9.7901,-9.7865,9549200.0
1997-11-03,-9.7817,-9.78,-9.7862,-9.7834,4512000.0
1997-11-04,-9.78,-9.7767,-9.7823,-9.7783,6033200.0
1997-11-05,-9.7756,-9.7723,-9.7773,-9.7745,13840000.0
1997-11-06,-9.77,-9.7644,-9.77,-9.7689,22060800.0
1997-11-07,-9.77,-9.7599,-9.7711,-9.7622,28423200.0
1997-11-10,-9.751,-9.7466,-9.7733,-9.7716,49946800.0
1997-11-11,-9.7689,-9.7689,-9.7767,-9.7745,11893600.0
1997-11-12,-9.7773,-9.7733,-9.7817,-9.7812,7448000.0
1997-11-13,-9.7778,-9.7773,-9.7823,-9.7778,9218000.0
1997-11-14,-9.7756,-9.7733,-9.7778,-9.7739,4835600.0
1997-11-17,-9.77,-9.7694,-9.7749,-9.7733,7323600.0
1997-11-18,-9.7733,-9.7733,-9.7773,-9.7773,5258000.0
1997-11-19,-9.779,-9.775,-9.779,-9.7756,2843600.0
1997-11-20,-9.7761,-9.7723,-9.7767,-9.7733,4587600.0
1997-11-21,-9.7723,-9.7716,-9.7778,-9.7761,3498800.0
1997-11-24,-9.7817,-9.7778,-9.7823,-9.7812,5630800.0
1997-11-25,-9.7806,-9.779,-9.7879,-9.7834,7346400.0
1997-11-26,-9.7834,-9.7806,-9.7845,-9.7823,2178800.0
1997-11-28,-9.7812,-9.779,-9.7828,-9.78,1495600.0
1997-12-01,-9.7806,-9.7783,-9.7845,-9.78,3135600.0
1997-12-02,-9.7834,-9.7823,-9.7967,-9.7967,14178800.0
1997-12-03,-9.7951,-9.7946,-9.7984,-9.7979,12258800.0
1997-12-04,-9.7957,-9.7957,-9.799,-9.799,7135600.0
1997-12-05,-9.7996,-9.7957,-9.7996,-9.7974,7926400.0
1997-12-08,-9.7996,-9.7979,-9.8012,-9.7996,4776800.0
1997-12-09,-9.8001,-9.7984,-9.8046,-9.8024,8680800.0
1997-12-10,-9.8041,-9.8041,-9.8091,-9.8068,6960000.0
1997-12-11,-9.8096,-9.8085,-9.8146,-9.8085,9185600.0
1997-12-12,-9.8068,-9.8057,-9.8135,-9.8124,5742400.0
1997-12-15,-9.8124,-9.8113,-9.8158,-9.8141,5927600.0
1997-12-16,-9.8135,-9.8101,-9.8135,-9.8108,6646400.0
1997-12-17,-9.8108,-9.8085,-9.8141,-9.8141,9494400.0
1997-12-18,-9.8135,-9.8135,-9.8158,-9.8152,7225200.0
1997-12-19,-9.8174,-9.8146,-9.8202,-9.8163,6812000.0
1997-12-22,-9.8146,-9.8135,-9.8208,-9.8197,5704400.0
1997-12-23,-9.8213,-9.8197,-9.823,-9.823,16402000.0
1997-12-24,-9.8224,-9.8202,-9.8224,-9.8213,3502000.0
1997-12-26,-9.8219,-9.8191,-9.8224,-9.8197,3860000.0
1997-12-29,-9.8197,-9.8185,-9.8235,-9.8213,9944400.0
1997-12-30,-9.8224,-9.8185,-9.8247,-9.8208,12250800.0
1997-12-31,-9.8213,-9.8168,-9.823,-9.8213,14531200.0
1998-01-02,-9.8168,-9.7934,-9.818,-9.7934,25650800.0
1998-01-05,-9.7912,-9.7907,-9.8029,-9.7967,23282000.0
1998-01-06,-9.7962,-9.7599,-9.8068,-9.7694,64737600.0
1998-01-07,-9.7706,-9.7689,-9.784,-9.7823,37201200.0
1998-01-08,-9.7828,-9.7723,-9.7873,-9.7761,27645600.0
1998-01-09,-9.7767,-9.7656,-9.7823,-9.7761,31675200.0
1998-01-12,-9.7828,-9.7723,-9.7857,-9.7756,18444400.0
1998-01-13,-9.7723,-9.7633,-9.7733,-9.7644,22758800.0
1998-01-14,-9.7611,-9.7605,-9.7666,-9.7622,21048000.0
1998-01-15,-9.7672,-9.7622,-9.7723,-9.7672,19982000.0
1998-01-16,-9.7649,-9.7649,-9.7716,-9.7706,8820000.0
1998-01-20,-9.7683,-9.7661,-9.7723,-9.7683,8642400.0
1998-01-21,-9.7711,-9.7683,-9.7728,-9.7697,6812000.0
1998-01-22,-9.7716,-9.7622,-9.7723,-9.7666,11785200.0
1998-01-23,-9.7656,-9.7627,-9.7666,-9.7644,8331200.0
1998-01-26,-9.7649,-9.7639,-9.7706,-9.7649,5246800.0
1998-01-27,-9.7672,-9.7627,-9.7689,-9.7678,4013200.0
1998-01-28,-9.7672,-9.7656,-9.7723,-9.7672,5418000.0
1998-01-29,-9.7694,-9.7678,-9.7733,-9.7733,7571200.0
1998-01-30,-9.775,-9.77,-9.7756,-9.775,5802400.0
1998-02-02,-9.7733,-9.7733,-9.7834,-9.7806,22752400.0
1998-02-03,-9.7806,-9.7723,-9.7806,-9.775,14390000.0
1998-02-04,-9.7773,-9.7733,-9.7778,-9.7756,6100000.0
1998-02-05,-9.7756,-9.7733,-9.7778,-9.775,8526400.0
1998-02-06,-9.7745,-9.7716,-9.7756,-9.7733,7241200.0
1998-02-09,-9.7745,-9.7644,-9.7745,-9.7672,17682000.0
1998-02-10,-9.7678,-9.7639,-9.7683,-9.7649,15090000.0
1998-02-11,-9.7644,-9.7644,-9.77,-9.7689,7582000.0
1998-02-12,-9.7678,-9.7649,-9.7683,-9.7656,7297600.0
1998-02-13,-9.7672,-9.7611,-9.7689,-9.7644,7444400.0
1998-02-17,-9.7644,-9.7622,-9.7644,-9.7633,6530800.0
1998-02-18,-9.7639,-9.7533,-9.7639,-9.7549,17677600.0
1998-02-19,-9.7522,-9.7516,-9.7599,-9.756,14292400.0
1998-02-20,-9.7555,-9.7549,-9.7616,-9.7599,11634400.0
1998-02-23,-9.7589,-9.7455,-9.7599,-9.7488,17060800.0
1998-02-24,-9.7483,-9.7477,-9.7533,-9.7483,16322000.0
1998-02-25,-9.7483,-9.7354,-9.7516,-9.7393,25459200.0
1998-02-26,-9.7393,-9.7282,-9.7433,-9.7287,21263200.0
1998-02-27,-9.7304,-9.7254,-9.7371,-9.7276,18578000.0
1998-03-02,-9.7282,-9.7282,-9.7399,-9.7354,14313600.0
1998-03-03,-9.7433,-9.7315,-9.7455,-9.7321,11937600.0
1998-03-04,-9.7343,-9.7175,-9.7343,-9.7203,29212400.0
1998-03-05,-9.7309,-9.722,-9.7321,-9.7237,24129200.0
1998-03-06,-9.7254,-9.7198,-9.7299,-9.7203,23803600.0
1998-03-09,-9.7265,-9.7215,-9.7376,-9.7354,20540800.0
1998-03-10,-9.7332,-9.7198,-9.7337,-9.7237,25472400.0
1998-03-11,-9.7142,-9.7047,-9.7192,-9.7053,43374400.0
1998-03-12,-9.7053,-9.6974,-9.7103,-9.6974,26598000.0
1998-03-13,-9.6952,-9.6952,-9.7041,-9.6964,20231200.0
1998-03-16,-9.6964,-9.6952,-9.7047,-9.7002,14375600.0
1998-03-17,-9.7019,-9.7002,-9.7075,-9.7033,14658800.0
1998-03-18,-9.7064,-9.698,-9.7064,-9.698,9900000.0
1998-03-19,-9.6986,-9.698,-9.7014,-9.6997,5736800.0
1998-03-20,-9.7002,-9.6986,-9.7064,-9.7031,7704400.0
1998-03-23,-9.7069,-9.7041,-9.7187,-9.7053,14818800.0
1998-03-24,-9.7031,-9.6885,-9.7041,-9.6885,24152000.0
1998-03-25,-9.6919,-9.6908,-9.7031,-9.696,13854400.0
1998-03-26,-9.6997,-9.6974,-9.7024,-9.7014,7253600.0
1998-03-27,-9.7008,-9.6947,-9.7031,-9.698,9133200.0
1998-03-30,-9.6997,-9.693,-9.6997,-9.6935,8972400.0
1998-03-31,-9.6935,-9.6902,-9.6952,-9.693,9538800.0
1998-04-01,-9.6935,-9.6902,-9.6969,-9.693,6693600.0
1998-04-02,-9.6947,-9.6935,-9.698,-9.6947,6950800.0
1998-04-03,-9.6964,-9.6952,-9.6991,-9.6969,7259200.0
1998-04-06,-9.6974,-9.6974,-9.7047,-9.7041,12422000.0
1998-04-07,-9.7081,-9.7064,-9.7165,-9.7108,10461200.0
1998-04-08,-9.7131,-9.712,-9.7181,-9.7153,8044400.0
1998-04-09,-9.7148,-9.7075,-9.7153,-9.7098,6083600.0
1998-04-13,-9.7098,-9.7002,-9.7153,-9.7024,10305600.0
1998-04-14,-9.7031,-9.6952,-9.7031,-9.698,11725200.0
1998-04-15,-9.6958,-9.693,-9.7008,-9.6935,19928800.0
1998-04-16,-9.6774,-9.6741,-9.6868,-9.683,65642000.0
1998-04-17,-9.6835,-9.683,-9.6913,-9.6891,21165200.0
1998-04-20,-9.6919,-9.6751,-9.6924,-9.6796,18498800.0
1998-04-21,-9.6791,-9.6785,-9.6841,-9.6796,12446400.0
1998-04-22,-9.6818,-9.6796,-9.693,-9.693,10186400.0
1998-04-23,-9.6935,-9.6796,-9.6958,-9.6913,16983200.0
1998-04-24,-9.6908,-9.6863,-9.693,-9.6891,7708000.0
1998-04-27,-9.6997,-9.6908,-9.6997,-9.6908,14655600.0
1998-04-28,-9.6897,-9.6885,-9.7041,-9.698,8487600.0
1998-04-29,-9.698,-9.6935,-9.6997,-9.6974,6774400.0
1998-04-30,-9.6941,-9.6919,-9.6969,-9.6941,6442000.0
1998-05-01,-9.693,-9.6863,-9.6986,-9.6885,6582000.0
1998-05-04,-9.6808,-9.6751,-9.6808,-9.6791,20419200.0
1998-05-05,-9.6774,-9.6718,-9.6785,-9.6734,14982400.0
1998-05-06,-9.6718,-9.6667,-9.6774,-9.6679,32056400.0
1998-05-07,-9.6657,-9.6651,-9.6718,-9.669,19761200.0
1998-05-08,-9.6701,-9.6662,-9.6712,-9.6667,9690000.0
1998-05-11,-9.6629,-9.6562,-9.664,-9.6623,23768000.0
1998-05-12,-9.6657,-9.664,-9.6712,-9.6696,9212000.0
1998-05-13,-9.6701,-9.6634,-9.6741,-9.6667,11245600.0
1998-05-14,-9.6674,-9.6667,-9.6729,-9.6701,5815600.0
1998-05-15,-9.6701,-9.6674,-9.6774,-9.6746,9743600.0
1998-05-18,-9.6763,-9.6746,-9.6852,-9.6841,8310800.0
1998-05-19,-9.6801,-9.6757,-9.6813,-9.6763,7815200.0
1998-05-20,-9.6741,-9.6718,-9.6818,-9.6746,6810000.0
1998-05-21,-9.6746,-9.6734,-9.683,-9.6808,4700000.0
1998-05-22,-9.6818,-9.6818,-9.6947,-9.6897,9522000.0
1998-05-26,-9.688,-9.6863,-9.7008,-9.7002,11143200.0
1998-05-27,-9.7091,-9.6991,-9.7098,-9.6997,13233200.0
1998-05-28,-9.6997,-9.6897,-9.6997,-9.6935,10672000.0
1998-05-29,-9.693,-9.6924,-9.7024,-9.7008,7751200.0
1998-06-01,-9.7019,-9.6919,-9.7098,-9.7041,11427600.0
1998-06-02,-9.7024,-9.6947,-9.7064,-9.6986,6405600.0
1998-06-03,-9.6964,-9.6952,-9.7047,-9.7036,5196800.0
1998-06-04,-9.7008,-9.6986,-9.7081,-9.6991,5585600.0
1998-06-05,-9.6986,-9.6952,-9.7031,-9.6986,4406800.0
1998-06-08,-9.6974,-9.6913,-9.6991,-9.6952,4523600.0
1998-06-09,-9.6941,-9.6841,-9.6941,-9.6863,9852400.0
1998-06-10,-9.6885,-9.6796,-9.6919,-9.688,8202000.0
1998-06-11,-9.6868,-9.683,-9.6902,-9.6902,6451200.0
1998-06-12,-9.6919,-9.6863,-9.6941,-9.6874,8014400.0
1998-06-15,-9.6952,-9.6863,-9.6952,-9.693,4881200.0
1998-06-16,-9.6913,-9.6874,-9.6947,-9.6885,4649200.0
1998-06-17,-9.6885,-9.6835,-9.6891,-9.6874,6687600.0
1998-06-18,-9.6908,-9.688,-9.6958,-9.6947,4288800.0
1998-06-19,-9.6941,-9.6935,-9.6997,-9.6969,4931200.0
1998-06-22,-9.6974,-9.6924,-9.6997,-9.6941,4809200.0
1998-06-23,-9.6935,-9.6874,-9.6952,-9.6902,8258800.0
1998-06-24,-9.6908,-9.683,-9.6947,-9.6863,9788800.0
1998-06-25,-9.6835,-9.6813,-9.6858,-9.6835,6856400.0
1998-06-26,-9.6841,-9.683,-9.6908,-9.6868,3973200.0
1998-06-29,-9.6863,-9.6813,-9.688,-9.6824,5943600.0
1998-06-30,-9.683,-9.6813,-9.6874,-9.6824,4681200.0
1998-07-01,-9.6808,-9.6707,-9.6841,-9.6712,11228800.0
1998-07-02,-9.6734,-9.6701,-9.6796,-9.6796,10650800.0
1998-07-06,-9.6751,-9.6674,-9.6785,-9.6674,9697600.0
1998-07-07,-9.6674,-9.6629,-9.6707,-9.6662,8637600.0
1998-07-08,-9.664,-9.6444,-9.6645,-9.6478,33334400.0
1998-07-09,-9.6444,-9.6383,-9.6578,-9.6556,20256400.0
1998-07-10,-9.6511,-9.6472,-9.655,-9.6523,10806800.0
1998-07-13,-9.6533,-9.6338,-9.654,-9.6355,25566400.0
1998-07-14,-9.6355,-9.6349,-9.6427,-9.6399,19607600.0
1998-07-15,-9.6377,-9.6288,-9.6394,-9.631,21253600.0
1998-07-16,-9.6003,-9.5981,-9.6193,-9.6037,91497600.0
1998-07-17,-9.6059,-9.6059,-9.6154,-9.6092,22486400.0
1998-07-20,-9.6121,-9.6115,-9.6216,-9.6149,13727600.0
1998-07-21,-9.6159,-9.6082,-9.621,-9.6204,11772400.0
1998-07-22,-9.6266,-9.6204,-9.6327,-9.626,10040800.0
1998-07-23,-9.6277,-9.6204,-9.6283,-9.6266,9040800.0
1998-07-24,-9.6226,-9.6216,-9.6366,-9.6288,9693600.0
1998-07-27,-9.6327,-9.6271,-9.6416,-9.631,7657600.0
1998-07-28,-9.6344,-9.6293,-9.6439,-9.6383,8054400.0
1998-07-29,-9.6372,-9.6182,-9.6377,-9.6249,16006800.0
1998-07-30,-9.6188,-9.6104,-9.6216,-9.6126,12950000.0
1998-07-31,-9.6115,-9.6104,-9.6305,-9.6293,6550800.0
1998-08-03,-9.6327,-9.621,-9.6416,-9.6249,10786800.0
1998-08-04,-9.6216,-9.6171,-9.6349,-9.6333,10506800.0
1998-08-05,-9.6372,-9.6171,-9.6394,-9.6171,16226800.0
1998-08-06,-9.6255,-9.6092,-9.6271,-9.6092,15678800.0
1998-08-07,-9.6065,-9.6048,-9.6171,-9.6126,10645600.0
1998-08-10,-9.6143,-9.5987,-9.6149,-9.5998,17455600.0
1998-08-11,-9.6015,-9.5724,-9.6048,-9.5903,62860000.0
1998-08-12,-9.5836,-9.573,-9.586,-9.5808,24654400.0
1998-08-13,-9.5819,-9.5747,-9.5869,-9.5864,13976800.0
1998-08-14,-9.5752,-9.5747,-9.5858,-9.5769,16110000.0
1998-08-17,-9.5724,-9.5563,-9.5824,-9.5641,33248800.0
1998-08-18,-9.5596,-9.5512,-9.5613,-9.5585,21642000.0
1998-08-19,-9.5501,-9.5479,-9.5724,-9.5724,17377600.0
1998-08-20,-9.5724,-9.5713,-9.5791,-9.5758,14018000.0
1998-08-21,-9.5814,-9.5496,-9.5903,-9.5546,29054400.0
1998-08-24,-9.5507,-9.5501,-9.5802,-9.5708,21810000.0
1998-08-25,-9.5601,-9.5601,-9.5786,-9.5741,17709200.0
1998-08-26,-9.5824,-9.5713,-9.5858,-9.578,14538000.0
1998-08-27,-9.5881,-9.5881,-9.6204,-9.6037,39813600.0
1998-08-28,-9.607,-9.5948,-9.6338,-9.6333,33303200.0
1998-08-31,-9.6283,-9.6271,-9.6617,-9.66,31012400.0
1998-09-01,-9.6584,-9.6226,-9.6651,-9.6338,31060000.0
1998-09-02,-9.6216,-9.6048,-9.6238,-9.621,30122400.0
1998-09-03,-9.626,-9.6249,-9.6349,-9.6293,14653200.0
1998-09-04,-9.6216,-9.6132,-9.6372,-9.6249,13493200.0
1998-09-08,-9.5992,-9.597,-9.6104,-9.597,14400000.0
1998-09-09,-9.5987,-9.5981,-9.6082,-9.6048,12683200.0
1998-09-10,-9.6149,-9.597,-9.6193,-9.5981,18826800.0
1998-09-11,-9.5948,-9.5847,-9.6092,-9.6025,12593600.0
1998-09-14,-9.597,-9.592,-9.607,-9.6065,8837600.0
1998-09-15,-9.6104,-9.5942,-9.6126,-9.5975,15492000.0
1998-09-16,-9.5936,-9.5925,-9.6082,-9.6054,9248800.0
1998-09-17,-9.6166,-9.607,-9.6182,-9.6171,9627600.0
1998-09-18,-9.6166,-9.6104,-9.621,-9.6104,10904400.0
1998-09-21,-9.6199,-9.6087,-9.6233,-9.6087,10570800.0
1998-09-22,-9.607,-9.6025,-9.6137,-9.6082,9218800.0
1998-09-23,-9.6059,-9.5958,-9.6121,-9.5965,10284400.0
1998-09-24,-9.6003,-9.5853,-9.6015,-9.5948,17246800.0
1998-09-25,-9.5975,-9.5886,-9.6025,-9.5925,8172000.0
1998-09-28,-9.5836,-9.5797,-9.5992,-9.5898,14501200.0
1998-09-29,-9.5898,-9.5814,-9.5981,-9.5858,10907600.0
1998-09-30,-9.5925,-9.5881,-9.5992,-9.5981,5976800.0
1998-10-01,-9.6104,-9.5992,-9.6226,-9.6199,13234400.0
1998-10-02,-9.6216,-9.6149,-9.6338,-9.6255,16998800.0
1998-10-05,-9.6349,-9.6299,-9.6573,-9.6511,19726800.0
1998-10-06,-9.6377,-9.6322,-9.6483,-9.6478,14281200.0
1998-10-07,-9.6494,-9.6411,-9.654,-9.6533,16920000.0
1998-10-08,-9.6617,-9.66,-9.6841,-9.6634,24623200.0
1998-10-09,-9.655,-9.6238,-9.664,-9.6249,23880000.0
1998-10-12,-9.6037,-9.5953,-9.6121,-9.6042,22250000.0
1998-10-13,-9.5987,-9.5886,-9.6171,-9.5925,33646400.0
1998-10-14,-9.5836,-9.5697,-9.6099,-9.6048,81445600.0
1998-10-15,-9.6149,-9.6059,-9.6216,-9.6115,30037600.0
1998-10-16,-9.607,-9.5987,-9.6126,-9.6109,21998000.0
1998-10-19,-9.6109,-9.5987,-9.6182,-9.6037,17010000.0
1998-10-20,-9.5998,-9.5975,-9.6171,-9.6166,13649200.0
1998-10-21,-9.6104,-9.6042,-9.6193,-9.607,15390000.0
1998-10-22,-9.6092,-9.6025,-9.6149,-9.6104,11343200.0
1998-10-23,-9.6104,-9.6092,-9.6249,-9.6216,12732400.0
1998-10-26,-9.6166,-9.6015,-9.6216,-9.6042,17013600.0
1998-10-27,-9.5992,-9.5908,-9.6255,-9.6238,19233200.0
1998-10-28,-9.6238,-9.6082,-9.6249,-9.6099,13006400.0
1998-10-29,-9.6132,-9.6042,-9.6188,-9.6132,12321200.0
1998-10-30,-9.6099,-9.6037,-9.6149,-9.607,11358000.0
1998-11-02,-9.6037,-9.6015,-9.6059,-9.6025,9076400.0
1998-11-03,-9.6048,-9.597,-9.6054,-9.6009,13247600.0
1998-11-04,-9.5942,-9.5891,-9.5981,-9.5931,22438000.0
1998-11-05,-9.5958,-9.5869,-9.5987,-9.5975,21684400.0
1998-11-06,-9.6003,-9.597,-9.6059,-9.5987,28496800.0
1998-11-09,-9.602,-9.5981,-9.6216,-9.6115,23622000.0
1998-11-10,-9.6154,-9.6149,-9.626,-9.6249,31576800.0
1998-11-11,-9.6193,-9.6188,-9.6461,-9.6389,33895200.0
1998-11-12,-9.6427,-9.631,-9.6449,-9.6349,21261200.0
1998-11-13,-9.6266,-9.6166,-9.6288,-9.6199,28301200.0
1998-11-16,-9.6176,-9.6104,-9.6221,-9.6171,13740800.0
1998-11-17,-9.6193,-9.6188,-9.6283,-9.6277,7529200.0
1998-11-18,-9.6243,-9.6171,-9.6271,-9.6221,11781200.0
1998-11-19,-9.6216,-9.6065,-9.6221,-9.6193,12385200.0
1998-11-20,-9.6132,-9.6104,-9.6283,-9.6233,14268000.0
1998-11-23,-9.621,-9.6099,-9.6243,-9.6149,20642000.0
1998-11-24,-9.6159,-9.6104,-9.6193,-9.6176,11430800.0
1998-11-25,-9.6182,-9.6166,-9.6266,-9.6249,10855600.0
1998-11-27,-9.6255,-9.6249,-9.6283,-9.6255,5483600.0
1998-11-30,-9.6299,-9.6277,-9.655,-9.6533,20060800.0
1998-12-01,-9.6528,-9.6277,-9.6562,-9.6338,30941200.0
1998-12-02,-9.6338,-9.6092,-9.6394,-9.6171,34382400.0
1998-12-03,-9.6143,-9.6126,-9.6383,-9.6377,22380800.0
1998-12-04,-9.6322,-9.631,-9.6528,-9.6461,25765200.0
1998-12-07,-9.6405,-9.6372,-9.6461,-9.6372,20255600.0
1998-12-08,-9.6355,-9.6355,-9.6528,-9.6523,24295200.0
1998-12-09,-9.6466,-9.6449,-9.6562,-9.6528,21184400.0
1998-12-10,-9.6466,-9.6444,-9.654,-9.6528,13980800.0
1998-12-11,-9.6506,-9.6349,-9.6528,-9.6372,24644400.0
1998-12-14,-9.6449,-9.6411,-9.6506,-9.6483,17925200.0
1998-12-15,-9.6461,-9.6383,-9.6461,-9.6389,9462000.0
1998-12-16,-9.6372,-9.6333,-9.6472,-9.6456,13375200.0
1998-12-17,-9.6444,-9.6372,-9.6461,-9.6399,11812000.0
1998-12-18,-9.6405,-9.6226,-9.6416,-9.6243,28283200.0
1998-12-21,-9.6226,-9.6204,-9.6327,-9.6255,12769200.0
1998-12-22,-9.6137,-9.5981,-9.6171,-9.5992,41111200.0
1998-12-23,-9.5936,-9.5769,-9.5958,-9.5831,44124400.0
1998-12-24,-9.5824,-9.5814,-9.5886,-9.5881,7155200.0
1998-12-28,-9.5903,-9.5713,-9.5903,-9.5735,25917600.0
1998-12-29,-9.5713,-9.568,-9.5791,-9.5741,13853200.0
1998-12-30,-9.5802,-9.5713,-9.5814,-9.5808,8498000.0
1998-12-31,-9.5769,-9.5691,-9.5858,-9.573,9716400.0
1999-01-04,-9.5624,-9.5613,-9.5814,-9.5702,34049200.0
1999-01-05,-9.5641,-9.5462,-9.568,-9.5518,50362000.0
1999-01-06,-9.5445,-9.5445,-9.5724,-9.5658,48165200.0
1999-01-07,-9.5613,-9.5362,-9.5624,-9.5367,51056800.0
1999-01-08,-9.5228,-9.5199,-9.5457,-9.5367,24246400.0
1999-01-11,-9.53,-9.5273,-9.5378,-9.5289,20054400.0
1999-01-12,-9.525,-9.5222,-9.5445,-9.5266,29330000.0
1999-01-13,-9.5557,-9.5161,-9.5613,-9.5233,37434400.0
1999-01-14,-9.5323,-9.5278,-9.5719,-9.5691,61570000.0
1999-01-15,-9.5652,-9.5624,-9.5814,-9.5697,35933600.0
1999-01-19,-9.5641,-9.5608,-9.578,-9.5735,19116400.0
1999-01-20,-9.5719,-9.5635,-9.5769,-9.5764,27806800.0
1999-01-21,-9.5774,-9.5764,-9.6037,-9.592,21449200.0
1999-01-22,-9.602,-9.5858,-9.6076,-9.5925,12365200.0
1999-01-25,-9.5881,-9.5853,-9.592,-9.5869,13763200.0
1999-01-26,-9.5819,-9.5735,-9.5847,-9.5769,20002400.0
1999-01-27,-9.5724,-9.5691,-9.5819,-9.5802,13053200.0
1999-01-28,-9.5735,-9.5702,-9.5786,-9.5735,12015600.0
1999-01-29,-9.5708,-9.5674,-9.5814,-9.5708,8684400.0
1999-02-01,-9.5663,-9.5641,-9.5786,-9.573,9962000.0
1999-02-02,-9.578,-9.5747,-9.5903,-9.5886,10975600.0
1999-02-03,-9.5903,-9.5764,-9.5925,-9.5797,12108000.0
1999-02-04,-9.5797,-9.5791,-9.6015,-9.6003,16565600.0
1999-02-05,-9.597,-9.5958,-9.6216,-9.6143,27778000.0
1999-02-08,-9.6109,-9.5998,-9.6149,-9.6015,16723600.0
1999-02-09,-9.5998,-9.5898,-9.6076,-9.6065,25042000.0
1999-02-10,-9.6092,-9.5931,-9.6171,-9.5965,20135200.0
1999-02-11,-9.5925,-9.5836,-9.5942,-9.5847,20200000.0
1999-02-12,-9.5891,-9.5891,-9.6082,-9.602,15339200.0
1999-02-16,-9.5914,-9.5914,-9.6003,-9.5965,10723600.0
1999-02-17,-9.5981,-9.5931,-9.6087,-9.6082,10581200.0
1999-02-18,-9.6032,-9.6003,-9.621,-9.6171,17876400.0
1999-02-19,-9.6149,-9.602,-9.6154,-9.6065,12938800.0
1999-02-22,-9.6048,-9.5914,-9.6059,-9.5953,10682000.0
1999-02-23,-9.5942,-9.5853,-9.5998,-9.5953,11521200.0
1999-02-24,-9.592,-9.5903,-9.6048,-9.6042,7620000.0
1999-02-25,-9.6054,-9.602,-9.6126,-9.6087,9455600.0
1999-02-26,-9.6126,-9.6082,-9.6305,-9.6277,23847600.0
1999-03-01,-9.6277,-9.6277,-9.6383,-9.6372,17435200.0
1999-03-02,-9.6338,-9.6233,-9.6372,-9.6293,24414400.0
1999-03-03,-9.6283,-9.6249,-9.6394,-9.6333,10497600.0
1999-03-04,-9.6305,-9.6305,-9.6494,-9.6399,13137600.0
1999-03-05,-9.6322,-9.6322,-9.6494,-9.6422,16735600.0
1999-03-08,-9.6416,-9.6288,-9.6422,-9.6316,19682000.0
1999-03-09,-9.6322,-9.6316,-9.6394,-9.6338,11427600.0
1999-03-10,-9.6333,-9.6333,-9.6489,-9.6478,19526800.0
1999-03-11,-9.6506,-9.636,-9.6528,-9.6511,16936800.0
1999-03-12,-9.65,-9.6394,-9.65,-9.6422,9700000.0
1999-03-15,-9.6411,-9.626,-9.6416,-9.6344,12586800.0
1999-03-16,-9.626,-9.621,-9.6266,-9.6216,14302000.0
1999-03-17,-9.6176,-9.6166,-9.6355,-9.6344,13084400.0
1999-03-18,-9.6316,-9.6204,-9.6327,-9.6216,8126800.0
1999-03-19,-9.6176,-9.6171,-9.6449,-9.6394,19161200.0
1999-03-22,-9.6349,-9.6243,-9.6444,-9.6255,21200800.0
1999-03-23,-9.631,-9.631,-9.6461,-9.6439,14842000.0
1999-03-24,-9.6416,-9.6372,-9.6483,-9.6377,14297600.0
1999-03-25,-9.6316,-9.6271,-9.6405,-9.6366,14286800.0
1999-03-26,-9.6372,-9.6366,-9.6439,-9.6416,9080000.0
1999-03-29,-9.6394,-9.6221,-9.6399,-9.6226,20337600.0
1999-03-30,-9.626,-9.6137,-9.626,-9.6182,19806800.0
1999-03-31,-9.6137,-9.607,-9.6182,-9.6176,15086400.0
1999-04-01,-9.6166,-9.6109,-9.6193,-9.6166,9381200.0
1999-04-05,-9.6171,-9.6003,-9.6171,-9.6076,16474400.0
1999-04-06,-9.6099,-9.5965,-9.6099,-9.5992,22455200.0
1999-04-07,-9.5987,-9.597,-9.6137,-9.607,14723200.0
1999-04-08,-9.6092,-9.6076,-9.6171,-9.6092,10600800.0
1999-04-09,-9.6149,-9.6059,-9.6176,-9.6104,9608000.0
1999-04-12,-9.626,-9.6092,-9.6271,-9.6149,14145600.0
1999-04-13,-9.6143,-9.6099,-9.6305,-9.6293,14732400.0
1999-04-14,-9.6238,-9.6076,-9.626,-9.6213,24323600.0
1999-04-15,-9.6226,-9.6154,-9.6322,-9.6193,61960000.0
1999-04-16,-9.6182,-9.6166,-9.6238,-9.6221,17945600.0
1999-04-19,-9.6199,-9.6171,-9.6394,-9.636,32923200.0
1999-04-20,-9.636,-9.6283,-9.6394,-9.6344,18725600.0
1999-04-21,-9.6349,-9.6316,-9.6394,-9.6316,12566800.0
1999-04-22,-9.6255,-9.6115,-9.6255,-9.6137,26454400.0
1999-04-23,-9.6149,-9.5864,-9.6149,-9.5886,37402400.0
1999-04-26,-9.5858,-9.5702,-9.5881,-9.573,33152000.0
1999-04-27,-9.5546,-9.5295,-9.5546,-9.53,75225200.0
1999-04-28,-9.54,-9.5306,-9.549,-9.5451,34122000.0
1999-04-29,-9.5524,-9.5423,-9.5655,-9.5546,28206400.0
1999-04-30,-9.5457,-9.5177,-9.5457,-9.5278,52596400.0
1999-05-03,-9.5273,-9.4921,-9.53,-9.496,52535600.0
1999-05-04,-9.5077,-9.5043,-9.5261,-9.5233,28980000.0
1999-05-05,-9.525,-9.5189,-9.54,-9.5189,20694400.0
1999-05-06,-9.5228,-9.5199,-9.5457,-9.5412,15486400.0
1999-05-07,-9.54,-9.5289,-9.5568,-9.5289,15528800.0
1999-05-10,-9.5211,-9.5194,-9.54,-9.5345,14055600.0
1999-05-11,-9.5378,-9.5261,-9.5496,-9.539,16388800.0
1999-05-12,-9.5378,-9.5233,-9.5445,-9.5233,14129200.0
1999-05-13,-9.5239,-9.5206,-9.5323,-9.5261,10573600.0
1999-05-14,-9.5356,-9.5295,-9.5423,-9.5423,8102000.0
1999-05-17,-9.5479,-9.5395,-9.5546,-9.5423,7531200.0
1999-05-18,-9.5384,-9.5278,-9.5423,-9.5345,14954400.0
1999-05-19,-9.5323,-9.53,-9.5501,-9.535,10660000.0
1999-05-20,-9.5328,-9.53,-9.5591,-9.5591,14940000.0
1999-05-21,-9.5546,-9.5429,-9.5585,-9.5462,16555200.0
1999-05-24,-9.549,-9.5429,-9.5646,-9.5641,9340800.0
1999-05-25,-9.5674,-9.5596,-9.573,-9.568,13095200.0
1999-05-26,-9.5658,-9.5423,-9.5702,-9.5451,15642000.0
1999-05-27,-9.5529,-9.5479,-9.5574,-9.5501,12042400.0
1999-05-28,-9.5518,-9.5429,-9.5534,-9.5451,7196400.0
1999-06-01,-9.5367,-9.534,-9.5423,-9.5384,16479200.0
1999-06-02,-9.5412,-9.5105,-9.5457,-9.5228,18614400.0
1999-06-03,-9.5199,-9.5099,-9.5206,-9.5149,17450800.0
1999-06-04,-9.5133,-9.5083,-9.5166,-9.5088,13171200.0
1999-06-07,-9.5088,-9.501,-9.5144,-9.5016,14949200.0
1999-06-08,-9.5033,-9.5027,-9.5139,-9.5127,11203200.0
1999-06-09,-9.5149,-9.5055,-9.5149,-9.506,12655200.0
1999-06-10,-9.511,-9.5077,-9.5161,-9.5088,11325200.0
1999-06-11,-9.5088,-9.5055,-9.5256,-9.5239,6613600.0
1999-06-14,-9.5233,-9.5222,-9.5356,-9.5328,5615600.0
1999-06-15,-9.535,-9.5211,-9.5356,-9.5273,4666400.0
1999-06-16,-9.5244,-9.5094,-9.5244,-9.5105,8056800.0
1999-06-17,-9.5133,-9.5099,-9.53,-9.5244,8022400.0
1999-06-18,-9.5333,-9.5166,-9.535,-9.5177,7448000.0
1999-06-21,-9.5189,-9.5166,-9.5278,-9.5233,4842000.0
1999-06-22,-9.525,-9.5194,-9.5333,-9.5333,5415600.0
1999-06-23,-9.5362,-9.5359,-9.5496,-9.5484,18994400.0
1999-06-24,-9.549,-9.549,-9.5613,-9.5608,15498000.0
1999-06-25,-9.5591,-9.5574,-9.563,-9.5618,10518800.0
1999-06-28,-9.5596,-9.5551,-9.5601,-9.5585,9938800.0
1999-06-29,-9.5571,-9.5317,-9.5579,-9.5333,13599200.0
1999-06-30,-9.5306,-9.5194,-9.5373,-9.525,12270800.0
1999-07-01,-9.525,-9.5228,-9.5345,-9.534,5334400.0
1999-07-02,-9.532,-9.5199,-9.535,-9.525,4426800.0
1999-07-06,-9.5283,-9.5133,-9.5295,-9.5155,16212000.0
1999-07-07,-9.5155,-9.4854,-9.5189,-9.4932,39264400.0
1999-07-08,-9.482,-9.4469,-9.4842,-9.4519,58058000.0
1999-07-09,-9.4519,-9.4418,-9.4653,-9.4418,21750000.0
1999-07-12,-9.443,-9.4418,-9.4547,-9.4519,10862000.0
1999-07-13,-9.4608,-9.4547,-9.4664,-9.4591,10136800.0
1999-07-14,-9.4519,-9.4329,-9.4519,-9.4391,22320000.0
1999-07-15,-9.4396,-9.4391,-9.4804,-9.4631,60433600.0
1999-07-16,-9.4597,-9.4519,-9.4653,-9.4648,14705600.0
1999-07-19,-9.4569,-9.4402,-9.4715,-9.4524,20050000.0
1999-07-20,-9.4514,-9.443,-9.4675,-9.4664,15804400.0
1999-07-21,-9.4558,-9.4435,-9.4664,-9.4558,25653600.0
1999-07-22,-9.4597,-9.4574,-9.482,-9.4708,14529200.0
1999-07-23,-9.467,-9.4586,-9.4681,-9.4625,8192000.0
1999-07-26,-9.4664,-9.4653,-9.4842,-9.4837,12555200.0
1999-07-27,-9.4686,-9.4569,-9.4698,-9.4591,14150800.0
1999-07-28,-9.4574,-9.4441,-9.4653,-9.453,11762000.0
1999-07-29,-9.4619,-9.4452,-9.4641,-9.4574,9860000.0
1999-07-30,-9.4519,-9.4374,-9.4519,-9.4413,13685600.0
1999-08-02,-9.4418,-9.4207,-9.443,-9.4408,12958000.0
1999-08-03,-9.4318,-9.4257,-9.4597,-9.4452,13176800.0
1999-08-04,-9.4458,-9.4396,-9.4631,-9.4581,13279200.0
1999-08-05,-9.4608,-9.4485,-9.4731,-9.4497,11541200.0
1999-08-06,-9.4558,-9.4447,-9.4608,-9.4552,15575600.0
1999-08-09,-9.4533,-9.4458,-9.4541,-9.4524,8338000.0
1999-08-10,-9.4564,-9.4385,-9.4597,-9.4441,14879200.0
1999-08-11,-9.4385,-9.405,-9.4391,-9.4056,30374400.0
1999-08-12,-9.4112,-9.3905,-9.415,-9.4028,23806400.0
1999-08-13,-9.3972,-9.3849,-9.4039,-9.4023,10668800.0
1999-08-16,-9.4045,-9.3966,-9.4073,-9.3983,9896400.0
1999-08-17,-9.4,-9.3994,-9.4123,-9.4,11474400.0
1999-08-18,-9.4023,-9.3849,-9.4061,-9.4016,16743200.0
1999-08-19,-9.4045,-9.3983,-9.4157,-9.414,19645600.0
1999-08-20,-9.4095,-9.4083,-9.419,-9.41,11730800.0
1999-08-23,-9.4083,-9.3905,-9.409,-9.3961,12709200.0
1999-08-24,-9.3994,-9.3961,-9.4033,-9.3994,17948000.0
1999-08-25,-9.3966,-9.3894,-9.4016,-9.3905,10553600.0
1999-08-26,-9.3927,-9.3749,-9.3927,-9.3838,14449200.0
1999-08-27,-9.3783,-9.3582,-9.3788,-9.3604,15980000.0
1999-08-30,-9.3582,-9.3582,-9.3849,-9.3844,12033200.0
1999-08-31,-9.3797,-9.3504,-9.3844,-9.3559,22675200.0
1999-09-01,-9.3403,-9.3241,-9.3492,-9.3258,28168000.0
1999-09-02,-9.3348,-9.3007,-9.3415,-9.3085,31975200.0
1999-09-03,-9.2962,-9.2666,-9.3091,-9.2823,58403600.0
1999-09-07,-9.28,-9.2426,-9.2823,-9.2566,35177600.0
1999-09-08,-9.2583,-9.2449,-9.2733,-9.2733,27233600.0
1999-09-09,-9.2644,-9.2605,-9.279,-9.2639,19093600.0
1999-09-10,-9.2599,-9.2449,-9.2716,-9.2471,16398000.0
1999-09-13,-9.2505,-9.2505,-9.2706,-9.2689,9000000.0
1999-09-14,-9.2714,-9.2376,-9.2716,-9.2438,13883200.0
1999-09-15,-9.2343,-9.2321,-9.2666,-9.2656,12843200.0
1999-09-16,-9.2594,-9.2416,-9.279,-9.2527,15793600.0
1999-09-17,-9.2483,-9.2443,-9.2577,-9.2516,9915600.0
1999-09-20,-9.251,-9.2232,-9.2522,-9.2326,16326400.0
1999-09-21,-9.285,-9.2845,-9.3224,-9.3202,119931200.0
1999-09-22,-9.3158,-9.2991,-9.3223,-9.3108,40132000.0
1999-09-23,-9.3035,-9.3024,-9.376,-9.3733,40853200.0
1999-09-24,-9.3726,-9.3401,-9.376,-9.3587,42148800.0
1999-09-27,-9.3459,-9.3425,-9.3922,-9.3911,33877600.0
1999-09-28,-9.3894,-9.3849,-9.4257,-9.4061,50542400.0
1999-09-29,-9.4006,-9.3916,-9.4207,-9.4112,23493600.0
1999-09-30,-9.4067,-9.3654,-9.4095,-9.3733,32449200.0
1999-10-01,-9.3838,-9.381,-9.4073,-9.3874,21977600.0
1999-10-04,-9.3816,-9.3593,-9.3816,-9.3621,16408800.0
1999-10-05,-9.3526,-9.3303,-9.3604,-9.3319,29100800.0
1999-10-06,-9.3191,-9.3169,-9.3403,-9.3386,28726400.0
1999-10-07,-9.3274,-9.3258,-9.3593,-9.3459,21660800.0
1999-10-08,-9.3475,-9.3465,-9.3716,-9.3532,13689200.0
1999-10-11,-9.3492,-9.3291,-9.3492,-9.3431,9418000.0
1999-10-12,-9.3325,-9.3169,-9.3403,-9.3341,20142000.0
1999-10-13,-9.3437,-9.318,-9.3693,-9.3668,22752000.0
1999-10-14,-9.3202,-9.284,-9.3224,-9.285,67822400.0
1999-10-15,-9.3035,-9.2616,-9.3118,-9.2728,41910000.0
1999-10-18,-9.279,-9.2756,-9.3035,-9.2845,27733600.0
1999-10-19,-9.2991,-9.2689,-9.3274,-9.3269,36521200.0
1999-10-20,-9.3135,-9.2666,-9.3135,-9.2678,38633600.0
1999-10-21,-9.2907,-9.2505,-9.2924,-9.2589,28347600.0
1999-10-22,-9.2499,-9.2488,-9.2834,-9.2783,14995200.0
1999-10-25,-9.2756,-9.2589,-9.28,-9.2733,11677600.0
1999-10-26,-9.2694,-9.2644,-9.284,-9.2683,12924400.0
1999-10-27,-9.2745,-9.2544,-9.2828,-9.2566,15837600.0
1999-10-28,-9.2505,-9.2332,-9.2594,-9.2433,18005200.0
1999-10-29,-9.2349,-9.2148,-9.2349,-9.2232,18680800.0
1999-11-01,-9.2242,-9.2181,-9.2477,-9.2455,9965600.0
1999-11-02,-9.2421,-9.2091,-9.2483,-9.222,14268800.0
1999-11-03,-9.2098,-9.1952,-9.2153,-9.2108,11736800.0
1999-11-04,-9.2058,-9.1763,-9.2187,-9.1919,13549200.0
1999-11-05,-9.183,-9.1495,-9.1885,-9.15,14889200.0
1999-11-08,-9.155,-9.0659,-9.164,-9.0781,33962400.0
1999-11-09,-9.0959,-9.0948,-9.1528,-9.1383,28910000.0
1999-11-10,-9.1506,-9.1059,-9.1517,-9.1221,20661200.0
1999-11-11,-9.1208,-9.1116,-9.1361,-9.1149,9660000.0
1999-11-12,-9.1176,-9.1171,-9.1584,-9.1294,9970000.0
1999-11-15,-9.1383,-9.1093,-9.1483,-9.1399,9283600.0
1999-11-16,-9.1349,-9.1193,-9.1483,-9.1243,8370000.0
1999-11-17,-9.1288,-9.0925,-9.1349,-9.1327,13032000.0
1999-11-18,-9.1255,-9.1249,-9.1489,-9.1383,13043600.0
1999-11-19,-9.1394,-9.1093,-9.1523,-9.1132,11162000.0
1999-11-22,-9.1193,-9.1193,-9.1416,-9.1294,7242400.0
1999-11-23,-9.1193,-9.0881,-9.1483,-9.1099,19406400.0
1999-11-24,-9.1082,-9.0903,-9.1199,-9.0931,7683600.0
1999-11-26,-9.0925,-9.0858,-9.0982,-9.0898,4737600.0
1999-11-29,-9.097,-9.0479,-9.1059,-9.0942,16586800.0
1999-11-30,-9.0624,-9.0122,-9.0691,-9.0647,30132400.0
1999-12-01,-9.0367,-9.0055,-9.0451,-9.0183,22098000.0
1999-12-02,-9.0178,-8.9508,-9.03,-8.9547,20275600.0
1999-12-03,-8.9368,-8.9067,-8.9397,-8.9117,23151200.0
1999-12-06,-8.9157,-8.8911,-8.9435,-8.9028,16688000.0
1999-12-07,-8.8978,-8.8849,-8.9207,-8.8866,15901200.0
1999-12-08,-8.9006,-8.8861,-8.9608,-8.9558,14730800.0
1999-12-09,-8.9474,-8.9474,-9.0379,-8.9988,30555600.0
1999-12-10,-8.9983,-8.9631,-9.0546,-9.0189,22786800.0
1999-12-13,-9.0243,-9.0233,-9.0551,-9.0546,18931200.0
1999-12-14,-9.0602,-9.0479,-9.0925,-9.0915,15570800.0
1999-12-15,-9.1059,-9.0702,-9.1255,-9.0724,22254400.0
1999-12-16,-9.0635,-9.0602,-9.0992,-9.0608,16568000.0
1999-12-17,-9.0379,-9.0278,-9.0591,-9.0457,17700800.0
1999-12-20,-9.0496,-9.0491,-9.0758,-9.0635,10155200.0
1999-12-21,-9.0618,-9.0183,-9.0641,-9.0233,11000000.0
1999-12-22,-9.02,-9.0049,-9.0568,-9.0462,11682000.0
1999-12-23,-9.0295,-9.0077,-9.0362,-9.0144,8218800.0
1999-12-27,-9.0066,-9.006,-9.0524,-9.0518,6022000.0
1999-12-28,-9.0535,-9.0491,-9.0903,-9.0618,8843200.0
1999-12-29,-9.0741,-9.0261,-9.0858,-9.0395,10161200.0
1999-12-30,-9.0261,-9.0089,-9.0491,-9.0429,7419200.0
1999-12-31,-9.0373,-9.02,-9.0501,-9.0206,5856400.0
2000-01-03,-9.0022,-8.9341,-9.0306,-8.9391,19144400.0
2000-01-04,-8.972,-8.9508,-9.035,-9.0233,18310000.0
2000-01-05,-9.0122,-8.9514,-9.0189,-9.0099,27818000.0
2000-01-06,-8.991,-8.9832,-9.0903,-9.0903,27443200.0
2000-01-07,-9.0769,-9.0367,-9.0858,-9.0501,16463200.0
2000-01-10,-9.0278,-9.0256,-9.0925,-9.0658,18059200.0
2000-01-11,-9.0819,-9.0513,-9.1305,-9.1104,15775200.0
2000-01-12,-9.0903,-9.0858,-9.1662,-9.16,34870800.0
2000-01-13,-9.0949,-9.0568,-9.1126,-9.0747,36882400.0
2000-01-14,-9.0457,-9.0256,-9.0513,-9.0417,13954400.0
2000-01-18,-9.0367,-8.9921,-9.0417,-9.0105,16421200.0
2000-01-19,-8.9955,-8.9675,-9.0156,-8.9871,21358000.0
2000-01-20,-8.9073,-8.8537,-8.9251,-8.9251,65418800.0
2000-01-21,-8.9184,-8.9184,-8.9547,-8.9447,17729200.0
2000-01-24,-8.9703,-8.9318,-8.9999,-8.9899,15760000.0
2000-01-25,-9.001,-8.9285,-9.0245,-8.9363,17775200.0
2000-01-26,-8.9564,-8.919,-8.9586,-8.9547,13131200.0
2000-01-27,-8.967,-8.9296,-8.9832,-8.9564,12163600.0
2000-01-28,-8.9725,-8.9486,-9.0401,-9.0312,15142000.0
2000-01-31,-9.0367,-9.0111,-9.0948,-9.0122,25071200.0
2000-02-01,-9.0099,-9.001,-9.0457,-9.0434,11380000.0
2000-02-02,-9.039,-9.0267,-9.0724,-9.0563,16588800.0
2000-02-03,-9.0429,-9.0077,-9.0434,-9.0161,16977600.0
2000-02-04,-9.0105,-8.9564,-9.0133,-8.9742,15206800.0
2000-02-07,-8.9742,-8.9184,-8.9926,-8.9201,15770800.0
2000-02-08,-8.9207,-8.9017,-8.9452,-8.9129,14613600.0
2000-02-09,-8.9196,-8.8928,-8.9346,-8.933,10698000.0
2000-02-10,-8.9308,-8.9218,-8.9564,-8.9251,10832400.0
2000-02-11,-8.9241,-8.9196,-8.972,-8.9675,7592000.0
2000-02-14,-8.9625,-8.904,-8.9687,-8.9045,13130000.0
2000-02-15,-8.9095,-8.8676,-8.91,-8.876,17363600.0
2000-02-16,-8.8872,-8.8839,-8.9374,-8.9196,13525200.0
2000-02-17,-8.91,-8.9073,-8.9285,-8.9129,10350000.0
2000-02-18,-8.9151,-8.9084,-8.9486,-8.9452,8346800.0
2000-02-22,-8.9553,-8.8944,-8.9859,-8.9224,15083200.0
2000-02-23,-8.9275,-8.876,-8.9474,-8.9006,16905600.0
2000-02-24,-8.8911,-8.8749,-8.9408,-8.9099,13446400.0
2000-02-25,-8.9134,-8.8939,-8.9553,-8.9531,8908000.0
2000-02-28,-8.9553,-8.9117,-8.9709,-8.9274,11729200.0
2000-02-29,-8.9246,-8.8916,-8.9335,-8.9151,13186800.0
2000-03-01,-8.8799,-8.7594,-8.8805,-8.775,38478000.0
2000-03-02,-8.8046,-8.7962,-8.8609,-8.8492,11136800.0
2000-03-03,-8.8236,-8.7936,-8.8671,-8.7957,11565200.0
2000-03-06,-8.8135,-8.7856,-8.8224,-8.8163,7520000.0
2000-03-07,-8.8096,-8.8007,-8.8571,-8.8415,9767600.0
2000-03-08,-8.8415,-8.8319,-8.8799,-8.8492,9690800.0
2000-03-09,-8.8593,-8.8224,-8.8827,-8.847,9884400.0
2000-03-10,-8.852,-8.7962,-8.8582,-8.8158,8900800.0
2000-03-13,-8.8482,-8.8091,-8.8716,-8.8554,10864400.0
2000-03-14,-8.8562,-8.8291,-8.9207,-8.9184,15321200.0
2000-03-15,-8.9062,-8.8649,-8.9196,-8.9006,15845200.0
2000-03-16,-8.8911,-8.8492,-8.9162,-8.8532,13516800.0
2000-03-17,-8.866,-8.8224,-8.8705,-8.8224,10902400.0
2000-03-20,-8.8358,-8.8113,-8.8459,-8.8403,7316400.0
2000-03-21,-8.8442,-8.7175,-8.8526,-8.7337,18729200.0
2000-03-22,-8.753,-8.6494,-8.7639,-8.6511,20288800.0
2000-03-23,-8.6707,-8.5958,-8.6885,-8.6768,20098000.0
2000-03-24,-8.6667,-8.6533,-8.7287,-8.7002,15962000.0
2000-03-27,-8.7097,-8.6461,-8.7164,-8.6924,9976800.0
2000-03-28,-8.7131,-8.6707,-8.7141,-8.6963,7253600.0
2000-03-29,-8.6941,-8.6935,-8.7436,-8.7248,8568800.0
2000-03-30,-8.746,-8.7091,-8.8185,-8.8158,14800000.0
2000-03-31,-8.8007,-8.7131,-8.8135,-8.7259,14457600.0
2000-04-03,-8.7287,-8.693,-8.7828,-8.7483,11742400.0
2000-04-04,-8.7543,-8.751,-8.8961,-8.8018,23596400.0
2000-04-05,-8.8093,-8.7521,-8.8314,-8.7744,16359200.0
2000-04-06,-8.7722,-8.7376,-8.8381,-8.8208,9290800.0
2000-04-07,-8.8024,-8.761,-8.818,-8.7622,8668800.0
2000-04-10,-8.7627,-8.7533,-8.8247,-8.8224,7592400.0
2000-04-11,-8.8358,-8.8236,-8.8844,-8.8721,19368000.0
2000-04-12,-8.876,-8.876,-9.0022,-8.9631,33618800.0
2000-04-13,-8.943,-8.8671,-8.9698,-8.9224,18923600.0
2000-04-14,-8.9625,-8.8849,-8.9653,-8.9397,23845600.0
2000-04-17,-8.9608,-8.8319,-8.9648,-8.8325,14642400.0
2000-04-18,-8.8358,-8.8058,-8.8727,-8.8058,13962400.0
2000-04-19,-8.8118,-8.7756,-8.8693,-8.8571,18586400.0
2000-04-20,-8.8341,-8.8247,-8.8933,-8.8772,25806800.0
2000-04-24,-8.9117,-8.8626,-8.914,-8.8626,15845600.0
2000-04-25,-8.8482,-8.789,-8.8487,-8.7929,14002400.0
2000-04-26,-8.808,-8.7957,-8.8671,-8.8554,13117600.0
2000-04-27,-8.8922,-8.8046,-8.8976,-8.8068,11678000.0
2000-04-28,-8.8035,-8.8001,-8.8554,-8.8308,8932400.0
2000-05-01,-8.8236,-8.8214,-8.8504,-8.8286,8100000.0
2000-05-02,-8.8381,-8.8113,-8.8894,-8.8861,8446400.0
2000-05-03,-8.8766,-8.8559,-8.9419,-8.9112,17500000.0
2000-05-04,-8.9107,-8.9095,-8.9514,-8.9502,14284400.0
2000-05-05,-8.9491,-8.914,-8.9499,-8.9285,10160000.0
2000-05-08,-8.9377,-8.9234,-8.9564,-8.9553,6605600.0
2000-05-09,-8.9536,-8.9452,-9.0022,-8.9971,11685600.0
2000-05-10,-9.0094,-9.001,-9.0568,-9.0518,19127600.0
2000-05-11,-9.0334,-9.0077,-9.0546,-9.0206,17852400.0
2000-05-12,-8.9921,-8.9519,-9.0031,-8.9776,10962000.0
2000-05-15,-8.9737,-8.9737,-9.0446,-9.0367,24252000.0
2000-05-16,-9.0053,-8.9648,-9.0211,-8.9949,15736400.0
2000-05-17,-9.0133,-9.0127,-9.0424,-9.0334,14227600.0
2000-05-18,-9.0189,-9.0016,-9.0401,-9.039,13365600.0
2000-05-19,-9.0524,-9.0524,-9.1049,-9.0992,26459200.0
2000-05-22,-9.1015,-9.1015,-9.1707,-9.1355,26995200.0
2000-05-23,-9.1305,-9.1049,-9.1741,-9.1724,18488000.0
2000-05-24,-9.169,-9.1372,-9.1974,-9.1556,24248000.0
2000-05-25,-9.1483,-9.1112,-9.1707,-9.1593,14530800.0
2000-05-26,-9.1528,-9.1361,-9.1774,-9.1674,6486400.0
2000-05-30,-9.1562,-9.1517,-9.2086,-9.1567,25481200.0
2000-05-31,-9.1629,-9.1238,-9.1902,-9.1885,15483600.0
2000-06-01,-9.2086,-9.1389,-9.2209,-9.1428,32280000.0
2000-06-02,-9.1015,-9.0479,-9.1439,-9.1121,28336400.0
2000-06-05,-9.1054,-9.0881,-9.1377,-9.1233,11582000.0
2000-06-06,-9.1174,-9.0747,-9.1322,-9.1093,18771200.0
2000-06-07,-9.1026,-9.0724,-9.1205,-9.0764,12056800.0
2000-06-08,-9.0669,-9.0591,-9.1071,-9.092,8540800.0
2000-06-09,-9.0747,-9.0641,-9.0959,-9.0836,9020000.0
2000-06-12,-9.0781,-9.0774,-9.1272,-9.1243,10374400.0
2000-06-13,-9.1243,-9.0931,-9.1511,-9.0948,12570000.0
2000-06-14,-9.0931,-9.0791,-9.1339,-9.131,9925200.0
2000-06-15,-9.1238,-9.1049,-9.1439,-9.1138,8898800.0
2000-06-16,-9.1037,-9.1015,-9.1433,-9.1243,10842400.0
2000-06-19,-9.1299,-9.0647,-9.1366,-9.0758,14089200.0
2000-06-20,-9.0591,-9.0105,-9.0602,-9.0345,17922000.0
2000-06-21,-9.0367,-8.9217,-9.0401,-8.9451,17500000.0
2000-06-22,-8.943,-8.9094,-8.9821,-8.9787,16706200.0
2000-06-23,-8.9782,-8.963,-9.0312,-9.0155,7320400.0
2000-06-26,-9.001,-8.9608,-9.0076,-8.9719,6631000.0
2000-06-27,-8.9782,-8.9474,-9.0166,-9.0144,7270600.0
2000-06-28,-8.9866,-8.9496,-9.0189,-8.9664,10235000.0
2000-06-29,-8.991,-8.9753,-9.0267,-9.0233,7281200.0
2000-06-30,-8.9955,-8.9574,-9.0155,-9.0032,11550000.0
2000-07-03,-9.0076,-8.9687,-9.0076,-8.9866,2535000.0
2000-07-05,-8.9876,-8.953,-9.0323,-9.0166,9478800.0
2000-07-06,-9.001,-8.9932,-9.0523,-9.0133,11063800.0
2000-07-07,-8.9994,-8.9598,-9.0076,-8.9664,9422600.0
2000-07-10,-8.9726,-8.8983,-8.9787,-8.9183,14211000.0
2000-07-11,-8.9207,-8.8805,-8.9485,-8.9217,12783200.0
2000-07-12,-8.9005,-8.886,-8.9317,-8.8871,8057600.0
2000-07-13,-8.8939,-8.8558,-8.9608,-8.9296,15925600.0
2000-07-14,-8.9183,-8.8849,-8.9228,-8.9083,6804400.0
2000-07-17,-8.8983,-8.8883,-8.9183,-8.8973,9289000.0
2000-07-18,-8.8939,-8.8871,-8.9228,-8.9162,11378200.0
2000-07-19,-8.953,-8.9241,-9.0144,-8.9976,16359600.0
2000-07-20,-8.9564,-8.9196,-8.9719,-8.9541,16631800.0
2000-07-21,-8.9678,-8.9451,-8.9932,-8.9821,7013200.0
2000-07-24,-8.9999,-8.9942,-9.0903,-9.0691,14720600.0
2000-07-25,-9.0401,-9.0344,-9.0624,-9.0446,7567200.0
2000-07-26,-9.0485,-9.0233,-9.0591,-9.0446,7526200.0
2000-07-27,-9.0457,-8.9876,-9.0478,-9.0099,10543800.0
2000-07-28,-9.0049,-9.001,-9.1014,-9.0758,8505400.0
2000-07-31,-9.0607,-9.0166,-9.068,-9.0312,5550000.0
2000-08-01,-9.0401,-9.0249,-9.0591,-9.058,4904600.0
2000-08-02,-9.0635,-9.0467,-9.0958,-9.0948,5808800.0
2000-08-03,-9.1249,-9.0803,-9.1483,-9.0814,12150000.0
2000-08-04,-9.0551,-9.0233,-9.1116,-9.0924,9406800.0
2000-08-07,-9.0835,-9.0624,-9.0958,-9.0824,6697200.0
2000-08-08,-9.0824,-9.0814,-9.1116,-9.1037,6315400.0
2000-08-09,-9.0791,-9.0735,-9.0948,-9.0903,13569000.0
2000-08-10,-9.0814,-9.0735,-9.0924,-9.0892,8995400.0
2000-08-11,-9.1021,-9.0814,-9.1249,-9.0869,8503200.0
2000-08-14,-9.0887,-9.0869,-9.1116,-9.0982,5603400.0
2000-08-15,-9.0948,-9.0824,-9.1082,-9.1048,4089000.0
2000-08-16,-9.1014,-9.0635,-9.1026,-9.0724,5137600.0
2000-08-17,-9.0746,-9.0021,-9.0758,-9.0199,9683400.0
2000-08-18,-9.021,-9.0133,-9.0478,-9.0457,6798800.0
2000-08-21,-9.0412,-9.0178,-9.0523,-9.0367,4803800.0
2000-08-22,-9.0344,-8.9955,-9.0389,-9.0155,9889000.0
2000-08-23,-9.0194,-8.9608,-9.0267,-8.9687,8470400.0
2000-08-24,-8.9623,-8.9273,-8.9853,-8.9366,11109400.0
2000-08-25,-8.9296,-8.9117,-8.9317,-8.9241,11947800.0
2000-08-28,-8.9162,-8.8849,-8.9196,-8.9017,12822600.0
2000-08-29,-8.9049,-8.8771,-8.9083,-8.8816,9546200.0
2000-08-30,-8.8849,-8.8671,-8.8903,-8.876,10199600.0
2000-08-31,-8.8855,-8.8403,-8.886,-8.8503,14988800.0
2000-09-01,-8.8437,-8.8023,-8.8469,-8.8057,9181800.0
2000-09-05,-8.8196,-8.7935,-8.8269,-8.8235,10669000.0
2000-09-06,-8.8424,-8.8246,-8.9073,-8.8949,12700400.0
2000-09-07,-8.8826,-8.8214,-8.8983,-8.8314,7770400.0
2000-09-08,-8.838,-8.838,-8.8939,-8.8871,6984400.0
2000-09-11,-8.8905,-8.8603,-8.9005,-8.8949,6699000.0
2000-09-12,-8.9146,-8.866,-8.9207,-8.9073,6722200.0
2000-09-13,-8.9251,-8.876,-8.9251,-8.9028,10932600.0
2000-09-14,-8.8928,-8.8737,-8.9241,-8.9232,15241800.0
2000-09-15,-8.9073,-8.8994,-8.9698,-8.9523,14095400.0
2000-09-18,-8.9519,-8.8537,-8.9553,-8.8553,15163200.0
2000-09-19,-8.8716,-8.8582,-8.8928,-8.8682,9706200.0
2000-09-20,-8.8776,-8.8414,-8.8928,-8.8483,8121600.0
2000-09-21,-8.8939,-8.8737,-8.9519,-8.9262,18238400.0
2000-09-22,-9.0401,-9.0021,-9.0457,-9.0066,25961200.0
2000-09-25,-8.9966,-8.9474,-9.0089,-8.9832,15564000.0
2000-09-26,-8.9866,-8.9608,-9.021,-9.0199,10396600.0
2000-09-27,-9.0144,-8.9966,-9.0769,-9.0646,14370000.0
2000-09-28,-9.058,-8.9776,-9.0791,-8.9832,34988200.0
2000-09-29,-9.4351,-9.4207,-9.4855,-9.4787,265068992.0
2000-10-02,-9.4619,-9.4608,-9.5189,-9.5055,86610600.0
2000-10-03,-9.4932,-9.4921,-9.5423,-9.5401,72795600.0
2000-10-04,-9.5391,-9.5144,-9.548,-9.5167,52368200.0
2000-10-05,-9.5189,-9.501,-9.5457,-9.5446,31189400.0
2000-10-06,-9.5333,-9.5289,-9.5635,-9.5423,21881000.0
2000-10-09,-9.5346,-9.5301,-9.5614,-9.5501,21342600.0
2000-10-10,-9.5524,-9.5378,-9.5724,-9.5658,24683400.0
2000-10-11,-9.5792,-9.5635,-9.5971,-9.5882,42801200.0
2000-10-12,-9.5758,-9.5669,-9.5903,-9.5814,42548200.0
2000-10-13,-9.5769,-9.5435,-9.5814,-9.5446,44564000.0
2000-10-16,-9.5401,-9.5233,-9.5569,-9.5546,29298800.0
2000-10-17,-9.5512,-9.5467,-9.5869,-9.5792,21495600.0
2000-10-18,-9.5914,-9.5624,-9.6037,-9.5792,29803800.0
2000-10-19,-9.5964,-9.5848,-9.6116,-9.6003,53818200.0
2000-10-20,-9.5982,-9.5748,-9.6003,-9.5903,28270400.0
2000-10-23,-9.5766,-9.5714,-9.5914,-9.5748,19694000.0
2000-10-24,-9.5691,-9.5658,-9.6026,-9.6016,28736200.0
2000-10-25,-9.5982,-9.5958,-9.6092,-9.6082,23720600.0
2000-10-26,-9.6026,-9.6016,-9.626,-9.6082,25780600.0
2000-10-27,-9.6016,-9.5958,-9.6194,-9.6071,26594600.0
2000-10-30,-9.5971,-9.5824,-9.6037,-9.5937,22832800.0
2000-10-31,-9.5858,-9.5769,-9.5948,-9.5892,31649000.0
2000-11-01,-9.5914,-9.5658,-9.5914,-9.5724,20553800.0
2000-11-02,-9.5614,-9.5378,-9.5624,-9.5401,21105400.0
2000-11-03,-9.5278,-9.5278,-9.5467,-9.5412,18423400.0
2000-11-06,-9.5378,-9.5346,-9.5658,-9.5557,14060000.0
2000-11-07,-9.5546,-9.5491,-9.5669,-9.558,10786800.0
2000-11-08,-9.5569,-9.5557,-9.5848,-9.5803,15082800.0
2000-11-09,-9.5837,-9.5724,-9.5982,-9.578,17035400.0
2000-11-10,-9.5928,-9.5837,-9.5982,-9.5982,15080600.0
2000-11-13,-9.6037,-9.5814,-9.6126,-9.5926,15423200.0
2000-11-14,-9.5824,-9.5724,-9.5892,-9.5769,14611200.0
2000-11-15,-9.5808,-9.578,-9.5948,-9.5837,10086600.0
2000-11-16,-9.5903,-9.5848,-9.6016,-9.5992,8554000.0
2000-11-17,-9.5958,-9.5948,-9.6126,-9.6082,15943400.0
2000-11-20,-9.6066,-9.5903,-9.6126,-9.6003,14581600.0
2000-11-21,-9.5958,-9.5903,-9.6037,-9.6026,10786200.0
2000-11-22,-9.6026,-9.5971,-9.6105,-9.6082,10029600.0
2000-11-24,-9.6017,-9.5903,-9.6026,-9.5937,5751800.0
2000-11-27,-9.5837,-9.5824,-9.6082,-9.6048,9244000.0
2000-11-28,-9.6048,-9.5992,-9.6182,-9.6166,9618200.0
2000-11-29,-9.6155,-9.6116,-9.6305,-9.6249,17586200.0
2000-11-30,-9.6405,-9.6349,-9.6507,-9.6439,28922200.0
2000-12-01,-9.6349,-9.626,-9.6383,-9.6339,13783800.0
2000-12-04,-9.6316,-9.6316,-9.6449,-9.6405,13273400.0
2000-12-05,-9.636,-9.6271,-9.6462,-9.6349,21932200.0
2000-12-06,-9.6773,-9.6707,-9.6885,-9.683,49092400.0
2000-12-07,-9.6807,-9.6728,-9.6885,-9.683,14606600.0
2000-12-08,-9.6741,-9.6651,-9.6807,-9.6696,15568200.0
2000-12-11,-9.6673,-9.6639,-9.6728,-9.6673,11884000.0
2000-12-12,-9.6662,-9.6528,-9.6707,-9.6639,13803400.0
2000-12-13,-9.6607,-9.6607,-9.6728,-9.6707,12327200.0
2000-12-14,-9.6701,-9.6662,-9.6807,-9.6807,9406600.0
2000-12-15,-9.6785,-9.6762,-9.6885,-9.6874,18363800.0
2000-12-18,-9.6785,-9.6773,-9.6896,-9.6841,11645000.0
2000-12-19,-9.6817,-9.6662,-9.6885,-9.6885,13367200.0
2000-12-20,-9.6924,-9.6773,-9.6951,-9.6817,20196200.0
2000-12-21,-9.6841,-9.6707,-9.6907,-9.6874,13102600.0
2000-12-22,-9.6862,-9.6707,-9.6862,-9.6707,11369600.0
2000-12-26,-9.6728,-9.6707,-9.6841,-9.6762,7745400.0
2000-12-27,-9.6824,-9.6741,-9.6851,-9.6741,11626000.0
2000-12-28,-9.6817,-9.6717,-9.683,-9.6741,10910000.0
2000-12-29,-9.6762,-9.6707,-9.6796,-9.6728,22518800.0
2001-01-02,-9.8057,-9.8024,-9.8085,-9.8057,16161800.0
2001-01-03,-9.8096,-9.7896,-9.8096,-9.7923,29181800.0
2001-01-04,-9.7762,-9.7733,-9.7883,-9.7862,26411000.0
2001-01-05,-9.7873,-9.7833,-9.7951,-9.7923,14731000.0
2001-01-08,-9.7874,-9.7869,-9.7962,-9.7907,13350000.0
2001-01-09,-9.7883,-9.781,-9.7907,-9.7851,21040600.0
2001-01-10,-9.7896,-9.7867,-9.7951,-9.7907,20743400.0
2001-01-11,-9.7935,-9.7733,-9.7935,-9.7778,28707600.0
2001-01-12,-9.7789,-9.7778,-9.7866,-9.7851,15121000.0
2001-01-16,-9.7828,-9.7823,-9.7867,-9.7857,10940000.0
2001-01-17,-9.7817,-9.7817,-9.7912,-9.7883,30037600.0
2001-01-18,-9.7794,-9.7683,-9.7812,-9.7717,43822800.0
2001-01-19,-9.7649,-9.7639,-9.7717,-9.7644,27748200.0
2001-01-22,-9.7683,-9.7633,-9.7739,-9.7667,18551600.0
2001-01-23,-9.766,-9.7516,-9.7683,-9.7555,31418400.0
2001-01-24,-9.7539,-9.7532,-9.7639,-9.7555,25616200.0
2001-01-25,-9.7549,-9.7549,-9.7621,-9.7605,17495000.0
2001-01-26,-9.7644,-9.7616,-9.7683,-9.7639,17245600.0
2001-01-29,-9.7639,-9.7432,-9.7639,-9.7449,30562800.0
2001-01-30,-9.746,-9.7421,-9.7521,-9.7442,24734600.0
2001-01-31,-9.7466,-9.7376,-9.7471,-9.7455,26106000.0
2001-02-01,-9.7539,-9.7466,-9.7555,-9.7499,13205400.0
2001-02-02,-9.7499,-9.7426,-9.7555,-9.7544,15263400.0
2001-02-05,-9.7555,-9.7549,-9.7621,-9.7583,10228800.0
2001-02-06,-9.7585,-9.7471,-9.7599,-9.7499,16528400.0
2001-02-07,-9.7541,-9.7521,-9.7616,-9.7532,14071600.0
2001-02-08,-9.7549,-9.7505,-9.7583,-9.7532,21585000.0
2001-02-09,-9.7555,-9.7526,-9.7717,-9.7678,21082600.0
2001-02-12,-9.7683,-9.7599,-9.7705,-9.7628,9795600.0
2001-02-13,-9.7605,-9.756,-9.7689,-9.7678,8470600.0
2001-02-14,-9.7673,-9.7628,-9.7733,-9.7644,11040000.0
2001-02-15,-9.7628,-9.7549,-9.7639,-9.7594,11123200.0
2001-02-16,-9.7689,-9.7644,-9.771,-9.7689,9428400.0
2001-02-20,-9.7673,-9.7649,-9.7762,-9.7749,11249600.0
2001-02-21,-9.7757,-9.7605,-9.7757,-9.7699,13947800.0
2001-02-22,-9.7683,-9.7655,-9.7778,-9.7705,15431200.0
2001-02-23,-9.7723,-9.7699,-9.7757,-9.7705,10503800.0
2001-02-26,-9.7683,-9.7628,-9.7728,-9.7644,7380000.0
2001-02-27,-9.7664,-9.7649,-9.7717,-9.7655,12451000.0
2001-02-28,-9.7655,-9.7649,-9.7767,-9.7757,18157600.0
2001-03-01,-9.7794,-9.7705,-9.7851,-9.771,11803400.0
2001-03-02,-9.7749,-9.756,-9.7757,-9.7667,14511200.0
2001-03-05,-9.7655,-9.7555,-9.7678,-9.7566,11587600.0
2001-03-06,-9.7535,-9.7416,-9.7539,-9.7466,26144600.0
2001-03-07,-9.7482,-9.7455,-9.7532,-9.7489,14985600.0
2001-03-08,-9.7539,-9.7499,-9.756,-9.7526,7325600.0
2001-03-09,-9.7544,-9.7539,-9.7599,-9.7578,10685400.0
2001-03-12,-9.7628,-9.761,-9.7767,-9.7723,13967800.0
2001-03-13,-9.7699,-9.7639,-9.7762,-9.7639,15840600.0
2001-03-14,-9.7733,-9.7555,-9.7739,-9.756,17065400.0
2001-03-15,-9.7521,-9.7476,-9.7673,-9.7628,18906600.0
2001-03-16,-9.7699,-9.7571,-9.7699,-9.7633,16806600.0
2001-03-19,-9.7621,-9.751,-9.7644,-9.7549,12722800.0
2001-03-20,-9.7532,-9.7516,-9.7628,-9.7628,17833800.0
2001-03-21,-9.7619,-9.7521,-9.7655,-9.7589,13265400.0
2001-03-22,-9.7566,-9.7442,-9.7583,-9.7455,25839000.0
2001-03-23,-9.7421,-9.7282,-9.7421,-9.7332,33749400.0
2001-03-26,-9.7319,-9.7264,-9.7498,-9.7441,26230400.0
2001-03-27,-9.7426,-9.7326,-9.743,-9.7344,19422200.0
2001-03-28,-9.7414,-9.7376,-9.7466,-9.7407,20880800.0
2001-03-29,-9.7442,-9.7292,-9.7466,-9.7374,21895200.0
2001-03-30,-9.7371,-9.7357,-9.748,-9.7414,14298200.0
2001-04-02,-9.7414,-9.7362,-9.7496,-9.7457,12175400.0
2001-04-03,-9.7478,-9.7474,-9.7587,-9.7578,13167400.0
2001-04-04,-9.7621,-9.7578,-9.771,-9.7644,24481600.0
2001-04-05,-9.7546,-9.7453,-9.7599,-9.7523,15955800.0
2001-04-06,-9.7528,-9.7507,-9.7608,-9.7546,11603200.0
2001-04-09,-9.7539,-9.748,-9.7594,-9.7551,9520800.0
2001-04-10,-9.7519,-9.7358,-9.753,-9.7417,16334800.0
2001-04-11,-9.7333,-9.7332,-9.7485,-9.7439,11932000.0
2001-04-12,-9.7473,-9.733,-9.7496,-9.7383,10676200.0
2001-04-16,-9.7414,-9.7385,-9.7523,-9.7471,10186600.0
2001-04-17,-9.7492,-9.7491,-9.7635,-9.7564,24471400.0
2001-04-18,-9.746,-9.7235,-9.7503,-9.7351,39315800.0
2001-04-19,-9.711,-9.7085,-9.7278,-9.7089,66916800.0
2001-04-20,-9.7158,-9.7096,-9.7189,-9.7149,24764400.0
2001-04-23,-9.7216,-9.7153,-9.7242,-9.7221,19340200.0
2001-04-24,-9.7214,-9.7174,-9.7285,-9.7241,13469200.0
2001-04-25,-9.7223,-9.7166,-9.7282,-9.7178,11813600.0
2001-04-26,-9.7139,-9.7055,-9.7198,-9.7182,28560600.0
2001-04-27,-9.7135,-9.7037,-9.7174,-9.7046,16179000.0
2001-04-30,-9.7005,-9.6964,-9.7166,-9.711,17670600.0
2001-05-01,-9.7117,-9.7019,-9.7135,-9.7071,15259000.0
2001-05-02,-9.7033,-9.7001,-9.7085,-9.701,13161600.0
2001-05-03,-9.7042,-9.7042,-9.7178,-9.7157,10769400.0
2001-05-04,-9.7221,-9.7078,-9.7246,-9.7085,10037600.0
2001-05-07,-9.7098,-9.7085,-9.7167,-9.7157,9876800.0
2001-05-08,-9.7121,-9.7114,-9.7248,-9.7192,11265600.0
2001-05-09,-9.723,-9.7192,-9.7271,-9.7244,11603200.0
2001-05-10,-9.7223,-9.7198,-9.7346,-9.7332,10320600.0
2001-05-11,-9.7332,-9.7289,-9.7353,-9.7346,7251600.0
2001-05-14,-9.7341,-9.7271,-9.7353,-9.7307,11043600.0
2001-05-15,-9.7299,-9.7216,-9.7328,-9.7316,8465200.0
2001-05-16,-9.731,-9.7198,-9.7346,-9.7233,11511800.0
2001-05-17,-9.7221,-9.7214,-9.731,-9.7282,11861400.0
2001-05-18,-9.7299,-9.7274,-9.7321,-9.7285,5680400.0
2001-05-21,-9.7274,-9.7249,-9.7326,-9.7282,16464200.0
2001-05-22,-9.7242,-9.723,-9.7296,-9.7287,14747000.0
2001-05-23,-9.7264,-9.7264,-9.7344,-9.731,10037200.0
2001-05-24,-9.7307,-9.7305,-9.7366,-9.7314,9705600.0
2001-05-25,-9.7314,-9.7307,-9.7376,-9.7353,5669400.0
2001-05-29,-9.7392,-9.7376,-9.7557,-9.7467,18428200.0
2001-05-30,-9.7533,-9.7532,-9.7662,-9.7619,27752800.0
2001-05-31,-9.7617,-9.7578,-9.7646,-9.7605,15817600.0
2001-06-01,-9.7587,-9.7503,-9.7601,-9.7519,16288400.0
2001-06-04,-9.7501,-9.7501,-9.7558,-9.7541,10068600.0
2001-06-05,-9.7528,-9.7501,-9.7567,-9.7516,16849800.0
2001-06-06,-9.7517,-9.7517,-9.7571,-9.7535,7970600.0
2001-06-07,-9.7535,-9.7435,-9.756,-9.7451,11613600.0
2001-06-08,-9.7453,-9.7453,-9.7535,-9.7482,12236600.0
2001-06-11,-9.7505,-9.7503,-9.7605,-9.7596,10500000.0
2001-06-12,-9.7621,-9.7539,-9.7621,-9.7571,10849800.0
2001-06-13,-9.7473,-9.7446,-9.7594,-9.7557,18267400.0
2001-06-14,-9.7596,-9.756,-9.7621,-9.761,10619600.0
2001-06-15,-9.7591,-9.7532,-9.7657,-9.756,16236600.0
2001-06-18,-9.7564,-9.7524,-9.7599,-9.7571,12354000.0
2001-06-19,-9.7524,-9.7474,-9.7599,-9.7583,11467400.0
2001-06-20,-9.7599,-9.7435,-9.7601,-9.7449,15415000.0
2001-06-21,-9.746,-9.7332,-9.7501,-9.7378,12190400.0
2001-06-22,-9.7378,-9.7332,-9.7464,-9.7398,10215200.0
2001-06-25,-9.7376,-9.7242,-9.7382,-9.7242,15698200.0
2001-06-26,-9.7301,-9.7262,-9.7332,-9.7264,9742200.0
2001-06-27,-9.7257,-9.7242,-9.7376,-9.7301,13361800.0
2001-06-28,-9.7324,-9.7249,-9.7337,-9.7283,12443200.0
2001-06-29,-9.7273,-9.7144,-9.7314,-9.731,18406800.0
2001-07-02,-9.7274,-9.7221,-9.7319,-9.7251,8216000.0
2001-07-03,-9.7274,-9.7226,-9.7287,-9.7257,4019400.0
2001-07-05,-9.7278,-9.7264,-9.7332,-9.7316,5439000.0
2001-07-06,-9.7353,-9.7335,-9.7446,-9.7419,10818600.0
2001-07-09,-9.7414,-9.7332,-9.7449,-9.7358,12052400.0
2001-07-10,-9.7337,-9.7324,-9.7524,-9.7498,14116800.0
2001-07-11,-9.7508,-9.7367,-9.751,-9.7373,16803800.0
2001-07-12,-9.7305,-9.7169,-9.7305,-9.721,21957200.0
2001-07-13,-9.723,-9.7153,-9.7257,-9.7167,16240800.0
2001-07-16,-9.7164,-9.7144,-9.7251,-9.7246,9952400.0
2001-07-17,-9.7244,-9.7133,-9.7332,-9.7144,23136800.0
2001-07-18,-9.7435,-9.7421,-9.7562,-9.753,40607600.0
2001-07-19,-9.7489,-9.7473,-9.7621,-9.7603,30755000.0
2001-07-20,-9.7626,-9.7594,-9.7646,-9.7601,15878000.0
2001-07-23,-9.7592,-9.7555,-9.7649,-9.7641,8620000.0
2001-07-24,-9.7653,-9.7607,-9.7714,-9.7682,12442000.0
2001-07-25,-9.7678,-9.7662,-9.778,-9.7735,15852800.0
2001-07-26,-9.7735,-9.7707,-9.7791,-9.7724,13183600.0
2001-07-27,-9.771,-9.7667,-9.7733,-9.7692,11933400.0
2001-07-30,-9.7678,-9.7657,-9.7732,-9.7696,8691400.0
2001-07-31,-9.7664,-9.7651,-9.7732,-9.7708,8393800.0
2001-08-01,-9.7689,-9.7619,-9.7694,-9.7683,10862000.0
2001-08-02,-9.7632,-9.7599,-9.7666,-9.7616,9003200.0
2001-08-03,-9.7608,-9.7608,-9.7689,-9.7644,6644800.0
2001-08-06,-9.7685,-9.763,-9.7689,-9.7676,3559000.0
2001-08-07,-9.766,-9.7628,-9.7691,-9.7667,6019600.0
2001-08-08,-9.7666,-9.7626,-9.773,-9.7698,9863200.0
2001-08-09,-9.7692,-9.7673,-9.7714,-9.7683,7166600.0
2001-08-10,-9.7685,-9.766,-9.7724,-9.7687,6677200.0
2001-08-13,-9.768,-9.766,-9.771,-9.7682,5285600.0
2001-08-14,-9.7671,-9.7657,-9.7717,-9.7714,8176800.0
2001-08-15,-9.771,-9.7694,-9.776,-9.7739,10331400.0
2001-08-16,-9.7753,-9.771,-9.778,-9.7721,10289000.0
2001-08-17,-9.7778,-9.7739,-9.7778,-9.7771,7443800.0
2001-08-20,-9.7766,-9.7757,-9.7794,-9.7767,9010800.0
2001-08-21,-9.7766,-9.7766,-9.7805,-9.7785,6632200.0
2001-08-22,-9.7783,-9.7757,-9.7814,-9.7758,6213400.0
2001-08-23,-9.776,-9.7748,-9.7816,-9.7796,7752800.0
2001-08-24,-9.7778,-9.7723,-9.781,-9.7728,10369000.0
2001-08-27,-9.7724,-9.7662,-9.7764,-9.7696,6273000.0
2001-08-28,-9.7698,-9.7676,-9.7742,-9.7742,6133400.0
2001-08-29,-9.7739,-9.7703,-9.7792,-9.7792,8570400.0
2001-08-30,-9.7801,-9.7762,-9.7842,-9.7792,13167600.0
2001-08-31,-9.7803,-9.7724,-9.781,-9.7728,7746600.0
2001-09-04,-9.7733,-9.7682,-9.7762,-9.7757,12436200.0
2001-09-05,-9.7757,-9.7692,-9.7767,-9.7728,12859200.0
2001-09-06,-9.7742,-9.7696,-9.781,-9.7803,10084600.0
2001-09-07,-9.7823,-9.7769,-9.7849,-9.7842,8636800.0
2001-09-10,-9.7867,-9.7817,-9.7874,-9.7835,11030200.0
2001-09-17,-9.7957,-9.786,-9.7982,-9.7867,16357400.0
2001-09-18,-9.7876,-9.7803,-9.7942,-9.7932,11682200.0
2001-09-19,-9.7912,-9.7858,-9.7992,-9.7866,13332800.0
2001-09-20,-9.7932,-9.7873,-9.8001,-9.7985,14684800.0
2001-09-21,-9.8046,-9.7935,-9.8074,-9.7982,20375600.0
2001-09-24,-9.7948,-9.7882,-9.7962,-9.7917,10519200.0
2001-09-25,-9.7944,-9.7937,-9.8014,-9.7998,13371600.0
2001-09-26,-9.7973,-9.7966,-9.8053,-9.8032,17635600.0
2001-09-27,-9.8024,-9.7978,-9.8028,-9.7999,11508600.0
2001-09-28,-9.7982,-9.7964,-9.801,-9.7999,13039600.0
2001-10-01,-9.8003,-9.7957,-9.803,-9.7998,7436000.0
2001-10-02,-9.8007,-9.7971,-9.8057,-9.8041,8424400.0
2001-10-03,-9.8051,-9.8014,-9.806,-9.8048,24394400.0
2001-10-04,-9.8014,-9.7935,-9.8046,-9.7967,14325800.0
2001-10-05,-9.801,-9.7942,-9.8046,-9.7944,12238800.0
2001-10-08,-9.7994,-9.7924,-9.8001,-9.7939,7428000.0
2001-10-09,-9.7953,-9.7939,-9.7989,-9.7957,6215200.0
2001-10-10,-9.7948,-9.7882,-9.796,-9.7883,10991400.0
2001-10-11,-9.7874,-9.7801,-9.7882,-9.7801,11934400.0
2001-10-12,-9.7839,-9.7771,-9.788,-9.7778,10279000.0
2001-10-15,-9.7782,-9.7744,-9.7817,-9.7778,11384000.0
2001-10-16,-9.7771,-9.776,-9.7799,-9.7778,7248200.0
2001-10-17,-9.7748,-9.7742,-9.7899,-9.7867,10197800.0
2001-10-18,-9.7842,-9.7757,-9.7842,-9.7778,21877600.0
2001-10-19,-9.7783,-9.7742,-9.7789,-9.7751,5956800.0
2001-10-22,-9.776,-9.7682,-9.7771,-9.7687,13997800.0
2001-10-23,-9.7678,-9.7651,-9.7789,-9.7766,24463600.0
2001-10-24,-9.7773,-9.7682,-9.7799,-9.7692,13372400.0
2001-10-25,-9.7739,-9.7667,-9.7764,-9.7671,9105400.0
2001-10-26,-9.7701,-9.7667,-9.7723,-9.7717,9963000.0
2001-10-29,-9.7728,-9.7717,-9.7819,-9.781,8542200.0
2001-10-30,-9.7833,-9.7778,-9.7862,-9.7814,9884400.0
2001-10-31,-9.7803,-9.7742,-9.7828,-9.7817,9776800.0
2001-11-01,-9.781,-9.7708,-9.7846,-9.7724,11178400.0
2001-11-02,-9.7732,-9.7701,-9.7764,-9.7728,7043000.0
2001-11-05,-9.7703,-9.7667,-9.7724,-9.7682,8421200.0
2001-11-06,-9.7692,-9.7633,-9.7732,-9.7639,11286400.0
2001-11-07,-9.7648,-9.7589,-9.7658,-9.7635,13678200.0
2001-11-08,-9.7632,-9.7608,-9.7728,-9.7714,12219400.0
2001-11-09,-9.7724,-9.7667,-9.7728,-9.7714,4796200.0
2001-11-12,-9.7719,-9.7674,-9.7782,-9.771,7196400.0
2001-11-13,-9.7682,-9.7653,-9.7714,-9.7657,8024000.0
2001-11-14,-9.7635,-9.7608,-9.7674,-9.7635,7898200.0
2001-11-15,-9.7649,-9.7608,-9.7667,-9.7649,7608200.0
2001-11-16,-9.7664,-9.7664,-9.7742,-9.7692,8238000.0
2001-11-19,-9.7689,-9.7592,-9.7692,-9.7599,11878200.0
2001-11-20,-9.7616,-9.7582,-9.7644,-9.7642,9878000.0
2001-11-21,-9.7635,-9.7617,-9.7666,-9.7628,7199400.0
2001-11-23,-9.7624,-9.7603,-9.7639,-9.7614,2143000.0
2001-11-26,-9.7605,-9.746,-9.761,-9.7478,16453200.0
2001-11-27,-9.7492,-9.7464,-9.7553,-9.751,9591200.0
2001-11-28,-9.7524,-9.7492,-9.7564,-9.7553,8950400.0
2001-11-29,-9.7546,-9.7537,-9.7582,-9.7562,7241600.0
2001-11-30,-9.7557,-9.7471,-9.7578,-9.7483,10854000.0
2001-12-03,-9.7505,-9.7485,-9.7546,-9.7507,6470200.0
2001-12-04,-9.7507,-9.7371,-9.7535,-9.7385,13586400.0
2001-12-05,-9.7389,-9.7239,-9.7407,-9.7264,20306400.0
2001-12-06,-9.7289,-9.7287,-9.7408,-9.7351,12104800.0
2001-12-07,-9.738,-9.7357,-9.7421,-9.7373,7268400.0
2001-12-10,-9.7396,-9.7332,-9.7399,-9.7373,6071800.0
2001-12-11,-9.736,-9.7346,-9.7453,-9.7441,7338400.0
2001-12-12,-9.7432,-9.7428,-9.7489,-9.7467,6873600.0
2001-12-13,-9.7467,-9.746,-9.7555,-9.751,7065800.0
2001-12-14,-9.7535,-9.7524,-9.7592,-9.7564,6781600.0
2001-12-17,-9.7564,-9.751,-9.7582,-9.7544,6204000.0
2001-12-18,-9.7521,-9.7482,-9.758,-9.751,8401400.0
2001-12-19,-9.7548,-9.7449,-9.7557,-9.7455,10355600.0
2001-12-20,-9.7474,-9.7467,-9.7544,-9.7539,7888000.0
2001-12-21,-9.751,-9.7462,-9.7528,-9.751,9154800.0
2001-12-24,-9.7519,-9.7442,-9.7519,-9.7478,1808200.0
2001-12-26,-9.7478,-9.7394,-9.7498,-9.7467,5228600.0
2001-12-27,-9.7458,-9.7399,-9.7458,-9.7414,6839600.0
2001-12-28,-9.7424,-9.7332,-9.7424,-9.7382,10683000.0
2001-12-31,-9.7374,-9.7362,-9.7435,-9.743,4920800.0
2002-01-02,-9.7417,-9.7305,-9.7424,-9.7305,18910600.0
2002-01-03,-9.7332,-9.7264,-9.7353,-9.728,21857400.0
2002-01-04,-9.7301,-9.7246,-9.7332,-9.7271,14642000.0
2002-01-07,-9.7267,-9.7242,-9.7353,-9.7341,15878000.0
2002-01-08,-9.7353,-9.7328,-9.738,-9.7367,16072800.0
2002-01-09,-9.7349,-9.7339,-9.7485,-9.7453,11708400.0
2002-01-10,-9.7491,-9.7469,-9.7576,-9.7489,16169200.0
2002-01-11,-9.7474,-9.7435,-9.7546,-9.7507,12457200.0
2002-01-14,-9.751,-9.7474,-9.7519,-9.7496,14857000.0
2002-01-15,-9.7482,-9.7442,-9.7492,-9.7448,10368600.0
2002-01-16,-9.7474,-9.7474,-9.7555,-9.753,20246200.0
2002-01-17,-9.7424,-9.7355,-9.7432,-9.7378,23592000.0
2002-01-18,-9.7421,-9.7367,-9.7424,-9.7407,12100400.0
2002-01-22,-9.7396,-9.7389,-9.7437,-9.7437,11689800.0
2002-01-23,-9.7439,-9.7328,-9.7457,-9.733,15831400.0
2002-01-24,-9.7339,-9.7285,-9.7341,-9.7314,12285800.0
2002-01-25,-9.7342,-9.7294,-9.7362,-9.731,6639800.0
2002-01-28,-9.7296,-9.7282,-9.7357,-9.7307,6658800.0
2002-01-29,-9.7312,-9.7283,-9.7346,-9.7324,8583000.0
2002-01-30,-9.7324,-9.723,-9.7337,-9.7235,16842000.0
2002-01-31,-9.7228,-9.7174,-9.7232,-9.7178,16730200.0
2002-02-01,-9.7212,-9.7157,-9.7212,-9.7207,14225200.0
2002-02-04,-9.7214,-9.7082,-9.7224,-9.7121,18656200.0
2002-02-05,-9.7146,-9.7066,-9.7146,-9.7114,16317400.0
2002-02-06,-9.7099,-9.7066,-9.7228,-9.7182,21342000.0
2002-02-07,-9.7185,-9.7128,-9.7217,-9.7216,12422600.0
2002-02-08,-9.7207,-9.7185,-9.7299,-9.7239,12690400.0
2002-02-11,-9.7249,-9.7153,-9.7266,-9.7155,14235800.0
2002-02-12,-9.7183,-9.7149,-9.7203,-9.7178,8010000.0
2002-02-13,-9.7178,-9.7132,-9.7185,-9.7153,11174000.0
2002-02-14,-9.7149,-9.7132,-9.7208,-9.7189,9291800.0
2002-02-15,-9.7196,-9.7155,-9.7257,-9.7251,9292400.0
2002-02-19,-9.7264,-9.7251,-9.7378,-9.7366,13937800.0
2002-02-20,-9.7353,-9.7314,-9.7389,-9.7321,10194400.0
2002-02-21,-9.7339,-9.7287,-9.7471,-9.7466,15955400.0
2002-02-22,-9.7451,-9.7335,-9.7466,-9.7355,14517000.0
2002-02-25,-9.7346,-9.7178,-9.7389,-9.726,15244600.0
2002-02-26,-9.7249,-9.721,-9.731,-9.7271,9290400.0
2002-02-27,-9.7248,-9.7221,-9.7516,-9.7424,36791400.0
2002-02-28,-9.7407,-9.7367,-9.7478,-9.7448,16319200.0
2002-03-01,-9.7428,-9.7287,-9.7437,-9.7292,12464000.0
2002-03-04,-9.7308,-9.7191,-9.7353,-9.7217,12437800.0
2002-03-05,-9.7228,-9.7203,-9.7296,-9.7285,9810800.0
2002-03-06,-9.7289,-9.7212,-9.7339,-9.7235,8078800.0
2002-03-07,-9.7237,-9.7196,-9.7278,-9.7208,9223200.0
2002-03-08,-9.7176,-9.7146,-9.7216,-9.7183,9634800.0
2002-03-11,-9.7189,-9.7141,-9.7233,-9.7148,9385200.0
2002-03-12,-9.7196,-9.7176,-9.7233,-9.7178,9073400.0
2002-03-13,-9.721,-9.7166,-9.7228,-9.7199,7170200.0
2002-03-14,-9.7216,-9.7189,-9.7253,-9.7203,7760600.0
2002-03-15,-9.7201,-9.7153,-9.7221,-9.7157,8603600.0
2002-03-18,-9.7157,-9.7149,-9.7214,-9.7176,10877000.0
2002-03-19,-9.7182,-9.7126,-9.7216,-9.7167,8655200.0
2002-03-20,-9.7183,-9.7141,-9.7198,-9.716,10511400.0
2002-03-21,-9.7255,-9.7216,-9.7308,-9.7217,22012600.0
2002-03-22,-9.7223,-9.7192,-9.7253,-9.7235,7221200.0
2002-03-25,-9.7235,-9.7235,-9.731,-9.7299,9386800.0
2002-03-26,-9.7314,-9.7274,-9.7332,-9.7291,9208600.0
2002-03-27,-9.7299,-9.7267,-9.7308,-9.7289,4560800.0
2002-03-28,-9.7269,-9.7253,-9.7291,-9.7271,3873400.0
2002-04-01,-9.7298,-9.718,-9.7307,-9.7201,7108800.0
2002-04-02,-9.7242,-9.7216,-9.7253,-9.7235,7278400.0
2002-04-03,-9.7239,-9.7199,-9.7289,-9.7264,7661800.0
2002-04-04,-9.7271,-9.7149,-9.7271,-9.7162,12089200.0
2002-04-05,-9.7157,-9.7135,-9.7233,-9.7176,9941000.0
2002-04-08,-9.7228,-9.7182,-9.7262,-9.7192,9339800.0
2002-04-09,-9.7189,-9.7153,-9.7242,-9.7233,6840400.0
2002-04-10,-9.7224,-9.7157,-9.7242,-9.7183,8035000.0
2002-04-11,-9.7149,-9.7135,-9.7174,-9.7166,14544800.0
2002-04-12,-9.7153,-9.7139,-9.7192,-9.7148,11437200.0
2002-04-15,-9.7148,-9.7139,-9.7171,-9.7153,10691800.0
2002-04-16,-9.7139,-9.7064,-9.7142,-9.7087,21949200.0
2002-04-17,-9.7071,-9.7049,-9.7119,-9.7053,14151800.0
2002-04-18,-9.7108,-9.7099,-9.7174,-9.7117,14346800.0
2002-04-19,-9.711,-9.711,-9.716,-9.7155,13407400.0
2002-04-22,-9.7167,-9.716,-9.7221,-9.7196,9622400.0
2002-04-23,-9.7194,-9.7173,-9.7235,-9.7221,8338200.0
2002-04-24,-9.7216,-9.7198,-9.7271,-9.7264,5016000.0
2002-04-25,-9.7282,-9.7212,-9.7282,-9.7232,6935800.0
2002-04-26,-9.7217,-9.721,-9.7332,-9.7332,10892200.0
2002-04-29,-9.7317,-9.7207,-9.7324,-9.7246,9724600.0
2002-04-30,-9.7253,-9.7208,-9.7264,-9.7217,10034400.0
2002-05-01,-9.7217,-9.7217,-9.7299,-9.7244,7668000.0
2002-05-02,-9.726,-9.7212,-9.7278,-9.7271,8548000.0
2002-05-03,-9.7282,-9.7241,-9.7292,-9.7285,8242200.0
2002-05-06,-9.7299,-9.7287,-9.738,-9.7364,8916600.0
2002-05-07,-9.7337,-9.7335,-9.7408,-9.7378,8669600.0
2002-05-08,-9.7314,-9.7196,-9.7328,-9.721,15595800.0
2002-05-09,-9.7221,-9.721,-9.726,-9.7224,8022000.0
2002-05-10,-9.7217,-9.7217,-9.7333,-9.7303,8407000.0
2002-05-13,-9.7285,-9.7235,-9.7337,-9.7248,9486000.0
2002-05-14,-9.7203,-9.7092,-9.7223,-9.7099,18803800.0
2002-05-15,-9.7121,-9.7066,-9.7167,-9.7128,11993800.0
2002-05-16,-9.7148,-9.7114,-9.7174,-9.7135,8109000.0
2002-05-17,-9.711,-9.7083,-9.7189,-9.7153,8446200.0
2002-05-20,-9.7192,-9.716,-9.7196,-9.7176,9639800.0
2002-05-21,-9.7167,-9.7153,-9.7296,-9.7291,10035400.0
2002-05-22,-9.7299,-9.7203,-9.7303,-9.7214,10388400.0
2002-05-23,-9.7203,-9.7132,-9.7235,-9.7137,13192800.0
2002-05-24,-9.7153,-9.7153,-9.7246,-9.7228,5934800.0
2002-05-28,-9.7269,-9.7224,-9.7292,-9.7244,5347000.0
2002-05-29,-9.7249,-9.7203,-9.7292,-9.7244,7921200.0
2002-05-30,-9.7264,-9.7208,-9.7285,-9.7224,7013400.0
2002-05-31,-9.7235,-9.7221,-9.731,-9.7305,13053400.0
2002-06-03,-9.7296,-9.7292,-9.7369,-9.7339,8396800.0
2002-06-04,-9.7342,-9.7328,-9.7405,-9.7351,12422200.0
2002-06-05,-9.7346,-9.7342,-9.7389,-9.7357,9895800.0
2002-06-06,-9.7335,-9.731,-9.7466,-9.7407,9285600.0
2002-06-07,-9.7442,-9.7426,-9.7517,-9.7474,21870600.0
2002-06-10,-9.7467,-9.7435,-9.748,-9.7467,9913400.0
2002-06-11,-9.7453,-9.7448,-9.7564,-9.7558,12482000.0
2002-06-12,-9.7564,-9.7532,-9.7605,-9.7592,18882800.0
2002-06-13,-9.7598,-9.7596,-9.7655,-9.7641,12574400.0
2002-06-14,-9.7667,-9.7567,-9.7767,-9.7591,15175000.0
2002-06-17,-9.7578,-9.7542,-9.7614,-9.7551,11593200.0
2002-06-18,-9.7562,-9.7516,-9.7846,-9.7585,12620000.0
2002-06-19,-9.7835,-9.7814,-9.7878,-9.7857,61052400.0
2002-06-20,-9.7853,-9.7814,-9.7882,-9.7857,14165600.0
2002-06-21,-9.7871,-9.7824,-9.7885,-9.7882,15899200.0
2002-06-24,-9.7889,-9.7803,-9.7894,-9.7842,15426200.0
2002-06-25,-9.7832,-9.7807,-9.788,-9.7855,10757200.0
2002-06-26,-9.7885,-9.7842,-9.7958,-9.7907,19962600.0
2002-06-27,-9.7885,-9.7842,-9.7919,-9.7862,8987800.0
2002-06-28,-9.7858,-9.7794,-9.7867,-9.7803,9637800.0
2002-07-01,-9.7803,-9.7789,-9.7864,-9.7862,7953200.0
2002-07-02,-9.7864,-9.7853,-9.7882,-9.7873,10899600.0
2002-07-03,-9.7885,-9.7807,-9.7889,-9.7817,7108200.0
2002-07-05,-9.7803,-9.7707,-9.7803,-9.7712,5773200.0
2002-07-08,-9.7732,-9.7724,-9.7807,-9.7778,7543000.0
2002-07-09,-9.7771,-9.7753,-9.7826,-9.7821,8098200.0
2002-07-10,-9.7803,-9.7764,-9.7846,-9.7839,7388600.0
2002-07-11,-9.7844,-9.7746,-9.7871,-9.7751,13345600.0
2002-07-12,-9.7728,-9.7707,-9.7844,-9.7826,15839000.0
2002-07-15,-9.7828,-9.7749,-9.7885,-9.7757,10571200.0
2002-07-16,-9.7764,-9.7728,-9.7814,-9.7791,15956000.0
2002-07-17,-9.7946,-9.7939,-9.8028,-9.7989,43410200.0
2002-07-18,-9.8001,-9.7996,-9.8067,-9.8046,19980800.0
2002-07-19,-9.8073,-9.8032,-9.8089,-9.8049,13757400.0
2002-07-22,-9.8067,-9.8028,-9.8082,-9.8053,15389200.0
2002-07-23,-9.8055,-9.8035,-9.8099,-9.8092,14281800.0
2002-07-24,-9.8108,-9.8026,-9.8114,-9.8028,14521200.0
2002-07-25,-9.8053,-9.8049,-9.8135,-9.8103,17119800.0
2002-07-26,-9.8094,-9.8089,-9.8153,-9.8105,7418000.0
2002-07-29,-9.8092,-9.7964,-9.8103,-9.8044,9820000.0
2002-07-30,-9.806,-9.7999,-9.8085,-9.8007,12672800.0
2002-07-31,-9.801,-9.8008,-9.8055,-9.8023,11096400.0
2002-08-01,-9.8035,-9.8008,-9.8071,-9.8064,8177000.0
2002-08-02,-9.8069,-9.8046,-9.8114,-9.8096,6395000.0
2002-08-05,-9.8089,-9.8073,-9.8139,-9.8135,7286600.0
2002-08-06,-9.8117,-9.8024,-9.8128,-9.8069,9716200.0
2002-08-07,-9.8039,-9.8014,-9.8103,-9.8042,11909800.0
2002-08-08,-9.8064,-9.8012,-9.8067,-9.8019,8119600.0
2002-08-09,-9.8024,-9.8024,-9.8067,-9.8046,7347000.0
2002-08-12,-9.8055,-9.8044,-9.8074,-9.8046,6420200.0
2002-08-13,-9.8055,-9.8028,-9.8085,-9.8082,9638200.0
2002-08-14,-9.8074,-9.8014,-9.8087,-9.8032,14253000.0
2002-08-15,-9.8024,-9.7978,-9.8046,-9.7992,11502800.0
2002-08-16,-9.8007,-9.7948,-9.8021,-9.7974,8758000.0
2002-08-19,-9.7976,-9.7935,-9.7982,-9.7958,7734200.0
2002-08-20,-9.796,-9.7949,-9.7999,-9.7964,6665200.0
2002-08-21,-9.7957,-9.7935,-9.8007,-9.7946,7229600.0
2002-08-22,-9.7939,-9.7935,-9.7987,-9.796,9225400.0
2002-08-23,-9.7966,-9.7964,-9.8007,-9.7982,5830200.0
2002-08-26,-9.796,-9.796,-9.8032,-9.7999,6784600.0
2002-08-27,-9.7982,-9.798,-9.8071,-9.806,9365400.0
2002-08-28,-9.8064,-9.8035,-9.8078,-9.8073,8856200.0
2002-08-29,-9.8078,-9.8039,-9.8091,-9.8073,5863200.0
2002-08-30,-9.8071,-9.8033,-9.8083,-9.8067,6911400.0
2002-09-03,-9.8092,-9.8085,-9.8132,-9.8132,9890600.0
2002-09-04,-9.8117,-9.8066,-9.8121,-9.8092,15023600.0
2002-09-05,-9.8116,-9.8103,-9.8132,-9.8119,8077800.0
2002-09-06,-9.8089,-9.8078,-9.8114,-9.8101,6485400.0
2002-09-09,-9.811,-9.8089,-9.8121,-9.8103,5651600.0
2002-09-10,-9.8099,-9.8091,-9.8124,-9.8107,8909600.0
2002-09-11,-9.8105,-9.8082,-9.8121,-9.811,7229000.0
2002-09-12,-9.8117,-9.8089,-9.8128,-9.8123,9636800.0
2002-09-13,-9.8124,-9.8105,-9.8132,-9.8121,10105400.0
2002-09-16,-9.8123,-9.8082,-9.8124,-9.8091,10237200.0
2002-09-17,-9.8085,-9.8042,-9.8085,-9.8064,15285600.0
2002-09-18,-9.8074,-9.8039,-9.8089,-9.8044,11737200.0
2002-09-19,-9.8067,-9.8064,-9.8092,-9.8083,7355200.0
2002-09-20,-9.808,-9.8051,-9.8089,-9.8057,12599600.0
2002-09-23,-9.8067,-9.8049,-9.8096,-9.806,9418200.0
2002-09-24,-9.8099,-9.8062,-9.8099,-9.8078,8952200.0
2002-09-25,-9.8074,-9.8032,-9.8078,-9.8053,9095800.0
2002-09-26,-9.8037,-9.8028,-9.8085,-9.8073,7451600.0
2002-09-27,-9.8092,-9.806,-9.8092,-9.8071,7362600.0
2002-09-30,-9.8099,-9.8085,-9.8123,-9.8091,8489200.0
2002-10-01,-9.8082,-9.8082,-9.8135,-9.8089,12229400.0
2002-10-02,-9.8107,-9.8078,-9.8132,-9.8121,8191000.0
2002-10-03,-9.8119,-9.8085,-9.813,-9.8108,7782000.0
2002-10-04,-9.8103,-9.8099,-9.8135,-9.8132,6815200.0
2002-10-07,-9.8139,-9.8117,-9.8157,-9.8157,8739200.0
2002-10-08,-9.8144,-9.8139,-9.8192,-9.8164,16201600.0
2002-10-09,-9.8176,-9.8149,-9.8189,-9.8171,12738800.0
2002-10-10,-9.8167,-9.8116,-9.8173,-9.8124,11484800.0
2002-10-11,-9.8114,-9.8066,-9.8126,-9.8089,10524200.0
2002-10-14,-9.8085,-9.8048,-9.8096,-9.8067,6943000.0
2002-10-15,-9.8026,-9.8024,-9.8066,-9.8032,14482800.0
2002-10-16,-9.8058,-9.8033,-9.8094,-9.8085,10986600.0
2002-10-17,-9.8117,-9.8101,-9.8137,-9.8124,16760600.0
2002-10-18,-9.8135,-9.8103,-9.8142,-9.8105,10296400.0
2002-10-21,-9.8112,-9.8078,-9.8135,-9.8085,8518600.0
2002-10-22,-9.8092,-9.8057,-9.8112,-9.8073,7791000.0
2002-10-23,-9.8078,-9.8048,-9.8091,-9.8057,7465600.0
2002-10-24,-9.8044,-9.8028,-9.8085,-9.8074,6241000.0
2002-10-25,-9.8073,-9.8007,-9.8082,-9.8008,9966800.0
2002-10-28,-9.7996,-9.796,-9.8024,-9.7992,12475000.0
2002-10-29,-9.7996,-9.7967,-9.8049,-9.8007,9256400.0
2002-10-30,-9.8003,-9.7924,-9.8003,-9.7949,9667000.0
2002-10-31,-9.796,-9.7917,-9.7964,-9.7949,10565600.0
2002-11-01,-9.7962,-9.7912,-9.7967,-9.7924,6779600.0
2002-11-04,-9.7912,-9.7833,-9.7924,-9.7878,13457800.0
2002-11-05,-9.7889,-9.7871,-9.7924,-9.7876,7524800.0
2002-11-06,-9.786,-9.7839,-9.7894,-9.7848,7728200.0
2002-11-07,-9.7873,-9.7858,-9.7974,-9.7957,12006400.0
2002-11-08,-9.7955,-9.7939,-9.7999,-9.7971,6788000.0
2002-11-11,-9.798,-9.7967,-9.8035,-9.8032,5463400.0
2002-11-12,-9.8017,-9.7953,-9.8021,-9.7989,7992600.0
2002-11-13,-9.8001,-9.7949,-9.8021,-9.7992,8276400.0
2002-11-14,-9.7966,-9.7921,-9.7976,-9.793,5061200.0
2002-11-15,-9.7935,-9.7935,-9.7978,-9.796,5749800.0
2002-11-18,-9.7939,-9.7939,-9.8028,-9.7989,5877800.0
2002-11-19,-9.7996,-9.7978,-9.8046,-9.8021,7534000.0
2002-11-20,-9.8019,-9.7983,-9.8024,-9.7999,7455000.0
2002-11-21,-9.7966,-9.7917,-9.7978,-9.7924,14945800.0
2002-11-22,-9.7949,-9.793,-9.7966,-9.7957,8137800.0
2002-11-25,-9.7953,-9.7944,-9.7982,-9.796,7122400.0
2002-11-26,-9.7971,-9.7966,-9.8021,-9.801,8580800.0
2002-11-27,-9.7992,-9.7969,-9.8007,-9.7982,10242800.0
2002-11-29,-9.7974,-9.7967,-9.8008,-9.8001,5122600.0
2002-12-02,-9.7966,-9.7948,-9.8046,-9.803,14240800.0
2002-12-03,-9.8028,-9.8016,-9.8037,-9.8032,8138200.0
2002-12-04,-9.803,-9.8028,-9.8091,-9.8049,11634200.0
2002-12-05,-9.8042,-9.8039,-9.8089,-9.8078,8692800.0
2002-12-06,-9.8078,-9.8028,-9.8089,-9.8049,8762800.0
2002-12-09,-9.8051,-9.8049,-9.8074,-9.8067,8431600.0
2002-12-10,-9.8067,-9.8007,-9.8071,-9.8021,11021800.0
2002-12-11,-9.8019,-9.8003,-9.8039,-9.8003,9053600.0
2002-12-12,-9.7999,-9.7996,-9.8046,-9.8028,5333600.0
2002-12-13,-9.8033,-9.8032,-9.8078,-9.8064,5885000.0
2002-12-16,-9.8064,-9.8037,-9.8082,-9.806,8986600.0
2002-12-17,-9.806,-9.8028,-9.8076,-9.8039,7952200.0
2002-12-18,-9.8064,-9.8058,-9.8091,-9.8085,5382200.0
2002-12-19,-9.8089,-9.8053,-9.8126,-9.8117,12411400.0
2002-12-20,-9.8108,-9.8085,-9.8155,-9.8123,11360600.0
2002-12-23,-9.8121,-9.8085,-9.8124,-9.8092,4493800.0
2002-12-24,-9.8096,-9.8092,-9.8108,-9.8103,1405000.0
2002-12-26,-9.8098,-9.8064,-9.811,-9.8099,3050800.0
2002-12-27,-9.8107,-9.8101,-9.8135,-9.813,2858400.0
2002-12-30,-9.8128,-9.8121,-9.8149,-9.8132,5537200.0
2002-12-31,-9.8135,-9.8103,-9.8139,-9.8107,7168800.0
2003-01-02,-9.8103,-9.8053,-9.8103,-9.8064,6479600.0
2003-01-03,-9.8064,-9.8053,-9.8082,-9.8055,5266200.0
2003-01-06,-9.8042,-9.8012,-9.8057,-9.8055,13947600.0
2003-01-07,-9.8064,-9.8046,-9.8092,-9.806,12226600.0
2003-01-08,-9.8083,-9.8071,-9.8096,-9.8085,8201600.0
2003-01-09,-9.8082,-9.8053,-9.8091,-9.8074,7687600.0
2003-01-10,-9.8083,-9.8062,-9.8092,-9.8071,6253600.0
2003-01-13,-9.8055,-9.8055,-9.8103,-9.8078,6390800.0
2003-01-14,-9.8074,-9.8062,-9.8092,-9.8082,6673600.0
2003-01-15,-9.8082,-9.8073,-9.8139,-9.8096,13254600.0
2003-01-16,-9.8117,-9.8067,-9.8117,-9.808,19966800.0
2003-01-17,-9.8085,-9.8085,-9.8128,-9.8126,9527200.0
2003-01-21,-9.8117,-9.8099,-9.8135,-9.8133,9052000.0
2003-01-22,-9.8137,-9.8121,-9.8153,-9.8146,7683600.0
2003-01-23,-9.8132,-9.8103,-9.8139,-9.8121,8152000.0
2003-01-24,-9.8114,-9.8114,-9.8174,-9.8153,10909600.0
2003-01-27,-9.8164,-9.8091,-9.8167,-9.8124,13978800.0
2003-01-28,-9.8114,-9.8074,-9.8121,-9.8083,10223400.0
2003-01-29,-9.8089,-9.8037,-9.8108,-9.8053,13323000.0
2003-01-30,-9.8048,-9.8039,-9.811,-9.8107,14537800.0
2003-01-31,-9.8117,-9.8085,-9.8132,-9.8103,12186600.0
2003-02-03,-9.8099,-9.8053,-9.8103,-9.8076,9456600.0
2003-02-04,-9.8096,-9.8078,-9.8107,-9.8082,11336200.0
2003-02-05,-9.8071,-9.8053,-9.8096,-9.8096,7914800.0
2003-02-06,-9.8103,-9.8078,-9.8116,-9.8096,6398200.0
2003-02-07,-9.8085,-9.8082,-9.8128,-9.8121,9632200.0
2003-02-10,-9.8112,-9.8085,-9.813,-9.8103,5996000.0
2003-02-11,-9.8091,-9.8078,-9.8117,-9.8103,5885000.0
2003-02-12,-9.811,-9.8082,-9.811,-9.8099,8167400.0
2003-02-13,-9.8099,-9.8078,-9.8114,-9.8087,7446200.0
2003-02-14,-9.8082,-9.8071,-9.8103,-9.8074,8689200.0
2003-02-18,-9.8067,-9.8017,-9.8071,-9.8021,10389200.0
2003-02-19,-9.8039,-9.8032,-9.8074,-9.806,8584600.0
2003-02-20,-9.806,-9.8049,-9.8071,-9.8067,8012600.0
2003-02-21,-9.8062,-9.8041,-9.8078,-9.8046,5623000.0
2003-02-24,-9.8058,-9.8042,-9.8153,-9.8069,6437600.0
2003-02-25,-9.8074,-9.8039,-9.8083,-9.8044,6737200.0
2003-02-26,-9.8046,-9.8044,-9.8092,-9.8091,7753400.0
2003-02-27,-9.8085,-9.8046,-9.8089,-9.8058,5512200.0
2003-02-28,-9.8058,-9.8039,-9.8067,-9.8046,6967800.0
2003-03-03,-9.8046,-9.8032,-9.8085,-9.8078,7277200.0
2003-03-04,-9.8069,-9.8064,-9.8096,-9.8085,4514800.0
2003-03-05,-9.8082,-9.8064,-9.8089,-9.808,4524400.0
2003-03-06,-9.8083,-9.8082,-9.8099,-9.8085,3566400.0
2003-03-07,-9.8092,-9.8071,-9.8107,-9.8089,7178000.0
2003-03-10,-9.8089,-9.8074,-9.8108,-9.8103,4806200.0
2003-03-11,-9.8103,-9.8092,-9.8124,-9.8114,5756800.0
2003-03-12,-9.8121,-9.8099,-9.813,-9.8116,7948600.0
2003-03-13,-9.8092,-9.8064,-9.8121,-9.8071,11980200.0
2003-03-14,-9.8074,-9.8046,-9.8078,-9.8066,5467800.0
2003-03-17,-9.8053,-9.8039,-9.8071,-9.8046,14282600.0
2003-03-18,-9.8046,-9.8039,-9.8062,-9.8046,8213600.0
2003-03-19,-9.8039,-9.8032,-9.8064,-9.8049,5047000.0
2003-03-20,-9.8053,-9.8046,-9.8082,-9.8053,5827800.0
2003-03-21,-9.8039,-9.8032,-9.8062,-9.8046,10641000.0
2003-03-24,-9.8074,-9.8064,-9.8103,-9.8103,5753600.0
2003-03-25,-9.8099,-9.806,-9.8103,-9.8085,5989200.0
2003-03-26,-9.8085,-9.8085,-9.8108,-9.8099,6369400.0
2003-03-27,-9.8107,-9.8073,-9.8107,-9.8092,4371200.0
2003-03-28,-9.8099,-9.808,-9.8103,-9.8085,5189400.0
2003-03-31,-9.8103,-9.8089,-9.8132,-9.8123,9166400.0
2003-04-01,-9.8117,-9.8107,-9.8128,-9.8121,5512200.0
2003-04-02,-9.8099,-9.8074,-9.8112,-9.8082,6120400.0
2003-04-03,-9.8085,-9.8073,-9.8103,-9.8094,5204000.0
2003-04-04,-9.8089,-9.8074,-9.8099,-9.8099,5215000.0
2003-04-07,-9.8062,-9.8049,-9.8099,-9.8092,7030800.0
2003-04-08,-9.8089,-9.8078,-9.8103,-9.8096,4604800.0
2003-04-09,-9.8089,-9.808,-9.8123,-9.8117,5240200.0
2003-04-10,-9.8117,-9.8099,-9.8117,-9.8103,3825000.0
2003-04-11,-9.8132,-9.8096,-9.8232,-9.8207,49739600.0
2003-04-14,-9.816,-9.8157,-9.818,-9.8173,17962800.0
2003-04-15,-9.8171,-9.8171,-9.8198,-9.8189,10856000.0
2003-04-16,-9.8224,-9.8164,-9.8232,-9.8203,36292000.0
2003-04-17,-9.8207,-9.8203,-9.8249,-9.8214,22009200.0
2003-04-21,-9.8214,-9.8207,-9.8226,-9.8212,5440000.0
2003-04-22,-9.8207,-9.8169,-9.8217,-9.8178,10734600.0
2003-04-23,-9.8178,-9.8167,-9.8192,-9.8173,7488600.0
2003-04-24,-9.8178,-9.8171,-9.8224,-9.8185,11611000.0
2003-04-25,-9.8183,-9.8173,-9.8203,-9.8192,7332800.0
2003-04-28,-9.8182,-9.8139,-9.8185,-9.8148,22742800.0
2003-04-29,-9.8137,-9.8121,-9.8173,-9.813,16365600.0
2003-04-30,-9.8142,-9.8103,-9.8149,-9.8116,16363400.0
2003-05-01,-9.8114,-9.8099,-9.8135,-9.8103,12241400.0
2003-05-02,-9.8094,-9.8082,-9.8105,-9.8096,11470800.0
2003-05-05,-9.8067,-9.7878,-9.8067,-9.7949,55561000.0
2003-05-06,-9.7946,-9.7787,-9.7948,-9.7823,54089000.0
2003-05-07,-9.7839,-9.7757,-9.7857,-9.781,37656400.0
2003-05-08,-9.7803,-9.7771,-9.7841,-9.7778,24562000.0
2003-05-09,-9.7749,-9.7742,-9.7789,-9.7751,21013800.0
2003-05-12,-9.7764,-9.7712,-9.7767,-9.7728,14977600.0
2003-05-13,-9.7739,-9.7692,-9.7782,-9.7717,15957000.0
2003-05-14,-9.7703,-9.7703,-9.7739,-9.7728,12696000.0
2003-05-15,-9.7724,-9.7703,-9.7735,-9.7714,10178400.0
2003-05-16,-9.7721,-9.7689,-9.7753,-9.7707,12201000.0
2003-05-19,-9.7728,-9.7721,-9.7773,-9.7769,15924600.0
2003-05-20,-9.7769,-9.7764,-9.7814,-9.7796,14865000.0
2003-05-21,-9.7796,-9.7771,-9.7807,-9.7792,10893200.0
2003-05-22,-9.7789,-9.7742,-9.7801,-9.7757,6373600.0
2003-05-23,-9.7762,-9.7737,-9.7782,-9.7749,7382800.0
2003-05-27,-9.7782,-9.7698,-9.7785,-9.7699,10361800.0
2003-05-28,-9.7733,-9.7719,-9.7764,-9.7753,12131400.0
2003-05-29,-9.7753,-9.7733,-9.7787,-9.7769,11920200.0
2003-05-30,-9.7767,-9.7762,-9.7821,-9.7782,13669600.0
2003-06-02,-9.7764,-9.7753,-9.7842,-9.7828,14949600.0
2003-06-03,-9.7828,-9.7807,-9.7866,-9.7839,12887800.0
2003-06-04,-9.7841,-9.7796,-9.7855,-9.7814,9685800.0
2003-06-05,-9.7828,-9.7801,-9.7839,-9.781,7339200.0
2003-06-06,-9.7801,-9.7774,-9.7855,-9.7853,8621000.0
2003-06-09,-9.7873,-9.7864,-9.7899,-9.7885,9284000.0
2003-06-10,-9.7878,-9.7842,-9.7889,-9.7851,6308800.0
2003-06-11,-9.7853,-9.7821,-9.7883,-9.7828,8039800.0
2003-06-12,-9.7821,-9.7789,-9.7828,-9.7799,9021000.0
2003-06-13,-9.7799,-9.7782,-9.7857,-9.783,6830200.0
2003-06-16,-9.7814,-9.7753,-9.7828,-9.7753,8518800.0
2003-06-17,-9.7742,-9.7733,-9.7778,-9.776,6338000.0
2003-06-18,-9.7741,-9.7646,-9.7751,-9.7678,16249400.0
2003-06-19,-9.7657,-9.7635,-9.771,-9.7676,13626000.0
2003-06-20,-9.7642,-9.7637,-9.7698,-9.7671,12733800.0
2003-06-23,-9.7662,-9.7628,-9.771,-9.7683,10977200.0
2003-06-24,-9.7642,-9.7628,-9.7714,-9.7708,18370800.0
2003-06-25,-9.7701,-9.7653,-9.7714,-9.7682,11779000.0
2003-06-26,-9.7716,-9.766,-9.7716,-9.7664,5775200.0
2003-06-27,-9.7662,-9.766,-9.7735,-9.7714,13064000.0
2003-06-30,-9.7721,-9.7671,-9.7724,-9.7683,7934000.0
2003-07-01,-9.7694,-9.7673,-9.7732,-9.7682,6464000.0
2003-07-02,-9.7685,-9.7653,-9.7687,-9.7664,11617800.0
2003-07-03,-9.7689,-9.7639,-9.7691,-9.7678,4920400.0
2003-07-07,-9.7664,-9.7583,-9.7678,-9.761,10224000.0
2003-07-08,-9.7642,-9.7555,-9.7646,-9.7564,9169200.0
2003-07-09,-9.7582,-9.756,-9.761,-9.761,7630200.0
2003-07-10,-9.761,-9.7605,-9.7657,-9.7637,6104800.0
2003-07-11,-9.7628,-9.7599,-9.7641,-9.7614,4887800.0
2003-07-14,-9.7594,-9.7564,-9.761,-9.7608,6728800.0
2003-07-15,-9.7596,-9.7578,-9.7649,-9.7635,7380200.0
2003-07-16,-9.7603,-9.7599,-9.7655,-9.761,8961800.0
2003-07-17,-9.7582,-9.7514,-9.7589,-9.7519,26829000.0
2003-07-18,-9.7521,-9.7494,-9.7564,-9.7523,10672800.0
2003-07-21,-9.7535,-9.7528,-9.7573,-9.7546,6564600.0
2003-07-22,-9.7521,-9.7514,-9.7555,-9.7528,7086600.0
2003-07-23,-9.7516,-9.7514,-9.7558,-9.7528,5108400.0
2003-07-24,-9.7507,-9.7466,-9.7566,-9.7553,8187000.0
2003-07-25,-9.7564,-9.746,-9.7564,-9.7462,7738800.0
2003-07-28,-9.7466,-9.7466,-9.7523,-9.751,6084200.0
2003-07-29,-9.751,-9.7503,-9.7553,-9.7535,7040000.0
2003-07-30,-9.7532,-9.7519,-9.7585,-9.7574,6199800.0
2003-07-31,-9.7535,-9.7478,-9.7549,-9.7503,10766600.0
2003-08-01,-9.751,-9.7485,-9.7542,-9.7535,5343000.0
2003-08-04,-9.7553,-9.7466,-9.7574,-9.7492,8218400.0
2003-08-05,-9.7476,-9.7474,-9.7591,-9.7566,8908600.0
2003-08-06,-9.7594,-9.7585,-9.7644,-9.7632,8766600.0
2003-08-07,-9.7617,-9.7592,-9.7651,-9.7607,6227800.0
2003-08-08,-9.7591,-9.7589,-9.7635,-9.7632,4916400.0
2003-08-11,-9.7617,-9.7607,-9.7642,-9.763,4901000.0
2003-08-12,-9.7617,-9.7617,-9.7648,-9.7626,5872800.0
2003-08-13,-9.7614,-9.7569,-9.7637,-9.7583,10146400.0
2003-08-14,-9.7585,-9.7571,-9.7605,-9.7603,6885000.0
2003-08-15,-9.7598,-9.7592,-9.763,-9.7624,4495200.0
2003-08-18,-9.7614,-9.7564,-9.7624,-9.7569,6884800.0
2003-08-19,-9.7567,-9.756,-9.7599,-9.7571,4774600.0
2003-08-20,-9.7582,-9.7485,-9.7587,-9.751,9757600.0
2003-08-21,-9.7507,-9.7448,-9.7514,-9.7449,9118800.0
2003-08-22,-9.7421,-9.7421,-9.7542,-9.7521,8938000.0
2003-08-25,-9.753,-9.7517,-9.7557,-9.7523,4920800.0
2003-08-26,-9.7532,-9.7503,-9.7567,-9.7507,5891400.0
2003-08-27,-9.7517,-9.7467,-9.7541,-9.7467,8060800.0
2003-08-28,-9.7457,-9.7401,-9.7482,-9.7403,11415200.0
2003-08-29,-9.7403,-9.7346,-9.7417,-9.7367,9398400.0
2003-09-02,-9.736,-9.7341,-9.7385,-9.7346,8647600.0
2003-09-03,-9.7349,-9.7303,-9.7353,-9.7335,9601000.0
2003-09-04,-9.7317,-9.731,-9.7353,-9.7346,7135000.0
2003-09-05,-9.7358,-9.7317,-9.7385,-9.7376,8576200.0
2003-09-08,-9.7376,-9.7349,-9.7378,-9.7355,5973000.0
2003-09-09,-9.7371,-9.736,-9.741,-9.7389,6441800.0
2003-09-10,-9.7399,-9.7367,-9.741,-9.7405,8031800.0
2003-09-11,-9.7399,-9.7349,-9.7412,-9.7371,7631600.0
2003-09-12,-9.7378,-9.7319,-9.7392,-9.7323,6428200.0
2003-09-15,-9.7349,-9.7341,-9.741,-9.7403,8101600.0
2003-09-16,-9.7403,-9.7358,-9.7403,-9.7389,9607400.0
2003-09-17,-9.7389,-9.7387,-9.7433,-9.741,10335600.0
2003-09-18,-9.7417,-9.7332,-9.7424,-9.7342,9032400.0
2003-09-19,-9.7342,-9.7328,-9.7382,-9.7369,7355600.0
2003-09-22,-9.7405,-9.7376,-9.7428,-9.7414,6422200.0
2003-09-23,-9.7417,-9.738,-9.7432,-9.7382,4730400.0
2003-09-24,-9.7399,-9.7392,-9.7503,-9.7482,10760200.0
2003-09-25,-9.748,-9.7478,-9.7578,-9.756,20513600.0
2003-09-26,-9.7574,-9.7473,-9.7587,-9.7539,12401800.0
2003-09-29,-9.7453,-9.7449,-9.7542,-9.7483,13060800.0
2003-09-30,-9.7503,-9.7491,-9.756,-9.7535,10193800.0
2003-10-01,-9.7532,-9.7501,-9.7582,-9.7528,8432600.0
2003-10-02,-9.7528,-9.7528,-9.7574,-9.7549,7287800.0
2003-10-03,-9.751,-9.7433,-9.7521,-9.7449,10700000.0
2003-10-06,-9.7449,-9.7392,-9.7458,-9.7396,9583200.0
2003-10-07,-9.7417,-9.7296,-9.7428,-9.7312,14934800.0
2003-10-08,-9.731,-9.7283,-9.7357,-9.7326,15309600.0
2003-10-09,-9.7305,-9.7271,-9.7349,-9.7292,12419600.0
2003-10-10,-9.7287,-9.726,-9.7299,-9.7271,6244200.0
2003-10-13,-9.726,-9.7207,-9.7267,-9.721,9995200.0
2003-10-14,-9.7214,-9.7176,-9.7226,-9.7192,9836400.0
2003-10-15,-9.7164,-9.7151,-9.7191,-9.7169,21789400.0
2003-10-16,-9.726,-9.7257,-9.7385,-9.731,34845800.0
2003-10-17,-9.7289,-9.7289,-9.7382,-9.7353,12850400.0
2003-10-20,-9.7367,-9.7301,-9.7387,-9.7312,9969000.0
2003-10-21,-9.7303,-9.7296,-9.7353,-9.7316,6302200.0
2003-10-22,-9.7339,-9.7314,-9.736,-9.7353,5771400.0
2003-10-23,-9.7357,-9.7317,-9.7367,-9.7332,5900400.0
2003-10-24,-9.7371,-9.7346,-9.7399,-9.7367,7852000.0
2003-10-27,-9.7353,-9.7342,-9.7378,-9.7367,5786200.0
2003-10-28,-9.7373,-9.7264,-9.7385,-9.7267,8989800.0
2003-10-29,-9.7285,-9.7251,-9.7301,-9.7271,9538600.0
2003-10-30,-9.7242,-9.7242,-9.7342,-9.7324,9305600.0
2003-10-31,-9.7307,-9.7299,-9.7351,-9.7342,7791200.0
2003-11-03,-9.7346,-9.7305,-9.7351,-9.7317,10815800.0
2003-11-04,-9.7324,-9.7323,-9.7367,-9.7339,8901200.0
2003-11-05,-9.7348,-9.7321,-9.7378,-9.7328,11516800.0
2003-11-06,-9.7339,-9.7317,-9.7364,-9.7321,14181200.0
2003-11-07,-9.7314,-9.731,-9.7382,-9.7376,7505200.0
2003-11-10,-9.7382,-9.7364,-9.7435,-9.743,8367000.0
2003-11-11,-9.7435,-9.7419,-9.7467,-9.7462,7681200.0
2003-11-12,-9.7467,-9.7357,-9.7467,-9.7392,10714400.0
2003-11-13,-9.7414,-9.7371,-9.7428,-9.7383,7599000.0
2003-11-14,-9.7378,-9.7367,-9.7485,-9.7469,8466000.0
2003-11-17,-9.7478,-9.7478,-9.7514,-9.7499,8152000.0
2003-11-18,-9.7492,-9.748,-9.7567,-9.7564,9542600.0
2003-11-19,-9.7549,-9.7542,-9.7576,-9.7562,12306600.0
2003-11-20,-9.7558,-9.7503,-9.7591,-9.7566,8556800.0
2003-11-21,-9.7569,-9.7548,-9.7614,-9.7574,8637000.0
2003-11-24,-9.7557,-9.7485,-9.756,-9.7496,13636600.0
2003-11-25,-9.7489,-9.7489,-9.7544,-9.7539,9594800.0
2003-11-26,-9.7521,-9.7496,-9.7578,-9.7535,8754600.0
2003-11-28,-9.7532,-9.7503,-9.7553,-9.7517,2717800.0
2003-12-01,-9.7507,-9.7435,-9.751,-9.7446,12912000.0
2003-12-02,-9.7455,-9.743,-9.7474,-9.7462,7332000.0
2003-12-03,-9.7457,-9.7435,-9.7514,-9.7507,6832000.0
2003-12-04,-9.7516,-9.7496,-9.7532,-9.7496,6355000.0
2003-12-05,-9.7519,-9.7496,-9.7535,-9.7524,6649200.0
2003-12-08,-9.753,-9.7503,-9.7564,-9.7507,5294200.0
2003-12-09,-9.7496,-9.7489,-9.7564,-9.756,4826600.0
2003-12-10,-9.7553,-9.7546,-9.7603,-9.7566,9690600.0
2003-12-11,-9.7578,-9.748,-9.7582,-9.7492,6540600.0
2003-12-12,-9.7496,-9.7482,-9.7537,-9.7521,6881200.0
2003-12-15,-9.7474,-9.7467,-9.7592,-9.7585,13889600.0
2003-12-16,-9.7591,-9.7557,-9.7599,-9.7589,13355600.0
2003-12-17,-9.7599,-9.7589,-9.7617,-9.761,9795000.0
2003-12-18,-9.7608,-9.7583,-9.7608,-9.7596,11818400.0
2003-12-19,-9.7582,-9.7562,-9.7633,-9.7626,16198600.0
2003-12-22,-9.7632,-9.761,-9.7667,-9.7614,13466600.0
2003-12-23,-9.7607,-9.7603,-9.7635,-9.7617,11017800.0
2003-12-24,-9.7624,-9.7546,-9.7632,-9.7564,6338400.0
2003-12-26,-9.7567,-9.7517,-9.7569,-9.753,3703400.0
2003-12-29,-9.7517,-9.7496,-9.7523,-9.7496,8337800.0
2003-12-30,-9.7494,-9.7466,-9.7496,-9.7485,7316200.0
2003-12-31,-9.7478,-9.7464,-9.7494,-9.7478,6230400.0
2004-01-02,-9.746,-9.7442,-9.7494,-9.7485,5165800.0
2004-01-05,-9.7473,-9.7385,-9.7473,-9.7407,14107800.0
2004-01-06,-9.7399,-9.7383,-9.7446,-9.7414,18191000.0
2004-01-07,-9.7412,-9.7346,-9.7428,-9.7367,20959800.0
2004-01-08,-9.7348,-9.7267,-9.7364,-9.7299,16439400.0
2004-01-09,-9.731,-9.7232,-9.7349,-9.7332,15266400.0
2004-01-12,-9.7308,-9.7242,-9.7323,-9.7267,17412400.0
2004-01-13,-9.718,-9.7167,-9.7255,-9.7232,24250600.0
2004-01-14,-9.7207,-9.7194,-9.7262,-9.7224,22144400.0
2004-01-15,-9.7346,-9.7296,-9.7376,-9.7346,36364600.0
2004-01-16,-9.7332,-9.7328,-9.7367,-9.7357,13315000.0
2004-01-20,-9.736,-9.7349,-9.7399,-9.7357,11283800.0
2004-01-21,-9.7358,-9.7335,-9.7382,-9.7367,8095000.0
2004-01-22,-9.7364,-9.7346,-9.7405,-9.7405,7321600.0
2004-01-23,-9.7399,-9.7355,-9.7399,-9.7371,8113200.0
2004-01-26,-9.7374,-9.7326,-9.7382,-9.7332,9688200.0
2004-01-27,-9.7328,-9.731,-9.7349,-9.7324,10966800.0
2004-01-28,-9.7346,-9.7298,-9.7385,-9.7374,9835800.0
2004-01-29,-9.7366,-9.7349,-9.7403,-9.736,7596400.0
2004-01-30,-9.7364,-9.7342,-9.7383,-9.7371,6617800.0
2004-02-02,-9.738,-9.7349,-9.7414,-9.7392,10265400.0
2004-02-03,-9.7394,-9.7385,-9.7421,-9.7398,6457600.0
2004-02-04,-9.7421,-9.7414,-9.7448,-9.7439,10912600.0
2004-02-05,-9.7437,-9.7339,-9.7439,-9.7383,12601600.0
2004-02-06,-9.7382,-9.7342,-9.7385,-9.7357,6905000.0
2004-02-09,-9.7371,-9.7344,-9.7376,-9.7362,6723600.0
2004-02-10,-9.7366,-9.7321,-9.7382,-9.7333,9119400.0
2004-02-11,-9.7321,-9.7253,-9.7328,-9.726,12448000.0
2004-02-12,-9.7274,-9.7242,-9.7278,-9.7267,6571000.0
2004-02-13,-9.7257,-9.7233,-9.7346,-9.7332,11285000.0
2004-02-17,-9.7323,-9.7289,-9.7323,-9.7317,6105600.0
2004-02-18,-9.7317,-9.7292,-9.7328,-9.7308,5058400.0
2004-02-19,-9.7303,-9.7274,-9.7385,-9.7378,11538600.0
2004-02-20,-9.7378,-9.7374,-9.7403,-9.7385,9914400.0
2004-02-23,-9.7387,-9.738,-9.7432,-9.7403,6931400.0
2004-02-24,-9.741,-9.7355,-9.7421,-9.7389,9252000.0
2004-02-25,-9.7401,-9.7341,-9.7403,-9.7349,9867000.0
2004-02-26,-9.7346,-9.7316,-9.7349,-9.7328,7086000.0
2004-02-27,-9.7335,-9.7241,-9.7335,-9.7249,16744200.0
2004-03-01,-9.7235,-9.7216,-9.7253,-9.7241,11488600.0
2004-03-02,-9.7242,-9.7233,-9.7264,-9.726,9167400.0
2004-03-03,-9.7278,-9.7224,-9.7278,-9.7249,8040400.0
2004-03-04,-9.7246,-9.7133,-9.7249,-9.7139,23579400.0
2004-03-05,-9.7157,-9.6932,-9.7162,-9.6998,55021400.0
2004-03-08,-9.6992,-9.6992,-9.7082,-9.7064,18674000.0
2004-03-09,-9.7073,-9.6953,-9.7085,-9.6966,22084400.0
2004-03-10,-9.6971,-9.6873,-9.698,-9.6914,35963000.0
2004-03-11,-9.6951,-9.6882,-9.6967,-9.696,21280400.0
2004-03-12,-9.6946,-9.6905,-9.696,-9.6924,11758000.0
2004-03-15,-9.6974,-9.6942,-9.7041,-9.7024,17204200.0
2004-03-16,-9.7012,-9.701,-9.7117,-9.708,21622600.0
2004-03-17,-9.7057,-9.703,-9.7083,-9.7046,14694000.0
2004-03-18,-9.7071,-9.7058,-9.7099,-9.7092,11467200.0
2004-03-19,-9.7089,-9.698,-9.7105,-9.7076,14592000.0
2004-03-22,-9.7126,-9.7049,-9.7132,-9.7076,14965400.0
2004-03-23,-9.7071,-9.7064,-9.7133,-9.7128,13768400.0
2004-03-24,-9.7126,-9.7085,-9.7128,-9.7108,15293400.0
2004-03-25,-9.7055,-9.6982,-9.7074,-9.6985,20230200.0
2004-03-26,-9.6971,-9.6942,-9.6982,-9.6971,14996200.0
2004-03-29,-9.6939,-9.6885,-9.6957,-9.6892,12526000.0
2004-03-30,-9.6898,-9.6889,-9.6944,-9.6892,12845600.0
2004-03-31,-9.6894,-9.6887,-9.6978,-9.6971,13956200.0
2004-04-01,-9.6983,-9.6949,-9.7008,-9.6964,11369000.0
2004-04-02,-9.6908,-9.6892,-9.6953,-9.693,9802800.0
2004-04-05,-9.6932,-9.6853,-9.6935,-9.6857,13774000.0
2004-04-06,-9.6914,-9.6871,-9.6935,-9.6899,9214000.0
2004-04-07,-9.6919,-9.6912,-9.6982,-9.6946,9111400.0
2004-04-08,-9.6894,-9.6885,-9.6957,-9.6928,8604200.0
2004-04-12,-9.693,-9.6876,-9.6932,-9.6882,8233600.0
2004-04-13,-9.6882,-9.6882,-9.6989,-9.6982,15585600.0
2004-04-14,-9.6994,-9.6967,-9.7035,-9.7007,22847600.0
2004-04-15,-9.6812,-9.6744,-9.6871,-9.6769,62908800.0
2004-04-16,-9.6789,-9.6767,-9.6841,-9.678,14390400.0
2004-04-19,-9.6874,-9.6817,-9.6899,-9.6853,25441200.0
2004-04-20,-9.6862,-9.6849,-9.6924,-9.691,12661400.0
2004-04-21,-9.6921,-9.6874,-9.6942,-9.691,11638400.0
2004-04-22,-9.6923,-9.6869,-9.6964,-9.6905,12306600.0
2004-04-23,-9.6908,-9.6885,-9.6971,-9.6912,11279600.0
2004-04-26,-9.6924,-9.6917,-9.6974,-9.6964,8254600.0
2004-04-27,-9.6944,-9.6935,-9.7003,-9.698,10138000.0
2004-04-28,-9.6989,-9.6974,-9.7033,-9.7024,8256000.0
2004-04-29,-9.7035,-9.6974,-9.7066,-9.6996,16456800.0
2004-04-30,-9.6999,-9.6978,-9.711,-9.7083,16660800.0
2004-05-03,-9.7064,-9.7035,-9.7087,-9.7057,10629800.0
2004-05-04,-9.7058,-9.7014,-9.7108,-9.7051,9999400.0
2004-05-05,-9.7046,-9.6996,-9.7067,-9.7007,8503800.0
2004-05-06,-9.7028,-9.6996,-9.7073,-9.7012,9412800.0
2004-05-07,-9.7014,-9.6924,-9.7014,-9.7003,14965600.0
2004-05-10,-9.7039,-9.701,-9.7069,-9.7039,8927800.0
2004-05-11,-9.7028,-9.6957,-9.7028,-9.6962,10899000.0
2004-05-12,-9.6992,-9.6944,-9.7042,-9.6948,8765000.0
2004-05-13,-9.6964,-9.691,-9.6983,-9.6957,8209000.0
2004-05-14,-9.6964,-9.6946,-9.7024,-9.6969,9207200.0
2004-05-17,-9.7001,-9.6969,-9.7032,-9.7007,10730200.0
2004-05-18,-9.6978,-9.6949,-9.6992,-9.6969,7359400.0
2004-05-19,-9.6939,-9.693,-9.7026,-9.7021,13414000.0
2004-05-20,-9.7007,-9.6974,-9.7021,-9.6999,7010600.0
2004-05-21,-9.6978,-9.6957,-9.6999,-9.6964,6424800.0
2004-05-24,-9.6953,-9.6894,-9.6964,-9.6944,8414400.0
2004-05-25,-9.693,-9.6839,-9.6949,-9.6849,11427800.0
2004-05-26,-9.6857,-9.6816,-9.6885,-9.6839,11506000.0
2004-05-27,-9.6842,-9.6832,-9.6901,-9.6871,8427600.0
2004-05-28,-9.6878,-9.686,-9.6903,-9.688,5204200.0
2004-06-01,-9.6903,-9.6867,-9.6921,-9.688,6504800.0
2004-06-02,-9.6882,-9.6782,-9.6903,-9.6803,11382600.0
2004-06-03,-9.6821,-9.6796,-9.686,-9.6849,8961800.0
2004-06-04,-9.6835,-9.6774,-9.6839,-9.6816,14254000.0
2004-06-07,-9.6796,-9.6708,-9.6814,-9.6724,10567000.0
2004-06-08,-9.6714,-9.6667,-9.6721,-9.6674,14843600.0
2004-06-09,-9.6699,-9.6642,-9.6707,-9.6689,12471600.0
2004-06-10,-9.6689,-9.6621,-9.6689,-9.6641,9199200.0
2004-06-14,-9.6649,-9.6646,-9.6751,-9.6696,8713800.0
2004-06-15,-9.6683,-9.6605,-9.6683,-9.6646,15879800.0
2004-06-16,-9.6651,-9.641,-9.666,-9.6462,32487200.0
2004-06-17,-9.6462,-9.6428,-9.651,-9.6457,19690000.0
2004-06-18,-9.648,-9.6403,-9.6489,-9.6446,14509000.0
2004-06-21,-9.6428,-9.6394,-9.6517,-9.6499,13936200.0
2004-06-22,-9.6499,-9.6432,-9.6503,-9.6439,12875400.0
2004-06-23,-9.6439,-9.6364,-9.6449,-9.6376,13959600.0
2004-06-24,-9.6378,-9.6376,-9.6441,-9.6423,9018400.0
2004-06-25,-9.6439,-9.6376,-9.6439,-9.6376,11551000.0
2004-06-28,-9.6342,-9.6332,-9.651,-9.6485,18610600.0
2004-06-29,-9.6519,-9.6439,-9.6582,-9.6483,21091200.0
2004-06-30,-9.6483,-9.6442,-9.6539,-9.648,13323000.0
2004-07-01,-9.6521,-9.6485,-9.6537,-9.6501,12212200.0
2004-07-02,-9.6667,-9.6601,-9.6732,-9.661,32524400.0
2004-07-06,-9.6608,-9.658,-9.6635,-9.6621,12463600.0
2004-07-07,-9.6635,-9.6585,-9.6696,-9.6671,14214000.0
2004-07-08,-9.6696,-9.6646,-9.671,-9.6694,8335000.0
2004-07-09,-9.6682,-9.6662,-9.6703,-9.6703,7459400.0
2004-07-12,-9.6707,-9.6703,-9.6803,-9.6783,18272200.0
2004-07-13,-9.6774,-9.6742,-9.6794,-9.6776,11292000.0
2004-07-14,-9.678,-9.671,-9.6819,-9.6744,29850000.0
2004-07-15,-9.6469,-9.6382,-9.6517,-9.6446,63133000.0
2004-07-16,-9.6446,-9.6446,-9.6517,-9.651,17442200.0
2004-07-19,-9.6524,-9.6508,-9.6558,-9.6532,19041800.0
2004-07-20,-9.6535,-9.6496,-9.6567,-9.651,11562400.0
2004-07-21,-9.6501,-9.6464,-9.6587,-9.6562,10759200.0
2004-07-22,-9.6587,-9.6553,-9.6612,-9.6557,11932800.0
2004-07-23,-9.6553,-9.6549,-9.6664,-9.6644,9770400.0
2004-07-26,-9.6632,-9.6578,-9.6637,-9.6594,14069000.0
2004-07-27,-9.6549,-9.646,-9.6567,-9.6489,15178800.0
2004-07-28,-9.6499,-9.6492,-9.6603,-9.6503,10180400.0
2004-07-29,-9.6483,-9.6455,-9.6517,-9.6471,7934200.0
2004-07-30,-9.6467,-9.6439,-9.6528,-9.6498,8679400.0
2004-08-02,-9.6596,-9.651,-9.6607,-9.6566,13039000.0
2004-08-03,-9.6573,-9.6553,-9.6603,-9.6592,7558200.0
2004-08-04,-9.6599,-9.6517,-9.6603,-9.6546,9874600.0
2004-08-05,-9.6549,-9.6501,-9.6596,-9.6582,8732200.0
2004-08-06,-9.6626,-9.6608,-9.6733,-9.6726,17581800.0
2004-08-09,-9.6721,-9.6667,-9.6724,-9.668,10387400.0
2004-08-10,-9.6671,-9.6569,-9.6674,-9.6571,12537000.0
2004-08-11,-9.6608,-9.6607,-9.6683,-9.6617,11514000.0
2004-08-12,-9.6657,-9.6632,-9.6682,-9.6674,8078600.0
2004-08-13,-9.6648,-9.6592,-9.6671,-9.6632,11716000.0
2004-08-16,-9.6628,-9.6553,-9.6649,-9.6637,15559800.0
2004-08-17,-9.6653,-9.6607,-9.6674,-9.6628,11536400.0
2004-08-18,-9.666,-9.6542,-9.6664,-9.6551,13023400.0
2004-08-19,-9.6571,-9.6541,-9.6674,-9.6642,13890000.0
2004-08-20,-9.6642,-9.6617,-9.6664,-9.6635,11313600.0
2004-08-23,-9.663,-9.6592,-9.6653,-9.661,9095000.0
2004-08-24,-9.6594,-9.6532,-9.6599,-9.6532,13362000.0
2004-08-25,-9.6535,-9.6424,-9.6553,-9.6435,18057800.0
2004-08-26,-9.6424,-9.6244,-9.6462,-9.6291,34137800.0
2004-08-27,-9.6296,-9.6282,-9.6349,-9.6317,13886200.0
2004-08-30,-9.6348,-9.6285,-9.6353,-9.6339,7790800.0
2004-08-31,-9.6342,-9.6264,-9.6349,-9.6307,13448600.0
2004-09-01,-9.6323,-9.6171,-9.6332,-9.6183,18418800.0
2004-09-02,-9.6216,-9.6189,-9.6274,-9.6201,14511600.0
2004-09-03,-9.6257,-9.6178,-9.626,-9.6239,10481000.0
2004-09-07,-9.6224,-9.6153,-9.6239,-9.6192,10784200.0
2004-09-08,-9.6198,-9.6121,-9.6199,-9.6139,12268800.0
2004-09-09,-9.6162,-9.6144,-9.6235,-9.6198,16476400.0
2004-09-10,-9.6201,-9.6149,-9.6219,-9.6182,11714800.0
2004-09-13,-9.6183,-9.6164,-9.6232,-9.6207,10070600.0
2004-09-14,-9.6233,-9.621,-9.628,-9.6217,9100800.0
2004-09-15,-9.6242,-9.6217,-9.6278,-9.6242,8309600.0
2004-09-16,-9.6242,-9.6103,-9.6253,-9.6139,17925600.0
2004-09-17,-9.6121,-9.6048,-9.6135,-9.6069,17939600.0
2004-09-20,-9.6091,-9.5994,-9.6092,-9.6017,8750000.0
2004-09-21,-9.6019,-9.5914,-9.6041,-9.5992,13809000.0
2004-09-22,-9.5983,-9.598,-9.6099,-9.6089,14346000.0
2004-09-23,-9.6078,-9.6037,-9.6089,-9.6057,14193000.0
2004-09-24,-9.6046,-9.5992,-9.6067,-9.6057,13196000.0
2004-09-27,-9.6085,-9.5994,-9.6096,-9.6035,14197000.0
2004-09-28,-9.6041,-9.5967,-9.6042,-9.5989,12613800.0
2004-09-29,-9.5999,-9.5916,-9.6008,-9.5932,9768200.0
2004-09-30,-9.5903,-9.5878,-9.5953,-9.5924,15179000.0
2004-10-01,-9.5892,-9.5885,-9.5941,-9.5932,16621600.0
2004-10-04,-9.5887,-9.5887,-9.5924,-9.5921,20503000.0
2004-10-05,-9.5942,-9.5842,-9.5957,-9.5871,14505800.0
2004-10-06,-9.586,-9.5746,-9.586,-9.5757,15939400.0
2004-10-07,-9.5766,-9.5732,-9.5862,-9.5848,15219600.0
2004-10-08,-9.5853,-9.5835,-9.5917,-9.5898,12829600.0
2004-10-11,-9.5921,-9.5898,-9.5974,-9.5939,11566800.0
2004-10-12,-9.5948,-9.5941,-9.6024,-9.5967,16435400.0
2004-10-13,-9.5919,-9.5835,-9.5926,-9.5835,41536000.0
2004-10-14,-9.5542,-9.5299,-9.5585,-9.5369,98872400.0
2004-10-15,-9.5378,-9.5314,-9.5439,-9.5323,36826000.0
2004-10-18,-9.5385,-9.5121,-9.5394,-9.5121,42884000.0
2004-10-19,-9.5091,-9.5067,-9.516,-9.5151,28642600.0
2004-10-20,-9.518,-9.5135,-9.5221,-9.5146,21611000.0
2004-10-21,-9.5132,-9.5089,-9.5157,-9.5105,25875200.0
2004-10-22,-9.5153,-9.5128,-9.5187,-9.5153,17252400.0
2004-10-25,-9.5171,-9.5114,-9.5182,-9.5139,14023000.0
2004-10-26,-9.5149,-9.5096,-9.5192,-9.5103,21227200.0
2004-10-27,-9.5041,-9.4866,-9.5085,-9.4894,42624800.0
2004-10-28,-9.493,-9.4723,-9.4966,-9.4724,30866600.0
2004-10-29,-9.4746,-9.4635,-9.476,-9.4707,28936400.0
2004-11-01,-9.4698,-9.463,-9.4739,-9.4703,21501800.0
2004-11-02,-9.4703,-9.4557,-9.4707,-9.4608,26071000.0
2004-11-03,-9.4524,-9.4374,-9.4564,-9.4446,43006200.0
2004-11-04,-9.4467,-9.4424,-9.4532,-9.4524,33165200.0
2004-11-05,-9.4492,-9.4474,-9.4739,-9.4499,43037400.0
2004-11-08,-9.4539,-9.4435,-9.4576,-9.453,18818600.0
2004-11-09,-9.4546,-9.4514,-9.4619,-9.456,16991600.0
2004-11-10,-9.4567,-9.4439,-9.4571,-9.4496,18167000.0
2004-11-11,-9.4474,-9.4435,-9.4542,-9.4448,14546400.0
2004-11-12,-9.4474,-9.4414,-9.4489,-9.443,14132200.0
2004-11-15,-9.4467,-9.4433,-9.4533,-9.4453,13430200.0
2004-11-16,-9.446,-9.4457,-9.4521,-9.448,10539400.0
2004-11-17,-9.4457,-9.4435,-9.4544,-9.4483,14205400.0
2004-11-18,-9.4537,-9.4435,-9.4539,-9.4439,16398200.0
2004-11-19,-9.4432,-9.4303,-9.4519,-9.446,27331400.0
2004-11-22,-9.4205,-9.3671,-9.4216,-9.3907,91721800.0
2004-11-23,-9.3824,-9.381,-9.3935,-9.3914,32551800.0
2004-11-24,-9.3878,-9.3564,-9.3889,-9.3667,49671000.0
2004-11-26,-9.3549,-9.3514,-9.3641,-9.3621,19648000.0
2004-11-29,-9.3224,-9.3174,-9.3367,-9.3274,61175600.0
2004-11-30,-9.3242,-9.3242,-9.3399,-9.3399,36732800.0
2004-12-01,-9.3332,-9.3317,-9.3467,-9.3332,28591200.0
2004-12-02,-9.3482,-9.3412,-9.3612,-9.3564,35265800.0
2004-12-03,-9.3621,-9.3582,-9.3871,-9.3789,44244600.0
2004-12-06,-9.3649,-9.3471,-9.3764,-9.3512,44568600.0
2004-12-07,-9.3499,-9.3428,-9.3799,-9.3771,37746400.0
2004-12-08,-9.3753,-9.3632,-9.3846,-9.3735,24710800.0
2004-12-09,-9.3782,-9.3635,-9.3842,-9.3671,26482200.0
2004-12-10,-9.3578,-9.3489,-9.3608,-9.3567,27706200.0
2004-12-13,-9.3512,-9.3501,-9.3617,-9.3589,14108600.0
2004-12-14,-9.3551,-9.3503,-9.358,-9.3557,14847200.0
2004-12-15,-9.356,-9.3541,-9.3612,-9.3558,14227200.0
2004-12-16,-9.3471,-9.3358,-9.3489,-9.3439,40218400.0
2004-12-17,-9.3417,-9.3399,-9.3591,-9.3582,27982000.0
2004-12-20,-9.3539,-9.3492,-9.3871,-9.3785,41718800.0
2004-12-21,-9.371,-9.3692,-9.3885,-9.3699,38014800.0
2004-12-22,-9.3701,-9.3639,-9.3724,-9.3692,20208200.0
2004-12-23,-9.3692,-9.3649,-9.3707,-9.3671,8783200.0
2004-12-27,-9.3599,-9.3567,-9.3771,-9.3746,19981800.0
2004-12-28,-9.3733,-9.3649,-9.3846,-9.3655,21848400.0
2004-12-29,-9.3689,-9.3583,-9.371,-9.3632,16055800.0
2004-12-30,-9.3599,-9.3578,-9.3651,-9.3599,12333600.0
2004-12-31,-9.3592,-9.3582,-9.3667,-9.3635,9949600.0
2007-03-19,-6.7157,-6.6689,-6.7389,-6.6839,25471457.0
2007-03-20,-6.676,-6.6585,-6.6864,-6.6714,17474064.0
2007-03-21,-6.6532,-6.5814,-6.6653,-6.586,24551703.0
2007-03-22,-6.591,-6.5685,-6.6171,-6.5828,20188862.0
2007-03-23,-6.6046,-6.5789,-6.6064,-6.5985,16119797.0
2007-03-26,-6.5817,-6.5135,-6.6064,-6.5153,30916304.0
2007-03-27,-6.5203,-6.4803,-6.5457,-6.5292,33310415.0
2007-03-28,-6.5499,-6.5314,-6.6117,-6.6085,33906998.0
2007-03-29,-6.5746,-6.5746,-6.6446,-6.5903,25928348.0
2007-03-30,-6.5714,-6.5571,-6.626,-6.6203,21460993.0
2007-04-02,-6.5764,-6.5724,-6.6164,-6.5939,17936060.0
2007-04-03,-6.5764,-6.5374,-6.5899,-6.5635,20870473.0
2007-04-04,-6.5478,-6.5407,-6.5767,-6.5717,17039354.0
2007-04-05,-6.5771,-6.5571,-6.5985,-6.5571,12705136.0
2007-04-09,-6.5382,-6.5349,-6.6157,-6.5939,14772985.0
2007-04-10,-6.5932,-6.5724,-6.6024,-6.5724,12598044.0
2007-04-11,-6.5849,-6.5832,-6.641,-6.6317,19633372.0
2007-04-12,-6.6514,-6.6417,-6.6985,-6.646,23711969.0
2007-04-13,-6.6921,-6.6742,-6.7221,-6.7157,25722969.0
2007-04-16,-6.7039,-6.6707,-6.7153,-6.6732,21764792.0
2007-04-17,-6.6528,-6.6421,-6.7349,-6.7117,26870049.0
2007-04-18,-6.7185,-6.6939,-6.7385,-6.7099,16585134.0
2007-04-19,-6.7174,-6.6796,-6.7303,-6.7146,15230508.0
2007-04-20,-6.6924,-6.6821,-6.7046,-6.6896,18770432.0
2007-04-23,-6.6678,-6.5885,-6.6735,-6.5989,27903253.0
2007-04-24,-6.5828,-6.496,-6.6778,-6.6085,37729878.0
2007-04-25,-6.5732,-6.5314,-6.5885,-6.5335,43744704.0
2007-04-26,-6.3099,-6.2778,-6.4278,-6.4085,62153471.0
2007-04-27,-6.4321,-6.3689,-6.4496,-6.3699,25003311.0
2007-04-30,-6.3639,-6.3314,-6.3789,-6.3742,22051686.0
2007-05-01,-6.3817,-6.3546,-6.4189,-6.386,19023775.0
2007-05-02,-6.3796,-6.3478,-6.386,-6.3532,18125753.0
2007-05-03,-6.341,-6.3153,-6.3667,-6.3528,20599706.0
2007-05-04,-6.3385,-6.3099,-6.3492,-6.3382,13653785.0
2007-05-07,-6.3285,-6.2117,-6.331,-6.2271,30796827.0
2007-05-08,-6.2432,-6.1832,-6.2449,-6.1864,28026515.0
2007-05-09,-6.1917,-6.1185,-6.1924,-6.1214,25662805.0
2007-05-10,-6.1303,-6.0514,-6.1557,-6.1049,42777381.0
2007-05-11,-6.0907,-6.041,-6.1249,-6.0549,23325550.0
2007-05-14,-6.0235,-6.0099,-6.0724,-6.0328,23298835.0
2007-05-15,-6.0253,-6.0028,-6.1357,-6.0985,34116236.0
2007-05-16,-6.0624,-6.0517,-6.2449,-6.1049,40275055.0
2007-05-17,-6.1117,-6.0146,-6.1117,-6.0299,26358332.0
2007-05-18,-6.0017,-5.9871,-6.0182,-6.0092,22197222.0
2007-05-21,-5.9989,-5.9224,-6.0082,-5.9392,22896870.0
2007-05-22,-5.921,-5.876,-5.9382,-5.8835,20457942.0
2007-05-23,-5.8664,-5.8314,-5.9174,-5.9067,32699553.0
2007-05-24,-5.9096,-5.8507,-5.9967,-5.9853,31740524.0
2007-05-25,-5.9385,-5.8749,-5.9564,-5.8807,22607957.0
2007-05-29,-5.851,-5.8364,-5.9139,-5.8546,23074604.0
2007-05-30,-5.8564,-5.6928,-5.8839,-5.6967,52962727.0
2007-05-31,-5.6503,-5.5753,-5.6692,-5.6103,46464443.0
2007-06-01,-5.6135,-5.6103,-5.7139,-5.7099,31642848.0
2007-06-04,-5.7017,-5.591,-5.7278,-5.6053,31714050.0
2007-06-05,-5.6024,-5.5567,-5.6349,-5.5574,32923607.0
2007-06-06,-5.5707,-5.5082,-5.5832,-5.5228,39784327.0
2007-06-07,-5.4746,-5.381,-5.5389,-5.5074,68502341.0
2007-06-08,-5.4449,-5.4446,-5.571,-5.4924,44441019.0
2007-06-11,-5.4385,-5.4332,-5.6692,-5.646,67169301.0
2007-06-12,-5.676,-5.5917,-5.7132,-5.6392,50996330.0
2007-06-13,-5.6117,-5.6103,-5.8171,-5.7421,61533464.0
2007-06-14,-5.7528,-5.6724,-5.7807,-5.6974,34787691.0
2007-06-15,-5.6307,-5.6289,-5.6578,-5.6349,29000628.0
2007-06-18,-5.5357,-5.4678,-5.5621,-5.471,32567397.0
2007-06-19,-5.4853,-5.4739,-5.5489,-5.5221,33739070.0
2007-06-20,-5.5146,-5.4864,-5.5992,-5.5974,32081485.0
2007-06-21,-5.5921,-5.4996,-5.6271,-5.5135,30988733.0
2007-06-22,-5.5153,-5.4939,-5.5678,-5.5457,22707862.0
2007-06-25,-5.5032,-5.471,-5.6149,-5.5692,34502566.0
2007-06-26,-5.5107,-5.5099,-5.6985,-5.6653,48035816.0
2007-06-27,-5.631,-5.5799,-5.6792,-5.5853,34843108.0
2007-06-28,-5.5685,-5.5639,-5.6528,-5.6328,30085840.0
2007-06-29,-5.5824,-5.5099,-5.6139,-5.5799,40637106.0
2007-07-02,-5.6153,-5.5782,-5.6778,-5.6078,35578565.0
2007-07-03,-5.5814,-5.3885,-5.5992,-5.3967,41517190.0
2007-07-05,-5.3385,-5.1896,-5.3424,-5.1974,51894676.0
2007-07-06,-5.1839,-5.1764,-5.2814,-5.2135,31239020.0
2007-07-09,-5.2107,-5.1921,-5.3249,-5.2839,35565002.0
2007-07-10,-5.3357,-5.1349,-5.3382,-5.2117,44821783.0
2007-07-11,-5.2217,-5.1635,-5.2489,-5.2103,29348984.0
2007-07-12,-5.1582,-5.1442,-5.2103,-5.1503,25164507.0
2007-07-13,-5.116,-5.0153,-5.1342,-5.0196,32414435.0
2007-07-16,-4.996,-4.9392,-5.0278,-5.0064,33432591.0
2007-07-17,-4.9992,-4.9528,-5.0278,-4.9774,25355612.0
2007-07-18,-5.0032,-4.9942,-5.0799,-5.0057,27049910.0
2007-07-19,-4.9278,-4.9096,-4.951,-4.9385,26174616.0
2007-07-20,-4.8796,-4.7892,-4.9385,-4.8046,41706200.0
2007-07-23,-4.8203,-4.7521,-4.9053,-4.8064,37017446.0
2007-07-24,-4.9785,-4.9028,-5.1474,-5.121,64468105.0
2007-07-25,-5.0332,-4.9971,-5.1171,-5.0364,58254048.0
2007-07-26,-4.7274,-4.6349,-5.0471,-4.7242,78198293.0
2007-07-27,-4.7174,-4.6199,-4.8035,-4.801,41468016.0
2007-07-30,-4.7839,-4.7439,-4.9539,-4.8874,39590684.0
2007-07-31,-4.8324,-4.8142,-5.2414,-5.2328,63252957.0
2007-08-01,-5.1657,-5.1035,-5.3753,-5.1171,62549932.0
2007-08-02,-5.0582,-5.0471,-5.1474,-5.0639,30492699.0
2007-08-03,-5.1078,-5.0832,-5.2421,-5.2296,24256611.0
2007-08-06,-5.1921,-5.1074,-5.3564,-5.1082,33068267.0
2007-08-07,-5.1192,-5.0371,-5.2017,-5.116,33981278.0
2007-08-08,-5.0542,-5.0507,-5.2242,-5.1524,28883504.0
2007-08-09,-5.256,-5.1885,-5.471,-5.4246,40243225.0
2007-08-10,-5.5414,-5.376,-5.6421,-5.4742,50384937.0
2007-08-13,-5.3557,-5.3189,-5.4207,-5.3746,26932558.0
2007-08-14,-5.3567,-5.3564,-5.5203,-5.5089,26398699.0
2007-08-15,-5.5549,-5.4792,-5.6653,-5.6564,35458951.0
2007-08-16,-5.7596,-5.7064,-5.9521,-5.7582,66667828.0
2007-08-17,-5.581,-5.5278,-5.6592,-5.5792,42680817.0
2007-08-20,-5.5114,-5.4921,-5.6349,-5.5735,28697254.0
2007-08-21,-5.5739,-5.3328,-5.6171,-5.3824,46537395.0
2007-08-22,-5.2521,-5.1974,-5.2839,-5.206,37920229.0
2007-08-23,-5.1853,-5.1764,-5.3042,-5.2574,30958438.0
2007-08-24,-5.2767,-5.1039,-5.3024,-5.1064,32565459.0
2007-08-27,-5.1746,-5.1292,-5.2207,-5.2153,25265816.0
2007-08-28,-5.2603,-5.2096,-5.416,-5.4092,42120365.0
2007-08-29,-5.2999,-5.1464,-5.3121,-5.1499,41674427.0
2007-08-30,-5.2003,-5.001,-5.2135,-5.0724,51272577.0
2007-08-31,-4.9567,-4.951,-5.031,-4.9928,31317540.0
2007-09-04,-4.9407,-4.7339,-4.9442,-4.7899,47030096.0
2007-09-05,-4.761,-4.7299,-5.0778,-5.0542,83151957.0
2007-09-06,-5.0971,-5.0253,-5.1989,-5.1167,67902198.0
2007-09-07,-5.2239,-5.2135,-5.2957,-5.2324,51091917.0
2007-09-10,-5.046,-5.0085,-5.1546,-5.056,53137352.0
2007-09-11,-5.0135,-4.9992,-5.1617,-5.0996,34710176.0
2007-09-12,-5.0817,-4.9599,-5.0903,-5.051,36548046.0
2007-09-13,-4.9803,-4.9742,-5.0582,-5.0385,23434314.0
2007-09-14,-5.061,-4.9749,-5.0742,-4.981,21689990.0
2007-09-17,-4.9746,-4.9174,-5.0242,-4.9953,28334614.0
2007-09-18,-4.9721,-4.8367,-5.016,-4.9057,38003145.0
2007-09-19,-4.8307,-4.8257,-4.9599,-4.911,36674264.0
2007-09-20,-4.9332,-4.8746,-4.9628,-4.9274,24708539.0
2007-09-21,-4.8978,-4.7724,-4.9274,-4.7903,40674221.0
2007-09-24,-4.6982,-4.5867,-4.701,-4.6428,37577154.0
2007-09-25,-4.6942,-4.4664,-4.6949,-4.4678,42591025.0
2007-09-26,-4.4217,-4.4028,-4.5367,-4.4824,34830970.0
2007-09-27,-4.4467,-4.4199,-4.4985,-4.4207,23507014.0
2007-09-28,-4.4585,-4.4171,-4.4832,-4.4574,21967883.0
2007-10-01,-4.416,-4.3167,-4.4767,-4.3549,29895206.0
2007-10-02,-4.3474,-4.2746,-4.371,-4.2796,28288192.0
2007-10-03,-4.3035,-4.2535,-4.331,-4.2985,24732737.0
2007-10-04,-4.2957,-4.2928,-4.4564,-4.3585,23462781.0
2007-10-05,-4.2824,-4.1678,-4.3064,-4.1724,33695315.0
2007-10-08,-4.0996,-3.9417,-4.1182,-3.9417,29854511.0
2007-10-09,-3.8599,-3.8274,-3.9857,-3.9435,39494476.0
2007-10-10,-3.9546,-3.9428,-4.0242,-3.9817,23842437.0
2007-10-11,-3.8853,-3.7999,-4.4667,-4.1446,58713949.0
2007-10-12,-4.1167,-3.9642,-4.1599,-3.9653,35291917.0
2007-10-15,-3.9392,-3.8824,-4.0992,-3.9749,38497463.0
2007-10-16,-4.0264,-3.8607,-4.0403,-3.8821,38136777.0
2007-10-17,-3.771,-3.7585,-3.8964,-3.7689,40271862.0
2007-10-18,-3.8135,-3.7174,-3.8296,-3.7421,29440947.0
2007-10-19,-3.7157,-3.7017,-3.8671,-3.8521,46134986.0
2007-10-22,-3.8546,-3.6921,-3.8685,-3.7114,58910605.0
2007-10-23,-3.2042,-3.2028,-3.4114,-3.2899,64112989.0
2007-10-24,-3.3024,-3.2524,-3.5371,-3.2982,46017132.0
2007-10-25,-3.336,-3.2992,-3.4507,-3.4107,34771995.0
2007-10-26,-3.321,-3.3182,-3.4071,-3.3421,25245570.0
2007-10-29,-3.3153,-3.2746,-3.3421,-3.3282,19305477.0
2007-10-30,-3.2892,-3.1753,-3.341,-3.2599,33550461.0
2007-10-31,-3.2374,-3.1485,-3.3332,-3.1546,29761088.0
2007-11-01,-3.2028,-3.1492,-3.5099,-3.2442,28751248.0
2007-11-02,-3.181,-3.1728,-3.3853,-3.2289,35789773.0
2007-11-05,-3.321,-3.1899,-3.3585,-3.2892,28720523.0
2007-11-06,-3.2582,-3.0814,-3.3217,-3.0889,34097332.0
2007-11-07,-3.131,-3.0571,-3.291,-3.2849,35511653.0
2007-11-08,-3.2717,-3.2635,-3.9467,-3.6721,67513466.0
2007-11-09,-3.826,-3.6842,-4.0382,-4.0324,54513504.0
2007-11-12,-4.0357,-3.9492,-4.5589,-4.4471,63180824.0
2007-11-13,-4.1932,-3.8321,-4.4471,-3.8685,62123079.0
2007-11-14,-3.6089,-3.5967,-4.0907,-4.006,51755984.0
2007-11-15,-3.996,-3.8817,-4.2135,-4.0707,53121785.0
2007-11-16,-4.0349,-3.9735,-4.2482,-3.996,49410423.0
2007-11-19,-4.0064,-3.9314,-4.1492,-4.0832,41229585.0
2007-11-20,-4.0217,-3.8032,-4.0982,-3.9082,55130014.0
2007-11-21,-4.0157,-3.7832,-4.0574,-3.9221,43520912.0
2007-11-23,-3.7957,-3.7939,-3.876,-3.8121,16634143.0
2007-11-26,-3.7389,-3.6074,-3.7832,-3.7764,46634062.0
2007-11-27,-3.6807,-3.6603,-3.8667,-3.6953,47036711.0
2007-11-28,-3.6235,-3.4885,-3.676,-3.5021,41103967.0
2007-11-29,-3.5303,-3.3253,-3.5403,-3.3567,37533058.0
2007-11-30,-3.2478,-3.2349,-3.5207,-3.4307,42421483.0
2007-12-03,-3.4435,-3.3621,-3.5921,-3.5507,34338178.0
2007-12-04,-3.6117,-3.4778,-3.6174,-3.5167,27635681.0
2007-12-05,-3.4067,-3.2957,-3.4239,-3.3135,31871473.0
2007-12-06,-3.2889,-3.1492,-3.2914,-3.1546,32159573.0
2007-12-07,-3.1335,-2.9746,-3.2228,-2.9992,38073707.0
2007-12-10,-3.0246,-2.9507,-3.0567,-3.0024,25799130.0
2007-12-11,-2.9832,-2.9089,-3.246,-3.2049,39675869.0
2007-12-12,-3.0299,-2.9928,-3.3042,-3.1221,43773562.0
2007-12-13,-3.146,-3.0771,-3.2307,-3.0874,30925621.0
2007-12-14,-3.1396,-2.7957,-3.1692,-3.1389,24092389.0
2007-12-17,-3.1271,-3.0582,-3.4035,-3.3528,36596134.0
2007-12-18,-3.2771,-3.2482,-3.5599,-3.4035,43664353.0
2007-12-19,-3.4035,-3.3442,-3.4778,-3.3985,29552784.0
2007-12-20,-3.316,-3.2303,-3.391,-3.2524,27644803.0
2007-12-21,-3.1485,-3.0132,-3.1567,-3.0132,35544882.0
2007-12-24,-2.9732,-2.8196,-2.9817,-2.8385,17152410.0
2007-12-26,-2.831,-2.7614,-2.9092,-2.8332,25133289.0
2007-12-27,-2.8396,-2.6899,-2.8742,-2.8467,28411624.0
2007-12-28,-2.7746,-2.7399,-2.9071,-2.8017,24987398.0
2007-12-31,-2.8135,-2.7778,-2.876,-2.8642,19261842.0
2008-01-02,-2.8217,-2.7864,-3.0617,-2.9799,38542020.0
2008-01-03,-2.9596,-2.8889,-3.0567,-2.9767,30073780.0
2008-01-04,-3.101,-3.0457,-3.5496,-3.5082,51993904.0
2008-01-07,-3.4653,-3.3814,-3.8589,-3.5942,74006846.0
2008-01-08,-3.5049,-3.4221,-3.8385,-3.8224,54421984.0
2008-01-09,-3.8207,-3.5278,-3.9278,-3.5314,64840673.0
2008-01-10,-3.5964,-3.4742,-3.6739,-3.5807,52963350.0
2008-01-11,-3.6528,-3.5867,-3.8671,-3.771,44010111.0
2008-01-14,-3.5985,-3.5307,-3.6824,-3.5535,39301774.0
2008-01-15,-3.5914,-3.5378,-4.0578,-3.9014,83937922.0
2008-01-16,-4.0374,-3.9024,-4.3421,-4.2371,79191989.0
2008-01-17,-4.1703,-4.0328,-4.2807,-4.1924,62853413.0
2008-01-18,-4.1632,-4.0189,-4.2382,-4.1757,61583651.0
2008-01-22,-4.6521,-4.2249,-4.7242,-4.3799,86963480.0
2008-01-23,-5.0739,-4.9385,-5.4335,-4.9717,120466292.0
2008-01-24,-4.9389,-4.9135,-5.2239,-5.0957,71638013.0
2008-01-25,-4.9746,-4.971,-5.3096,-5.2953,55526314.0
2008-01-28,-5.3614,-5.1814,-5.4224,-5.2953,52672974.0
2008-01-29,-5.2546,-5.196,-5.3296,-5.2407,39285086.0
2008-01-30,-5.2467,-5.101,-5.2957,-5.2178,44394619.0
2008-01-31,-5.3153,-5.0582,-5.3171,-5.1042,48059713.0
2008-02-01,-5.0728,-5.0603,-5.2178,-5.1617,36097982.0
2008-02-04,-5.1453,-5.0849,-5.2449,-5.2367,32115481.0
2008-02-05,-5.2803,-5.1528,-5.3349,-5.3185,40751491.0
2008-02-06,-5.266,-5.2271,-5.5896,-5.5814,56188205.0
2008-02-07,-5.6539,-5.4821,-5.7503,-5.6085,74450275.0
2008-02-08,-5.5785,-5.4492,-5.5957,-5.4571,48427520.0
2008-02-11,-5.3667,-5.2964,-5.3957,-5.3153,42908217.0
2008-02-12,-5.2707,-5.2599,-5.5235,-5.4792,43784943.0
2008-02-13,-5.4142,-5.3035,-5.4517,-5.3171,34590469.0
2008-02-14,-5.3171,-5.2671,-5.4024,-5.3864,34080728.0
2008-02-15,-5.4289,-5.3999,-5.5078,-5.4874,32189246.0
2008-02-19,-5.4389,-5.4117,-5.6014,-5.5749,35894478.0
2008-02-20,-5.5742,-5.4885,-5.5928,-5.5164,34551356.0
2008-02-21,-5.4367,-5.4217,-5.6221,-5.5978,33504078.0
2008-02-22,-5.5642,-5.5632,-5.8003,-5.6721,54638437.0
2008-02-25,-5.7032,-5.6467,-5.7721,-5.6621,44884740.0
2008-02-26,-5.7371,-5.6139,-5.8157,-5.6832,53745939.0
2008-02-27,-5.716,-5.5439,-5.721,-5.5471,52683413.0
2008-02-28,-5.3957,-5.2171,-5.4467,-5.2989,57794704.0
2008-02-29,-5.321,-5.2882,-5.4814,-5.4735,44838544.0
2008-03-03,-5.4942,-5.4392,-5.7242,-5.591,56920466.0
2008-03-04,-5.5817,-5.4785,-5.6385,-5.4878,63763682.0
2008-03-05,-5.5249,-5.4692,-5.5724,-5.4924,43636940.0
2008-03-06,-5.4882,-5.3849,-5.6239,-5.6196,52632054.0
2008-03-07,-5.6382,-5.5464,-5.6867,-5.5724,43953695.0
2008-03-10,-5.5821,-5.5292,-5.6753,-5.6639,35739047.0
2008-03-11,-5.5064,-5.3857,-5.5814,-5.3903,41622202.0
2008-03-12,-5.4014,-5.3428,-5.4682,-5.4374,37843856.0
2008-03-13,-5.5064,-5.3135,-5.5457,-5.3692,45151255.0
2008-03-14,-5.2999,-5.2849,-5.5028,-5.4167,41316269.0
2008-03-17,-5.5617,-5.346,-5.5617,-5.4124,38307074.0
2008-03-18,-5.3249,-5.1885,-5.3432,-5.1949,43039945.0
2008-03-19,-5.1842,-5.1424,-5.3074,-5.3074,36090600.0
2008-03-20,-5.2557,-5.1782,-5.3249,-5.1789,32456650.0
2008-03-24,-5.1524,-4.9082,-5.1657,-4.9553,38119507.0
2008-03-25,-4.9399,-4.8278,-5.0339,-4.9035,37596140.0
2008-03-26,-4.9074,-4.7335,-4.9157,-4.7578,42217233.0
2008-03-27,-4.7617,-4.7489,-4.9389,-4.9296,35708131.0
2008-03-28,-4.8742,-4.7724,-4.8814,-4.831,25547083.0
2008-03-31,-4.8217,-4.7346,-4.8485,-4.8135,27430839.0
2008-04-01,-4.7135,-4.5935,-4.8096,-4.5982,36877317.0
2008-04-02,-4.6249,-4.5385,-4.7296,-4.671,37320214.0
2008-04-03,-4.6864,-4.4517,-4.6885,-4.5239,37563004.0
2008-04-04,-4.5032,-4.4132,-4.5546,-4.4714,30527914.0
2008-04-07,-4.3624,-4.2353,-4.3989,-4.371,41395988.0
2008-04-08,-4.4546,-4.351,-4.4985,-4.4799,36258626.0
2008-04-09,-4.4632,-4.4424,-4.5649,-4.5299,31211125.0
2008-04-10,-4.541,-4.3878,-4.5599,-4.4189,34160321.0
2008-04-11,-4.4842,-4.4635,-4.7099,-4.6835,43216946.0
2008-04-14,-4.6967,-4.6082,-4.7764,-4.6607,30189396.0
2008-04-15,-4.6028,-4.5914,-4.7342,-4.6392,24929883.0
2008-04-16,-4.5199,-4.4349,-4.5592,-4.4492,28420420.0
2008-04-17,-4.4324,-4.3671,-4.4617,-4.421,25189279.0
2008-04-18,-4.2557,-4.1435,-4.2821,-4.1871,36670142.0
2008-04-21,-4.1453,-3.9207,-4.1614,-3.9328,37112590.0
2008-04-22,-3.9599,-3.9385,-4.2924,-4.2171,51413219.0
2008-04-23,-4.0796,-4.0514,-4.1857,-4.121,53721101.0
2008-04-24,-4.0335,-3.8678,-4.2532,-3.9049,60616273.0
2008-04-25,-3.8421,-3.8278,-3.9949,-3.8767,35445425.0
2008-04-28,-3.876,-3.7332,-3.8982,-3.7871,28114734.0
2008-04-29,-3.8274,-3.6649,-3.8582,-3.6867,32981265.0
2008-04-30,-3.646,-3.5099,-3.7628,-3.726,40697228.0
2008-05-01,-3.6899,-3.5099,-3.6935,-3.5099,32270581.0
2008-05-02,-3.5032,-3.4414,-3.5617,-3.4764,35931418.0
2008-05-05,-3.4414,-3.3203,-3.4724,-3.341,30519889.0
2008-05-06,-3.3435,-3.2557,-3.4321,-3.2721,32816765.0
2008-05-07,-3.2939,-3.2171,-3.4907,-3.4174,41326175.0
2008-05-08,-3.3753,-3.2778,-3.4003,-3.3292,32110148.0
2008-05-09,-3.3971,-3.3582,-3.461,-3.3867,24038245.0
2008-05-12,-3.3239,-3.1932,-3.4082,-3.2185,29263070.0
2008-05-13,-3.2024,-3.101,-3.2292,-3.1542,29401281.0
2008-05-14,-3.1089,-3.0728,-3.311,-3.2864,32743680.0
2008-05-15,-3.2667,-3.1564,-3.3599,-3.1624,31185978.0
2008-05-16,-3.1489,-3.1421,-3.2599,-3.2378,27348837.0
2008-05-19,-3.2292,-3.1996,-3.4635,-3.3814,33796411.0
2008-05-20,-3.4449,-3.2899,-3.5057,-3.2992,34637473.0
2008-05-21,-3.3074,-3.2242,-3.6439,-3.5746,41344865.0
2008-05-22,-3.5364,-3.4624,-3.7957,-3.6153,43105919.0
2008-05-23,-3.4824,-3.4389,-3.5885,-3.4682,32440244.0
2008-05-27,-3.4117,-3.2803,-3.4442,-3.2803,28210871.0
2008-05-28,-3.2453,-3.226,-3.3771,-3.2596,26570641.0
2008-05-29,-3.2685,-3.2171,-3.3135,-3.271,23113799.0
2008-05-30,-3.2439,-3.1692,-3.2464,-3.1974,21792225.0
2008-06-02,-3.2028,-3.1653,-3.3482,-3.2921,24280000.0
2008-06-03,-3.2649,-3.2171,-3.4267,-3.3182,27049567.0
2008-06-04,-3.3664,-3.2567,-3.3946,-3.3246,25981128.0
2008-06-05,-3.2835,-3.1585,-3.3064,-3.1732,26980102.0
2008-06-06,-3.2242,-3.1546,-3.3117,-3.3085,34515075.0
2008-06-09,-3.3389,-3.3335,-3.6617,-3.4524,67442535.0
2008-06-10,-3.4917,-3.2678,-3.5449,-3.3085,40747845.0
2008-06-11,-3.3549,-3.2957,-3.5246,-3.481,34341045.0
2008-06-12,-3.4567,-3.4171,-3.8242,-3.7507,46726115.0
2008-06-13,-3.8085,-3.7185,-4.0346,-3.7824,48069881.0
2008-06-16,-3.8207,-3.5849,-3.9003,-3.6228,37561768.0
2008-06-17,-3.5778,-3.4389,-3.6024,-3.4589,32148419.0
2008-06-18,-3.4699,-3.4314,-3.6046,-3.5546,28980970.0
2008-06-19,-3.5617,-3.4264,-3.6242,-3.4778,28311343.0
2008-06-20,-3.5332,-3.4742,-3.6885,-3.6789,31727397.0
2008-06-23,-3.6978,-3.6571,-3.8114,-3.7542,23072024.0
2008-06-24,-3.7824,-3.6607,-3.8089,-3.751,22216923.0
2008-06-25,-3.7024,-3.5517,-3.7285,-3.6032,23016067.0
2008-06-26,-3.7217,-3.6942,-3.9382,-3.9292,31057440.0
2008-06-27,-3.9917,-3.8467,-4.076,-3.8639,37223115.0
2008-06-30,-3.8603,-3.7957,-3.9878,-3.9585,24440648.0
2008-07-01,-4.0732,-3.6985,-4.0814,-3.6999,39688556.0
2008-07-02,-3.6814,-3.601,-3.9321,-3.9321,29951728.0
2008-07-03,-3.8817,-3.7896,-4.0189,-3.8628,18694175.0
2008-07-07,-3.7542,-3.6124,-3.7992,-3.6828,29299603.0
2008-07-08,-3.6742,-3.5207,-3.7692,-3.526,31738989.0
2008-07-09,-3.5028,-3.4774,-3.7192,-3.7153,32003589.0
2008-07-10,-3.6914,-3.6049,-3.8182,-3.6303,30024547.0
2008-07-11,-3.6717,-3.6132,-3.8314,-3.7749,33214614.0
2008-07-14,-3.5371,-3.5349,-3.7571,-3.7285,31644790.0
2008-07-15,-3.7785,-3.7335,-3.996,-3.8799,37144352.0
2008-07-16,-3.8599,-3.7624,-3.9171,-3.7667,26716567.0
2008-07-17,-3.7207,-3.6892,-3.8174,-3.8024,27054456.0
2008-07-18,-3.9199,-3.8796,-4.0457,-4.0403,31014721.0
2008-07-21,-3.9778,-3.9564,-4.1842,-3.9996,48588195.0
2008-07-22,-4.6171,-4.1257,-4.7053,-4.1521,67128289.0
2008-07-23,-4.046,-3.9253,-4.1685,-4.0007,37920218.0
2008-07-24,-4.0699,-4.0364,-4.2796,-4.2589,29986320.0
2008-07-25,-4.2099,-4.1171,-4.2724,-4.1485,22629822.0
2008-07-28,-4.1407,-4.136,-4.4378,-4.4242,27891235.0
2008-07-29,-4.3882,-4.2439,-4.451,-4.3285,24437215.0
2008-07-30,-4.3035,-4.2067,-4.3642,-4.2285,25902261.0
2008-07-31,-4.3121,-4.1457,-4.3321,-4.2617,22768525.0
2008-08-01,-4.2278,-4.2246,-4.376,-4.3435,19461195.0
2008-08-04,-4.3457,-4.2992,-4.4774,-4.466,21167696.0
2008-08-05,-4.3878,-4.1957,-4.4092,-4.2014,24594669.0
2008-08-06,-4.2253,-3.9599,-4.2957,-4.0746,28266458.0
2008-08-07,-4.1274,-4.0046,-4.1707,-4.0967,24017815.0
2008-08-08,-4.0864,-3.8796,-4.0903,-3.8832,25508020.0
2008-08-11,-3.8646,-3.6349,-3.8789,-3.7399,31832206.0
2008-08-12,-3.7414,-3.5353,-3.7417,-3.6267,29872166.0
2008-08-13,-3.5821,-3.5099,-3.6564,-3.5349,30100786.0
2008-08-14,-3.5696,-3.4939,-3.5871,-3.5342,25403601.0
2008-08-15,-3.5442,-3.5189,-3.6867,-3.6621,25297183.0
2008-08-18,-3.6682,-3.5882,-3.7307,-3.6746,19714732.0
2008-08-19,-3.7049,-3.6146,-3.8024,-3.741,22007236.0
2008-08-20,-3.6967,-3.6192,-3.7382,-3.6585,18111738.0
2008-08-21,-3.7074,-3.6724,-3.7996,-3.7139,19286365.0
2008-08-22,-3.6592,-3.5992,-3.6682,-3.6246,15705673.0
2008-08-25,-3.6474,-3.6446,-3.8078,-3.776,17303450.0
2008-08-26,-3.7685,-3.6928,-3.7739,-3.7371,15920648.0
2008-08-27,-3.7489,-3.6614,-3.7889,-3.7003,17063546.0
2008-08-28,-3.6785,-3.6439,-3.7689,-3.7335,15406578.0
2008-08-29,-3.7614,-3.7421,-3.9014,-3.8839,21405304.0
2008-09-02,-3.7814,-3.7421,-4.0457,-4.0032,27908193.0
2008-09-03,-3.9799,-3.9142,-4.0814,-3.9757,26248117.0
2008-09-04,-4.0149,-3.9417,-4.1953,-4.1807,26578982.0
2008-09-05,-4.2746,-4.1385,-4.3082,-4.2178,28102959.0
2008-09-08,-4.061,-4.0496,-4.5296,-4.2985,37365411.0
2008-09-09,-4.3364,-4.2257,-4.5889,-4.5214,44465156.0
2008-09-10,-4.4985,-4.4032,-4.6242,-4.5239,34761594.0
2008-09-11,-4.6464,-4.4746,-4.7242,-4.4867,34683322.0
2008-09-12,-4.5489,-4.5489,-4.7064,-4.6192,28332372.0
2008-09-15,-4.866,-4.6639,-4.9257,-4.9257,32879787.0
2008-09-16,-5.1578,-4.8492,-5.2189,-4.9428,42851292.0
2008-09-17,-4.9924,-4.9917,-5.3732,-5.3732,42873320.0
2008-09-18,-5.2753,-5.1017,-5.6285,-5.1496,59866187.0
2008-09-19,-4.8457,-4.7885,-5.0703,-4.906,51134048.0
2008-09-22,-4.9407,-4.9296,-5.2721,-5.2582,30596882.0
2008-09-23,-5.2296,-5.0885,-5.4149,-5.4085,45827195.0
2008-09-24,-5.3932,-5.2617,-5.4689,-5.3417,37405903.0
2008-09-25,-5.3028,-5.1246,-5.3485,-5.2267,35930140.0
2008-09-26,-5.4774,-5.3028,-5.5457,-5.3585,40230348.0
2008-09-29,-5.6664,-5.6642,-6.346,-6.1792,93644809.0
2008-09-30,-6.0724,-5.8314,-6.1421,-5.8792,58133772.0
2008-10-01,-5.9414,-5.9257,-6.1032,-6.0414,46335451.0
2008-10-02,-6.081,-6.0532,-6.3671,-6.3635,57518522.0
2008-10-03,-6.2242,-6.1349,-6.5582,-6.4717,82140284.0
2008-10-06,-6.6542,-6.4107,-6.8121,-6.4335,75279639.0
2008-10-07,-6.3499,-6.3135,-6.7617,-6.7542,67205977.0
2008-10-08,-6.8703,-6.4982,-6.8785,-6.7317,78903010.0
2008-10-09,-6.6046,-6.5171,-6.8457,-6.7692,57792499.0
2008-10-10,-6.8778,-6.3671,-6.9028,-6.4814,79296481.0
2008-10-13,-6.2046,-5.991,-6.3307,-6.0007,55017170.0
2008-10-14,-5.7864,-5.7814,-6.2549,-6.2214,70799596.0
2008-10-15,-6.2299,-6.1171,-6.4424,-6.4403,56577695.0
2008-10-16,-6.3753,-6.2446,-6.6621,-6.2996,70732875.0
2008-10-17,-6.3814,-6.2942,-6.8714,-6.4599,62969711.0
2008-10-20,-6.3749,-6.366,-6.5942,-6.4228,55327434.0
2008-10-21,-6.476,-6.4421,-6.6828,-6.671,78344909.0
2008-10-22,-6.461,-6.3224,-6.6196,-6.4789,80314583.0
2008-10-23,-6.4917,-6.3939,-6.6564,-6.4303,59836774.0
2008-10-24,-6.7124,-6.4421,-6.7203,-6.4964,56787793.0
2008-10-27,-6.5432,-6.4517,-6.6578,-6.6496,43192456.0
2008-10-28,-6.5303,-6.3492,-6.6396,-6.3703,58418200.0
2008-10-29,-6.3364,-6.0264,-6.3692,-6.2046,69761344.0
2008-10-30,-6.0732,-5.9317,-6.0953,-5.9728,58503130.0
2008-10-31,-6.1028,-5.9821,-6.1835,-6.096,59291831.0
2008-11-03,-6.1553,-6.0421,-6.1935,-6.1185,37801380.0
2008-11-04,-6.0103,-5.946,-6.1289,-5.9746,49998779.0
2008-11-05,-6.0489,-6.0199,-6.2603,-6.2492,44915163.0
2008-11-06,-6.3296,-6.2678,-6.4385,-6.3992,47129942.0
2008-11-07,-6.3942,-6.3724,-6.5199,-6.4299,39129879.0
2008-11-10,-6.361,-6.3528,-6.5635,-6.5142,40210214.0
2008-11-11,-6.5524,-6.4682,-6.6435,-6.5539,43749871.0
2008-11-12,-6.6374,-6.6085,-6.7239,-6.7199,42104581.0
2008-11-13,-6.7289,-6.4942,-6.8664,-6.4942,66262918.0
2008-11-14,-6.5899,-6.5817,-6.7242,-6.7157,50188530.0
2008-11-17,-6.7785,-6.7046,-6.8221,-6.7907,41532997.0
2008-11-18,-6.7371,-6.6889,-6.8364,-6.7274,43226932.0
2008-11-19,-6.7442,-6.6678,-6.8596,-6.8567,41866901.0
2008-11-20,-6.8942,-6.851,-7.0814,-7.0639,61312137.0
2008-11-21,-7.0124,-6.9342,-7.1121,-6.9892,56056064.0
2008-11-24,-6.8953,-6.5532,-6.9085,-6.6189,51524734.0
2008-11-25,-6.5589,-6.556,-6.7899,-6.6957,44127030.0
2008-11-26,-6.7271,-6.5367,-6.7296,-6.5457,32160801.0
2008-11-28,-6.5564,-6.5542,-6.6578,-6.6289,10757337.0
2008-12-01,-6.6778,-6.6432,-6.7628,-6.7624,33005789.0
2008-12-02,-6.7232,-6.6296,-6.8492,-6.636,41050587.0
2008-12-03,-6.7457,-6.5017,-6.7671,-6.5135,47864908.0
2008-12-04,-6.566,-6.5382,-6.7578,-6.6739,38988771.0
2008-12-05,-6.7117,-6.5639,-6.7649,-6.5814,37300120.0
2008-12-08,-6.4642,-6.3385,-6.5171,-6.3771,42346166.0
2008-12-09,-6.4371,-6.2385,-6.4667,-6.3649,43004198.0
2008-12-10,-6.4432,-6.3853,-6.4921,-6.431,33517137.0
2008-12-11,-6.4617,-6.3228,-6.5517,-6.5457,37260007.0
2008-12-12,-6.6242,-6.4028,-6.6339,-6.4289,37243348.0
2008-12-15,-6.5103,-6.5024,-6.6171,-6.5546,31858968.0
2008-12-16,-6.5821,-6.4928,-6.626,-6.5303,40159758.0
2008-12-17,-6.6874,-6.6849,-6.7949,-6.7542,46432736.0
2008-12-18,-6.7489,-6.6946,-6.7799,-6.7446,30633639.0
2008-12-19,-6.7264,-6.6907,-6.7671,-6.7242,29105844.0
2008-12-22,-6.7235,-6.7232,-6.9139,-6.8764,30182216.0
2008-12-23,-6.836,-6.8003,-6.8707,-6.8535,22917026.0
2008-12-24,-6.8621,-6.8582,-6.9189,-6.9014,9694994.0
2008-12-26,-6.8442,-6.8164,-6.8942,-6.8739,11043071.0
2008-12-29,-6.8485,-6.8092,-6.9003,-6.8453,24567225.0
2008-12-30,-6.8164,-6.7939,-6.9128,-6.8567,34579620.0
2008-12-31,-6.8682,-6.8049,-6.8907,-6.8903,21715763.0
2009-01-02,-6.8714,-6.6871,-6.8971,-6.6974,26964210.0
2009-01-05,-6.611,-6.5035,-6.6274,-6.5607,42458779.0
2009-01-06,-6.5117,-6.4682,-6.6389,-6.6164,46149129.0
2009-01-07,-6.6596,-6.6349,-6.7149,-6.6882,27042958.0
2009-01-08,-6.7089,-6.6117,-6.7228,-6.6278,24052284.0
2009-01-09,-6.6096,-6.6035,-6.7192,-6.7035,19635107.0
2009-01-12,-6.7078,-6.6889,-6.8117,-6.7721,22075734.0
2009-01-13,-6.7871,-6.7335,-6.8546,-6.806,28532683.0
2009-01-14,-6.8585,-6.8224,-6.9128,-6.891,38285202.0
2009-01-15,-7.061,-6.9342,-7.0796,-6.9607,65829770.0
2009-01-16,-6.9278,-6.9249,-7.0671,-6.9982,37445787.0
2009-01-20,-7.0124,-7.0099,-7.1457,-7.1457,32886821.0
2009-01-21,-7.1032,-6.9785,-7.106,-6.9803,39287517.0
2009-01-22,-6.7942,-6.7242,-6.8735,-6.7828,50340261.0
2009-01-23,-6.8378,-6.7289,-6.8492,-6.7828,27277482.0
2009-01-26,-6.7649,-6.6896,-6.7849,-6.7371,24979122.0
2009-01-27,-6.7174,-6.6689,-6.7335,-6.6982,22090209.0
2009-01-28,-6.6485,-6.5457,-6.6707,-6.5742,31385983.0
2009-01-29,-6.6139,-6.5692,-6.6314,-6.6171,21185715.0
2009-01-30,-6.6314,-6.5949,-6.7239,-6.7196,23279341.0
2009-02-02,-6.7564,-6.6528,-6.7635,-6.6703,19943336.0
2009-02-03,-6.6557,-6.6035,-6.7142,-6.6178,21408688.0
2009-02-04,-6.6092,-6.501,-6.6135,-6.5974,28871894.0
2009-02-05,-6.6253,-6.4653,-6.6307,-6.4935,26764791.0
2009-02-06,-6.4735,-6.3671,-6.4742,-6.3771,24540631.0
2009-02-09,-6.3671,-6.2599,-6.3849,-6.2774,25535704.0
2009-02-10,-6.3196,-6.2774,-6.4721,-6.4446,30332806.0
2009-02-11,-6.4967,-6.4274,-6.5182,-6.4807,24110999.0
2009-02-12,-6.516,-6.376,-6.516,-6.3932,29190809.0
2009-02-13,-6.4032,-6.3692,-6.4342,-6.3971,21752370.0
2009-02-17,-6.4789,-6.4728,-6.5714,-6.5624,24222626.0
2009-02-18,-6.5439,-6.5153,-6.6271,-6.5682,24448863.0
2009-02-19,-6.6039,-6.5724,-6.7203,-6.7014,32957221.0
2009-02-20,-6.7457,-6.6385,-6.7599,-6.6814,26796442.0
2009-02-23,-6.6653,-6.6528,-6.8489,-6.8332,28106145.0
2009-02-24,-6.8157,-6.6924,-6.8314,-6.7153,28824737.0
2009-02-25,-6.7292,-6.6199,-6.751,-6.6828,29761143.0
2009-02-26,-6.6528,-6.6199,-6.7614,-6.7532,22501991.0
2009-02-27,-6.7982,-6.6778,-6.8074,-6.7489,25240864.0
2009-03-02,-6.7914,-6.6814,-6.8074,-6.7978,27534710.0
2009-03-03,-6.7624,-6.6978,-6.7999,-6.7824,25869274.0
2009-03-04,-6.7178,-6.6253,-6.7439,-6.6824,26483089.0
2009-03-05,-6.7078,-6.6574,-6.7796,-6.7657,25246234.0
2009-03-06,-6.7835,-6.7814,-6.9982,-6.8921,36112366.0
2009-03-09,-6.9321,-6.8099,-6.9896,-6.9703,24945622.0
2009-03-10,-6.9074,-6.7539,-6.9257,-6.7735,30160893.0
2009-03-11,-6.731,-6.5789,-6.7392,-6.6285,30242322.0
2009-03-12,-6.6207,-6.4892,-6.6528,-6.4974,27457620.0
2009-03-13,-6.4992,-6.4671,-6.5453,-6.5124,21474296.0
2009-03-16,-6.491,-6.4603,-6.5749,-6.5307,28483820.0
2009-03-17,-6.5371,-6.3782,-6.5432,-6.3792,28143586.0
2009-03-18,-6.3703,-6.2428,-6.3771,-6.3128,28435765.0
2009-03-19,-6.301,-6.2528,-6.3582,-6.3092,17868495.0
2009-03-20,-6.2924,-6.256,-6.3467,-6.3103,24846589.0
2009-03-23,-6.2703,-6.0757,-6.3046,-6.0935,23805871.0
2009-03-24,-6.1399,-6.0299,-6.1749,-6.1349,22979535.0
2009-03-25,-6.0964,-6.0685,-6.2292,-6.1353,23094698.0
2009-03-26,-6.0874,-6.0107,-6.0964,-6.0146,22008968.0
2009-03-27,-6.0732,-6.0624,-6.1385,-6.1224,17608669.0
2009-03-30,-6.206,-6.1882,-6.2739,-6.2067,17959335.0
2009-03-31,-6.1724,-6.101,-6.1885,-6.1842,20359987.0
2009-04-01,-6.221,-6.0457,-6.2282,-6.0567,21056938.0
2009-04-02,-6.0049,-5.8403,-6.0178,-5.9132,29013066.0
2009-04-03,-5.8603,-5.791,-5.8842,-5.796,22726609.0
2009-04-06,-5.8335,-5.6974,-5.8928,-5.7082,23502232.0
2009-04-07,-5.7767,-5.7717,-5.8603,-5.8314,19170924.0
2009-04-08,-5.816,-5.7674,-5.8464,-5.7842,16272481.0
2009-04-09,-5.7092,-5.6528,-5.7257,-5.6682,18962010.0
2009-04-13,-5.6524,-5.6178,-5.6885,-5.6449,13909579.0
2009-04-14,-5.6682,-5.6467,-5.751,-5.7132,16241275.0
2009-04-15,-5.7528,-5.7153,-5.8042,-5.7371,14750970.0
2009-04-16,-5.6817,-5.5403,-5.696,-5.601,21199366.0
2009-04-17,-5.6107,-5.501,-5.6439,-5.5307,17774382.0
2009-04-20,-5.591,-5.546,-5.6828,-5.6349,16666217.0
2009-04-21,-5.6924,-5.5764,-5.7028,-5.5899,16810144.0
2009-04-22,-5.5589,-5.4617,-5.6099,-5.5989,33527396.0
2009-04-23,-5.4164,-5.3957,-5.5274,-5.4599,33755599.0
2009-04-24,-5.4871,-5.4692,-5.5467,-5.5135,19319523.0
2009-04-27,-5.5492,-5.4742,-5.5578,-5.4839,17171919.0
2009-04-28,-5.5332,-5.431,-5.5364,-5.5135,16280594.0
2009-04-29,-5.4796,-5.4082,-5.516,-5.4692,16366365.0
2009-04-30,-5.4307,-5.4028,-5.4771,-5.4446,17803154.0
2009-05-01,-5.4457,-5.3689,-5.4457,-5.3942,14199605.0
2009-05-04,-5.3585,-5.2153,-5.3785,-5.2217,21770742.0
2009-05-05,-5.2332,-5.1935,-5.2557,-5.1989,14228616.0
2009-05-06,-5.1767,-5.1707,-5.2878,-5.2064,16915788.0
2009-05-07,-5.2124,-5.2103,-5.3707,-5.3292,18996275.0
2009-05-08,-5.3299,-5.2517,-5.4292,-5.3246,16715152.0
2009-05-11,-5.3896,-5.2614,-5.3985,-5.311,14452181.0
2009-05-12,-5.3114,-5.306,-5.5367,-5.4949,21757209.0
2009-05-13,-5.5382,-5.5092,-5.6749,-5.671,21268988.0
2009-05-14,-5.6607,-5.5267,-5.6635,-5.5474,15994155.0
2009-05-15,-5.5699,-5.4878,-5.5953,-5.5664,13125520.0
2009-05-18,-5.5196,-5.4135,-5.5967,-5.4153,16394068.0
2009-05-19,-5.4092,-5.3203,-5.4478,-5.3867,13290807.0
2009-05-20,-5.3803,-5.3239,-5.4635,-5.4432,13884031.0
2009-05-21,-5.4689,-5.4107,-5.5496,-5.5035,14574744.0
2009-05-22,-5.5082,-5.5035,-5.5903,-5.5635,10645315.0
2009-05-26,-5.4828,-5.266,-5.4903,-5.2678,22727040.0
2009-05-27,-5.2321,-5.1178,-5.2632,-5.1867,23104100.0
2009-05-28,-5.1724,-5.1032,-5.2232,-5.1146,17409624.0
2009-05-29,-5.1032,-5.0849,-5.1582,-5.0882,16309086.0
2009-06-01,-5.0646,-4.9389,-5.0814,-4.9617,16165868.0
2009-06-02,-4.9746,-4.8907,-4.9974,-4.9567,16289927.0
2009-06-03,-4.9385,-4.8989,-4.9717,-4.9046,20184645.0
2009-06-04,-4.9339,-4.7892,-4.9371,-4.8049,19561246.0
2009-06-05,-4.7489,-4.7099,-4.8239,-4.7717,22596982.0
2009-06-08,-4.8021,-4.7874,-4.9589,-4.801,33270765.0
2009-06-09,-4.8024,-4.7757,-4.9189,-4.8414,24169551.0
2009-06-10,-4.8571,-4.8546,-4.9992,-4.9296,24599561.0
2009-06-11,-4.9546,-4.8828,-4.9903,-4.9403,18738620.0
2009-06-12,-4.981,-4.9707,-5.0799,-5.0467,20110176.0
2009-06-15,-5.081,-5.0482,-5.121,-5.0782,19280038.0
2009-06-16,-5.0578,-4.9932,-5.0778,-5.0689,18385691.0
2009-06-17,-5.0574,-5.0296,-5.1339,-5.0964,20404246.0
2009-06-18,-5.0774,-5.0099,-5.096,-5.0857,15268069.0
2009-06-19,-5.0074,-4.9564,-5.0492,-4.9571,25780518.0
2009-06-22,-4.9146,-4.8828,-5.0696,-5.0324,22659036.0
2009-06-23,-5.0671,-5.0474,-5.1928,-5.1524,25226770.0
2009-06-24,-5.1021,-5.0278,-5.1221,-5.0735,17338233.0
2009-06-25,-5.0903,-4.9314,-5.1096,-4.9435,21059298.0
2009-06-26,-4.946,-4.8114,-4.9478,-4.8514,15695426.0
2009-06-29,-4.8149,-4.7974,-4.8835,-4.8682,20273057.0
2009-06-30,-4.8464,-4.8028,-4.8742,-4.8517,15508920.0
2009-07-01,-4.8135,-4.7721,-4.8485,-4.8374,14794889.0
2009-07-02,-4.8939,-4.8374,-4.946,-4.9378,13236264.0
2009-07-06,-4.9849,-4.9746,-5.0724,-4.9882,17803745.0
2009-07-07,-4.9928,-4.9499,-5.1107,-5.1028,16488859.0
2009-07-08,-5.0842,-5.0085,-5.1378,-5.0378,20568564.0
2009-07-09,-5.0185,-5.0103,-5.0839,-5.0685,12254847.0
2009-07-10,-5.0692,-4.9753,-5.0699,-4.9914,15901347.0
2009-07-13,-4.9549,-4.8549,-5.0267,-4.8549,17276082.0
2009-07-14,-4.866,-4.8249,-4.8971,-4.8574,12408693.0
2009-07-15,-4.7585,-4.6885,-4.7842,-4.6928,17337629.0
2009-07-16,-4.7328,-4.6521,-4.7396,-4.6699,14055385.0
2009-07-17,-4.6142,-4.5092,-4.6303,-4.5189,21490313.0
2009-07-20,-4.4646,-4.4017,-4.5496,-4.4774,26238227.0
2009-07-21,-4.4639,-4.4589,-4.5903,-4.5274,31216353.0
2009-07-22,-4.3032,-4.2696,-4.3632,-4.3407,31213703.0
2009-07-23,-4.3446,-4.2799,-4.3828,-4.3021,18817444.0
2009-07-24,-4.3332,-4.2242,-4.3492,-4.2249,15653102.0
2009-07-27,-4.2182,-4.1928,-4.3221,-4.2207,15475101.0
2009-07-28,-4.2642,-4.2207,-4.3099,-4.2242,12982446.0
2009-07-29,-4.2635,-4.2082,-4.2867,-4.2232,13656318.0
2009-07-30,-4.1635,-4.0557,-4.1707,-4.1246,16768270.0
2009-07-31,-4.1174,-4.0457,-4.1203,-4.1032,15096136.0
2009-08-03,-4.0382,-3.9871,-4.0503,-3.9946,14075832.0
2009-08-04,-4.0482,-4.0253,-4.0739,-4.026,14086212.0
2009-08-05,-4.0189,-3.9603,-4.0739,-4.0417,14743654.0
2009-08-06,-4.0249,-3.9917,-4.1139,-4.0846,12176266.0
2009-08-07,-4.0282,-3.9885,-4.0528,-4.0274,13813876.0
2009-08-10,-4.0221,-3.9885,-4.0935,-4.0557,10712965.0
2009-08-11,-4.0924,-4.0678,-4.1571,-4.1232,12673536.0
2009-08-12,-4.1332,-3.9846,-4.1364,-4.0346,15845009.0
2009-08-13,-3.9867,-3.9146,-3.9921,-3.9235,15687899.0
2009-08-14,-3.9407,-3.9303,-4.0267,-3.9821,10905474.0
2009-08-17,-4.0974,-4.096,-4.2449,-4.2389,18638915.0
2009-08-18,-4.166,-4.0728,-4.1739,-4.0814,15138421.0
2009-08-19,-4.126,-4.0349,-4.1367,-4.0599,14706802.0
2009-08-20,-4.0464,-3.9842,-4.0596,-3.9982,12194282.0
2009-08-21,-3.951,-3.8896,-3.9814,-3.8949,14803147.0
2009-08-24,-3.8628,-3.8417,-3.9289,-3.9007,14497546.0
2009-08-25,-3.8864,-3.8335,-3.8982,-3.8885,11535594.0
2009-08-26,-3.9057,-3.8832,-3.9828,-3.9596,10817683.0
2009-08-27,-3.9117,-3.8824,-4.0517,-3.8867,15971201.0
2009-08-28,-3.786,-3.7782,-3.9196,-3.8653,16177947.0
2009-08-31,-3.9328,-3.9082,-3.9921,-3.931,11090367.0
2009-09-01,-3.9389,-3.8671,-4.0478,-4.0349,16714537.0
2009-09-02,-4.0592,-3.9524,-4.0774,-4.0392,12995417.0
2009-09-03,-3.9942,-3.9707,-4.0457,-3.9903,10485845.0
2009-09-04,-3.9646,-3.8421,-3.971,-3.856,13379522.0
2009-09-07,-3.9642,-3.8421,-3.971,-3.856,13379522.0
2009-09-08,-3.7607,-3.7549,-3.7957,-3.7624,11212247.0
2009-09-09,-3.7678,-3.7074,-3.8778,-3.8264,28922118.0
2009-09-10,-3.7935,-3.751,-3.8382,-3.7757,17512842.0
2009-09-11,-3.7632,-3.7535,-3.836,-3.7899,12440163.0
2009-09-14,-3.8374,-3.7278,-3.8582,-3.7342,11468073.0
2009-09-15,-3.7228,-3.6653,-3.7389,-3.6828,14791179.0
2009-09-16,-3.5817,-3.4117,-3.5857,-3.4432,26486534.0
2009-09-17,-3.4392,-3.2674,-3.4396,-3.3474,28945041.0
2009-09-18,-3.3017,-3.276,-3.3399,-3.3307,21428926.0
2009-09-21,-3.3567,-3.3257,-3.4521,-3.3664,15615327.0
2009-09-22,-3.3246,-3.3178,-3.4082,-3.3499,12326115.0
2009-09-23,-3.3171,-3.1921,-3.3303,-3.3135,21117031.0
2009-09-24,-3.2528,-3.2349,-3.411,-3.3735,19665619.0
2009-09-25,-3.4382,-3.3135,-3.4585,-3.4253,15889632.0
2009-09-28,-3.3717,-3.2714,-3.391,-3.2903,12022252.0
2009-09-29,-3.2696,-3.2457,-3.356,-3.3178,12073165.0
2009-09-30,-3.291,-3.2796,-3.4167,-3.3189,19224259.0
2009-10-01,-3.3189,-3.2878,-3.4849,-3.4792,18623859.0
2009-10-02,-3.4596,-3.2978,-3.4617,-3.3349,19733997.0
2009-10-05,-3.2885,-3.2649,-3.3574,-3.2949,14993553.0
2009-10-06,-3.2335,-3.1524,-3.2492,-3.1524,21555413.0
2009-10-07,-3.1614,-3.1332,-3.1874,-3.1439,16569591.0
2009-10-08,-3.1292,-3.101,-3.1924,-3.1789,15611727.0
2009-10-09,-3.1896,-3.1278,-3.2021,-3.136,10455953.0
2009-10-12,-3.1164,-3.0989,-3.1657,-3.1239,10277893.0
2009-10-13,-3.1303,-3.111,-3.1635,-3.1521,12288749.0
2009-10-14,-3.0724,-3.0699,-3.1446,-3.1067,13389808.0
2009-10-15,-3.166,-3.1199,-3.1696,-3.1328,13235766.0
2009-10-16,-3.176,-3.1399,-3.2299,-3.2224,15272590.0
2009-10-19,-3.2296,-3.1528,-3.3117,-3.1578,29067314.0
2009-10-20,-2.7753,-2.7332,-2.8724,-2.8399,40422307.0
2009-10-21,-2.8128,-2.4846,-2.8232,-2.6199,42504633.0
2009-10-22,-2.6278,-2.5153,-2.706,-2.6099,28194635.0
2009-10-23,-2.5921,-2.5885,-2.6803,-2.6549,14995366.0
2009-10-26,-2.6646,-2.5546,-2.7921,-2.7071,17186371.0
2009-10-27,-2.7364,-2.6953,-2.9224,-2.8896,26912966.0
2009-10-28,-2.8774,-2.8664,-3.1135,-3.0671,29111359.0
2009-10-29,-2.9742,-2.9096,-3.0764,-2.926,20309245.0
2009-10-30,-2.9364,-2.9099,-3.2932,-3.2064,25501871.0
2009-11-02,-3.1599,-3.0499,-3.311,-3.1796,23184989.0
2009-11-03,-3.2296,-3.1699,-3.2985,-3.2028,17344394.0
2009-11-04,-3.1267,-3.0153,-3.1446,-3.1146,16039007.0
2009-11-05,-3.0671,-2.9742,-3.0878,-3.0299,12268079.0
2009-11-06,-3.0632,-2.9674,-3.0671,-3.0082,9732086.0
2009-11-09,-2.9049,-2.7521,-2.9292,-2.7664,16931806.0
2009-11-10,-2.7592,-2.6178,-2.7596,-2.7082,13253783.0
2009-11-11,-2.6328,-2.6171,-2.7303,-2.681,14981910.0
2009-11-12,-2.6835,-2.6217,-2.7446,-2.7346,11361095.0
2009-11-13,-2.6932,-2.6232,-2.7217,-2.641,10991352.0
2009-11-16,-2.5999,-2.5099,-2.6167,-2.5692,15121476.0
2009-11-17,-2.5785,-2.5299,-2.6171,-2.5757,12705298.0
2009-11-18,-2.5621,-2.5457,-2.6528,-2.6032,12111850.0
2009-11-19,-2.631,-2.631,-2.8028,-2.7592,17639725.0
2009-11-20,-2.826,-2.7817,-2.8757,-2.7971,12970850.0
2009-11-23,-2.6885,-2.6014,-2.6903,-2.6214,15057401.0
2009-11-24,-2.6053,-2.5857,-2.6921,-2.6389,10121553.0
2009-11-25,-2.6028,-2.5939,-2.6589,-2.6499,9177958.0
2009-11-27,-2.8235,-2.6899,-2.8539,-2.7746,10540899.0
2009-11-30,-2.756,-2.7357,-2.8396,-2.7799,13338072.0
2009-12-01,-2.7157,-2.6967,-2.8121,-2.8014,12395372.0
2009-12-02,-2.8328,-2.7449,-2.9474,-2.921,22393211.0
2009-12-03,-2.8878,-2.8321,-2.9289,-2.8953,14290900.0
2009-12-04,-2.8064,-2.7999,-3.1428,-3.0278,27970512.0
2009-12-07,-3.0342,-3.0182,-3.1999,-3.1839,23456956.0
2009-12-08,-3.1757,-3.0689,-3.1992,-3.1521,23164530.0
2009-12-09,-3.1071,-2.8971,-3.1417,-2.8982,21274853.0
2009-12-10,-2.8135,-2.8064,-2.9342,-2.9217,16073135.0
2009-12-11,-2.8749,-2.8671,-3.0278,-2.9878,13653220.0
2009-12-14,-2.961,-2.8874,-3.0614,-2.9146,15167115.0
2009-12-15,-2.9446,-2.8846,-3.036,-3.0249,13619905.0
2009-12-16,-2.9707,-2.9207,-2.9903,-2.9796,10939589.0
2009-12-17,-3.0007,-2.9742,-3.0849,-3.0696,11963217.0
2009-12-18,-3.0396,-2.9696,-3.0599,-2.9732,18178063.0
2009-12-21,-2.9367,-2.8046,-2.9503,-2.8607,20839514.0
2009-12-22,-2.8157,-2.7653,-2.8435,-2.7932,11285607.0
2009-12-23,-2.751,-2.7107,-2.7667,-2.721,11480733.0
2009-12-24,-2.6689,-2.4617,-2.676,-2.4728,17884651.0
2009-12-28,-2.3771,-2.2974,-2.4524,-2.3903,21405091.0
2009-12-29,-2.3446,-2.3414,-2.481,-2.4721,14643342.0
2009-12-30,-2.4803,-2.3746,-2.4989,-2.3846,13233402.0
2009-12-31,-2.3267,-2.3189,-2.4185,-2.4099,10726954.0
2010-01-04,-2.316,-2.2778,-2.3535,-2.2882,16137968.0
2010-01-05,-2.2742,-2.2389,-2.3224,-2.2889,20494531.0
2010-01-06,-2.2821,-2.2517,-2.401,-2.3949,17732950.0
2010-01-07,-2.376,-2.3671,-2.4724,-2.4374,15649371.0
2010-01-08,-2.4278,-2.3746,-2.4721,-2.3807,14369803.0
2010-01-11,-2.3385,-2.3314,-2.4939,-2.4289,15225556.0
2010-01-12,-2.4674,-2.4467,-2.5664,-2.5499,19590155.0
2010-01-13,-2.5146,-2.4053,-2.6492,-2.4142,20042347.0
2010-01-14,-2.4346,-2.4221,-2.4735,-2.451,14210536.0
2010-01-15,-2.4053,-2.3814,-2.5764,-2.5728,18764539.0
2010-01-19,-2.4982,-2.2571,-2.5371,-2.2646,23823993.0
2010-01-20,-2.2632,-2.2403,-2.4564,-2.3846,20420762.0
2010-01-21,-2.3642,-2.3203,-2.5382,-2.4946,19302617.0
2010-01-22,-2.5535,-2.5278,-2.8935,-2.8857,27632123.0
2010-01-25,-2.706,-2.6278,-2.7889,-2.6617,30110141.0
2010-01-26,-2.5832,-2.306,-2.7035,-2.5964,63398681.0
2010-01-27,-2.551,-2.4178,-2.8124,-2.5103,58476580.0
2010-01-28,-2.6196,-2.5992,-2.8421,-2.7939,38940301.0
2010-01-29,-2.7571,-2.7171,-3.1439,-3.0539,41446941.0
2010-02-01,-3.0682,-2.9385,-3.1064,-2.9935,25007904.0
2010-02-02,-2.9417,-2.9271,-3.0321,-2.9435,24933416.0
2010-02-03,-2.9682,-2.7885,-2.9949,-2.8232,21960068.0
2010-02-04,-2.9124,-2.8539,-3.0967,-3.0796,27038037.0
2010-02-05,-3.0592,-2.9385,-3.1224,-2.9578,30351714.0
2010-02-08,-2.9496,-2.8714,-3.0099,-3.0057,17038514.0
2010-02-09,-2.9235,-2.8849,-2.9832,-2.9317,22598287.0
2010-02-10,-2.9424,-2.9171,-3.0007,-2.9699,13182384.0
2010-02-11,-2.9785,-2.8046,-3.0078,-2.8432,19497034.0
2010-02-12,-2.8632,-2.7371,-2.9564,-2.7821,22973301.0
2010-02-16,-2.7264,-2.6639,-2.7414,-2.6742,19364754.0
2010-02-17,-2.646,-2.6417,-2.7649,-2.7046,15524086.0
2010-02-18,-2.7374,-2.6567,-2.7628,-2.691,14996822.0
2010-02-19,-2.7292,-2.6814,-2.756,-2.736,14825016.0
2010-02-22,-2.7121,-2.7064,-2.8246,-2.7807,13940237.0
2010-02-23,-2.7957,-2.7482,-2.9489,-2.9007,20528061.0
2010-02-24,-2.8589,-2.7442,-2.8728,-2.7721,16428643.0
2010-02-25,-2.8892,-2.6935,-2.9067,-2.7242,23733065.0
2010-02-26,-2.7107,-2.611,-2.7242,-2.6307,18078289.0
2010-03-01,-2.5903,-2.4564,-2.601,-2.4746,19606818.0
2010-03-02,-2.441,-2.4089,-2.5192,-2.4796,20208319.0
2010-03-03,-2.4764,-2.4432,-2.5121,-2.4624,13258018.0
2010-03-04,-2.4642,-2.4057,-2.4874,-2.4132,12792635.0
2010-03-05,-2.2621,-2.0921,-2.2732,-2.1189,32066941.0
2010-03-08,-2.081,-2.0782,-2.1439,-2.1142,15327179.0
2010-03-09,-2.1417,-1.9028,-2.1567,-1.9735,32837405.0
2010-03-10,-1.9446,-1.8857,-1.9671,-1.9085,21265741.0
2010-03-11,-1.9417,-1.8849,-1.9628,-1.8849,14441396.0
2010-03-12,-1.8182,-1.8053,-1.876,-1.8457,14825808.0
2010-03-15,-1.8892,-1.8849,-2.0724,-1.9442,17575582.0
2010-03-16,-1.9321,-1.9035,-1.9917,-1.9224,15944477.0
2010-03-17,-1.9064,-1.851,-1.9646,-1.9342,16076915.0
2010-03-18,-1.9349,-1.9028,-1.9882,-1.9153,12169801.0
2010-03-19,-1.9103,-1.8942,-2.0374,-2.001,19955124.0
2010-03-22,-2.0646,-1.8671,-2.076,-1.9117,16263453.0
2010-03-23,-1.8799,-1.7678,-1.9349,-1.7828,21487200.0
2010-03-24,-1.8085,-1.7171,-1.8132,-1.7467,21348547.0
2010-03-25,-1.6914,-1.6896,-1.8582,-1.8439,19360045.0
2010-03-26,-1.7617,-1.6546,-1.776,-1.6921,22858329.0
2010-03-29,-1.6171,-1.586,-1.6664,-1.6389,18907825.0
2010-03-30,-1.4885,-1.4571,-1.5724,-1.5157,18762297.0
2010-03-31,-1.5282,-1.4882,-1.5649,-1.5457,15352691.0
2010-04-01,-1.4567,-1.4124,-1.626,-1.511,21514577.0
2010-04-05,-1.5467,-1.4203,-1.5539,-1.421,24345651.0
2010-04-06,-1.4314,-1.3585,-1.4742,-1.3835,15924750.0
2010-04-07,-1.3771,-1.2985,-1.4149,-1.3457,22419797.0
2010-04-08,-1.3514,-1.3121,-1.4371,-1.3689,20448486.0
2010-04-09,-1.316,-1.2996,-1.3507,-1.3032,11922310.0
2010-04-12,-1.2885,-1.2574,-1.3024,-1.2853,11892931.0
2010-04-13,-1.3007,-1.2671,-1.3274,-1.2803,10890658.0
2010-04-14,-1.1785,-1.1596,-1.2217,-1.1639,14411290.0
2010-04-15,-1.1607,-1.0446,-1.1703,-1.0485,13452315.0
2010-04-16,-1.061,-0.9692,-1.2046,-1.1028,26803796.0
2010-04-19,-1.116,-1.0853,-1.3039,-1.1146,20241493.0
2010-04-20,-1.0621,-1.0367,-1.2614,-1.2032,26297345.0
2010-04-21,-0.696,-0.6439,-0.8053,-0.6807,35082638.0
2010-04-22,-0.7157,-0.4117,-0.7885,-0.4217,28328795.0
2010-04-23,-0.3674,-0.2178,-0.4028,-0.266,28457569.0
2010-04-26,-0.2285,-0.2078,-0.3603,-0.3135,17107636.0
2010-04-27,-0.3932,-0.3728,-0.6342,-0.5799,25330299.0
2010-04-28,-0.5367,-0.5099,-0.781,-0.5957,27077046.0
2010-04-29,-0.5449,-0.2957,-0.581,-0.3442,19952965.0
2010-04-30,-0.3203,-0.2753,-0.6171,-0.6139,19373668.0
2010-05-03,-0.5157,-0.3714,-0.5499,-0.426,16224205.0
2010-05-04,-0.5496,-0.5353,-0.7689,-0.6999,25840419.0
2010-05-05,-0.9017,-0.7192,-1.0553,-0.796,31523334.0
2010-05-06,-0.8732,-0.7153,-2.8224,-1.1439,45901563.0
2010-05-07,-1.2346,-1.1324,-1.8953,-1.5149,59857756.0
2010-05-10,-1.0014,-0.8439,-1.0624,-0.8674,35139516.0
2010-05-11,-0.9442,-0.6567,-0.9921,-0.7771,30363502.0
2010-05-12,-0.6796,-0.541,-0.6992,-0.5782,23366926.0
2010-05-13,-0.5378,-0.4742,-0.7814,-0.7114,21402707.0
2010-05-14,-0.8257,-0.7785,-1.0278,-0.8735,27120051.0
2010-05-17,-0.8421,-0.7892,-1.0917,-0.8592,27238638.0
2010-05-18,-0.7607,-0.7046,-1.0007,-0.9257,27931617.0
2010-05-19,-1.0278,-0.9057,-1.1939,-1.0692,36627466.0
2010-05-20,-1.2999,-1.2296,-1.5024,-1.4471,45799626.0
2010-05-21,-1.6235,-1.2064,-1.676,-1.2842,43710965.0
2010-05-24,-1.1071,-0.9778,-1.1435,-1.1257,26929259.0
2010-05-25,-1.3903,-1.1257,-1.4685,-1.1807,37417361.0
2010-05-26,-1.0071,-0.9339,-1.2332,-1.2203,30364211.0
2010-05-27,-0.9885,-0.871,-1.0417,-0.8903,23783290.0
2010-05-28,-0.6746,-0.6742,-0.8903,-0.7642,29129031.0
2010-06-01,-0.6639,-0.4407,-0.6899,-0.6232,31286065.0
2010-06-02,-0.4907,-0.4814,-0.641,-0.5117,24571856.0
2010-06-03,-0.4678,-0.4546,-0.6382,-0.5414,23215662.0
2010-06-04,-0.7167,-0.5849,-0.8446,-0.7967,27087206.0
2010-06-07,-0.7139,-0.6832,-0.9903,-0.9764,31669899.0
2010-06-08,-0.8942,-0.8742,-1.1653,-1.0339,35730676.0
2010-06-09,-0.9574,-0.9421,-1.2782,-1.2528,30497516.0
2010-06-10,-1.1942,-0.9749,-1.2885,-0.9917,27715417.0
2010-06-11,-1.0735,-0.8721,-1.1039,-0.8846,19491412.0
2010-06-14,-0.7971,-0.6832,-0.8667,-0.8571,21528502.0
2010-06-15,-0.8085,-0.6582,-0.8135,-0.6639,20875569.0
2010-06-16,-0.6135,-0.376,-0.6303,-0.3939,27981801.0
2010-06-17,-0.2742,-0.1921,-0.3135,-0.2289,31185911.0
2010-06-18,-0.2153,-0.1171,-0.2449,-0.1503,28022135.0
2010-06-21,-0.021,0.0261,-0.341,-0.2896,27727130.0
2010-06-22,-0.2185,-0.0824,-0.2421,-0.1582,25605297.0
2010-06-23,-0.1321,-0.1292,-0.3707,-0.261,27440564.0
2010-06-24,-0.2599,-0.1817,-0.3635,-0.3314,25525981.0
2010-06-25,-0.2935,-0.286,-0.4453,-0.4135,19640753.0
2010-06-28,-0.4053,-0.3046,-0.4914,-0.3564,20903083.0
2010-06-29,-0.5057,-0.496,-0.8564,-0.7896,40466546.0
2010-06-30,-0.7703,-0.7253,-1.0096,-0.9553,26398177.0
2010-07-01,-0.8564,-0.8385,-1.2521,-1.0642,36530395.0
2010-07-02,-0.9924,-0.9767,-1.2528,-1.1192,24803483.0
2010-07-06,-0.9742,-0.9099,-1.1471,-1.0589,21963773.0
2010-07-07,-0.9924,-0.6967,-1.0189,-0.7003,23370575.0
2010-07-08,-0.5642,-0.5492,-0.8353,-0.721,26357383.0
2010-07-09,-0.7639,-0.6564,-0.8257,-0.6664,15484791.0
2010-07-12,-0.7053,-0.5867,-0.8364,-0.7496,20096721.0
2010-07-13,-0.7842,-0.7814,-1.1374,-0.9457,42523482.0
2010-07-14,-1.0321,-0.8028,-1.0457,-0.9124,29004012.0
2010-07-15,-1.0732,-0.761,-1.1064,-0.9582,29445743.0
2010-07-16,-0.8964,-0.8324,-1.0667,-1.0135,37137768.0
2010-07-19,-1.0142,-1.0142,-1.3814,-1.1678,36577177.0
2010-07-20,-1.2635,-0.9064,-1.3667,-0.9424,38363299.0
2010-07-21,-0.4742,-0.4689,-0.8671,-0.8585,42341300.0
2010-07-22,-0.7357,-0.6528,-0.8203,-0.6878,23042049.0
2010-07-23,-0.7567,-0.6392,-0.7857,-0.6549,19049523.0
2010-07-26,-0.6528,-0.6492,-0.7346,-0.6785,15017756.0
2010-07-27,-0.6217,-0.4814,-0.6421,-0.5071,20879673.0
2010-07-28,-0.5217,-0.4389,-0.6439,-0.6185,18566041.0
2010-07-29,-0.6274,-0.5582,-0.7921,-0.7203,22990736.0
2010-07-30,-0.7996,-0.6635,-0.8349,-0.751,16016280.0
2010-08-02,-0.6371,-0.5603,-0.6664,-0.5867,15248407.0
2010-08-03,-0.6167,-0.5364,-0.6735,-0.5839,14912876.0
2010-08-04,-0.5514,-0.4999,-0.6417,-0.5464,15018350.0
2010-08-05,-0.591,-0.5392,-0.6332,-0.5921,10332762.0
2010-08-06,-0.6607,-0.5996,-0.7374,-0.6496,15893330.0
2010-08-09,-0.5999,-0.576,-0.6682,-0.5903,10822908.0
2010-08-10,-0.6582,-0.6367,-0.7403,-0.6739,16138560.0
2010-08-11,-0.8171,-0.8067,-1.0167,-1.0032,22133436.0
2010-08-12,-1.1282,-0.8992,-1.1485,-0.946,19093244.0
2010-08-13,-0.951,-0.9428,-1.0424,-1.0421,12673805.0
2010-08-16,-1.0964,-1.0096,-1.1307,-1.0942,11364322.0
2010-08-17,-1.0071,-0.8446,-1.0385,-0.9396,15091210.0
2010-08-18,-0.9257,-0.8432,-0.9535,-0.9003,12106769.0
2010-08-19,-0.9085,-0.8857,-1.0571,-1.0142,15236111.0
2010-08-20,-1.0317,-0.8699,-1.0457,-1.0228,13722458.0
2010-08-23,-0.946,-0.9385,-1.1796,-1.1599,14785811.0
2010-08-24,-1.2717,-1.2599,-1.4153,-1.3696,21502556.0
2010-08-25,-1.4371,-1.2246,-1.4671,-1.2639,21313319.0
2010-08-26,-1.1724,-1.1617,-1.3571,-1.3571,16655689.0
2010-08-27,-1.3046,-1.2739,-1.5257,-1.3092,19592368.0
2010-08-30,-1.3399,-1.1617,-1.3428,-1.2778,13685583.0
2010-08-31,-1.301,-1.2042,-1.3546,-1.2564,15002895.0
2010-09-01,-1.1003,-0.9578,-1.1428,-0.9982,24887951.0
2010-09-02,-0.9649,-0.9324,-1.061,-0.9324,14804751.0
2010-09-03,-0.8282,-0.6964,-0.8492,-0.6967,18599581.0
2010-09-07,-0.7728,-0.6696,-0.7867,-0.731,12240641.0
2010-09-08,-0.6607,-0.496,-0.6849,-0.5485,18802723.0
2010-09-09,-0.4728,-0.4199,-0.5485,-0.5432,15652671.0
2010-09-10,-0.5389,-0.4921,-0.6028,-0.531,13848617.0
2010-09-13,-0.4449,-0.3571,-0.4471,-0.4014,13883489.0
2010-09-14,-0.431,-0.3253,-0.4557,-0.3649,14564173.0
2010-09-15,-0.361,-0.2821,-0.3728,-0.2878,15305050.0
2010-09-16,-0.2871,-0.0574,-0.3135,-0.061,23224167.0
2010-09-17,-0.021,-0.0114,-0.1642,-0.1039,22659813.0
2010-09-20,-0.0785,0.1965,-0.0867,0.1768,23518285.0
2010-09-21,0.1993,0.324,0.1611,0.1961,23914006.0
2010-09-22,0.1583,0.3465,0.1476,0.3383,20884021.0
2010-09-23,0.2876,0.5172,0.2758,0.3801,28065128.0
2010-09-24,0.4936,0.5447,0.4383,0.5015,23195972.0
2010-09-27,0.5608,0.5876,0.4547,0.4601,17248434.0
2010-09-28,0.4818,0.4818,-0.1171,0.3065,36936223.0
2010-09-29,0.3197,0.4118,0.2758,0.3247,16768694.0
2010-09-30,0.3829,0.4186,0.1061,0.1954,24029147.0
2010-10-01,0.2811,0.2965,0.1097,0.1515,16014492.0
2010-10-04,0.1186,0.1651,-0.0182,0.0129,15521767.0
2010-10-05,0.1329,0.399,0.1265,0.3808,17872948.0
2010-10-06,0.404,0.4897,0.2493,0.3897,23893058.0
2010-10-07,0.4797,0.5151,0.4404,0.4893,3236436.0
2010-10-08,0.4797,0.5793,0.4186,0.564,23514402.0
2010-10-11,0.5879,0.6772,0.5829,0.6101,15241040.0
2010-10-12,0.6118,0.7579,0.5076,0.7236,19941320.0
2010-10-13,0.7829,0.8458,0.7686,0.7808,22207569.0
2010-10-14,0.8361,0.864,0.7901,0.8583,15482070.0
2010-10-15,1.0415,1.3115,0.9511,1.3022,32935492.0
2010-10-18,1.4354,1.4543,1.2861,1.4186,38795950.0
2010-10-19,0.9001,1.2676,0.7765,1.1147,43880778.0
2010-10-20,1.0972,1.2847,1.0211,1.1518,25647970.0
2010-10-21,1.2172,1.3022,1.0186,1.1158,19549676.0
2010-10-22,1.0997,1.1343,1.0008,1.0426,13313408.0
2010-10-25,1.1004,1.1901,1.0772,1.0915,13746320.0
2010-10-26,1.0211,1.1236,0.9776,1.0633,13894408.0
2010-10-27,1.049,1.1293,0.9758,1.0554,14027563.0
2010-10-28,1.0597,1.0615,0.8079,0.9629,19594613.0
2010-10-29,0.9268,0.9858,0.8068,0.8108,15375304.0
2010-11-01,0.8551,0.9758,0.8543,0.9251,15072562.0
2010-11-02,1.0258,1.1397,1.0258,1.1101,15393549.0
2010-11-03,1.1818,1.2358,1.0804,1.2329,18101121.0
2010-11-04,1.3276,1.4965,1.3126,1.4283,22809371.0
2010-11-05,1.4183,1.4747,1.374,1.3876,12901895.0
2010-11-08,1.3901,1.4818,1.3743,1.4408,9979102.0
2010-11-09,1.5276,1.5365,1.2936,1.3501,13629725.0
2010-11-10,1.3701,1.4461,1.2597,1.4197,13524481.0
2010-11-11,1.3115,1.4329,1.2847,1.3704,12880271.0
2010-11-12,1.3472,1.3651,0.9054,1.0626,28423066.0
2010-11-15,1.0779,1.1522,0.9997,1.0272,14328021.0
2010-11-16,0.9801,1.0472,0.7515,0.8326,23425851.0
2010-11-17,0.8186,0.9183,0.6958,0.7936,17086914.0
2010-11-18,0.9615,1.1211,0.9433,1.0768,17556497.0
2010-11-19,1.0604,1.0758,0.9629,1.0161,13744399.0
2010-11-22,1.0143,1.2529,0.9854,1.2529,13948259.0
2010-11-23,1.149,1.1954,1.0101,1.0876,18458096.0
2010-11-24,1.2043,1.3258,1.1954,1.3043,14795448.0
2010-11-26,1.2665,1.4079,1.2379,1.3115,8490891.0
2010-11-29,1.3293,1.4001,1.1822,1.3783,15777092.0
2010-11-30,1.2593,1.2886,1.164,1.174,17838897.0
2010-12-01,1.3211,1.4097,1.3115,1.3615,16491096.0
2010-12-02,1.4018,1.4543,1.3076,1.424,16511813.0
2010-12-03,1.3833,1.4418,1.3593,1.3986,12227469.0
2010-12-06,1.4415,1.5733,1.4336,1.4954,15875367.0
2010-12-07,1.4768,1.5033,1.3868,1.4029,3920125.0
2010-12-08,1.4768,1.5265,1.3868,1.5261,11433030.0
2010-12-09,1.5661,1.5793,1.4551,1.4815,10474694.0
2010-12-10,1.4776,1.5276,1.4401,1.5101,9377749.0
2010-12-13,1.6461,1.6708,1.5258,1.5497,15642677.0
2010-12-14,1.5518,1.5808,1.4543,1.5004,12512910.0
2010-12-15,1.4901,1.5972,1.4611,1.5029,14809880.0
2010-12-16,1.529,1.5833,1.4936,1.5347,11226999.0
2010-12-17,1.5483,1.554,1.4983,1.5118,13826724.0
2010-12-20,1.5472,1.6061,1.4268,1.569,13681551.0
2010-12-21,1.5972,1.6468,1.5633,1.6401,9099204.0
2010-12-22,1.6458,1.6943,1.6168,1.6743,9459163.0
2010-12-23,1.6686,1.674,1.6033,1.6186,7982168.0
2010-12-27,1.5918,1.6843,1.5443,1.6572,8886355.0
2010-12-28,1.7011,1.7279,1.6708,1.6854,6268402.0
2010-12-29,1.7122,1.7204,1.6722,1.679,5817500.0
2010-12-30,1.6858,1.6868,1.599,1.6208,5616028.0
2010-12-31,1.5954,1.6143,1.5368,1.5815,6916261.0
2011-01-03,1.6915,1.8565,1.6629,1.8318,15835566.0
2011-01-04,1.9343,1.9365,1.7811,1.8933,11019265.0
2011-01-05,1.8311,2.0022,1.8293,1.9901,9074409.0
2011-01-06,2.0158,2.0347,1.9508,1.9804,10705797.0
2011-01-07,1.9897,2.074,1.9151,2.0658,11140316.0
2011-01-10,2.1626,2.3197,2.1033,2.2918,15970331.0
2011-01-11,2.3786,2.3815,2.1854,2.2629,15759255.0
2011-01-12,2.3204,2.3626,2.2758,2.3622,10768729.0
2011-01-13,2.3886,2.4415,2.3418,2.4072,10536100.0
2011-01-14,2.4147,2.5072,2.3629,2.5072,11029964.0
2011-01-18,1.829,2.3743,1.7043,2.2276,62293119.0
2011-01-19,2.5029,2.5115,2.0929,2.1629,40409433.0
2011-01-20,2.0768,2.1436,1.8515,1.9429,27217619.0
2011-01-21,1.9818,2.0215,1.7268,1.7301,26942816.0
2011-01-24,1.7354,2.1133,1.7301,2.1133,20442654.0
2011-01-25,2.0733,2.2558,2.0104,2.2543,19417257.0
2011-01-26,2.3101,2.4043,2.2579,2.3418,17990443.0
2011-01-27,2.3393,2.3718,2.3054,2.319,10068016.0
2011-01-28,2.3533,2.3615,1.9729,2.0651,20451851.0
2011-01-31,2.0543,2.2058,2.0008,2.1801,13347214.0
2011-02-01,2.2508,2.4061,2.2393,2.384,15063083.0
2011-02-02,2.3633,2.3918,2.3311,2.3586,9196862.0
2011-02-03,2.3401,2.3558,2.1526,2.3272,14006982.0
2011-02-04,2.3343,2.4436,2.3297,2.4365,11436127.0
2011-02-07,2.4861,2.6776,2.4772,2.6286,17061579.0
2011-02-08,2.6929,2.7586,2.6383,2.7472,13434889.0
2011-02-09,2.7468,2.8829,2.7354,2.8529,17089330.0
2011-02-10,2.8254,2.9186,2.4901,2.7236,32878344.0
2011-02-11,2.7311,2.8401,2.6879,2.8061,13067054.0
2011-02-14,2.804,2.9001,2.8011,2.8893,11002321.0
2011-02-15,2.8897,2.9176,2.8311,2.9151,9994761.0
2011-02-16,2.9472,3.0936,2.9365,3.0304,16864990.0
2011-02-17,2.8204,2.9283,2.7943,2.8579,18811723.0
2011-02-18,2.8726,2.9008,2.5443,2.5815,29144532.0
2011-02-22,2.2811,2.3972,2.1229,2.1547,30904642.0
2011-02-23,2.1604,2.3701,2.1547,2.2979,23826372.0
2011-02-24,2.3479,2.3883,2.1461,2.3072,17608418.0
2011-02-25,2.3922,2.5054,2.3758,2.4958,13368900.0
2011-02-28,2.6058,2.7418,2.6015,2.6761,14061428.0
2011-03-01,2.7568,2.7658,2.4786,2.5368,16018591.0
2011-03-02,2.5601,2.7168,2.5043,2.6372,21414198.0
2011-03-03,2.8183,2.9111,2.7729,2.9029,17746095.0
2011-03-04,2.9211,2.929,2.8383,2.9186,15532253.0
2011-03-07,2.9686,2.9783,2.6083,2.7529,19308532.0
2011-03-08,2.7368,2.8258,2.6418,2.7672,12589684.0
2011-03-09,2.729,2.7315,2.5829,2.6497,16115916.0
2011-03-10,2.5301,2.5533,2.3793,2.4426,17964119.0
2011-03-11,2.3947,2.6443,2.3829,2.6326,16722402.0
2011-03-14,2.6751,2.7929,2.6083,2.6886,15392611.0
2011-03-15,2.2793,2.4843,2.2079,2.3983,25434014.0
2011-03-16,2.2758,2.3115,1.7136,1.8476,40739464.0
2011-03-17,2.0911,2.1904,1.8708,2.0129,23321071.0
2011-03-18,2.1018,2.1401,1.8472,1.8711,26221516.0
2011-03-21,2.0611,2.1951,2.0351,2.1793,14488835.0
2011-03-22,2.2958,2.2979,2.1736,2.2472,11562447.0
2011-03-23,2.1786,2.2122,2.0597,2.1754,13275021.0
2011-03-24,2.2704,2.4186,2.1636,2.3818,14274352.0
2011-03-25,2.4926,2.6351,2.4551,2.6165,15876736.0
2011-03-28,2.674,2.7158,2.5772,2.5772,10879890.0
2011-03-29,2.4779,2.5958,2.4208,2.5958,12434509.0
2011-03-30,2.5843,2.5929,2.4701,2.5126,11627409.0
2011-03-31,2.4315,2.5543,2.4208,2.5079,9635221.0
2011-04-01,2.6011,2.6179,2.3222,2.3672,14741937.0
2011-04-04,2.3583,2.3686,2.1472,2.2468,16338321.0
2011-04-05,2.0968,2.2847,2.0615,2.1647,17074032.0
2011-04-06,2.2479,2.3436,2.1022,2.1343,14209435.0
2011-04-07,2.1365,2.2197,2.0626,2.1358,13276704.0
2011-04-08,2.2015,2.2097,1.9883,2.0279,13403514.0
2011-04-11,1.9922,2.0497,1.8479,1.8758,14182767.0
2011-04-12,1.8647,1.9804,1.8543,1.9329,15113003.0
2011-04-13,2.0265,2.0665,1.9372,2.0661,12147974.0
2011-04-14,2.0186,2.0615,1.9208,1.9336,10658202.0
2011-04-15,1.9651,1.9772,1.7329,1.7565,16063189.0
2011-04-18,1.7079,1.9268,1.4958,1.9133,21643468.0
2011-04-19,1.9579,2.1322,1.9083,2.1279,14777699.0
2011-04-20,2.3297,2.4097,2.2579,2.2904,19745974.0
2011-04-21,2.7401,2.7447,2.5086,2.5861,26746331.0
2011-04-25,2.5736,2.6954,2.5722,2.6686,9396092.0
2011-04-26,2.6908,2.7397,2.5383,2.5765,11959787.0
2011-04-27,2.6415,2.6454,2.4579,2.5668,12495702.0
2011-04-28,2.4254,2.5526,2.4015,2.4454,12650806.0
2011-04-29,2.4465,2.7026,2.4422,2.5661,28671115.0
2011-05-02,2.5522,2.5779,2.4008,2.4286,15732208.0
2011-05-03,2.4897,2.5576,2.4051,2.4972,11093036.0
2011-05-04,2.4993,2.6268,2.4501,2.5461,13624382.0
2011-05-05,2.5043,2.5954,2.4204,2.4454,11859289.0
2011-05-06,2.5504,2.5615,2.4261,2.4422,9915649.0
2011-05-09,2.4851,2.5329,2.4372,2.4758,7216205.0
2011-05-10,2.5218,2.5504,2.4422,2.5418,9892036.0
2011-05-11,2.5265,2.5615,2.3915,2.4626,11865025.0
2011-05-12,2.4229,2.4586,2.2854,2.439,11347005.0
2011-05-13,2.4065,2.4276,2.2168,2.2222,11537376.0
2011-05-16,2.1758,2.2479,1.9401,1.9651,15871384.0
2011-05-17,1.9186,2.0665,1.8733,2.0665,16092594.0
2011-05-18,2.0783,2.2418,2.0615,2.1997,11900471.0
2011-05-19,2.2786,2.2904,2.1568,2.2233,9118493.0
2011-05-20,2.1886,2.2383,2.0265,2.0336,11966380.0
2011-05-23,1.8461,2.0608,1.8265,2.0043,13574667.0
2011-05-24,2.0436,2.0576,1.8951,1.9254,11435117.0
2011-05-25,1.9697,2.1529,1.949,2.0893,10392327.0
2011-05-26,2.0604,2.0933,2.0054,2.0258,7842296.0
2011-05-27,2.0186,2.1197,2.0011,2.1118,7214975.0
2011-05-31,2.2436,2.484,2.2401,2.484,14432921.0
2011-06-01,2.5211,2.6376,2.3704,2.4011,19667083.0
2011-06-02,2.4265,2.4843,2.3661,2.4265,16780815.0
2011-06-03,2.3179,2.3947,2.2761,2.3272,11027105.0
2011-06-06,2.4079,2.4561,2.1261,2.1343,16309959.0
2011-06-07,2.139,2.1408,1.9151,1.9201,18806935.0
2011-06-08,1.9108,2.0186,1.8704,1.9272,11844874.0
2011-06-09,1.9633,1.9783,1.874,1.9004,9764713.0
2011-06-10,1.8668,1.9065,1.6868,1.7008,15365802.0
2011-06-13,1.7472,1.7868,1.6711,1.7258,11726178.0
2011-06-14,1.8472,1.9633,1.8226,1.9343,11663024.0
2011-06-15,1.8383,1.8579,1.6643,1.7311,13695747.0
2011-06-16,1.7365,1.8001,1.4304,1.6743,18033630.0
2011-06-17,1.8111,1.8204,1.4672,1.4993,21395808.0
2011-06-20,1.3954,1.4079,1.1508,1.3229,22770148.0
2011-06-21,1.3715,1.6972,1.3186,1.6793,17468389.0
2011-06-22,1.6743,1.8079,1.5751,1.5833,13856682.0
2011-06-23,1.4522,1.9076,1.4229,1.8911,19820526.0
2011-06-24,1.8961,1.9597,1.6718,1.7168,15373054.0
2011-06-27,1.7611,1.9865,1.749,1.9201,12044073.0
2011-06-28,1.9776,2.0865,1.9701,2.0351,10351819.0
2011-06-29,2.0629,2.0747,1.9143,1.9915,12555867.0
2011-06-30,2.0151,2.0661,1.9486,2.0497,11420240.0
2011-07-01,2.0597,2.3293,1.9972,2.3208,15450575.0
2011-07-05,2.3115,2.5554,2.2936,2.5411,12561327.0
2011-07-06,2.524,2.7079,2.444,2.6243,15793787.0
2011-07-07,2.7283,2.8472,2.7043,2.8186,14158328.0
2011-07-08,2.6808,2.9186,2.6401,2.9083,17381049.0
2011-07-11,2.7879,2.9104,2.6622,2.7043,15679191.0
2011-07-12,2.6876,2.8358,2.5122,2.6954,16043538.0
2011-07-13,2.859,2.9186,2.7893,2.8479,13847071.0
2011-07-14,2.9547,2.9761,2.7879,2.839,14982998.0
2011-07-15,2.9604,3.0972,2.889,3.0943,17063115.0
2011-07-18,3.1126,3.4418,3.1072,3.4115,20250016.0
2011-07-19,3.5615,3.5847,3.3943,3.5204,24570247.0
2011-07-20,4.2086,4.214,3.8472,3.8793,33459356.0
2011-07-21,3.8811,3.9922,3.7722,3.8933,18478111.0
2011-07-22,3.9301,4.1704,3.9097,4.1079,18341935.0
2011-07-25,4.0026,4.3472,3.9765,4.2936,20944106.0
2011-07-26,4.3472,4.5079,4.3358,4.469,16911938.0
2011-07-27,4.3683,4.4415,4.0668,4.0826,23344066.0
2011-07-28,4.0479,4.2397,3.9233,4.0551,21062882.0
2011-07-29,3.9058,4.174,3.7758,4.0072,22373677.0
2011-08-01,4.2679,4.3293,4.0747,4.2311,21653206.0
2011-08-02,4.2633,4.2722,3.9311,3.9511,22700509.0
2011-08-03,4.0251,4.1168,3.7129,4.0818,25783213.0
2011-08-04,3.969,4.0372,3.5383,3.539,30858066.0
2011-08-05,3.6486,3.7579,3.0104,3.4051,42719143.0
2011-08-08,2.979,3.1961,2.6693,2.6761,40355888.0
2011-08-09,2.9651,3.4404,2.7401,3.419,38170750.0
2011-08-10,3.3168,3.4418,3.0079,3.0504,31123138.0
2011-08-11,3.2943,3.4704,3.0872,3.4079,26140897.0
2011-08-12,3.564,3.6201,3.4268,3.5254,18817569.0
2011-08-15,3.6197,3.8104,3.5647,3.7547,16323133.0
2011-08-16,3.6872,3.7533,3.4922,3.6501,17671571.0
2011-08-17,3.7154,3.7943,3.5615,3.6486,15634891.0
2011-08-18,3.3058,3.3704,2.9676,3.1347,30138885.0
2011-08-19,2.9961,3.1686,2.7758,2.7768,27485367.0
2011-08-22,3.0797,3.0929,2.7433,2.7915,19039076.0
2011-08-23,2.9293,3.4058,2.8115,3.4043,23239125.0
2011-08-24,3.3997,3.5958,3.2972,3.4965,20832685.0
2011-08-25,3.1001,3.4704,3.0972,3.4086,30981372.0
2011-08-26,3.3176,3.7686,3.3043,3.7608,22758664.0
2011-08-29,3.9251,4.0436,3.9186,3.989,14376215.0
2011-08-30,3.9276,4.0558,3.8547,3.9897,14868989.0
2011-08-31,4.0104,4.0643,3.6993,3.8054,18378515.0
2011-09-01,3.8408,3.8951,3.6586,3.6697,12087458.0
2011-09-02,3.4451,3.5615,3.3411,3.4204,15547467.0
2011-09-06,3.1818,3.6447,3.1501,3.6236,18099979.0
2011-09-07,3.8315,3.8329,3.7043,3.7733,12365902.0
2011-09-08,3.7186,3.9404,3.7154,3.7808,14778833.0
2011-09-09,3.7733,3.8472,3.4551,3.5429,20058033.0
2011-09-12,3.3829,3.6643,3.3436,3.6308,16554022.0
2011-09-13,3.7093,3.8547,3.6418,3.7979,15620673.0
2011-09-14,3.8836,4.069,3.8386,3.9651,18924253.0
2011-09-15,4.0411,4.1208,3.9865,4.0958,14513050.0
2011-09-16,4.1879,4.3651,4.1697,4.3651,23930950.0
2011-09-19,4.2401,4.8197,4.1758,4.7626,29266264.0
2011-09-20,4.8918,5.1636,4.7468,4.8276,27472280.0
2011-09-21,5.0486,5.1183,4.7758,4.7808,21404617.0
2011-09-22,4.384,4.6979,4.2293,4.4122,34330721.0
2011-09-23,4.3572,4.5879,4.3418,4.5008,19336597.0
2011-09-26,4.3422,4.4893,4.0365,4.4604,28821009.0
2011-09-27,4.659,4.6776,4.2779,4.3208,22434335.0
2011-09-28,4.354,4.4808,4.2226,4.2404,15211914.0
2011-09-29,4.4158,4.4261,3.8547,4.0104,23181445.0
2011-09-30,3.8872,3.9504,3.6751,3.6801,19218286.0
2011-10-03,3.6461,3.7272,3.389,3.4401,23618255.0
2011-10-04,3.439,3.6972,2.7129,3.3651,43740903.0
2011-10-05,3.1993,3.6265,2.9293,3.5704,27901296.0
2011-10-06,3.3947,3.8036,3.3401,3.539,28896516.0
2011-10-07,3.4822,3.5522,3.2215,3.2686,18998434.0
2011-10-10,3.6004,3.9476,3.569,3.9476,15566257.0
2011-10-11,4.0818,4.4608,4.0436,4.3576,21537162.0
2011-10-12,4.6093,4.6776,4.3522,4.4254,22076844.0
2011-10-13,4.5251,4.6483,4.449,4.6483,14851382.0
2011-10-14,4.9483,5.1329,4.8926,5.1329,19984956.0
2011-10-17,5.1236,5.3008,4.9165,5.0611,23974401.0
2011-10-18,5.1243,5.2329,4.9183,5.1415,24299067.0
2011-10-19,4.3954,4.6476,4.2686,4.2979,39262346.0
2011-10-20,4.3472,4.3597,4.1404,4.1797,19500267.0
2011-10-21,4.2793,4.3165,4.0168,4.0926,21950962.0
2011-10-24,4.2108,4.5793,4.1829,4.5533,17842424.0
2011-10-25,4.5268,4.5811,4.2536,4.2676,15214579.0
2011-10-26,4.4101,4.4383,4.1026,4.3686,16067516.0
2011-10-27,4.6172,4.6686,4.4147,4.5147,17399338.0
2011-10-28,4.4543,4.574,4.4368,4.524,11327285.0
2011-10-31,4.4336,4.6804,4.3847,4.5179,13617546.0
2011-11-01,4.2547,4.3293,4.1051,4.2226,18851286.0
2011-11-02,4.3504,4.3629,4.1726,4.2547,11376477.0
2011-11-03,4.314,4.4686,4.1815,4.4568,15640256.0
2011-11-04,4.4197,4.4701,4.3172,4.3579,10592860.0
2011-11-07,4.344,4.3472,4.209,4.3376,9505252.0
2011-11-08,4.4261,4.6329,4.4029,4.5697,14163741.0
2011-11-09,4.239,4.379,4.1411,4.1786,19663510.0
2011-11-10,4.2411,4.2476,3.7097,3.8193,26498687.0
2011-11-11,3.869,3.9436,3.6422,3.7979,23189218.0
2011-11-14,3.7586,3.8204,3.5686,3.6065,15257196.0
2011-11-15,3.6615,3.9722,3.6133,3.9483,15286678.0
2011-11-16,3.9633,4.0308,3.7872,3.8033,12340203.0
2011-11-17,3.7751,3.7965,3.4722,3.5404,17019512.0
2011-11-18,3.5943,3.6326,3.4501,3.4522,13088070.0
2011-11-21,3.2901,3.3358,3.1297,3.2404,15780318.0
2011-11-22,3.3122,3.559,3.3093,3.5083,14291595.0
2011-11-23,3.4368,3.4843,3.1643,3.1683,15195163.0
2011-11-25,3.2193,3.3168,3.0372,3.0461,9092755.0
2011-11-28,3.3597,3.5158,3.2876,3.4943,12136756.0
2011-11-29,3.4843,3.5911,3.2829,3.3901,13376608.0
2011-11-30,3.679,3.7115,3.5722,3.7115,14038533.0
2011-12-01,3.7236,3.9543,3.6597,3.9161,13529916.0
2011-12-02,3.984,4.1197,3.9393,3.9793,13421692.0
2011-12-05,4.1147,4.219,4.0036,4.0976,12603785.0
2011-12-06,4.0797,4.1554,3.9679,4.024,10094360.0
2011-12-07,3.9876,4.0236,3.8743,3.9576,10692779.0
2011-12-08,4.0418,4.1865,3.9983,4.0136,13353407.0
2011-12-09,4.0918,4.1343,4.0268,4.1193,10531982.0
2011-12-12,4.0501,4.1293,3.9704,4.0558,10612882.0
2011-12-13,4.0972,4.1829,3.8865,3.9476,11991133.0
2011-12-14,3.8722,3.8965,3.5501,3.6397,14412374.0
2011-12-15,3.7518,3.7665,3.5726,3.5951,9107179.0
2011-12-16,3.6458,3.7811,3.6176,3.6693,13746207.0
2011-12-19,3.7211,3.8061,3.6501,3.7118,8235349.0
2011-12-20,3.9101,4.2079,3.8922,4.2026,11886001.0
2011-12-21,4.229,4.2508,4.0618,4.2201,9284041.0
2011-12-22,4.2401,4.3161,4.2079,4.2954,7096689.0
2011-12-23,4.3361,4.4754,4.329,4.4661,9588317.0
2011-12-27,4.4579,4.6718,4.4551,4.5804,9430760.0
2011-12-28,4.5933,4.6418,4.3951,4.4415,8080603.0
2011-12-29,4.4686,4.549,4.3654,4.5301,7308723.0
2011-12-30,4.4726,4.5715,4.4718,4.5258,6295885.0
2012-01-03,4.6829,4.7936,4.6686,4.7483,10690270.0
2012-01-04,4.7043,4.8715,4.6786,4.8272,9181249.0
2012-01-05,4.8811,5.0097,4.7997,4.9911,9606776.0
2012-01-06,5.0533,5.1597,5.0336,5.1472,11291702.0
2012-01-09,5.2579,5.3383,5.1097,5.1233,13988481.0
2012-01-10,5.2726,5.2758,5.1151,5.1772,9101673.0
2012-01-11,5.1572,5.1633,5.0368,5.1526,7625850.0
2012-01-12,5.1429,5.1651,5.0168,5.1111,7560105.0
2012-01-13,5.0508,5.0776,5.0136,5.0547,7951992.0
2012-01-17,5.2115,5.2754,5.1672,5.2293,8518366.0
2012-01-18,5.3101,5.3997,5.2865,5.3868,9736615.0
2012-01-19,5.424,5.4672,5.294,5.3383,9185228.0
2012-01-20,5.329,5.3293,5.0526,5.0722,14555057.0
2012-01-23,5.1568,5.3633,5.1436,5.3258,10801856.0
2012-01-24,5.2436,5.2436,5.0454,5.0761,13458650.0
2012-01-25,6.2915,6.2918,5.909,6.0136,34048471.0
2012-01-26,6.0743,6.0897,5.8879,5.9411,11497751.0
2012-01-27,5.9308,6.0786,5.9104,6.0358,10630874.0
2012-01-30,5.9797,6.2722,5.9683,6.2404,13295526.0
2012-01-31,6.3326,6.4272,6.2426,6.3643,13481635.0
2012-02-01,6.4333,6.454,6.3311,6.354,9508157.0
2012-02-02,6.3436,6.389,6.2751,6.3158,6625272.0
2012-02-03,6.3936,6.4901,6.3315,6.4786,10164851.0
2012-02-06,6.4322,6.6679,6.4258,6.6318,8825968.0
2012-02-07,6.6776,6.8383,6.6536,6.8054,11235701.0
2012-02-08,6.8651,7.0897,6.8365,7.0858,14458651.0
2012-02-09,7.2315,7.8026,7.2243,7.6747,31376086.0
2012-02-10,7.5958,7.8336,7.5097,7.6836,22330169.0
2012-02-13,7.9018,8.0554,7.8147,8.0115,18274178.0
2012-02-14,8.0851,8.2601,7.9901,8.2565,16232930.0
2012-02-15,8.4279,8.8576,7.8076,7.8354,53306870.0
2012-02-16,7.6151,8.0933,7.4411,7.9976,33241808.0
2012-02-17,8.0297,8.1961,7.9293,7.9943,18765242.0
2012-02-21,8.1643,8.449,8.0658,8.449,21287220.0
2012-02-22,8.4572,8.5554,8.2579,8.504,20172814.0
2012-02-23,8.4572,8.5554,8.2579,8.504,20172814.0
2012-02-24,8.6211,8.7365,8.5843,8.719,14442899.0
2012-02-27,8.6797,8.9365,8.5001,8.8386,19391974.0
2012-02-28,8.9172,9.1833,8.8418,9.1833,21056216.0
2012-02-29,9.4029,9.619,9.1936,9.4343,33320628.0
2012-03-01,9.639,9.6404,9.3033,9.5068,24292048.0
2012-03-02,9.4986,9.5901,9.4372,9.5322,15181228.0
2012-03-05,9.5408,9.6143,8.8472,9.1029,28771193.0
2012-03-06,8.7636,9.1218,8.4979,8.9993,28794217.0
2012-03-07,9.2329,9.2679,8.7508,9.0147,28293036.0
2012-03-08,9.1576,9.454,9.0658,9.4183,18340291.0
2012-03-09,9.4976,9.6236,9.4583,9.5318,14838263.0
2012-03-12,9.6679,9.7758,9.5972,9.7758,14337321.0
2012-03-13,9.9736,10.3536,9.9097,10.3508,24296862.0
2012-03-14,10.7061,11.3015,10.6115,11.1179,50357525.0
2012-03-15,11.4761,11.4904,10.724,10.9743,41222038.0
2012-03-16,10.9443,11.1043,10.7043,10.9754,18913416.0
2012-03-19,11.4318,11.5533,11.099,11.5293,31650160.0
2012-03-20,11.4726,11.7365,10.8472,11.7029,28873489.0
2012-03-21,11.5879,11.8347,11.5404,11.5793,22272427.0
2012-03-22,11.4108,11.6508,11.3304,11.4665,22095841.0
2012-03-23,11.5076,11.5543,11.2901,11.349,15216789.0
2012-03-26,11.4826,11.7301,11.3208,11.7168,17195036.0
2012-03-27,11.7108,12.0715,11.7065,12.0072,21477276.0
2012-03-28,12.1465,12.2561,11.8583,12.1193,23153951.0
2012-03-29,11.9465,12.0815,11.7483,11.8422,21099577.0
2012-03-30,11.8033,11.8672,11.4165,11.474,25766741.0
2012-04-02,11.5554,12.1604,11.5036,12.1554,21195261.0
2012-04-03,12.4651,12.6404,12.294,12.5372,29658352.0
2012-04-04,12.3597,12.4136,12.0972,12.3583,20146150.0
2012-04-05,12.4536,12.7279,12.3258,12.6929,22784225.0
2012-04-09,12.4233,12.9129,12.3936,12.784,21230393.0
2012-04-10,12.9161,13.0615,12.4186,12.5058,31555681.0
2012-04-11,12.7829,12.8068,12.3236,12.4258,24749920.0
2012-04-12,12.3829,12.609,12.2222,12.3033,21746783.0
2012-04-13,12.3511,12.3722,11.6154,11.6768,30541381.0
2012-04-16,11.8493,11.8572,10.7133,10.7804,37345204.0
2012-04-17,10.7379,11.8472,10.4868,11.8365,36263222.0
2012-04-18,11.9801,12.2133,11.5868,11.7879,33833839.0
2012-04-19,11.4979,11.659,10.9372,11.069,27782816.0
2012-04-20,11.1822,11.2979,10.4336,10.5251,36396709.0
2012-04-23,10.4404,10.6568,9.9408,10.4793,34356921.0
2012-04-24,10.1547,10.3361,9.8829,10.0715,32093202.0
2012-04-25,12.0483,12.1329,11.7043,11.8472,32164585.0
2012-04-26,11.9997,12.0147,11.5661,11.7651,18935027.0
2012-04-27,11.6711,11.7108,11.5079,11.5972,14399693.0
2012-04-30,11.4115,11.4329,10.8829,10.9179,17860973.0
2012-05-01,10.9508,11.3743,10.8197,10.8518,21668674.0
2012-05-02,10.7843,11.0401,10.7351,10.9893,15183387.0
2012-05-03,11.1508,11.1829,10.7865,10.8408,13739505.0
2012-05-04,10.6715,10.7172,10.2461,10.249,18752364.0
2012-05-07,10.1151,10.5176,10.1054,10.4001,16387245.0
2012-05-08,10.4036,10.4722,10.0161,10.3536,17674209.0
2012-05-09,10.1936,10.5604,10.0918,10.3893,17045096.0
2012-05-10,10.5822,10.6286,10.3629,10.4372,11742281.0
2012-05-11,10.2401,10.5783,10.2168,10.3011,14182292.0
2012-05-14,10.1533,10.3297,9.9758,9.9979,12510803.0
2012-05-15,10.1133,10.1765,9.7668,9.8176,16938245.0
2012-05-16,9.849,9.9504,9.3843,9.564,19899741.0
2012-05-17,9.5368,9.6151,8.9943,8.9943,25364722.0
2012-05-18,9.1315,9.469,8.7108,9.0036,25937677.0
2012-05-21,9.1508,10.1165,9.1347,10.1072,22281521.0
2012-05-22,10.4026,10.5572,9.7965,9.9533,24717703.0
2012-05-23,9.9722,10.5186,9.8197,10.4386,20587044.0
2012-05-24,10.6283,10.6508,10.1054,10.2515,17631778.0
2012-05-25,10.2254,10.2704,10.0068,10.1433,11669061.0
2012-05-29,10.4508,10.5615,10.2511,10.4997,13464166.0
2012-05-30,10.3901,10.7754,10.2958,10.7461,18798659.0
2012-05-31,10.8022,10.8293,10.4708,10.6947,17280851.0
2012-06-01,10.3886,10.5133,10.0801,10.0968,18494664.0
2012-06-04,10.1151,10.3293,9.6508,10.2147,19754906.0
2012-06-05,10.1068,10.2926,10.0018,10.1626,13798208.0
2012-06-06,10.339,10.5561,10.2579,10.4708,14245285.0
2012-06-07,10.679,10.6801,10.4365,10.4801,13480672.0
2012-06-08,10.4758,10.7965,10.3829,10.7872,12217633.0
2012-06-11,11.0515,11.0793,10.4411,10.4604,20940058.0
2012-06-12,10.5779,10.6551,10.3008,10.6386,15377065.0
2012-06-13,10.5801,10.7215,10.4322,10.4958,10117134.0
2012-06-14,10.4629,10.5436,10.3208,10.4733,12254015.0
2012-06-15,10.4543,10.5836,10.4026,10.5661,11418748.0
2012-06-18,10.4529,11.0576,10.4318,10.9822,15506726.0
2012-06-19,10.8972,11.1329,10.8865,11.0404,12813489.0
2012-06-20,11.069,11.1061,10.8043,10.9808,12706191.0
2012-06-21,10.9701,11.0693,10.6843,10.6926,11549648.0
2012-06-22,10.7415,10.854,10.6122,10.8508,9660953.0
2012-06-25,10.6793,10.7686,10.4318,10.4458,10797549.0
2012-06-26,10.4661,10.579,10.3233,10.4908,9800576.0
2012-06-27,10.5972,10.6593,10.4872,10.5793,7222796.0
2012-06-28,10.4783,10.5615,10.2618,10.3847,10013701.0
2012-07-02,10.9447,11.2568,10.9043,11.2229,14186051.0
2012-07-03,11.3072,11.4901,11.2758,11.469,8625608.0
2012-07-05,11.5101,12.0022,11.4776,11.8451,17186072.0
2012-07-06,11.7433,11.7915,11.5465,11.7001,14906219.0
2012-07-09,11.6793,11.9865,11.6368,11.9861,13471926.0
2012-07-10,12.1318,12.1997,11.6797,11.7833,18165175.0
2012-07-11,11.7086,11.7636,11.3908,11.6483,16617613.0
2012-07-12,11.4986,11.614,11.2286,11.4508,15239351.0
2012-07-13,11.5954,11.7468,11.4901,11.6676,11062114.0
2012-07-16,11.6729,11.9051,11.6693,11.7368,10661257.0
2012-07-17,11.8754,11.9008,11.6026,11.7379,10429507.0
2012-07-18,11.7254,11.7879,11.6172,11.7136,8799789.0
2012-07-19,11.8929,12.0383,11.7043,12.0015,15496417.0
2012-07-20,11.9554,12.0058,11.6222,11.6436,14030992.0
2012-07-23,11.2901,11.7008,11.0511,11.6268,17317457.0
2012-07-24,11.7536,11.8358,11.4368,11.5229,15481042.0
2012-07-25,10.5779,10.8043,10.4186,10.5961,31250167.0
2012-07-26,10.7672,10.7901,10.4315,10.5929,14467071.0
2012-07-27,10.5976,10.984,10.4754,10.9601,14335922.0
2012-07-30,11.1658,11.4701,11.0551,11.3126,13464349.0
2012-07-31,11.6054,11.9079,11.5872,11.8743,16362464.0
2012-08-01,12.0579,12.0758,11.5972,11.7333,13685396.0
2012-08-02,11.5915,11.8718,11.499,11.7683,11142125.0
2012-08-03,11.9768,12.1322,11.9029,12.0508,12186234.0
2012-08-06,12.1076,12.3779,12.0351,12.2954,10759421.0
2012-08-07,12.3033,12.3829,12.1343,12.2368,10348051.0
2012-08-08,12.1826,12.3429,12.1008,12.1993,8676148.0
2012-08-09,12.1411,12.2796,12.1393,12.2439,7840259.0
2012-08-10,12.1718,12.2807,12.1714,12.2786,6929456.0
2012-08-13,12.3389,12.575,12.3339,12.575,9884385.0
2012-08-14,12.6418,12.8825,12.5825,12.6354,12084206.0
2012-08-15,12.6214,12.7179,12.4946,12.6046,9148419.0
2012-08-16,12.6182,12.8164,12.5929,12.8014,9040252.0
2012-08-17,12.9321,13.2246,12.8896,13.2218,15683848.0
2012-08-20,13.2896,13.8304,13.2857,13.8304,21807417.0
2012-08-21,14.0329,14.1779,13.3011,13.5057,28806279.0
2012-08-22,13.4471,13.9679,13.2218,13.9632,20091618.0
2012-08-23,13.8646,14.0,13.6875,13.7404,14934753.0
2012-08-24,13.6289,13.985,13.4875,13.7614,15249541.0
2012-08-27,14.3604,14.3918,14.13,14.2064,15150681.0
2012-08-28,14.1811,14.2214,14.0275,14.175,9477019.0
2012-08-29,14.1911,14.2775,14.0964,14.1271,7181017.0
2012-08-30,14.0264,14.0589,13.7482,13.7843,10536301.0
2012-08-31,13.9054,13.9536,13.5482,13.8336,11913095.0
2012-09-04,13.8521,14.1871,13.8071,14.1811,13090385.0
2012-09-05,14.2025,14.2304,13.9893,14.0118,11965453.0
2012-09-06,14.1168,14.2996,14.0321,14.2275,13882778.0
2012-09-07,14.2911,14.4493,14.2096,14.3764,11651332.0
2012-09-10,14.3768,14.4782,13.7214,13.7443,17157880.0
2012-09-11,13.8289,14.0071,13.5214,13.6675,17932537.0
2012-09-12,13.8911,14.0,13.5036,13.9961,25161970.0
2012-09-13,14.2668,14.5571,14.1739,14.4671,21258553.0
2012-09-14,14.7161,14.9671,14.6425,14.7636,21314633.0
2012-09-17,15.0518,15.0679,14.8825,15.0671,13832452.0
2012-09-18,15.0707,15.1582,14.9471,15.1432,13127569.0
2012-09-19,15.0843,15.2175,15.0596,15.15,11561454.0
2012-09-20,15.045,15.0771,14.8471,15.0286,11936829.0
2012-09-21,15.1611,15.2561,15.0521,15.0782,19195495.0
2012-09-24,14.6057,14.9007,14.4679,14.7461,22716319.0
2012-09-25,14.6557,14.8171,14.1107,14.13,18274398.0
2012-09-26,13.9586,14.0996,13.6893,13.8314,20521751.0
2012-09-27,13.7996,14.4382,13.6589,14.4079,21046667.0
2012-09-28,14.3161,14.4004,13.8875,13.9,18953936.0
2012-10-01,14.045,14.2446,13.5214,13.6246,19321086.0
2012-10-02,13.7111,13.8732,13.3125,13.6932,22280413.0
2012-10-03,13.82,14.07,13.7404,14.0554,15027250.0
2012-10-04,14.0482,14.1554,13.8446,13.8893,13144251.0
2012-10-05,13.8321,13.8607,13.335,13.3818,20925361.0
2012-10-08,13.1779,13.2021,12.7932,12.8668,22689941.0
2012-10-09,12.8839,12.9496,12.3446,12.7839,29830301.0
2012-10-10,12.9229,13.11,12.825,12.9646,18149307.0
2012-10-11,13.1643,13.1893,12.5071,12.5071,19425720.0
2012-10-12,12.5593,12.7671,12.4071,12.5646,16345527.0
2012-10-15,12.6589,12.7582,12.3554,12.745,15371571.0
2012-10-16,12.7668,13.3,12.6107,13.2818,19504205.0
2012-10-17,13.2489,13.3889,13.075,13.0968,13855138.0
2012-10-18,12.9175,13.0057,12.575,12.6693,16953029.0
2012-10-19,12.6125,12.6382,11.8471,11.855,26273765.0
2012-10-22,11.9471,12.7671,11.8879,12.7189,19395313.0
2012-10-23,12.6107,12.7143,11.9214,11.9804,25155946.0
2012-10-24,12.2693,12.4518,11.8836,12.1046,19823377.0
2012-10-25,12.2179,12.2893,11.7018,11.8439,20143462.0
2012-10-26,11.8404,12.0036,11.1821,11.6464,36276458.0
2012-10-31,11.3207,11.5736,11.0643,11.3364,18043028.0
2012-11-01,11.44,11.6107,11.2954,11.38,12680892.0
2012-11-02,11.3568,11.3946,10.6018,10.675,21216045.0
2012-11-05,10.9146,11.0668,10.7036,10.9543,18833909.0
2012-11-06,11.1546,11.1729,10.7925,10.8911,13228409.0
2012-11-07,10.6636,10.6889,10.0179,10.0982,28188519.0
2012-11-08,10.1921,10.2493,9.2871,9.375,37540077.0
2012-11-09,9.4704,9.9868,9.2311,9.7075,33137967.0
2012-11-12,9.9607,9.9732,9.4071,9.5564,18527030.0
2012-11-13,9.4164,9.8296,9.3254,9.5586,18714088.0
2012-11-14,9.6518,9.7214,9.3189,9.3439,16918792.0
2012-11-15,9.3671,9.4375,8.8346,8.9418,28112056.0
2012-11-16,8.9268,9.0982,8.2321,9.015,44930252.0
2012-11-19,9.4807,10.4375,9.4511,10.3743,29176652.0
2012-11-20,10.595,11.8304,9.9761,10.2021,22906806.0
2012-11-21,10.3214,10.4329,10.0482,10.2304,13240795.0
2012-11-23,10.4257,10.5982,10.2625,10.5804,9738065.0
2012-11-26,10.7375,11.2411,10.6593,11.2243,22404298.0
2012-11-27,11.225,11.2561,10.8875,11.0546,18955234.0
2012-11-28,10.7864,11.0911,10.6075,10.9889,18519191.0
2012-11-29,11.2486,11.3929,11.0714,11.2182,18268534.0
2012-11-30,11.1264,11.1839,10.9796,11.0725,13436871.0
2012-12-03,11.3714,11.405,11.0804,11.105,12929634.0
2012-12-04,10.9482,10.9482,10.6029,10.7354,19652237.0
2012-12-05,10.4879,10.5,9.4114,9.4121,36819185.0
2012-12-06,9.0604,9.9307,8.6921,9.7139,41823059.0
2012-12-07,9.9339,9.9982,9.0982,9.2143,27988293.0
2012-12-10,8.9196,9.4021,8.7975,9.0918,22362559.0
2012-12-11,9.4471,9.7968,9.3614,9.5046,21037756.0
2012-12-12,9.7329,9.7411,9.3221,9.4196,17343894.0
2012-12-13,9.1393,9.3711,8.9482,9.0871,22160229.0
2012-12-14,8.5536,8.6743,8.2261,8.3764,35798627.0
2012-12-17,8.3457,8.7411,8.0707,8.6993,26869029.0
2012-12-18,8.9196,9.2732,8.75,9.2375,22230362.0
2012-12-19,9.1507,9.2304,8.9375,8.9664,15943141.0
2012-12-20,9.0982,9.1054,8.7011,8.8029,16986997.0
2012-12-21,8.4721,8.7293,8.3925,8.7171,20496211.0
2012-12-24,8.7536,8.8929,8.695,8.7468,6275120.0
2012-12-26,8.7054,8.7218,8.4239,8.4911,10739501.0
2012-12-27,8.5104,8.6071,8.1932,8.5646,16146587.0
2012-12-28,8.3943,8.5439,8.3168,8.3689,12458115.0
2012-12-31,8.4029,9.2911,8.3482,9.1757,23202165.0
2013-01-02,9.9489,9.9911,9.5136,9.7779,19918296.0
2013-01-03,9.7368,9.8007,9.4911,9.53,12457760.0
2013-01-04,9.3468,9.4064,8.9489,8.9911,21116100.0
2013-01-07,8.8125,9.0732,8.5696,8.8804,17237398.0
2013-01-08,9.07,9.1657,8.7857,8.9307,16237608.0
2013-01-09,8.8304,8.9196,8.5979,8.6375,14476472.0
2013-01-10,9.0464,9.0525,8.5811,8.8664,21379755.0
2013-01-11,8.7768,8.9311,8.7061,8.7518,12378489.0
2013-01-14,8.1225,8.2946,7.9736,8.0893,26040750.0
2013-01-15,7.9661,7.9907,7.4332,7.5239,30978767.0
2013-01-16,7.8354,8.3639,7.7589,8.2443,24519615.0
2013-01-17,8.395,8.4107,8.0993,8.1225,16052095.0
2013-01-18,7.9736,8.1061,7.8982,8.0268,16605202.0
2013-01-22,8.1896,8.3082,7.9064,8.1971,16128528.0
2013-01-23,8.3414,8.5621,8.1971,8.5268,22232471.0
2013-01-24,6.5982,6.8029,6.25,6.2589,51888775.0
2013-01-25,6.3014,6.4636,5.7054,5.8796,42653526.0
2013-01-28,5.8061,6.3557,5.7361,6.235,27873491.0
2013-01-29,6.5446,6.6054,6.3168,6.5364,20313194.0
2013-01-30,6.4911,6.6911,6.4018,6.485,14717980.0
2013-01-31,6.4904,6.5725,6.4189,6.4371,11228690.0
2013-02-01,6.5664,6.5796,6.1821,6.3704,19196848.0
2013-02-04,6.3807,6.4532,5.9554,5.9664,16931445.0
2013-02-05,6.0286,6.5889,5.9632,6.5211,20330063.0
2013-02-06,6.4721,6.8304,6.3332,6.5036,21035785.0
2013-02-07,6.8089,7.05,6.4829,6.9864,24922500.0
2013-02-08,7.1929,7.3646,7.0589,7.2279,22529866.0
2013-02-11,7.2821,7.5836,7.1661,7.4046,18170425.0
2013-02-12,7.3896,7.4921,6.9693,6.975,21604505.0
2013-02-13,6.9504,7.18,6.8079,6.9432,16924996.0
2013-02-14,6.8543,7.1086,6.8364,6.9282,12366681.0
2013-02-15,7.0089,7.0557,6.69,6.6986,13892780.0
2013-02-19,6.7321,6.7904,6.4732,6.6925,15487334.0
2013-02-20,6.6104,6.6104,6.2929,6.2946,16889065.0
2013-02-21,6.1929,6.3061,6.0793,6.195,15541637.0
2013-02-22,6.3089,6.3929,6.2143,6.3646,11682732.0
2013-02-25,6.4732,6.5186,6.0704,6.0786,13117898.0
2013-02-26,6.115,6.3907,5.895,6.2989,17822423.0
2013-02-27,6.2796,6.4229,6.0018,6.1418,20905531.0
2013-02-28,6.1232,6.2596,6.0286,6.0286,11116028.0
2013-03-01,5.9071,5.9136,5.6207,5.6382,19544287.0
2013-03-04,5.5429,5.5571,5.2286,5.2661,20562691.0
2013-03-05,5.3171,5.8068,5.2911,5.6621,22548015.0
2013-03-06,5.7825,5.8089,5.4225,5.4664,16363743.0
2013-03-07,5.425,5.6932,5.3021,5.6421,16638398.0
2013-03-08,5.6143,5.8154,5.5718,5.6829,13815814.0
2013-03-11,5.6125,5.9432,5.4479,5.9025,16474783.0
2013-03-12,5.8214,5.9386,5.5346,5.5654,16533808.0
2013-03-13,5.5661,5.7821,5.4557,5.5625,14389219.0
2013-03-14,5.7225,5.7871,5.6375,5.7107,10750828.0
2013-03-15,5.9046,6.1296,5.8804,6.1093,22431493.0
2013-03-18,6.0304,6.6021,6.0214,6.54,21323310.0
2013-03-19,6.675,6.7275,6.2821,6.4961,18718733.0
2013-03-20,6.6007,6.6082,6.3211,6.41,10929598.0
2013-03-21,6.3436,6.6207,6.3393,6.4332,13535977.0
2013-03-22,6.4993,6.7679,6.4468,6.7611,13919378.0
2013-03-25,6.8604,7.0482,6.7564,6.8207,17807602.0
2013-03-26,6.8871,6.9014,6.7118,6.7332,10402131.0
2013-03-27,6.5664,6.5786,6.3618,6.41,11623487.0
2013-03-28,6.3293,6.4004,6.0364,6.0736,15574723.0
2013-04-01,6.0464,6.1104,5.5407,5.5825,13795202.0
2013-04-02,5.5357,5.9121,5.4929,5.6139,18649096.0
2013-04-03,5.6704,5.8814,5.6325,5.6925,12883821.0
2013-04-04,5.7557,5.8,5.4518,5.54,12765029.0
2013-04-05,5.425,5.4411,5.2529,5.3786,13602267.0
2013-04-08,5.4375,5.5321,5.3532,5.4861,10683094.0
2013-04-09,5.4914,5.5679,5.3625,5.5136,10909171.0
2013-04-10,5.5536,5.8736,5.4789,5.8246,13369846.0
2013-04-11,5.7543,5.9068,5.6643,5.7761,11699081.0
2013-04-12,5.7696,5.7696,5.5889,5.6143,8418531.0
2013-04-15,5.5143,5.5461,5.2482,5.2589,11231721.0
2013-04-16,5.3204,5.5004,5.2846,5.4871,10819025.0
2013-04-17,5.2739,5.2857,4.4825,4.65,33630797.0
2013-04-18,4.7282,4.7568,4.1836,4.2661,23672170.0
2013-04-19,4.1204,4.5357,4.0179,4.2118,21630475.0
2013-04-22,4.2871,4.6286,4.2382,4.5025,15271434.0
2013-04-23,4.6925,4.8493,4.5075,4.7689,18496158.0
2013-04-24,4.3193,5.0946,4.2821,4.745,34277609.0
2013-04-25,4.9507,5.0479,4.8,4.8493,13681215.0
2013-04-26,4.9004,5.22,4.8446,5.1643,27217949.0
2013-04-29,5.2804,5.7504,5.2643,5.6257,22768940.0
2013-04-30,5.8036,6.1661,5.6954,6.0779,24506982.0
2013-05-01,6.1379,6.1546,5.7782,5.9532,18049279.0
2013-05-02,6.0421,6.2854,6.0011,6.1757,14999234.0
2013-05-03,6.3825,6.4511,6.3054,6.335,12829211.0
2013-05-06,6.5396,6.7714,6.4896,6.7182,17656752.0
2013-05-07,6.8704,6.8982,6.4679,6.6446,17185826.0
2013-05-08,6.6586,6.8846,6.5432,6.83,16741560.0
2013-05-09,6.795,6.9089,6.6439,6.6864,13928899.0
2013-05-10,6.7293,6.7914,6.4618,6.5507,11899096.0
2013-05-13,6.4986,6.7268,6.4982,6.6139,11260518.0
2013-05-14,6.5821,6.6304,6.1643,6.2254,15839824.0
2013-05-15,6.0575,6.1232,5.4575,5.6893,25683158.0
2013-05-16,5.4889,6.0107,5.3339,5.8936,21493167.0
2013-05-17,6.0536,6.0907,5.7664,5.8468,15239018.0
2013-05-20,5.7986,6.2946,5.7339,6.1921,15936816.0
2013-05-21,6.0214,6.2832,5.8804,6.0754,16242694.0
2013-05-22,6.2321,6.3857,6.0239,6.1357,15745635.0
2013-05-23,5.9429,6.3075,5.9371,6.1639,12537936.0
2013-05-24,6.1179,6.2896,6.1004,6.2714,9710046.0
2013-05-28,6.4411,6.4843,6.1179,6.1386,13663179.0
2013-05-29,6.0875,6.3554,6.0661,6.2643,11760963.0
2013-05-30,6.2893,6.6054,6.2486,6.5011,12552222.0
2013-05-31,6.5339,6.6982,6.4268,6.435,13067676.0
2013-06-03,6.4707,6.5289,6.1761,6.4704,13175665.0
2013-06-04,6.5596,6.6029,6.3514,6.42,10260581.0
2013-06-05,6.2893,6.4704,6.22,6.27,10308490.0
2013-06-06,6.2829,6.3375,5.875,6.0325,14774923.0
2013-06-07,5.9625,6.2032,5.8293,6.1521,14364826.0
2013-06-10,6.2564,6.4114,5.9732,6.0479,15969384.0
2013-06-11,5.9354,6.1861,5.8489,6.0018,10194324.0
2013-06-12,6.0696,6.1321,5.7839,5.8086,9416279.0
2013-06-13,5.8196,5.9854,5.6857,5.9432,10099092.0
2013-06-14,5.9232,5.955,5.6768,5.7321,9348249.0
2013-06-17,5.7818,5.9339,5.7432,5.8018,9189258.0
2013-06-18,5.7861,5.9054,5.7379,5.7936,6877502.0
2013-06-19,5.7804,5.7896,5.4804,5.4804,10345190.0
2013-06-20,5.3482,5.5868,5.2007,5.26,12604898.0
2013-06-21,5.3193,5.3732,4.9482,5.1411,16829170.0
2013-06-24,4.9232,4.9682,4.5893,4.7496,16630294.0
2013-06-25,4.8625,4.9371,4.6171,4.7529,11193057.0
2013-06-26,4.7982,4.83,4.5039,4.59,13088762.0
2013-06-27,4.6321,4.7086,4.4282,4.4368,11734600.0
2013-06-28,4.3504,4.6686,4.2614,4.535,16841623.0
2013-07-01,4.755,5.0971,4.7025,4.9882,13904204.0
2013-07-02,5.0146,5.4314,4.9971,5.3193,16643113.0
2013-07-03,5.4039,5.4796,5.2821,5.4018,8603985.0
2013-07-05,5.3871,5.4907,5.2071,5.2811,9577696.0
2013-07-08,5.3771,5.4089,5.0393,5.1964,10432375.0
2013-07-09,5.1446,5.4982,5.0296,5.4571,12549966.0
2013-07-10,5.3589,5.5446,5.3107,5.3993,9970138.0
2013-07-11,5.4786,5.6679,5.415,5.6332,11600975.0
2013-07-12,5.6464,5.7229,5.495,5.6057,9926730.0
2013-07-15,5.5521,5.7825,5.5446,5.6389,8618095.0
2013-07-16,5.6061,5.7557,5.5221,5.7371,7617346.0
2013-07-17,5.7196,5.8096,5.6668,5.7414,7091064.0
2013-07-18,5.8511,5.9043,5.7521,5.7929,7777683.0
2013-07-19,5.8411,5.8725,5.5286,5.55,9485232.0
2013-07-22,5.7111,5.7214,5.5682,5.5986,7271905.0
2013-07-23,5.5875,5.6218,5.3271,5.3371,9407814.0
2013-07-24,6.0493,6.2514,5.9182,6.1057,21050187.0
2013-07-25,6.1125,6.1375,5.9379,6.0339,8178860.0
2013-07-26,5.9196,6.1246,5.8854,6.1229,7115630.0
2013-07-29,6.1161,6.4443,6.0946,6.3657,8814022.0
2013-07-30,6.4432,6.7,6.4171,6.5632,11010899.0
2013-07-31,6.6229,6.7068,6.4243,6.535,11488900.0
2013-08-01,6.65,6.6875,6.5611,6.6829,7294178.0
2013-08-02,6.7307,6.9036,6.6825,6.8925,9695154.0
2013-08-05,6.9693,7.1829,6.8786,7.1393,11307912.0
2013-08-06,7.0882,7.2264,6.8793,6.9893,11809093.0
2013-08-07,6.9375,7.0518,6.865,6.9796,10635261.0
2013-08-08,7.0482,7.0571,6.8375,6.9468,9112579.0
2013-08-09,6.8621,6.9271,6.6839,6.7125,9451904.0
2013-08-12,6.7986,7.2196,6.7904,7.1736,12941550.0
2013-08-13,7.3014,8.1486,7.1982,7.9668,31220429.0
2013-08-14,8.2636,8.4911,8.1036,8.2857,26793605.0
2013-08-15,8.2114,8.4246,7.9493,8.2646,17274963.0
2013-08-16,8.3446,8.4443,8.2986,8.4225,12129344.0
2013-08-19,8.4943,8.83,8.4821,8.6157,18128174.0
2013-08-20,8.6861,8.7168,8.3686,8.3775,12718777.0
2013-08-21,8.4675,8.5946,8.3821,8.4236,11815580.0
2013-08-22,8.5171,8.5389,8.275,8.445,8669317.0
2013-08-23,8.4561,8.4589,8.3161,8.3757,7878271.0
2013-08-26,8.3661,8.7036,8.3571,8.4454,11748281.0
2013-08-27,8.2679,8.4289,7.85,7.9318,15068218.0
2013-08-28,7.8393,8.1893,7.8393,8.0139,10861444.0
2013-08-29,8.0411,8.2143,8.0225,8.0429,8454973.0
2013-08-30,8.0536,8.0875,7.8571,7.8825,9537385.0
2013-09-03,8.0929,8.3607,7.8875,7.9314,11824824.0
2013-09-04,8.3236,8.4193,8.2064,8.2925,12236672.0
2013-09-05,8.3482,8.3636,8.1121,8.1704,8348169.0
2013-09-06,8.2836,8.3171,7.9804,8.2757,12497319.0
2013-09-09,8.5179,8.6221,8.4636,8.5596,12004896.0
2013-09-10,8.5607,8.6054,7.9643,8.1479,26314428.0
2013-09-11,7.1611,7.3996,7.0825,7.1861,31712886.0
2013-09-12,7.2143,7.4607,7.1254,7.3639,14366516.0
2013-09-13,7.2443,7.3329,7.0786,7.0857,10552171.0
2013-09-16,6.9464,6.9682,6.4543,6.5579,19424286.0
2013-09-17,6.4807,6.9004,6.4643,6.7436,14217192.0
2013-09-18,7.0243,7.1375,6.9343,7.0779,16182035.0
2013-09-19,7.2929,7.4761,7.2411,7.35,14321462.0
2013-09-20,7.5536,7.5732,7.125,7.1754,21014197.0
2013-09-23,8.2,8.2289,7.7179,8.005,27096208.0
2013-09-24,8.1564,8.1775,7.9043,7.95,12901860.0
2013-09-25,7.9536,7.9693,7.6761,7.6796,11240103.0
2013-09-26,7.8393,7.9307,7.7643,7.8471,8300802.0
2013-09-27,7.76,7.7918,7.6507,7.7232,8073543.0
2013-09-30,7.5268,7.6843,7.4254,7.5089,9147113.0
2013-10-01,7.5696,7.9514,7.5671,7.9093,12000740.0
2013-10-02,7.8261,8.0464,7.7589,7.9664,10218213.0
2013-10-03,8.0004,8.0661,7.6511,7.7468,10476127.0
2013-10-04,7.7629,7.7893,7.575,7.7332,9201717.0
2013-10-07,7.8593,8.0768,7.8161,7.9018,11086670.0
2013-10-08,7.98,8.005,7.6443,7.6586,10234876.0
2013-10-09,7.7907,7.9032,7.5636,7.86,10340236.0
2013-10-10,8.0293,8.0671,7.8764,7.9689,9813733.0
2013-10-11,7.8746,8.1193,7.8093,8.0825,9497347.0
2013-10-14,7.9761,8.2529,7.9589,8.1979,9276534.0
2013-10-15,8.25,8.4107,8.1793,8.2921,11337014.0
2013-10-16,8.3675,8.4296,8.3118,8.3789,8857223.0
2013-10-17,8.3386,8.51,8.3279,8.5,8944990.0
2013-10-18,8.5532,8.67,8.5432,8.6568,10228743.0
2013-10-21,8.7596,9.2071,8.7507,9.1021,14044336.0
2013-10-22,9.2821,9.3554,8.6261,9.0486,18995236.0
2013-10-23,9.0179,9.2561,9.0179,9.2307,11133678.0
2013-10-24,9.2321,9.4989,9.1411,9.4789,12283362.0
2013-10-25,9.4575,9.5261,9.2361,9.2661,11966505.0
2013-10-28,9.3764,9.4464,9.1682,9.4061,14244044.0
2013-10-29,9.6346,9.7411,8.8586,8.9346,22548872.0
2013-10-30,9.0396,9.3221,8.9471,9.2282,12517318.0
2013-10-31,9.2321,9.3211,9.0989,9.15,9476817.0
2013-11-01,9.1971,9.225,8.905,9.0546,9691573.0
2013-11-04,9.0929,9.2971,9.0111,9.2946,8676409.0
2013-11-05,9.2171,9.3707,9.1607,9.2479,9391326.0
2013-11-06,9.3107,9.3361,9.0982,9.1954,7460519.0
2013-11-07,9.1475,9.2764,8.8904,8.8943,9309980.0
2013-11-08,8.9689,9.2029,8.8979,9.1825,9889882.0
2013-11-11,9.1621,9.2221,8.9629,9.1282,8090822.0
2013-11-12,9.0793,9.3025,9.0554,9.1629,7277666.0
2013-11-13,9.0911,9.2429,9.0539,9.185,6986345.0
2013-11-14,9.2629,9.4939,9.2293,9.4539,10008490.0
2013-11-15,9.3975,9.4871,9.3229,9.3407,11313140.0
2013-11-18,9.3407,9.4193,9.0982,9.1132,8685237.0
2013-11-19,9.1279,9.2832,9.09,9.1464,7396988.0
2013-11-20,9.135,9.1775,8.96,8.9839,6873146.0
2013-11-21,9.0768,9.2057,8.9364,9.2029,9284785.0
2013-11-22,9.1454,9.2396,9.11,9.1554,7252882.0
2013-11-25,9.1989,9.3721,9.1982,9.2961,8162701.0
2013-11-26,9.3096,9.7389,9.3054,9.6411,13589260.0
2013-11-27,9.745,10.0911,9.74,10.0896,12828079.0
2013-11-29,10.2154,10.5314,10.1557,10.4507,11353916.0
2013-12-02,10.5196,10.7457,10.2632,10.2779,16773781.0
2013-12-03,10.5304,10.8189,10.5082,10.8168,15977418.0
2013-12-04,10.7875,10.9193,10.6204,10.7696,13441048.0
2013-12-05,11.0429,11.1314,10.82,10.8732,15906061.0
2013-12-06,10.7979,10.8321,10.5757,10.5918,12181090.0
2013-12-09,10.6232,10.9332,10.6232,10.8207,11378451.0
2013-12-10,10.7189,10.8725,10.6339,10.7893,9434633.0
2013-12-11,10.8411,10.9829,10.58,10.6396,12785322.0
2013-12-12,10.6675,10.7818,10.5921,10.6104,9274940.0
2013-12-13,10.6929,10.6939,10.365,10.3921,11808403.0
2013-12-16,10.4132,10.685,10.4129,10.5018,10016255.0
2013-12-17,10.4414,10.5711,10.3543,10.4121,8121883.0
2013-12-18,10.2232,10.2857,9.8339,10.2614,20019525.0
2013-12-19,10.2161,10.2339,10.01,10.0361,11370063.0
2013-12-20,10.0707,10.2914,10.0486,10.1989,14234716.0
2013-12-23,10.8768,10.9739,10.6896,10.9514,17753807.0
2013-12-24,10.9443,11.0154,10.8064,10.865,5980842.0
2013-12-26,10.8804,10.9304,10.7114,10.7304,7261541.0
2013-12-27,10.7275,10.7486,10.5732,10.5943,8014229.0
2013-12-30,10.5004,10.5214,10.3168,10.3954,8833377.0
2013-12-31,10.3829,10.6368,10.3768,10.6275,7917083.0
2014-01-02,10.4368,10.485,10.3061,10.3457,8307539.0
2014-01-03,10.3361,10.3661,9.8921,9.9118,13865515.0
2014-01-06,9.7857,10.1196,9.6482,10.0171,14506214.0
2014-01-07,10.0311,10.0896,9.8025,9.8779,11377006.0
2014-01-08,9.8343,10.0754,9.83,10.0004,9141088.0
2014-01-09,10.1196,10.1218,9.7107,9.7521,9913317.0
2014-01-10,9.8707,9.9054,9.5593,9.6246,10838490.0
2014-01-13,9.5164,9.9661,9.5154,9.7243,13550709.0
2014-01-14,9.8132,10.1171,9.7932,10.105,11795088.0
2014-01-15,10.3596,10.5982,10.2932,10.4968,13763437.0
2014-01-16,10.4089,10.4786,10.2939,10.3857,8151629.0
2014-01-17,10.2868,10.3079,9.8732,9.9007,15145596.0
2014-01-21,9.9121,10.2364,9.8918,10.2007,11649150.0
2014-01-22,10.2664,10.4943,10.1557,10.2879,13516116.0
2014-01-23,10.2318,10.4661,10.0482,10.4546,14346031.0
2014-01-24,10.3768,10.4346,10.0464,10.0936,15349129.0
2014-01-27,10.2364,10.4054,10.0821,10.2518,15087736.0
2014-01-28,8.7611,8.9839,8.5221,8.6804,37009491.0
2014-01-29,8.5893,8.7114,8.3989,8.475,17902189.0
2014-01-30,8.5389,8.6804,8.3304,8.4404,24131649.0
2014-01-31,8.2761,8.5029,8.2179,8.4696,16465665.0
2014-02-03,8.5414,8.7243,8.4232,8.5029,13705873.0
2014-02-04,8.6571,8.7861,8.5468,8.7621,13715155.0
2014-02-05,8.6825,8.9939,8.6714,8.8979,11540851.0
2014-02-06,8.9164,9.0393,8.8361,9.0039,9179317.0
2014-02-07,9.3207,9.3761,9.1779,9.26,13176301.0
2014-02-10,9.2236,9.6996,9.2,9.5964,12308288.0
2014-02-11,9.6504,9.9054,9.6107,9.8414,10030234.0
2014-02-12,9.8768,9.97,9.7443,9.8396,10979741.0
2014-02-13,9.795,10.1589,9.7786,10.1436,10938196.0
2014-02-14,10.0739,10.1993,10.0289,10.1286,9724007.0
2014-02-18,10.2,10.3854,10.1861,10.1979,9259399.0
2014-02-19,10.1554,10.2318,9.7839,9.8918,11077559.0
2014-02-20,9.7354,9.8786,9.5929,9.6696,10868982.0
2014-02-21,9.7282,9.7918,9.4357,9.4589,9903193.0
2014-02-24,9.3839,9.6257,9.3579,9.5411,10135383.0
2014-02-25,9.6064,9.6129,9.3071,9.345,8251273.0
2014-02-26,9.4004,9.45,9.1143,9.1768,9821812.0
2014-02-27,9.1693,9.585,9.1304,9.5454,10605129.0
2014-02-28,9.5957,9.7268,9.3471,9.4943,13047056.0
2014-03-03,9.3936,9.6518,9.3718,9.5486,8485142.0
2014-03-04,9.6643,9.7229,9.5489,9.6729,9225291.0
2014-03-05,9.6614,9.7982,9.5975,9.7129,7102358.0
2014-03-06,9.7282,9.7871,9.5607,9.6554,6332715.0
2014-03-07,9.6675,9.6993,9.4875,9.6443,7819701.0
2014-03-10,9.57,9.7475,9.5689,9.6614,6236914.0
2014-03-11,9.8232,9.9407,9.7211,9.8461,9906677.0
2014-03-12,9.7896,9.8911,9.7,9.8646,7104558.0
2014-03-13,9.8943,9.9736,9.5986,9.6518,9156898.0
2014-03-14,9.5854,9.6604,9.3786,9.4389,8407142.0
2014-03-17,9.5464,9.6275,9.4804,9.5121,7067002.0
2014-03-18,9.4821,9.6989,9.4571,9.6757,7450577.0
2014-03-19,9.7093,9.8514,9.5929,9.6736,7996733.0
2014-03-20,9.6246,9.7239,9.5339,9.5821,7398578.0
2014-03-21,9.6975,9.7625,9.4975,9.7311,12773939.0
2014-03-24,9.9293,10.0036,9.8093,9.9568,12559176.0
2014-03-25,10.0393,10.1911,9.9711,10.1639,9956036.0
2014-03-26,10.2186,10.3071,9.945,9.9779,10530916.0
2014-03-27,9.9861,10.0393,9.8114,9.895,7877778.0
2014-03-28,9.9257,9.9479,9.7804,9.8736,7068978.0
2014-03-31,9.9582,10.0146,9.8404,9.8689,5957782.0
2014-04-01,9.9057,10.0525,9.8704,10.0446,7135437.0
2014-04-02,10.0707,10.11,9.995,10.0768,6387115.0
2014-04-03,10.0354,10.075,9.9014,9.9425,5774737.0
2014-04-04,9.9789,9.9857,9.6493,9.6936,9778646.0
2014-04-07,9.5579,9.6607,9.3389,9.3954,10250516.0
2014-04-08,9.4568,9.49,9.225,9.3943,8684407.0
2014-04-09,9.3657,9.6461,9.3436,9.64,7312505.0
2014-04-10,9.6529,9.7086,9.3846,9.3957,8493543.0
2014-04-11,9.2357,9.3725,9.1693,9.2575,9687084.0
2014-04-14,9.3393,9.3486,9.1718,9.3314,7305003.0
2014-04-15,9.2811,9.33,8.9618,9.1986,9460375.0
2014-04-16,9.2018,9.3104,9.0618,9.2361,7460654.0
2014-04-17,9.2714,9.5486,9.2429,9.4479,10086672.0
2014-04-21,9.4621,9.705,9.4129,9.6704,6503377.0
2014-04-22,9.5682,9.6936,9.5036,9.6889,7201111.0
2014-04-23,9.595,9.6689,9.4304,9.4411,9412480.0
2014-04-24,10.9932,11.0571,10.7261,10.9775,26993490.0
2014-04-25,10.8618,11.1282,10.8414,11.1264,13844013.0
2014-04-28,11.1571,11.9768,11.1482,11.9175,23834137.0
2014-04-29,11.905,11.985,11.7539,11.8546,11948444.0
2014-04-30,11.8657,12.1082,11.7643,11.7746,16139441.0
2014-05-01,11.8429,11.9429,11.6414,11.8243,8693603.0
2014-05-02,11.855,11.9214,11.7611,11.8636,6773534.0
2014-05-05,11.7764,12.1643,11.7714,12.1629,10008699.0
2014-05-06,12.1929,12.2861,11.9289,11.9289,13203343.0
2014-05-07,11.9589,12.0318,11.6904,11.8546,10043238.0
2014-05-08,11.8264,12.0789,11.7604,11.8171,8157473.0
2014-05-09,11.6939,11.755,11.5436,11.7296,10381509.0
2014-05-12,11.7993,12.0196,11.7961,11.99,7574251.0
2014-05-13,11.9604,12.0511,11.9139,12.0232,5685246.0
2014-05-14,11.9757,12.1532,11.9511,12.0271,5914424.0
2014-05-15,12.0568,12.1246,11.8189,11.8468,8183686.0
2014-05-16,11.84,12.1579,11.7246,12.1571,9800339.0
2014-05-19,12.1693,12.5079,12.1507,12.41,11237928.0
2014-05-20,12.4071,12.4746,12.2721,12.4143,8299732.0
2014-05-21,12.3829,12.4854,12.3196,12.4714,7021664.0
2014-05-22,12.4818,12.5979,12.3925,12.5057,7156763.0
2014-05-23,12.505,12.7718,12.4771,12.7507,8255316.0
2014-05-27,12.8132,13.1696,12.8043,13.1614,12385615.0
2014-05-28,13.1754,13.3114,13.0954,13.1036,11197092.0
2014-05-29,13.2407,13.5629,13.2379,13.5096,13349622.0
2014-05-30,13.6025,13.8236,13.2782,13.4246,20048504.0
2014-06-02,13.4589,13.49,13.0496,13.2693,13149270.0
2014-06-03,13.2625,13.6296,13.255,13.5868,10418117.0
2014-06-04,13.5832,13.9564,13.5357,13.8468,11948915.0
2014-06-05,13.8961,14.0093,13.7679,13.9371,10653582.0
2014-06-06,14.0282,14.0768,13.8343,13.8736,12444887.0
2014-06-09,13.9925,14.2875,13.755,14.2425,74772959.0
2014-06-10,14.5,14.58,14.21,14.38,62456975.0
2014-06-11,14.35,14.5075,14.185,14.2825,45468152.0
2014-06-12,14.3275,14.3475,13.7925,13.89,54407287.0
2014-06-13,13.8675,13.9275,13.5375,13.6375,54206612.0
2014-06-16,13.695,14.005,13.68,13.8675,34969622.0
2014-06-17,13.895,13.9925,13.7675,13.8375,29657413.0
2014-06-18,13.885,13.89,13.655,13.8625,33285334.0
2014-06-19,13.89,13.8925,13.6525,13.7825,35423532.0
2014-06-20,13.78,13.955,13.5425,13.545,88578875.0
2014-06-23,13.6475,13.7225,13.4675,13.525,43539287.0
2014-06-24,13.505,13.7525,13.365,13.3875,38894434.0
2014-06-25,13.37,13.4925,13.23,13.4075,36631760.0
2014-06-26,13.41,13.58,13.2675,13.5425,32111724.0
2014-06-27,13.5225,13.8175,13.51,13.8075,50894644.0
2014-06-30,13.8425,14.2475,13.84,14.05,49386780.0
2014-07-01,14.1975,14.335,14.1,14.1975,38037121.0
2014-07-02,14.2825,14.3325,14.09,14.1875,28343765.0
2014-07-03,14.235,14.3425,14.1175,14.325,22886359.0
2014-07-07,14.3525,14.815,14.3425,14.8075,54570619.0
2014-07-08,14.885,15.0175,14.2975,14.655,65074661.0
2014-07-09,14.6775,14.805,14.5075,14.665,36236232.0
2014-07-10,14.2575,14.705,14.1975,14.575,39570082.0
2014-07-11,14.6575,14.79,14.5325,14.6225,33914154.0
2014-07-14,14.7825,15.04,14.73,14.93,42575961.0
2014-07-15,15.06,15.0925,14.5025,14.5125,52974407.0
2014-07-17,14.575,14.6375,13.96,14.09,56733209.0
2014-07-18,14.2225,14.5025,14.0725,14.425,49301565.0
2014-07-21,14.565,14.5675,14.2475,14.3025,38644135.0
2014-07-22,14.4875,14.54,14.3475,14.4975,49090426.0
2014-07-23,14.6725,15.2875,14.61,15.115,90553266.0
2014-07-24,15.075,15.1475,14.9225,15.075,45397505.0
2014-07-25,15.03,15.2775,14.9775,15.235,42670488.0
2014-07-28,15.2725,15.6275,15.205,15.5725,53357141.0
2014-07-29,15.65,15.6775,15.38,15.4125,42823320.0
2014-07-30,15.4275,15.4925,15.235,15.355,32820948.0
2014-07-31,15.1075,15.18,14.65,14.7175,56011277.0
2014-08-01,14.5425,14.9725,14.52,14.85,48106779.0
2014-08-04,14.91,14.9625,14.61,14.715,39482091.0
2014-08-05,14.6575,14.7375,14.4075,14.5975,55726491.0
2014-08-06,14.505,14.6875,14.495,14.5575,36470299.0
2014-08-07,14.6675,14.9225,14.46,14.555,45683802.0
2014-08-08,14.5,14.64,14.255,14.62,41687523.0
2014-08-11,14.7525,14.955,14.6425,14.9325,36373831.0
2014-08-12,14.945,15.155,14.8375,14.9275,33332465.0
2014-08-13,14.9725,15.245,14.945,15.245,31752828.0
2014-08-14,15.2675,15.3275,15.135,15.31,27995904.0
2014-08-15,15.41,15.4825,15.15,15.43,48566668.0
2014-08-18,15.5575,15.7775,15.43,15.725,45923961.0
2014-08-19,15.7875,16.105,15.765,16.0675,68907841.0
2014-08-20,16.045,16.2075,15.9225,16.0775,52013032.0
2014-08-21,16.0775,16.17,15.9625,16.08,33236081.0
2014-08-22,16.0075,16.3025,15.9825,16.265,43668706.0
2014-08-25,16.3825,16.4775,16.255,16.32,39998789.0
2014-08-26,16.29,16.31,16.15,16.1575,32786749.0
2014-08-27,16.19,16.5775,16.11,16.4675,46636284.0
2014-08-28,16.3325,16.63,16.325,16.4975,67850210.0
2014-08-29,16.65,16.66,16.485,16.56,43036344.0
2014-09-02,16.7,16.87,16.615,16.76,53005018.0
2014-09-03,16.71,16.735,15.58,15.67,124419956.0
2014-09-04,15.6475,15.9575,15.3825,15.465,85177863.0
2014-09-05,15.635,15.7825,15.5125,15.6775,57315005.0
2014-09-08,15.76,15.7625,15.4475,15.5225,45914526.0
2014-09-09,15.705,16.705,14.97,15.4325,188968299.0
2014-09-10,15.4375,16.2125,15.375,16.185,99914457.0
2014-09-11,16.0375,16.295,15.84,16.2925,61703948.0
2014-09-12,16.2375,16.4825,16.205,16.35,62377851.0
2014-09-15,16.6375,16.6975,16.295,16.335,60922636.0
2014-09-16,15.885,16.25,15.6575,16.15,66538949.0
2014-09-17,16.2525,16.385,16.0825,16.33,60572156.0
2014-09-18,16.4175,16.5225,16.325,16.3825,36684935.0
2014-09-19,16.5075,16.5225,16.06,16.175,64082802.0
2014-09-22,16.385,16.47,16.08,16.2025,51828046.0
2014-09-23,16.085,16.67,16.07,16.595,62457203.0
2014-09-24,16.475,16.6475,16.235,16.3675,59683737.0
2014-09-25,16.0625,16.1125,15.365,15.4025,99212535.0
2014-09-26,15.5675,16.1225,15.535,16.1225,61969503.0
2014-09-29,15.5975,16.0425,15.5925,15.9625,48358424.0
2014-09-30,16.1375,16.32,16.0675,16.1225,53825369.0
2014-10-01,16.0825,16.1075,15.61,15.73,50979438.0
2014-10-02,15.7525,15.99,15.445,15.91,46901901.0
2014-10-03,15.795,15.9875,15.695,15.84,43294537.0
2014-10-06,15.9225,16.0975,15.79,15.84,36634150.0
2014-10-07,15.7925,15.965,15.6175,15.6225,41682271.0
2014-10-08,15.625,16.2125,15.5125,16.135,57154990.0
2014-10-09,16.32,16.53,16.0875,16.19,76012441.0
2014-10-10,16.1075,16.4425,16.01,16.1175,65815091.0
2014-10-13,16.2675,16.38,15.8875,15.8875,53195148.0
2014-10-14,16.0325,16.065,15.5775,15.6225,63219839.0
2014-10-15,15.4275,15.7225,14.73,15.32,99712880.0
2014-10-16,14.8225,15.365,14.7875,15.0,71780146.0
2014-10-17,15.31,15.685,15.1375,15.3525,67510006.0
2014-10-20,15.5125,15.925,15.49,15.875,65923560.0
2014-10-21,16.69,16.69,16.2525,16.5525,93317209.0
2014-10-22,16.645,16.9625,16.585,16.6825,66985937.0
2014-10-23,16.955,17.1975,16.8425,17.1425,69703727.0
2014-10-24,17.23,17.3075,17.0675,17.24,44285746.0
2014-10-27,17.1475,17.305,17.11,17.2125,33575985.0
2014-10-28,17.285,17.62,17.2725,17.62,44559449.0
2014-10-29,17.5975,17.7775,17.525,17.77,52422678.0
2014-10-30,17.675,17.7725,17.41,17.68,40432696.0
2014-10-31,17.9375,17.945,17.7375,17.935,43558852.0
2014-11-03,17.99,18.51,17.9375,18.285,51850856.0
2014-11-04,18.275,18.3075,17.865,18.085,41338461.0
2014-11-05,18.21,18.26,17.965,18.15,34695092.0
2014-11-06,18.2025,18.25,18.0025,18.2275,34394437.0
2014-11-07,18.24,18.3825,18.19,18.305,31237676.0
2014-11-10,18.3075,18.385,18.22,18.26,26990603.0
2014-11-11,18.2275,18.49,18.1525,18.4775,27039663.0
2014-11-12,18.3975,18.91,18.395,18.865,46248700.0
2014-11-13,19.0025,19.415,18.9525,19.2575,59295310.0
2014-11-14,19.34,19.6,19.315,19.5975,42988621.0
2014-11-17,19.62,20.3725,19.3775,19.55,46505601.0
2014-11-18,19.5375,19.975,19.525,19.92,42716607.0
2014-11-19,19.9125,19.9875,19.5025,19.7175,41693807.0
2014-11-20,19.78,20.2675,19.765,20.13,42799527.0
2014-11-21,20.43,20.445,20.06,20.14,56545658.0
2014-11-24,20.265,20.745,20.2075,20.7075,46178432.0
2014-11-25,20.82,20.99,20.415,20.455,67418118.0
2014-11-26,20.5375,20.8275,20.51,20.8025,40234040.0
2014-11-28,20.87,20.9025,20.565,20.785,24813038.0
2014-12-01,20.755,20.865,18.87,19.815,83375327.0
2014-12-02,19.4275,19.99,19.24,19.71,59056541.0
2014-12-03,19.99,20.14,19.83,20.04,42561296.0
2014-12-04,19.995,20.3525,19.875,19.9175,41826869.0
2014-12-05,20.05,20.0725,19.7125,19.7975,37853309.0
2014-12-08,19.5775,19.7125,18.9575,19.1525,57241451.0
2014-12-09,18.6,19.6275,18.39,19.585,59979644.0
2014-12-10,19.655,19.765,18.9375,19.05,44291075.0
2014-12-11,19.1175,19.5025,18.8875,18.9575,41199481.0
2014-12-12,18.6675,19.02,18.4475,18.515,55294242.0
2014-12-15,18.7275,18.9525,17.64,18.1125,66952449.0
2014-12-16,17.645,18.5925,17.6175,17.725,60213091.0
2014-12-17,17.8325,18.5125,17.7575,18.375,52822001.0
2014-12-18,19.02,19.215,18.7175,19.215,58115649.0
2014-12-19,19.1175,19.3625,18.9675,18.9975,77769246.0
2014-12-22,19.0925,19.425,19.045,19.2875,42983036.0
2014-12-23,19.36,19.385,19.1675,19.1875,25694516.0
2014-12-24,19.1975,19.23,19.055,19.055,14477978.0
2014-12-26,19.0775,19.6825,19.055,19.55,33376330.0
2014-12-29,19.5,19.745,19.4775,19.53,27403882.0
2014-12-30,19.4625,19.5325,19.08,19.1825,28898816.0
2014-12-31,19.2575,19.335,18.605,18.6475,40897671.0
2015-01-02,18.9,18.9125,17.89,18.385,53096191.0
2015-01-05,18.125,18.215,17.405,17.615,61065973.0
2015-01-06,17.6875,17.91,17.21,17.6175,65565949.0
2015-01-07,17.8525,18.1025,17.725,17.99,39723689.0
2015-01-08,18.36,19.09,18.2275,19.02,58761565.0
2015-01-09,19.22,19.365,18.605,19.055,53452528.0
2015-01-12,19.2025,19.21,18.2525,18.365,49297135.0
2015-01-13,18.91,19.2525,18.28,18.5925,66704571.0
2015-01-14,18.3125,18.675,18.1775,18.4775,48197982.0
2015-01-15,18.5525,18.5675,17.7175,17.7675,58558205.0
2015-01-16,17.81,17.9475,17.3525,17.5375,76790477.0
2015-01-20,18.0125,18.2925,17.6775,18.2475,47700888.0
2015-01-21,18.29,18.8175,18.12,18.645,22291410.0
2015-01-22,18.6175,19.17,18.4825,19.1525,49684704.0
2015-01-23,19.1275,19.49,18.935,19.2975,45951078.0
2015-01-26,19.4875,19.6425,19.2525,19.3275,52580597.0
2015-01-27,19.1575,19.1725,18.31,18.335,77719040.0
2015-01-28,20.4575,20.5825,19.88,19.88,145104646.0
2015-01-29,20.1325,20.85,19.9425,20.7775,83729464.0
2015-01-30,20.6525,21.0525,20.265,20.3425,82447706.0
2015-02-02,20.565,20.845,20.0725,20.71,62078735.0
2015-02-03,20.6775,20.825,20.455,20.695,51573567.0
2015-02-04,20.6775,21.18,20.63,20.9425,69707153.0
2015-02-05,21.175,21.2275,20.9825,21.155,42049717.0
2015-02-06,21.175,21.2325,20.7825,20.9025,43327287.0
2015-02-09,20.8075,21.13,20.7775,21.095,37748448.0
2015-02-10,21.2125,21.7075,21.21,21.675,61615410.0
2015-02-11,21.8625,22.4,21.795,22.39,72734227.0
2015-02-12,22.685,23.04,22.5625,22.7725,73386944.0
2015-02-13,22.99,22.99,22.5825,22.94,52053515.0
2015-02-17,23.0425,23.39,22.9,23.1275,62947443.0
2015-02-18,23.075,23.365,23.0325,23.3475,44050161.0
2015-02-19,23.29,23.4275,23.2525,23.2825,37172719.0
2015-02-20,23.325,23.545,23.1825,23.5425,48442705.0
2015-02-23,23.675,24.42,23.585,24.42,67810009.0
2015-02-24,24.405,24.57,23.9625,24.2125,68916484.0
2015-02-25,24.06,24.07,23.2075,23.3525,73773018.0
2015-02-26,23.365,23.8875,22.8225,23.7725,88008744.0
2015-02-27,23.67,23.8125,23.23,23.29,61180707.0
2015-03-02,23.4825,23.74,23.245,23.4425,47911463.0
2015-03-03,23.41,23.55,23.1925,23.5125,37341916.0
2015-03-04,23.445,23.56,23.25,23.305,30327290.0
2015-03-05,23.315,23.3575,22.61,22.765,55911547.0
2015-03-06,23.27,23.5125,22.735,22.82,72129896.0
2015-03-09,23.16,23.5625,22.435,22.9425,88277136.0
2015-03-10,22.7725,22.975,22.12,22.3075,68119299.0
2015-03-11,22.3575,22.3625,21.6975,21.73,68140747.0
2015-03-12,21.7475,22.395,21.5775,22.2825,48061226.0
2015-03-13,22.27,22.5175,21.815,22.055,51551864.0
2015-03-16,22.14,22.4075,21.8875,22.4075,35419236.0
2015-03-17,22.645,23.0,22.5825,22.93,50809550.0
2015-03-18,22.92,23.46,22.7625,23.295,64987351.0
2015-03-19,23.3575,23.48,23.02,23.0425,45582287.0
2015-03-20,23.2325,23.27,22.46,22.6825,64530868.0
2015-03-23,22.95,23.1325,22.8,22.9725,36732439.0
2015-03-24,22.9775,23.18,22.81,22.8425,32630243.0
2015-03-25,22.805,22.875,22.015,22.015,51018821.0
2015-03-26,21.86,22.39,21.82,22.23,47331485.0
2015-03-27,22.3125,22.345,21.8975,21.9825,39008160.0
2015-03-30,22.1825,22.77,22.17,22.7625,46765028.0
2015-03-31,22.6925,22.7925,22.2575,22.2775,41524877.0
2015-04-01,22.375,22.45,21.945,22.2275,40281311.0
2015-04-02,22.4275,22.56,22.2175,22.4975,32025449.0
2015-04-06,22.2875,23.0475,22.2525,23.0075,36810662.0
2015-04-07,23.08,23.2,22.665,22.6725,34783598.0
2015-04-08,22.6325,22.77,22.4125,22.57,37155299.0
2015-04-09,22.6325,22.815,22.335,22.81,32051764.0
2015-04-10,22.6575,22.9725,22.485,22.945,40006020.0
2015-04-13,23.2625,23.3125,22.8225,22.8825,35920646.0
2015-04-14,22.92,22.9925,22.6475,22.745,25308109.0
2015-04-15,22.7725,22.9525,22.6725,22.8625,28723069.0
2015-04-16,22.74,22.945,22.6975,22.7125,27820704.0
2015-04-17,22.5575,22.705,22.285,22.3575,51200870.0
2015-04-20,22.5625,23.2,22.4625,23.07,46904457.0
2015-04-21,23.195,23.22,22.8375,22.8975,32151426.0
2015-04-22,22.9175,23.3875,22.75,23.325,37353142.0
2015-04-23,23.245,23.775,23.205,23.5875,45364469.0
2015-04-24,23.7925,23.8275,23.4775,23.74,43082986.0
2015-04-27,24.2475,24.4525,23.9575,24.3325,80014663.0
2015-04-28,24.7825,24.805,23.5625,23.81,118453393.0
2015-04-29,23.71,24.0675,23.245,23.33,58838154.0
2015-04-30,23.045,23.14,22.315,22.4575,82218415.0
2015-05-01,22.695,23.7025,22.495,23.4075,56985694.0
2015-05-04,23.545,23.8125,23.235,23.345,50694608.0
2015-05-05,23.2075,23.2825,22.615,22.62,48842861.0
2015-05-06,22.81,22.8575,22.01,22.4225,71773614.0
2015-05-07,22.4925,22.82,22.305,22.61,42348847.0
2015-05-08,22.97,23.205,22.8275,23.18,55529272.0
2015-05-11,23.1475,23.19,22.705,22.88,41477605.0
2015-05-12,22.7,23.02,22.505,22.765,47108261.0
2015-05-13,22.8375,23.0975,22.7675,22.8025,34288330.0
2015-05-14,23.1525,23.5375,23.09,23.5375,44176463.0
2015-05-15,23.5675,23.6725,23.3525,23.4875,37816314.0
2015-05-18,23.395,23.98,23.39,23.8475,49831842.0
2015-05-19,23.9725,24.02,23.71,23.8175,44273523.0
2015-05-20,23.8,24.045,23.635,23.8275,35942565.0
2015-05-21,23.8175,24.2075,23.7575,24.1475,39297340.0
2015-05-22,24.2,24.5425,24.15,24.435,45079070.0
2015-05-26,24.45,24.5275,23.58,23.705,65519215.0
2015-05-27,23.885,24.365,23.8125,24.31,45563271.0
2015-05-28,24.265,24.2875,24.075,24.245,30638331.0
2015-05-29,24.1075,24.1625,23.775,23.88,46672858.0
2015-06-01,24.1,24.1475,23.8125,23.9325,31951288.0
2015-06-02,23.765,23.9625,23.63,23.79,33548717.0
2015-06-03,23.965,24.035,23.775,23.84,30856938.0
2015-06-04,23.695,23.945,23.5275,23.64,38191860.0
2015-06-05,23.675,23.7225,23.39,23.4625,35243828.0
2015-06-08,23.525,23.6025,23.0075,23.25,52527641.0
2015-06-09,22.975,23.32,22.705,23.155,55746184.0
2015-06-10,23.28,23.635,23.2625,23.52,38898205.0
2015-06-11,23.595,23.845,23.4175,23.4475,35080002.0
2015-06-12,23.345,23.3825,23.0775,23.0925,36697451.0
2015-06-15,22.825,23.11,22.7275,23.03,39646000.0
2015-06-16,23.0575,23.2625,22.8925,23.2,31313044.0
2015-06-17,23.23,23.27,22.985,23.125,32670853.0
2015-06-18,23.1075,23.3775,23.105,23.2625,35211674.0
2015-06-19,23.2275,23.255,22.9,22.95,49048480.0
2015-06-22,23.1725,23.315,23.07,23.2025,33799604.0
2015-06-23,23.17,23.2025,23.02,23.0575,29950032.0
2015-06-24,23.1025,23.75,23.08,23.345,54924245.0
2015-06-25,23.515,23.6,23.175,23.175,31798666.0
2015-06-26,23.2175,23.2975,22.9275,22.9975,37976986.0
2015-06-29,22.665,22.9175,22.42,22.4375,48849032.0
2015-06-30,22.6925,22.83,22.515,22.655,43794410.0
2015-07-01,23.025,23.035,22.7975,22.93,30028055.0
2015-07-02,22.9075,22.9725,22.7425,22.9,26997705.0
2015-07-06,22.535,22.8575,22.5125,22.8,27844079.0
2015-07-07,22.7725,22.8375,22.2425,22.7225,46692274.0
2015-07-08,22.42,22.46,21.935,21.9475,60291169.0
2015-07-09,22.2625,22.315,21.105,21.3175,77719722.0
2015-07-10,21.785,22.2625,21.6025,22.125,60995670.0
2015-07-13,22.5575,22.7375,22.38,22.715,37144543.0
2015-07-14,22.81,22.8925,22.56,22.7,31494459.0
2015-07-15,22.73,23.0875,22.695,23.005,33425557.0
2015-07-16,23.235,23.4425,23.1375,23.4225,35758398.0
2015-07-17,23.57,23.705,23.3775,23.6925,45638110.0
2015-07-20,24.0425,24.5425,23.975,24.3175,54109241.0
2015-07-21,24.5125,24.53,23.88,23.9775,58670648.0
2015-07-22,21.7975,22.675,21.7975,22.585,114535846.0
2015-07-23,22.85,23.0725,22.565,22.59,50322371.0
2015-07-24,22.63,22.735,22.275,22.42,41021612.0
2015-07-27,22.0725,22.2025,21.83,22.0225,44233507.0
2015-07-28,22.145,22.2775,21.9375,22.13,33346467.0
2015-07-29,22.0875,22.175,21.8675,22.0475,35803824.0
2015-07-30,21.88,21.9425,21.7275,21.895,31949522.0
2015-07-31,21.95,21.96,21.5275,21.665,41840314.0
2015-08-03,21.675,21.9425,20.68,20.9075,69287823.0
2015-08-04,20.655,20.725,19.6125,19.96,123109831.0
2015-08-05,19.5375,20.66,19.325,20.15,99099556.0
2015-08-06,20.4225,20.555,19.9575,20.2225,52522639.0
2015-08-07,20.075,20.4925,20.055,20.3075,38400676.0
2015-08-10,20.5625,21.4275,20.5625,21.3525,54369105.0
2015-08-11,20.8825,20.975,19.7625,19.8175,95642638.0
2015-08-12,19.5625,20.285,18.8375,20.24,100940069.0
2015-08-13,20.44,20.53,20.065,20.2175,48169510.0
2015-08-14,20.01,20.5075,19.9325,20.43,42648949.0
2015-08-17,20.44,20.8425,20.305,20.72,40691480.0
2015-08-18,20.5375,20.79,20.4325,20.555,34430532.0
2015-08-19,20.455,20.56,20.1,20.1825,47393371.0
2015-08-20,19.95,20.0175,19.3375,19.5925,67628667.0
2015-08-21,19.0375,19.405,17.84,17.9425,126102401.0
2015-08-24,15.1475,18.63,14.43,17.2175,161237945.0
2015-08-25,19.2075,19.2075,17.305,17.365,102075436.0
2015-08-26,18.2,18.9025,17.6925,18.835,96088856.0
2015-08-27,19.4875,19.74,18.935,19.64,83056017.0
2015-08-28,19.4725,19.7575,19.315,19.75,52848964.0
2015-08-31,19.4375,20.0625,19.43,19.62,55818896.0
2015-09-01,18.9675,19.4,18.27,18.42,75779924.0
2015-09-02,18.9875,19.515,18.7125,19.515,61456220.0
2015-09-03,19.5525,19.625,18.94,19.0225,52876736.0
2015-09-04,18.6725,19.0425,18.5575,18.7475,49588899.0
2015-09-08,19.3425,19.57,19.01,19.5075,53918828.0
2015-09-09,19.87,19.935,18.8725,18.9675,84256455.0
2015-09-10,18.9975,19.75,18.905,19.5725,62646669.0
2015-09-11,19.3775,19.9825,19.37,19.9825,49380376.0
2015-09-14,20.575,20.6525,20.145,20.255,57795498.0
2015-09-15,20.4125,20.5625,20.035,20.5,42897721.0
2015-09-16,20.4925,20.565,20.29,20.5175,36896469.0
2015-09-17,20.345,20.5525,19.8575,19.9125,63355565.0
2015-09-18,19.4825,20.005,19.3975,19.7925,71116161.0
2015-09-21,19.8475,20.2725,19.845,20.2325,46068491.0
2015-09-22,19.775,19.975,19.56,19.7875,49721342.0
2015-09-23,19.8375,20.11,19.755,20.01,35549888.0
2015-09-24,19.7425,20.305,19.5225,20.18,49555865.0
2015-09-25,20.54,20.6025,19.935,20.11,55710956.0
2015-09-28,19.8925,20.0725,19.54,19.54,51609501.0
2015-09-29,19.6375,19.8075,18.395,18.7225,73002489.0
2015-09-30,18.9725,19.315,18.6125,18.9175,65855140.0
2015-10-01,18.6975,18.835,18.2575,18.8225,63521560.0
2015-10-02,18.4325,19.1825,18.3175,19.0,57475884.0
2015-10-05,18.9,19.2725,18.6975,19.125,51702594.0
2015-10-06,19.0875,19.365,18.87,19.2575,48391545.0
2015-10-07,19.365,19.3725,18.7825,19.0975,46589157.0
2015-10-08,18.9775,18.9775,18.4825,18.805,61633372.0
2015-10-09,18.93,19.5,18.8025,19.4525,51847168.0
2015-10-12,19.6125,19.6175,19.29,19.325,30060536.0
2015-10-13,19.135,19.5425,19.1,19.3775,32245682.0
2015-10-14,19.2525,19.31,18.82,18.9825,44169251.0
2015-10-15,19.1625,19.455,19.0525,19.38,37330049.0
2015-10-16,19.375,19.43,19.0625,19.185,38149742.0
2015-10-19,19.13,19.3675,18.9575,19.3625,29595225.0
2015-10-20,19.265,19.9725,19.135,19.875,48758213.0
2015-10-21,19.93,20.325,19.855,19.87,41735296.0
2015-10-22,20.0125,20.305,19.955,20.2975,41007136.0
2015-10-23,20.605,21.235,20.5125,21.2025,58815443.0
2015-10-26,20.95,20.9625,20.16,20.2325,65967988.0
2015-10-27,20.28,20.565,19.9275,20.0675,57725775.0
2015-10-28,20.6625,21.255,20.445,21.2525,84799574.0
2015-10-29,21.105,21.6025,20.9975,21.5625,50131673.0
2015-10-30,21.6775,21.735,21.2925,21.305,48522708.0
2015-11-02,21.3975,21.77,21.3325,21.725,31744041.0
2015-11-03,21.6275,22.3025,21.605,22.0725,45205251.0
2015-11-04,22.2125,22.385,21.835,21.93,44315025.0
2015-11-05,22.0225,22.2325,21.605,21.79,39390763.0
2015-11-06,21.8375,22.0125,21.715,21.825,32946033.0
2015-11-09,21.8,22.0125,21.5725,21.7025,33671674.0
2015-11-10,20.785,21.0775,20.575,20.7425,58718419.0
2015-11-11,20.6525,20.915,20.3625,20.59,45106003.0
2015-11-12,20.625,20.765,20.4725,20.49,32280318.0
2015-11-13,20.36,20.4525,19.6275,19.645,45174623.0
2015-11-16,19.405,20.12,19.31,20.1025,37732241.0
2015-11-17,20.29,20.3225,19.89,19.9825,27271168.0
2015-11-18,20.5,20.9325,20.435,20.8825,46168632.0
2015-11-19,20.97,21.4975,20.75,21.255,42908979.0
2015-11-20,21.36,21.54,21.2725,21.385,34116462.0
2015-11-23,21.3775,21.4925,20.895,21.0,32331458.0
2015-11-24,20.8925,21.3975,20.84,21.28,42428511.0
2015-11-25,21.3625,21.3675,21.04,21.0675,21323962.0
2015-11-27,21.1325,21.1625,20.96,21.0125,13043720.0
2015-11-30,21.0575,21.4125,20.9975,21.1475,37741074.0
2015-12-01,21.2475,21.2625,20.775,20.895,34707566.0
2015-12-02,20.8225,21.0875,20.58,20.63,33242860.0
2015-12-03,20.6975,20.7575,20.115,20.36,41481588.0
2015-12-04,20.3825,21.3725,20.3375,21.3175,57329283.0
2015-12-07,21.305,21.525,21.0125,21.1275,32023214.0
2015-12-08,20.94,21.21,20.775,21.1175,34258913.0
2015-12-09,20.97,20.9825,20.33,20.465,45024538.0
2015-12-10,20.57,20.795,20.4375,20.6025,29105438.0
2015-12-11,20.3575,20.4075,19.7725,19.855,46658825.0
2015-12-14,19.605,19.73,19.0075,19.6725,64424377.0
2015-12-15,19.545,19.76,19.1475,19.175,53109075.0
2015-12-16,19.3275,19.5575,18.76,19.3925,55998747.0
2015-12-17,19.565,19.6225,18.805,18.81,44577847.0
2015-12-18,18.7875,18.94,18.0125,18.035,95840992.0
2015-12-21,18.38,18.4025,17.9525,18.3925,47200280.0
2015-12-22,18.41,18.49,18.1725,18.3675,32692694.0
2015-12-23,18.3775,18.7725,18.36,18.715,32563176.0
2015-12-24,18.81,18.81,18.5475,18.5675,13595753.0
2015-12-28,18.4575,18.4825,18.105,18.265,26589783.0
2015-12-29,18.3,18.9175,18.275,18.745,30856272.0
2015-12-30,18.705,18.735,18.355,18.39,25119371.0
2015-12-31,18.3125,18.3175,17.765,17.8675,40662306.0
2016-01-04,17.2125,17.9,17.06,17.8925,67350475.0
2016-01-05,17.9975,18.0225,17.1625,17.2375,55324704.0
2016-01-06,16.7,17.1525,16.5275,16.735,68253944.0
2016-01-07,16.23,16.5925,15.6675,15.7,80471152.0
2016-01-08,16.1975,16.3375,15.75,15.8,70534672.0
2016-01-11,16.3025,16.325,15.895,16.1925,49570798.0
2016-01-12,16.6975,16.7325,16.27,16.5525,48885086.0
2016-01-13,16.64,16.8575,15.885,15.9025,62207388.0
2016-01-14,16.05,16.68,15.495,16.44,62427712.0
2016-01-15,15.61,15.9875,15.4,15.8225,79056816.0
2016-01-19,16.1625,16.2225,15.435,15.73,52843989.0
2016-01-20,15.335,16.1075,14.915,15.765,72020767.0
2016-01-21,15.825,16.03,15.295,15.6325,52063481.0
2016-01-22,16.2175,16.925,16.1525,16.915,65567471.0
2016-01-25,16.94,16.9425,16.3625,16.4125,51296581.0
2016-01-26,16.5425,16.78,16.0775,16.5575,65735133.0
2016-01-27,15.57,15.7175,14.895,14.915,133162294.0
2016-01-28,15.0075,15.19,14.6575,15.0825,55626535.0
2016-01-29,15.2575,15.895,15.1475,15.895,64335619.0
2016-02-01,15.6775,15.7375,15.41,15.6675,40815093.0
2016-02-02,15.415,15.57,15.13,15.18,37204107.0
2016-02-03,15.31,15.77,15.08,15.6475,45881429.0
2016-02-04,15.655,16.0225,15.4875,15.84,46425539.0
2016-02-05,15.82,15.92,15.1125,15.195,46327213.0
2016-02-08,14.9725,15.615,14.95,15.4425,53989732.0
2016-02-09,15.2625,15.675,15.1725,15.4375,44290152.0
2016-02-10,15.67,15.7775,15.215,15.2575,42300225.0
2016-02-11,15.1375,15.37,14.8375,15.115,50023107.0
2016-02-12,15.2375,15.315,14.9425,15.1875,40323252.0
2016-02-16,15.445,15.9025,15.3425,15.85,48123160.0
2016-02-17,15.8575,16.2425,15.7275,16.22,44814070.0
2016-02-18,16.4,16.4125,15.7125,15.755,38915119.0
2016-02-19,15.69,15.88,15.64,15.7,35304263.0
2016-02-22,15.7675,15.915,15.67,15.91,34248101.0
2016-02-23,15.79,15.815,15.3275,15.3625,31858749.0
2016-02-24,15.185,15.785,15.02,15.715,36195864.0
2016-02-25,15.7025,15.88,15.5025,15.88,27527313.0
2016-02-26,15.99,16.195,15.835,15.9175,28951699.0
2016-02-29,15.905,16.2475,15.8525,15.8625,35134974.0
2016-03-01,16.1025,16.8825,16.045,16.8225,50306260.0
2016-03-02,16.8175,16.9125,16.6,16.8775,33130261.0
2016-03-03,16.835,17.1175,16.8025,17.065,36887816.0
2016-03-04,17.2825,17.6275,17.0325,17.4425,46028635.0
2016-03-07,17.2875,17.3975,16.93,17.1575,35894097.0
2016-03-08,16.885,17.13,16.79,16.9475,31540011.0
2016-03-09,17.0175,17.085,16.7575,16.97,27149730.0
2016-03-10,17.0425,17.25,16.7275,16.9825,33494298.0
2016-03-11,17.25,17.26,17.065,17.255,27411975.0
2016-03-14,17.1675,17.4175,17.135,17.32,25059912.0
2016-03-15,17.68,17.985,17.6525,17.835,40028408.0
2016-03-16,17.8425,18.2675,17.8375,18.1825,38250029.0
2016-03-17,18.07,18.3075,17.93,18.14,34395898.0
2016-03-18,18.275,18.315,17.9875,18.17,43588345.0
2016-03-21,18.1725,18.6025,17.975,18.1675,35461853.0
2016-03-22,18.0025,18.5125,17.9925,18.37,32348253.0
2016-03-23,18.31,18.4575,18.165,18.2225,25687967.0
2016-03-24,18.0575,18.2525,17.9125,18.1075,25881055.0
2016-03-28,18.19,18.2375,17.955,17.9875,19375349.0
2016-03-29,17.9125,18.6375,17.91,18.61,31156123.0
2016-03-30,18.8525,19.295,18.84,19.08,45553831.0
2016-03-31,19.12,19.165,18.91,18.9375,25870281.0
2016-04-01,18.885,19.19,18.74,19.1875,25824427.0
2016-04-04,19.295,19.7375,19.2575,19.47,37325902.0
2016-04-05,19.0675,19.3725,19.045,19.1425,26562168.0
2016-04-06,19.2475,19.435,18.99,19.43,26370512.0
2016-04-07,19.1775,19.295,18.72,18.825,31741981.0
2016-04-08,18.9175,19.1325,18.7325,18.855,23554920.0
2016-04-11,18.9325,19.3425,18.8975,18.945,29362091.0
2016-04-12,19.025,19.315,18.855,19.3,27153415.0
2016-04-13,19.39,19.775,19.39,19.7,33229215.0
2016-04-14,19.595,19.7875,19.5225,19.715,25367601.0
2016-04-15,19.7175,19.765,19.1225,19.1525,46884697.0
2016-04-18,18.9125,18.9275,18.425,18.56,60787091.0
2016-04-19,18.66,18.69,18.2475,18.4175,32343740.0
2016-04-20,18.35,18.7125,18.205,18.4725,30585716.0
2016-04-21,18.4225,18.4225,18.07,18.1825,31439426.0
2016-04-22,17.9425,18.31,17.845,18.11,33661909.0
2016-04-25,17.94,18.1025,17.8175,17.96,28011101.0
2016-04-26,17.6675,18.015,17.6675,17.7775,53916253.0
2016-04-27,15.69,16.3675,15.61,16.145,114481056.0
2016-04-28,16.0925,16.16,15.2525,15.3975,82145557.0
2016-04-29,15.1875,15.37,14.8175,15.125,68449915.0
2016-05-02,15.18,15.21,14.79,15.1,47880187.0
2016-05-03,15.24,15.625,15.11,15.485,56778182.0
2016-05-04,15.49,15.665,15.145,15.2375,40987290.0
2016-05-05,15.3325,15.35,15.0025,15.1425,35853612.0
2016-05-06,15.175,15.195,14.795,15.0125,43669334.0
2016-05-09,15.0825,15.275,14.98,15.03,32899501.0
2016-05-10,15.165,15.225,14.86,15.1875,33655288.0
2016-05-11,15.2025,15.225,14.9475,14.96,28672877.0
2016-05-12,15.0125,15.0275,14.2,14.4175,76194690.0
2016-05-13,14.3325,14.75,14.3325,14.4625,44337703.0
2016-05-16,14.93,15.43,14.745,15.3025,61195802.0
2016-05-17,15.47,15.5075,15.085,15.205,46862564.0
2016-05-18,15.3725,15.635,15.305,15.4725,42019707.0
2016-05-19,15.4925,15.4925,15.225,15.3825,30418556.0
2016-05-20,15.4925,15.69,15.4625,15.6375,31840795.0
2016-05-23,15.8,16.13,15.75,15.94,37978108.0
2016-05-24,16.1375,16.355,16.0425,16.3075,35093988.0
2016-05-25,16.5,16.7675,16.36,16.7375,38264530.0
2016-05-26,16.7525,17.015,16.4925,16.935,56308978.0
2016-05-27,16.6925,16.95,16.6425,16.92,36309750.0
2016-05-31,16.7325,16.9325,16.5375,16.7975,42269041.0
2016-06-01,16.5875,16.7175,16.415,16.4475,29141459.0
2016-06-02,16.2325,16.2925,15.99,16.2625,40173487.0
2016-06-03,16.28,16.4,16.195,16.3125,28488266.0
2016-06-06,16.33,17.305,16.22,16.49,23269272.0
2016-06-07,16.645,16.8,16.5725,16.59,22389975.0
2016-06-08,16.5875,16.7225,16.5025,16.5675,20839962.0
2016-06-09,16.4575,16.83,16.4475,16.745,26576389.0
2016-06-10,16.465,16.6675,16.4525,16.54,31673522.0
2016-06-13,16.505,16.6125,16.1075,16.1675,37963009.0
2016-06-14,16.1625,16.45,16.02,16.1975,31904866.0
2016-06-15,16.2875,16.435,16.09,16.1175,29414892.0
2016-06-16,15.945,16.27,15.85,16.22,31256237.0
2016-06-17,15.9875,15.995,15.6575,15.665,60899727.0
2016-06-20,15.8325,15.975,15.59,15.6075,34359678.0
2016-06-21,15.5675,15.92,15.5,15.81,35433857.0
2016-06-22,15.895,16.055,15.67,15.72,29163295.0
2016-06-23,15.8175,15.905,15.645,15.8575,32046033.0
2016-06-24,15.06,15.495,14.995,15.1825,75226324.0
2016-06-27,15.0825,15.095,14.81,14.8125,5199206.0
2016-06-28,15.0575,15.2475,14.8675,15.23,40396753.0
2016-06-29,15.325,15.47,15.24,15.4325,36508623.0
2016-06-30,15.4425,15.775,15.4075,15.7325,35819997.0
2016-07-01,15.705,15.9475,15.665,15.805,25982640.0
2016-07-05,15.68,15.6825,15.4475,15.5925,27692895.0
2016-07-06,15.4825,15.7475,15.425,15.715,30877539.0
2016-07-07,15.7575,15.9575,15.7375,15.8175,24463250.0
2016-07-08,15.955,16.055,15.845,16.0025,28878352.0
2016-07-11,16.02,16.245,16.015,16.0775,23320137.0
2016-07-12,16.125,16.2575,16.1125,16.1875,24129808.0
2016-07-13,16.185,16.25,16.0425,16.05,25880916.0
2016-07-14,16.18,16.58,16.1625,16.53,38890562.0
2016-07-15,16.5625,16.6575,16.4575,16.5275,30048063.0
2016-07-18,16.5075,16.865,16.4825,16.79,36482746.0
2016-07-19,16.7225,16.8325,16.6675,16.8,23767714.0
2016-07-20,16.8325,16.9475,16.765,16.8225,26238016.0
2016-07-21,16.79,17.0825,16.615,16.69,32713153.0
2016-07-22,16.6475,16.6575,16.41,16.4975,28259407.0
2016-07-25,16.395,16.5425,16.0625,16.1675,40295391.0
2016-07-26,16.0375,16.325,15.9375,16.0,54525662.0
2016-07-27,17.8975,17.92,17.52,17.57,92153927.0
2016-07-28,17.54,17.945,17.5375,17.9175,38781019.0
2016-07-29,17.88,17.97,17.7525,17.885,27703415.0
2016-08-01,17.935,18.37,17.935,18.345,38050547.0
2016-08-02,18.345,18.35,17.8325,17.9525,33771402.0
2016-08-03,18.035,18.2925,18.025,18.28,30155882.0
2016-08-04,18.37,18.475,18.295,18.4425,26787586.0
2016-08-05,18.5425,18.8875,18.52,18.845,39553042.0
2016-08-08,18.855,19.0675,18.765,19.0675,28012348.0
2016-08-09,19.0325,19.21,18.9775,19.1775,26298170.0
2016-08-10,19.1525,19.2,18.915,18.975,23865560.0
2016-08-11,19.105,19.2075,18.9375,18.9575,27460690.0
2016-08-12,18.92,19.085,18.92,19.02,18650951.0
2016-08-15,19.01,19.36,18.995,19.345,25713808.0
2016-08-16,19.3825,19.5325,19.2775,19.32,33758908.0
2016-08-17,19.25,19.3175,19.06,19.28,25330383.0
2016-08-18,19.2825,19.375,19.23,19.245,21937570.0
2016-08-19,19.1675,19.3975,19.065,19.315,25110724.0
2016-08-22,19.19,19.25,18.9375,19.1025,25792882.0
2016-08-23,19.1225,19.305,19.1075,19.1875,21238293.0
2016-08-24,19.115,19.1625,18.895,18.9825,23607398.0
2016-08-25,18.8225,18.945,18.645,18.8675,25056494.0
2016-08-26,18.8275,18.9625,18.5525,18.71,27744430.0
2016-08-29,18.63,18.835,18.5475,18.68,24935895.0
2016-08-30,18.425,18.6,18.35,18.475,24820535.0
2016-08-31,18.39,18.6175,18.385,18.5,31643037.0
2016-09-01,18.51,18.675,18.38,18.6575,26677458.0
2016-09-02,18.9,18.975,18.68,18.9075,26446979.0
2016-09-06,18.95,19.05,18.8525,18.9,26672175.0
2016-09-07,18.9325,19.165,18.7425,19.065,42256233.0
2016-09-08,18.7875,18.7925,18.285,18.355,52962240.0
2016-09-09,18.135,18.405,17.7575,17.7575,46469296.0
2016-09-12,17.6375,18.405,17.6075,18.335,45123027.0
2016-09-13,18.8525,19.1725,18.785,18.9625,62090266.0
2016-09-14,19.1575,20.2325,19.125,19.9175,111188584.0
2016-09-15,20.44,20.9075,20.3475,20.8675,90480397.0
2016-09-16,20.755,21.0075,20.485,20.705,79774346.0
2016-09-19,20.7725,21.02,20.2875,20.37,46942749.0
2016-09-20,20.2375,20.505,20.1025,20.3675,34497736.0
2016-09-21,20.4375,20.4725,20.085,20.3625,35954094.0
2016-09-22,20.5625,20.71,20.475,20.63,31048487.0
2016-09-23,20.58,20.6725,19.8625,20.1525,52423526.0
2016-09-26,19.885,20.3225,19.8625,20.195,29817758.0
2016-09-27,20.225,20.27,20.06,20.2475,24588226.0
2016-09-28,20.3975,20.635,20.3325,20.4625,29613175.0
2016-09-29,20.265,20.425,19.925,20.02,35855884.0
2016-09-30,20.09,20.3175,19.925,20.2375,36343003.0
2016-10-03,20.1525,20.2375,20.045,20.105,21688897.0
2016-10-04,20.24,20.5525,20.1325,20.225,29709251.0
2016-10-05,20.325,20.39,20.1475,20.2375,21409495.0
2016-10-06,20.4,20.56,20.2575,20.4475,28748170.0
2016-10-07,20.5525,20.615,20.3525,20.49,24339516.0
2016-10-10,20.73,21.1625,20.655,20.9875,36129675.0
2016-10-11,21.4,21.6475,21.025,21.05,63967575.0
2016-10-12,21.3125,21.47,21.1625,21.31,37538535.0
2016-10-13,21.1725,21.335,20.905,21.22,35049854.0
2016-10-14,21.445,21.5175,21.2575,21.3825,35633687.0
2016-10-17,21.3075,21.435,21.17,21.3625,23598247.0
2016-10-18,21.52,21.5275,21.3375,21.3425,24506854.0
2016-10-19,21.2875,21.415,20.425,21.255,19992614.0
2016-10-20,21.19,21.32,21.0575,21.24,24105541.0
2016-10-21,21.1775,21.2025,21.045,21.125,22529486.0
2016-10-24,21.25,21.41,21.225,21.3875,23506417.0
2016-10-25,21.4625,21.565,21.3025,21.5375,47394866.0
2016-10-26,20.5525,20.9,20.3025,20.8725,66031410.0
2016-10-27,20.8225,20.94,20.5,20.595,34422012.0
2016-10-28,20.4425,20.7775,20.3375,20.405,36795783.0
2016-10-31,20.3875,20.5325,20.275,20.36,26379632.0
2016-11-01,20.34,20.4175,19.6075,19.8475,43661178.0
2016-11-02,19.825,20.0625,19.7825,19.8725,28191471.0
2016-11-03,19.8625,19.9825,19.505,19.575,26541093.0
2016-11-04,19.25,19.68,19.145,19.3275,30804148.0
2016-11-07,19.6375,19.745,19.4825,19.72,32364590.0
2016-11-08,19.695,20.0475,19.5425,19.8825,24132181.0
2016-11-09,19.5875,19.9475,19.13,19.8375,59156836.0
2016-11-10,19.89,19.89,18.575,19.065,57105664.0
2016-11-11,18.8975,19.335,18.755,19.225,34125281.0
2016-11-14,19.045,19.07,18.1375,18.545,50907153.0
2016-11-15,18.76,19.0375,18.6575,18.895,32230627.0
2016-11-16,18.7925,19.675,18.7675,19.615,58809804.0
2016-11-17,19.57,19.705,19.325,19.605,27624576.0
2016-11-18,19.5475,19.7525,19.5325,19.6325,28331669.0
2016-11-21,19.6475,20.115,19.62,20.05,29170024.0
2016-11-22,20.105,20.2225,19.9675,20.0675,25936177.0
2016-11-23,19.9575,19.995,19.7,19.925,27420959.0
2016-11-25,19.9,20.085,19.855,20.065,11475922.0
2016-11-28,19.975,20.2325,19.965,20.01,27099626.0
2016-11-29,19.8125,20.125,19.635,19.9825,28510409.0
2016-11-30,20.0175,20.1675,19.685,19.7475,36152776.0
2016-12-01,19.7075,19.8525,19.375,19.49,37035119.0
2016-12-02,19.41,19.64,19.33,19.5925,26482265.0
2016-12-05,19.6175,19.625,19.18,19.395,34114147.0
2016-12-06,19.4925,19.7075,19.415,19.605,26165916.0
2016-12-07,19.4325,19.915,19.4075,19.875,29978926.0
2016-12-08,19.8325,20.225,19.7675,20.1475,27053247.0
2016-12-09,20.195,20.7925,20.195,20.605,34376027.0
2016-12-12,20.44,20.8675,20.24,20.4425,26180189.0
2016-12-13,20.5775,21.0975,20.555,20.915,43296981.0
2016-12-14,20.8775,21.1675,20.8625,20.915,33968745.0
2016-12-15,20.9625,21.3,20.925,21.0725,46286513.0
2016-12-16,21.235,21.2425,21.0275,21.11,44285171.0
2016-12-19,21.0675,21.4625,21.055,21.2775,27759619.0
2016-12-20,21.3025,21.4925,21.2875,21.355,21401196.0
2016-12-21,21.3175,21.4675,21.3125,21.3825,23724774.0
2016-12-22,21.205,21.245,21.0275,21.19,26044771.0
2016-12-23,21.015,21.2475,21.015,21.2475,14244752.0
2016-12-27,21.2475,21.5675,21.24,21.4325,18133456.0
2016-12-28,21.4975,21.62,21.1675,21.3075,20691106.0
2016-12-29,21.23,21.395,21.2175,21.3,14980035.0
2016-12-30,21.28,21.4175,20.975,21.0725,30561669.0
2017-01-03,21.0675,21.2,20.8075,21.155,28763145.0
2017-01-04,21.08,21.245,21.055,21.1225,21082181.0
2017-01-05,21.0975,21.3325,21.07,21.27,22115396.0
2017-01-06,21.3125,21.6575,21.235,21.595,31717029.0
2017-01-09,21.605,21.975,21.6025,21.865,33523959.0
2017-01-10,21.81,21.9625,21.6925,21.895,24434145.0
2017-01-11,21.8025,22.1,21.7675,22.055,27453380.0
2017-01-12,21.84,21.9425,21.67,21.93,27065129.0
2017-01-13,21.895,22.0225,21.82,21.8775,26087411.0
2017-01-17,21.7025,22.1775,21.6725,22.1175,34413608.0
2017-01-18,22.1175,22.2425,22.045,22.115,23687925.0
2017-01-19,21.9675,22.14,21.96,22.0625,25556709.0
2017-01-20,22.23,22.23,22.05,22.1175,29923001.0
2017-01-23,22.1175,22.32,22.06,22.1375,21985311.0
2017-01-24,22.005,22.1425,21.9925,22.11,23193797.0
2017-01-25,22.2225,22.6425,22.1875,22.5875,32564729.0
2017-01-26,22.535,22.7275,22.5175,22.6025,26322394.0
2017-01-27,22.6525,22.705,22.5175,22.605,20496585.0
2017-01-30,22.35,22.525,22.2825,22.525,30329859.0
2017-01-31,22.405,22.465,22.2725,22.455,48247083.0
2017-02-01,23.875,24.74,23.87,24.305,111855283.0
2017-02-02,24.11,24.465,24.0625,24.25,33672447.0
2017-02-03,24.195,24.415,24.1575,24.3875,24471696.0
2017-02-06,24.4,24.7425,24.3425,24.69,26793715.0
2017-02-07,24.7525,25.14,24.73,25.0,38161997.0
2017-02-08,24.955,25.1725,24.9225,25.1275,22945646.0
2017-02-09,25.1725,25.37,25.04,25.365,28323962.0
2017-02-10,25.375,25.495,25.2725,25.29,20050615.0
2017-02-13,25.53,25.715,25.4475,25.5825,22998364.0
2017-02-14,25.6275,26.0325,25.5725,26.015,33064858.0
2017-02-15,26.14,26.3275,25.915,26.1375,35579916.0
2017-02-16,26.1775,26.235,25.97,26.095,22543246.0
2017-02-17,26.035,26.2175,26.035,26.19,22180744.0
2017-02-21,26.3175,26.4475,26.255,26.435,24488341.0
2017-02-22,26.3675,26.54,26.2875,26.5375,20794431.0
2017-02-23,26.605,26.63,26.335,26.3925,20762716.0
2017-02-24,26.2375,26.425,26.08,26.425,21755623.0
2017-02-27,26.545,26.6175,26.33,26.4925,20224176.0
2017-02-28,26.53,26.6175,26.435,26.5075,23449576.0
2017-03-01,26.7325,27.2975,26.6575,27.2075,36363807.0
2017-03-02,27.26,27.33,26.95,27.0,26182197.0
2017-03-03,26.955,27.2175,26.9075,27.205,21556130.0
2017-03-06,27.1,27.2025,26.9075,27.095,21230350.0
2017-03-07,27.025,27.255,26.9575,27.14,17439815.0
2017-03-08,26.9975,27.21,26.965,27.01,18697403.0
2017-03-09,26.945,26.9575,26.5225,26.93,22134841.0
2017-03-10,27.0725,27.0975,26.92,27.045,19586140.0
2017-03-13,26.9725,27.1175,26.965,27.06,17052208.0
2017-03-14,27.085,27.1725,26.97,27.0075,15291388.0
2017-03-15,27.1125,27.4475,27.015,27.375,25678446.0
2017-03-16,27.44,27.515,27.325,27.4325,19214921.0
2017-03-17,27.51,27.51,27.2325,27.2575,43710004.0
2017-03-20,27.36,27.635,27.3175,27.625,21479678.0
2017-03-21,27.7875,27.96,27.1925,27.22,39463155.0
2017-03-22,27.22,27.66,27.2,27.615,25811516.0
2017-03-23,27.575,27.655,27.4125,27.49,20299845.0
2017-03-24,27.635,27.695,27.3475,27.42,22365272.0
2017-03-27,27.1075,27.565,26.915,27.48,23562018.0
2017-03-28,27.4875,28.27,27.415,28.21,33353285.0
2017-03-29,28.18,28.3825,28.0575,28.29,29174267.0
2017-03-30,28.3075,28.385,28.135,28.2425,21189560.0
2017-03-31,28.19,28.3275,28.0125,28.175,19642715.0
2017-04-03,28.1875,28.29,28.0225,28.185,19975980.0
2017-04-04,28.0725,28.4825,28.0525,28.4525,19877676.0
2017-04-05,28.315,28.625,28.2125,28.265,27663728.0
2017-04-06,28.3325,28.39,28.1225,28.175,21132002.0
2017-04-07,28.1925,28.305,28.0775,28.095,16659657.0
2017-04-10,28.16,28.23,27.985,28.0525,18905364.0
2017-04-11,27.995,28.0975,27.275,27.6675,30353007.0
2017-04-12,27.66,27.7975,27.5125,27.71,20321631.0
2017-04-13,27.7375,27.855,27.5225,27.5225,17778143.0
2017-04-17,27.63,27.73,27.4775,27.7175,16557234.0
2017-04-18,27.6125,27.77,27.5375,27.56,14677941.0
2017-04-19,27.73,27.76,27.3725,27.43,17303881.0
2017-04-20,27.565,27.99,27.55,27.87,23297505.0
2017-04-21,27.87,27.93,27.7225,27.8275,17297819.0
2017-04-24,28.135,28.2475,28.055,28.17,17118457.0
2017-04-25,28.2375,28.485,28.2275,28.3925,18671987.0
2017-04-26,28.3775,28.41,28.1025,28.18,20016925.0
2017-04-27,28.24,28.3,28.0875,28.2075,14207643.0
2017-04-28,28.2825,28.335,28.0775,28.1725,20831183.0
2017-05-01,28.535,29.06,28.5,28.905,33527080.0
2017-05-02,29.145,29.2825,28.97,29.1375,44432690.0
2017-05-03,28.6575,29.1325,28.3275,29.025,45609582.0
2017-05-04,28.89,29.045,28.7125,28.8925,23346293.0
2017-05-05,28.95,29.505,28.95,29.5,27290897.0
2017-05-08,29.5175,30.685,29.5175,30.5125,48684137.0
2017-05-09,30.7275,30.98,30.6225,30.7575,39031970.0
2017-05-10,30.6675,30.745,30.2875,30.575,25780583.0
2017-05-11,30.53,30.935,30.495,30.905,27239428.0
2017-05-12,31.0925,31.5225,31.085,31.4425,32498413.0
2017-05-15,31.42,31.58,31.18,31.3425,25915047.0
2017-05-16,31.4025,31.4325,31.0975,31.285,19996232.0
2017-05-17,30.8175,31.06,29.845,29.98,50679848.0
2017-05-18,30.235,30.7525,30.2,30.5525,33525106.0
2017-05-19,30.7625,30.9125,30.575,30.6825,26933815.0
2017-05-22,30.9175,31.0625,30.645,30.915,22934398.0
2017-05-23,31.1425,31.1425,30.745,30.8675,19908957.0
2017-05-24,30.8775,30.96,30.585,30.7525,19207232.0
2017-05-25,30.85,31.005,30.675,30.885,19219081.0
2017-05-26,30.9175,30.9775,30.745,30.82,21902211.0
2017-05-30,30.7725,31.025,30.75,30.835,20119009.0
2017-05-31,30.91,30.96,30.5125,30.6075,24455800.0
2017-06-01,30.71,30.75,30.4725,30.7125,16384407.0
2017-06-02,30.8125,31.28,30.64,31.28,27732984.0
2017-06-05,31.0025,31.03,30.7825,30.9,25284641.0
2017-06-06,30.8925,31.37,30.8625,31.03,26593991.0
2017-06-07,31.1725,31.4125,31.0375,31.26,21020366.0
2017-06-08,31.23,31.3025,31.0175,31.165,21146643.0
2017-06-09,31.215,31.215,28.9225,29.6625,64788624.0
2017-06-12,28.8525,28.94,28.045,28.7725,72202819.0
2017-06-13,29.2075,29.28,28.705,29.065,34096538.0
2017-06-14,29.2925,29.2925,28.3775,28.7075,31455996.0
2017-06-15,28.2475,28.5375,27.97,28.49,31662421.0
2017-06-16,28.3625,28.5425,27.9675,27.985,50267760.0
2017-06-19,28.3325,29.1025,28.3325,29.0025,32466322.0
2017-06-20,29.135,29.135,28.6525,28.67,24886167.0
2017-06-21,28.7975,28.935,28.57,28.885,21248410.0
2017-06-22,28.86,29.0925,28.6975,28.825,19086118.0
2017-06-23,28.7,29.2075,28.695,28.9875,35423678.0
2017-06-26,29.21,29.4875,28.7625,28.8725,25679183.0
2017-06-27,28.67,28.9575,28.3225,28.35,24731399.0
2017-06-28,28.54,28.945,28.2075,28.875,22056060.0
2017-06-29,28.595,28.7,27.9875,28.3375,31454522.0
2017-06-30,28.53,28.6575,28.3625,28.4225,23004137.0
2017-07-03,28.6375,28.7425,28.1925,28.2925,14277848.0
2017-07-05,28.34,28.615,28.0975,28.44,21551200.0
2017-07-06,28.1725,28.2925,28.02,28.1,24110718.0
2017-07-07,28.1425,28.605,28.1425,28.4625,19201712.0
2017-07-10,28.445,28.905,28.26,28.6825,21090636.0
2017-07-11,28.5975,28.88,28.5125,28.8,12952980.0
2017-07-12,28.8925,28.9625,28.6225,28.8525,15622552.0
2017-07-13,28.8125,29.54,28.7925,29.36,15984458.0
2017-07-14,29.4175,29.75,29.25,29.6775,12909463.0
2017-07-17,29.645,30.135,29.56,29.8075,16357705.0
2017-07-18,29.7175,29.95,29.585,29.9375,11481325.0
2017-07-19,30.0375,30.2725,29.905,30.1725,20922969.0
2017-07-20,30.3275,30.3525,29.965,30.0025,10861372.0
2017-07-21,29.89,30.0275,29.6375,29.985,17818298.0
2017-07-24,30.0575,30.525,29.8925,30.44,14446538.0
2017-07-25,30.4775,30.8775,30.4775,30.6025,12179278.0
2017-07-26,30.7675,30.9,30.6825,30.7825,10545034.0
2017-07-27,30.855,30.915,29.2425,30.0575,32476337.0
2017-07-28,29.8475,29.975,29.715,29.7925,11174280.0
2017-07-31,29.8925,30.0,29.45,29.6,19845920.0
2017-08-01,29.735,29.9725,29.52,29.93,20354202.0
2017-08-02,32.2925,32.355,31.4575,31.7025,44794779.0
2017-08-03,31.675,31.7175,31.1725,31.31,17882106.0
2017-08-04,31.4475,31.7675,31.34,31.515,13787215.0
2017-08-07,31.6675,32.1475,31.5875,32.12,14999747.0
2017-08-08,32.06,32.875,31.985,32.4375,23260923.0
2017-08-09,32.2325,32.735,32.195,32.6825,26131530.0
2017-08-10,32.55,32.575,31.2325,31.405,40804273.0
2017-08-11,31.7,32.2175,31.5925,31.945,26257096.0
2017-08-14,32.405,32.6275,32.2625,32.5375,22122734.0
2017-08-15,32.74,33.1225,32.61,32.975,29465487.0
2017-08-16,33.06,33.2025,32.6125,32.8125,27671612.0
2017-08-17,32.705,32.7525,32.035,32.04,27940565.0
2017-08-18,32.04,32.45,31.755,31.95,27428069.0
2017-08-21,31.95,32.0475,31.3525,31.8775,26368528.0
2017-08-22,32.1325,32.575,32.08,32.52,21604585.0
2017-08-23,32.3425,32.6925,32.295,32.57,19399081.0
2017-08-24,32.6825,32.76,32.2125,32.3925,19818918.0
2017-08-25,32.4875,32.715,32.3925,32.54,25480063.0
2017-08-28,32.61,33.075,32.5575,32.9425,25965972.0
2017-08-29,32.6,33.355,32.575,33.3025,29516910.0
2017-08-30,33.525,33.5475,33.2275,33.4125,27269584.0
2017-08-31,33.485,33.705,33.445,33.575,26785096.0
2017-09-01,33.775,33.81,33.4825,33.5875,16591051.0
2017-09-05,33.5125,33.6375,32.715,33.095,29536314.0
2017-09-06,33.2525,33.3225,32.705,33.0525,21651726.0
2017-09-07,33.0975,33.135,32.665,32.89,21928502.0
2017-09-08,32.79,32.8625,32.2075,32.2325,28611535.0
2017-09-11,32.7,33.0875,32.5475,32.95,31580798.0
2017-09-12,33.2275,33.565,32.2675,32.79,71714046.0
2017-09-13,32.5425,32.565,32.0525,32.4875,44907361.0
2017-09-14,32.3225,32.425,32.0975,32.145,23760749.0
2017-09-15,32.1925,32.8175,32.075,32.545,49114602.0
2017-09-18,32.6025,32.7,32.075,32.2425,28269435.0
2017-09-19,32.4525,32.5175,32.185,32.2575,20810632.0
2017-09-20,32.05,32.14,31.0325,31.5925,52951364.0
2017-09-21,31.525,31.525,30.7625,30.9225,37511661.0
2017-09-22,30.58,30.6425,30.215,30.5475,46645443.0
2017-09-25,30.0725,30.5325,29.865,30.2125,44387336.0
2017-09-26,30.52,31.055,30.4975,30.86,36660045.0
2017-09-27,31.025,31.255,30.96,31.1325,25504227.0
2017-09-28,31.0475,31.145,30.75,30.895,22005455.0
2017-09-29,30.8775,31.1075,30.575,31.105,26299810.0
2017-10-02,31.14,31.1875,30.755,31.0275,18698842.0
2017-10-03,31.0775,31.3475,31.0525,31.195,16230293.0
2017-10-04,30.9825,31.04,30.69,30.945,20163750.0
2017-10-05,31.12,31.435,31.0875,31.4225,21283769.0
2017-10-06,31.3175,31.4475,31.215,31.4,17407558.0
2017-10-09,31.5275,31.7575,31.4475,31.535,16262923.0
2017-10-10,31.59,32.075,31.35,31.55,15617014.0
2017-10-11,31.5675,31.82,31.5125,31.7125,16905640.0
2017-10-12,31.6625,31.9175,31.5075,31.575,16125054.0
2017-10-13,31.7575,31.895,31.6775,31.8225,16394188.0
2017-10-16,32.05,32.575,31.9875,32.545,24121452.0
2017-10-17,32.52,32.7925,32.3825,32.6925,18997275.0
2017-10-18,32.68,32.7525,32.475,32.515,16374164.0
2017-10-19,31.7625,31.845,31.33,31.57,42584166.0
2017-10-20,31.7275,32.0125,31.565,31.6375,23974146.0
2017-10-23,31.7975,31.9975,31.45,31.6175,21984327.0
2017-10-24,31.6475,31.93,31.625,31.85,17757230.0
2017-10-25,31.8025,31.9625,31.3925,31.6775,21207098.0
2017-10-26,31.8825,32.0325,31.77,31.9275,17000469.0
2017-10-27,32.3975,33.475,32.25,33.3375,44454160.0
2017-10-30,33.5475,34.5925,33.505,34.255,44700772.0
2017-10-31,34.55,34.9875,34.31,34.835,36046828.0
2017-11-01,35.0425,35.06,33.9775,34.2975,33637762.0
2017-11-02,34.485,34.7,33.895,34.6025,41393373.0
2017-11-03,36.1,36.1375,35.355,35.7,59398631.0
2017-11-06,35.6675,36.3225,35.505,36.1375,35026306.0
2017-11-07,36.0525,36.3875,35.975,36.2775,24361485.0
2017-11-08,36.24,36.635,36.1575,36.635,24409527.0
2017-11-09,36.3525,36.6,35.86,36.545,29482596.0
2017-11-10,36.51,36.5775,36.3,36.4,25145500.0
2017-11-13,36.1075,36.3575,36.0825,36.225,16982080.0
2017-11-14,35.9925,36.1025,35.5275,35.5675,24782487.0
2017-11-15,35.225,35.3125,34.8275,35.0025,29158070.0
2017-11-16,35.5275,35.7,35.3075,35.5075,23637484.0
2017-11-17,35.4925,35.58,35.1425,35.27,21899544.0
2017-11-20,35.305,35.3725,35.1225,35.2275,16262447.0
2017-11-21,35.4275,36.1575,35.4275,36.0175,25131295.0
2017-11-22,36.0725,36.4825,35.995,36.4725,25588925.0
2017-11-24,36.5075,36.6075,36.395,36.475,14026673.0
2017-11-27,36.495,36.5025,36.0675,36.255,20716802.0
2017-11-28,36.3075,36.45,35.6975,36.0,26428802.0
2017-11-29,35.89,35.9625,34.5225,35.1025,41666364.0
2017-11-30,35.34,35.7675,34.8425,35.695,41527218.0
2017-12-01,35.22,35.65,34.8575,35.495,39759288.0
2017-12-04,35.8525,35.8875,35.14,35.1825,32542385.0
2017-12-05,34.9975,35.6125,34.8325,35.1425,27350154.0
2017-12-06,34.6075,35.2825,34.3475,34.985,28560000.0
2017-12-07,34.99,35.3425,34.96,35.0625,25673308.0
2017-12-08,35.355,35.4825,34.9375,35.075,23355231.0
2017-12-11,35.0325,35.955,34.93,35.9,35273759.0
2017-12-12,35.77,35.83,35.5975,35.6575,19409230.0
2017-12-13,35.8575,36.1175,35.7325,35.8,23818447.0
2017-12-14,35.8325,36.015,35.645,35.7875,20476541.0
2017-12-15,36.14,36.275,35.8475,36.225,40169307.0
2017-12-18,36.4525,37.0325,36.4475,36.8375,29421114.0
2017-12-19,36.49,36.58,36.255,36.3675,27436447.0
2017-12-20,36.45,36.5875,36.045,36.32,23475649.0
2017-12-21,36.275,36.7375,36.2575,36.485,20949896.0
2017-12-22,36.4025,36.5875,36.3575,36.485,16349444.0
2017-12-26,35.4325,35.6,35.1525,35.375,33185536.0
2017-12-27,35.2575,35.4275,35.16,35.3825,21498213.0
2017-12-28,35.4825,35.695,35.3525,35.5025,16480187.0
2017-12-29,35.3625,35.38,35.0375,35.04,25999922.0
2018-01-02,35.2725,35.8075,35.0475,35.7975,25555934.0
2018-01-03,35.865,36.37,35.7225,35.79,29517899.0
2018-01-04,35.8675,36.1,35.7525,35.99,22434597.0
2018-01-05,36.0925,36.575,35.995,36.4825,23660018.0
2018-01-08,36.32,36.635,36.215,36.32,20567766.0
2018-01-09,36.37,36.4975,36.085,36.315,21583997.0
2018-01-10,36.0225,36.3075,35.9825,36.305,23959895.0
2018-01-11,36.38,36.605,36.355,36.5525,18667729.0
2018-01-12,36.7775,37.0725,36.645,37.005,25418080.0
2018-01-16,37.2075,37.58,36.7675,36.78,29565947.0
2018-01-17,36.77,37.545,36.5,37.5075,34386836.0
2018-01-18,37.575,37.7575,37.295,37.5475,31193352.0
2018-01-19,37.385,37.6275,37.085,37.3475,32425067.0
2018-01-22,37.0575,37.1775,36.8825,36.9825,27108551.0
2018-01-23,37.0575,37.5925,36.9375,36.9925,32689146.0
2018-01-24,37.045,37.0575,36.0325,36.2875,51105090.0
2018-01-25,36.36,36.47,35.365,35.51,41529004.0
2018-01-26,35.7325,35.7325,35.2475,35.61,39143011.0
2018-01-29,35.2725,35.2725,34.5,34.7225,50640406.0
2018-01-30,34.115,34.575,33.9075,34.475,46048185.0
2018-01-31,34.45,34.8425,34.3575,34.59,32478930.0
2018-02-01,34.525,34.8875,34.4225,34.6775,47230787.0
2018-02-02,34.2325,34.4325,32.7575,32.8575,86593825.0
2018-02-05,32.5075,33.7025,31.7325,31.855,72738522.0
2018-02-06,31.44,33.6625,31.2325,33.49,68243838.0
2018-02-07,33.505,33.5825,32.5,32.6175,51608580.0
2018-02-08,32.805,32.9825,31.49,31.52,54390516.0
2018-02-09,32.1575,32.3625,30.45,31.9925,70672608.0
2018-02-12,32.515,33.8625,32.2675,33.5675,60819539.0
2018-02-13,33.3775,34.0775,33.3025,33.975,32549163.0
2018-02-14,33.65,34.775,33.61,34.7325,40644933.0
2018-02-15,35.3375,36.1625,35.14,36.1375,51147171.0
2018-02-16,35.98,36.595,35.8325,35.9975,40176091.0
2018-02-20,35.9025,36.455,35.745,35.8525,33930540.0
2018-02-21,36.0975,36.42,35.6425,35.6575,37471623.0
2018-02-22,35.84,36.3775,35.8175,36.015,30991940.0
2018-02-23,36.3075,36.8025,36.275,36.765,33812360.0
2018-02-26,36.9775,37.7375,36.9425,37.6325,38162174.0
2018-02-27,37.665,38.01,37.43,37.4875,38928125.0
2018-02-28,37.705,38.045,37.4025,37.42,37782138.0
2018-03-01,37.525,37.835,36.055,36.64,48801970.0
2018-03-02,36.09,36.965,36.0025,36.9425,38453950.0
2018-03-05,36.6925,37.325,36.52,37.095,28401366.0
2018-03-06,37.3675,37.4525,36.9225,37.0575,23788506.0
2018-03-07,36.625,36.8525,36.4575,36.6475,31703462.0
2018-03-08,36.76,37.17,36.6575,37.125,23774107.0
2018-03-09,37.38,37.89,37.2375,37.885,32185162.0
2018-03-12,37.9625,38.4875,37.9425,38.32,32207081.0
2018-03-13,38.5375,38.765,37.7,37.8825,31693529.0
2018-03-14,37.97,38.02,37.3425,37.5,29368356.0
2018-03-15,37.515,37.95,37.4075,37.5525,22743798.0
2018-03-16,37.5525,37.67,37.295,37.395,39404688.0
2018-03-19,37.22,37.2575,36.305,36.715,33446771.0
2018-03-20,36.7,37.09,36.625,36.7,19649350.0
2018-03-21,36.65,36.6625,35.705,35.7075,37054935.0
2018-03-22,35.39,36.06,35.04,35.1025,41490767.0
2018-03-23,34.9875,35.37,34.125,34.125,41028784.0
2018-03-26,34.9075,36.165,34.5,36.0825,37541236.0
2018-03-27,36.31,36.6775,34.62,34.975,40922579.0
2018-03-28,34.7025,35.395,34.1875,34.51,41668545.0
2018-03-29,34.8425,35.8275,34.615,34.835,38398505.0
2018-04-02,34.86,35.125,34.0075,34.56,37445578.0
2018-04-03,34.8,35.0775,34.11,34.9875,30278046.0
2018-04-04,34.11,35.8925,34.0825,35.7925,34605489.0
2018-04-05,36.035,36.4475,35.91,36.09,26933197.0
2018-04-06,35.6325,36.01,34.94,34.985,35005290.0
2018-04-09,35.36,36.1625,35.3525,35.4025,29017718.0
2018-04-10,36.14,36.39,35.7725,36.2025,28614241.0
2018-04-11,35.9475,36.37,35.815,36.0,22431640.0
2018-04-12,36.2425,36.64,36.15,36.425,22889285.0
2018-04-13,36.585,36.85,36.3525,36.5725,25124255.0
2018-04-16,36.6475,36.9375,36.5975,36.845,21578420.0
2018-04-17,37.0125,37.625,36.9925,37.45,26605442.0
2018-04-18,37.3425,37.595,37.11,37.35,20754538.0
2018-04-19,36.6275,36.7375,36.055,36.09,34808800.0
2018-04-20,35.54,35.695,34.2475,34.32,65491140.0
2018-04-23,34.5975,34.62,33.9125,34.2,36515477.0
2018-04-24,34.3075,34.4725,33.195,33.625,33692017.0
2018-04-25,33.545,34.245,33.4925,33.8025,28382084.0
2018-04-26,33.92,34.3225,33.7325,33.945,27963014.0
2018-04-27,33.89,33.9725,33.0475,33.47,35655839.0
2018-04-30,33.4225,34.705,33.35,34.205,42427424.0
2018-05-01,34.4925,35.19,34.2075,35.165,53569376.0
2018-05-02,36.6975,37.3275,36.34,37.0325,66539371.0
2018-05-03,36.86,37.265,36.5,37.1125,34068180.0
2018-05-04,37.4525,38.9525,37.4325,38.8475,56201317.0
2018-05-07,39.185,39.8075,39.0775,39.18,42451423.0
2018-05-08,39.1375,39.445,38.8075,39.4025,28402777.0
2018-05-09,39.5275,39.74,39.195,39.73,23211241.0
2018-05-10,39.825,40.4825,39.8025,40.4,27989289.0
2018-05-11,40.445,40.5875,39.935,40.22,26212221.0
2018-05-14,40.325,40.455,40.0375,40.11,20778772.0
2018-05-15,39.7675,39.84,39.3475,39.6825,23695159.0
2018-05-16,39.59,40.1875,39.5725,40.1175,19183064.0
2018-05-17,40.0725,40.3,39.6625,39.82,17294029.0
2018-05-18,39.87,40.025,39.605,39.65,18297728.0
2018-05-21,40.0725,40.39,39.8,39.98,18400787.0
2018-05-22,40.1675,40.2925,39.7675,39.8625,15240704.0
2018-05-23,39.66,40.1975,39.5125,40.1625,20058415.0
2018-05-24,40.265,40.2825,39.625,40.11,23233975.0
2018-05-25,40.13,40.485,39.985,40.2175,17460963.0
2018-05-29,39.9725,40.26,39.79,40.0475,22514075.0
2018-05-30,40.0025,40.0725,39.7675,39.9475,18690547.0
2018-05-31,39.8775,40.13,39.6075,39.79,27482793.0
2018-06-01,40.07,40.6375,40.01,40.6325,23442510.0
2018-06-04,40.9825,41.4275,40.91,41.03,26266174.0
2018-06-05,41.34,41.5575,41.1625,41.4,21565963.0
2018-06-06,41.48,41.5925,41.0525,41.5675,20933619.0
2018-06-07,41.6075,41.6225,41.1575,41.4375,21347180.0
2018-06-08,40.865,41.0725,40.515,40.9975,26656799.0
2018-06-11,40.91,41.065,40.625,40.88,18308460.0
2018-06-12,40.92,41.225,40.86,41.1425,16911141.0
2018-06-13,41.1775,41.2925,40.6825,40.7475,21638393.0
2018-06-14,40.96,40.965,40.6275,40.7725,21610074.0
2018-06-15,40.58,40.6125,40.1375,40.2825,61719160.0
2018-06-18,40.0425,40.3775,39.8725,40.2575,18484865.0
2018-06-19,39.3575,39.655,38.935,39.495,33578455.0
2018-06-20,39.66,39.8725,39.505,39.6975,20628701.0
2018-06-21,39.885,40.16,39.3075,39.4375,25711898.0
2018-06-22,39.6025,39.61,39.2475,39.3025,27200447.0
2018-06-25,38.9225,39.3025,38.255,38.615,31663096.0
2018-06-26,38.82,39.705,38.7075,39.18,24569201.0
2018-06-27,39.38,39.8925,39.08,39.1125,25285328.0
2018-06-28,39.0975,39.625,39.0225,39.4475,17365235.0
2018-06-29,39.645,39.87,38.8,39.35,22737666.0
2018-07-02,39.0275,39.8975,38.9275,39.8675,17731343.0
2018-07-03,40.02,40.06,38.9575,39.0525,13954806.0
2018-07-05,39.3875,39.675,39.1425,39.4225,16604248.0
2018-07-06,39.4275,40.18,39.3725,40.065,17485245.0
2018-07-09,40.4475,40.7425,40.3975,40.7175,19756634.0
2018-07-10,40.75,40.8925,40.6175,40.66,15939149.0
2018-07-11,40.1975,40.5175,39.975,40.0425,18831470.0
2018-07-12,40.455,40.925,40.4,40.83,18041131.0
2018-07-13,40.8425,41.0325,40.7975,40.905,12519792.0
2018-07-16,40.9525,41.235,40.6775,40.8,15043110.0
2018-07-17,40.51,41.04,40.3725,40.935,15534523.0
2018-07-18,41.0175,41.0225,40.555,40.6725,16393381.0
2018-07-19,40.495,41.21,40.495,41.0425,20286752.0
2018-07-20,41.0175,41.18,40.615,40.9325,20706042.0
2018-07-23,40.7425,41.0625,40.4625,40.975,15989365.0
2018-07-24,41.185,41.4875,41.085,41.3225,18697898.0
2018-07-25,41.3375,41.785,41.18,41.7775,16826483.0
2018-07-26,41.725,42.0625,41.475,41.625,19075964.0
2018-07-27,41.82,41.87,40.5975,40.8175,24023972.0
2018-07-30,41.0475,41.1225,40.34,40.55,21029535.0
2018-07-31,40.6475,41.1075,40.4075,40.645,39373038.0
2018-08-01,42.855,43.5125,42.4,43.4475,67935716.0
2018-08-02,43.2175,45.1675,43.16,44.92,62404012.0
2018-08-03,44.83,45.2575,44.4425,45.07,33447396.0
2018-08-06,45.0725,45.385,44.84,45.34,25425387.0
2018-08-07,45.4025,45.4475,44.7625,44.85,25587387.0
2018-08-08,44.585,45.025,44.2025,44.885,22525487.0
2018-08-09,44.8925,45.5175,44.8725,45.2925,23492626.0
2018-08-10,45.095,45.53,44.9225,45.1375,24611202.0
2018-08-13,45.18,45.9925,45.18,45.4725,25890880.0
2018-08-14,45.795,45.895,45.32,45.6925,20748010.0
2018-08-15,45.56,45.94,45.3375,45.815,28807564.0
2018-08-16,46.1925,46.7075,46.1225,46.585,28500367.0
2018-08-17,46.615,47.7425,46.545,47.65,35426997.0
2018-08-20,47.78,48.05,47.0325,47.12,30287695.0
2018-08-21,47.455,47.5525,46.7625,47.015,26159755.0
2018-08-22,46.78,47.345,46.715,47.0175,19018131.0
2018-08-23,46.9175,47.5175,46.905,47.1275,18883224.0
2018-08-24,47.405,47.48,47.0325,47.295,18476356.0
2018-08-27,47.5425,47.94,47.3375,47.74,20525117.0
2018-08-28,48.0075,48.39,47.985,48.18,22776766.0
2018-08-29,48.2925,49.1275,48.1075,49.0,27254804.0
2018-08-30,49.0675,50.32,48.855,49.5125,48793824.0
2018-08-31,49.915,50.4725,49.755,50.1625,43340134.0
2018-09-04,50.3575,50.55,49.9125,50.345,27390132.0
2018-09-05,50.5025,50.6725,49.53,49.9725,33332960.0
2018-09-06,49.8125,50.0925,48.58,49.03,34289976.0
2018-09-07,48.7175,49.5975,48.4325,48.58,37619810.0
2018-09-10,48.4925,48.7175,47.3725,47.8375,39516453.0
2018-09-11,47.7575,49.33,47.395,49.2175,35749049.0
2018-09-12,49.49,49.505,48.215,48.5225,49278740.0
2018-09-13,49.135,50.3425,48.8975,49.8575,41706377.0
2018-09-14,49.6925,49.965,48.885,49.215,31999289.0
2018-09-17,48.7925,48.9925,47.5725,47.725,37195133.0
2018-09-18,47.7025,48.7175,47.535,47.815,31571712.0
2018-09-19,47.88,48.16,47.08,47.8475,27123833.0
2018-09-20,48.315,48.825,48.0425,48.2625,26608794.0
2018-09-21,48.45,48.595,47.5775,47.67,96246748.0
2018-09-24,47.46,48.57,47.4125,48.4525,27693358.0
2018-09-25,48.1925,48.96,48.18,48.8025,24554379.0
2018-09-26,48.505,49.1925,48.195,48.36,23984706.0
2018-09-27,49.21,49.865,49.14,49.4925,30181227.0
2018-09-28,49.4525,49.715,49.26,49.69,22929364.0
2018-10-01,50.2425,50.61,49.8425,50.07,23600802.0
2018-10-02,50.0675,50.755,49.9125,50.575,24788170.0
2018-10-03,50.7675,51.6225,50.7,51.2725,28654799.0
2018-10-04,50.95,51.3425,49.9375,50.2525,32042000.0
2018-10-05,50.245,50.3575,48.4,49.3275,33580463.0
2018-10-08,48.8075,49.455,48.305,49.1975,29663923.0
2018-10-09,49.165,50.0725,48.8175,49.9725,26891029.0
2018-10-10,49.62,49.8425,47.2675,47.345,41990554.0
2018-10-11,46.885,48.13,46.335,46.8675,53124392.0
2018-10-12,48.36,48.975,47.465,48.7825,40337851.0
2018-10-15,48.545,48.7125,47.5725,47.595,30791007.0
2018-10-16,47.9875,49.0025,47.445,48.7925,29183963.0
2018-10-17,48.83,48.915,48.09,48.5525,22885397.0
2018-10-18,47.72,48.19,46.505,47.26,32581315.0
2018-10-19,47.77,48.57,47.6125,48.0825,33078726.0
2018-10-22,48.2025,49.095,47.99,48.4175,28792082.0
2018-10-23,47.2125,49.0675,46.93,48.9375,38767846.0
2018-10-24,48.905,49.3125,46.89,47.0275,40925163.0
2018-10-25,47.6825,48.6,47.4425,48.205,29855768.0
2018-10-26,47.23,48.3025,46.4225,47.33,47258375.0
2018-10-29,48.0525,48.1775,44.7775,46.315,45935520.0
2018-10-30,46.0425,47.05,45.5725,46.58,36659990.0
2018-10-31,47.475,48.3675,47.41,47.97,38358933.0
2018-11-01,48.0175,48.845,47.4575,48.81,58323180.0
2018-11-02,45.6425,46.6675,44.6125,45.125,91328654.0
2018-11-05,44.33,44.3525,42.7975,43.6525,66163669.0
2018-11-06,43.735,44.435,43.6775,44.1975,31882881.0
2018-11-07,44.7475,45.77,44.2875,45.7425,33424434.0
2018-11-08,45.9325,45.9675,45.125,45.56,25362636.0
2018-11-09,44.825,44.94,44.0,44.555,34365750.0
2018-11-12,43.1875,43.4,41.885,41.98,51135518.0
2018-11-13,41.345,42.7325,41.3,41.495,46882936.0
2018-11-14,41.9125,42.0575,39.92,40.1375,60800957.0
2018-11-15,40.535,41.43,40.1625,41.29,46478801.0
2018-11-16,41.0625,42.18,40.8025,41.82,36928253.0
2018-11-19,40.9375,41.1125,39.685,39.9025,41920872.0
2018-11-20,38.03,38.805,37.315,37.6825,67825247.0
2018-11-21,38.37,38.505,37.575,37.6325,31124210.0
2018-11-23,37.1725,37.5875,36.4625,36.51,23623972.0
2018-11-26,36.9975,37.175,36.0025,37.0925,44998520.0
2018-11-27,36.315,37.13,36.1575,36.9975,41387377.0
2018-11-28,37.62,38.76,37.17,38.6725,46062539.0
2018-11-29,39.1025,39.1375,37.8625,38.325,41769992.0
2018-11-30,38.51,38.52,37.695,38.0825,39531549.0
2018-12-03,39.5525,39.6725,38.74,39.6425,40798002.0
2018-12-04,38.675,39.035,37.505,37.61,41344282.0
2018-12-06,36.3775,37.1325,36.0425,37.1175,43098410.0
2018-12-07,36.81,37.06,35.5125,35.56,42281631.0
2018-12-10,34.6875,35.96,34.27,35.8375,62025994.0
2018-12-11,36.3525,36.385,35.1875,35.595,47281665.0
2018-12-12,36.0375,36.4175,35.6925,35.7125,35627674.0
2018-12-13,36.06,36.58,35.825,36.175,31897827.0
2018-12-14,35.6875,35.7075,34.7575,34.8075,40703710.0
2018-12-17,34.8,35.525,34.12,34.4225,44287922.0
2018-12-18,34.7825,35.32,34.535,34.955,33841518.0
2018-12-19,34.9375,35.3,33.21,33.66,49047297.0
2018-12-20,33.5375,33.965,32.2625,32.645,64772960.0
2018-12-21,32.6525,32.9775,30.845,31.12,95744384.0
2018-12-24,30.475,31.325,30.085,30.145,37169232.0
2018-12-26,30.5125,32.745,30.1175,32.73,58582544.0
2018-12-27,32.3975,32.63,30.955,32.475,53117065.0
2018-12-28,32.8125,33.0675,32.075,32.495,42291424.0
2018-12-31,33.07,33.275,32.565,32.8725,35003466.0
2019-01-02,32.16,33.15,31.995,32.9175,37039737.0
2019-01-03,29.4325,29.8675,28.9375,28.985,91312195.0
2019-01-04,29.57,30.575,29.3875,30.5025,58607070.0
2019-01-07,30.6125,30.645,29.9125,30.42,54777764.0
2019-01-08,30.8275,31.3925,30.5675,31.125,41025314.0
2019-01-09,31.26,32.07,30.845,31.765,45099081.0
2019-01-10,31.5625,31.93,31.1525,31.8875,35780670.0
2019-01-11,31.6575,31.8625,31.315,31.51,27023241.0
2019-01-14,31.15,31.255,30.7425,30.9375,32439186.0
2019-01-15,31.005,31.785,30.95,31.705,28710324.0
2019-01-16,31.7075,32.4075,31.6875,32.1725,30569706.0
2019-01-17,31.9875,32.8525,31.7525,32.4025,29821160.0
2019-01-18,32.8375,32.905,32.4325,32.6425,33751023.0
2019-01-22,32.54,32.62,31.5925,31.7625,30393970.0
2019-01-23,31.975,32.2225,31.3625,31.9175,23130570.0
2019-01-24,31.965,32.0575,31.3725,31.6125,25441549.0
2019-01-25,32.3075,32.97,32.0175,32.8775,33547893.0
2019-01-28,32.385,32.52,31.8525,32.5125,26192058.0
2019-01-29,32.5,32.97,31.965,32.1075,41587239.0
2019-01-30,34.25,34.975,33.495,34.75,61109780.0
2019-01-31,34.965,35.6875,34.5775,35.0475,40739649.0
2019-02-01,35.1775,35.6825,34.92,35.0675,32668138.0
2019-02-04,35.29,36.3525,35.2575,36.25,31495582.0
2019-02-05,36.6525,37.2075,36.525,36.9825,36101628.0
2019-02-06,37.1,37.33,36.65,36.9975,28239591.0
2019-02-07,36.5375,36.9225,36.0225,36.1725,31741690.0
2019-02-08,35.8675,36.285,35.725,36.2225,23819966.0
2019-02-11,36.3825,36.4225,35.9325,35.9775,20993425.0
2019-02-12,36.145,36.37,36.045,36.3425,22283523.0
2019-02-13,36.4675,36.74,36.1,36.165,22490233.0
2019-02-14,36.0475,36.435,35.965,36.32,21835747.0
2019-02-15,36.4325,36.545,36.0575,36.225,24626814.0
2019-02-19,36.0475,36.48,35.9925,36.3525,18972826.0
2019-02-20,36.4175,36.95,36.3675,36.6275,26114362.0
2019-02-21,36.57,36.7125,36.195,36.385,17249670.0
2019-02-22,36.515,36.87,36.465,36.8625,18913154.0
2019-02-25,37.16,37.5875,37.1075,37.1775,21873358.0
2019-02-26,37.0475,37.445,36.9125,37.2025,17070211.0
2019-02-27,36.9225,37.37,36.8025,37.3375,27835389.0
2019-02-28,37.2,37.3475,36.85,36.9075,28215416.0
2019-03-01,37.19,37.4075,36.8425,37.3625,25886167.0
2019-03-04,37.5425,38.0575,37.1125,37.5825,27436203.0
2019-03-05,37.605,37.62,37.255,37.5025,19737419.0
2019-03-06,37.2875,37.4925,37.105,37.25,20810384.0
2019-03-07,37.0875,37.23,36.625,36.745,24796374.0
2019-03-08,36.2,36.8875,35.995,36.8475,23999358.0
2019-03-11,37.4925,38.4,37.4575,38.345,32011034.0
2019-03-12,38.62,39.2875,38.4625,38.8475,32467584.0
2019-03-13,39.1825,39.445,38.85,39.0475,31032524.0
2019-03-14,39.595,39.645,39.26,39.5525,23579508.0
2019-03-15,39.8325,40.4525,39.555,40.15,39042912.0
2019-03-18,40.07,40.7175,40.0675,40.625,26219832.0
2019-03-19,40.7075,40.8675,40.1,40.2525,31646369.0
2019-03-20,40.1775,40.9925,39.8025,40.66,31035231.0
2019-03-21,41.125,42.7025,41.0725,42.3925,51034237.0
2019-03-22,42.455,43.0425,41.315,41.3825,42407666.0
2019-03-25,41.4975,41.615,40.27,40.805,43845293.0
2019-03-26,41.535,41.84,39.765,40.3175,49800538.0
2019-03-27,40.8075,41.06,40.2575,40.7375,29848427.0
2019-03-28,40.8575,41.01,40.5025,40.8,20780363.0
2019-03-29,41.0775,41.14,40.755,41.1075,23563961.0
2019-04-01,41.53,41.54,40.715,41.43,27861964.0
2019-04-02,41.3925,42.235,41.3825,42.125,22765732.0
2019-04-03,41.9325,42.745,41.9075,42.4575,23271830.0
2019-04-04,42.3175,42.7125,41.905,42.5425,19114275.0
2019-04-05,42.7325,42.895,42.6025,42.87,18526644.0
2019-04-08,42.725,43.6775,42.705,43.645,25881697.0
2019-04-09,43.7,44.3325,43.4275,43.495,35768237.0
2019-04-10,43.29,43.805,43.165,43.775,21695288.0
2019-04-11,43.8325,43.87,43.23,43.3575,20900808.0
2019-04-12,43.42,43.655,42.6725,43.3375,27760668.0
2019-04-15,43.265,43.5825,43.1225,43.4275,17536646.0
2019-04-16,43.485,43.9625,43.26,43.4325,25696385.0
2019-04-17,43.505,44.465,43.2725,44.4025,28906780.0
2019-04-18,44.4825,44.6575,44.25,44.585,24195766.0
2019-04-22,44.3275,44.855,44.205,44.7525,19439545.0
2019-04-23,44.7275,45.5575,44.595,45.49,23322991.0
2019-04-24,45.46,45.74,45.3825,45.41,17540609.0
2019-04-25,45.3275,45.56,44.9,44.94,18543206.0
2019-04-26,44.845,44.87,44.15,44.695,18649102.0
2019-04-29,44.72,45.1125,44.585,44.7725,22204716.0
2019-04-30,44.385,44.47,43.3975,43.7875,46534923.0
2019-05-01,46.09,47.4475,45.9275,46.25,64827328.0
2019-05-02,46.08,46.7825,45.6525,45.9075,31996324.0
2019-05-03,46.3425,46.58,46.1775,46.5575,20892378.0
2019-05-06,44.6925,45.83,44.495,45.74,32443113.0
2019-05-07,45.09,45.475,43.8275,44.335,38763698.0
2019-05-08,44.095,44.955,44.0575,44.345,26339504.0
2019-05-09,43.72,44.04,42.785,43.8,34908607.0
2019-05-10,43.1675,43.525,42.005,43.1075,41208712.0
2019-05-13,40.74,41.1825,39.525,40.2425,57430623.0
2019-05-14,40.415,41.2375,40.165,40.9775,36529677.0
2019-05-15,40.38,41.75,40.3175,41.5425,26544718.0
2019-05-16,41.29,41.93,41.0225,41.3325,33031364.0
2019-05-17,40.545,41.5375,40.5025,41.0625,32879090.0
2019-05-20,39.6925,39.9,38.8825,39.585,38612290.0
2019-05-21,40.1175,40.8125,39.9875,40.4625,28364848.0
2019-05-22,39.9775,40.24,39.45,39.5075,29748556.0
2019-05-23,38.7625,38.9475,38.265,38.7275,36529736.0
2019-05-24,38.8625,39.345,38.4675,38.555,23714686.0
2019-05-28,38.5425,38.96,38.29,38.37,27948160.0
2019-05-29,37.9175,38.65,37.8125,38.1575,28481165.0
2019-05-30,38.3,38.62,37.98,38.3875,21218412.0
2019-05-31,37.87,38.31,37.56,37.58,27043584.0
2019-06-03,37.7125,38.2925,36.38,37.1375,40396069.0
2019-06-04,37.6725,38.77,37.4425,38.7225,30967961.0
2019-06-05,39.8825,40.06,39.0975,39.4475,29773427.0
2019-06-06,39.5825,40.18,39.35,40.1175,22526311.0
2019-06-07,40.44,41.7925,40.255,41.35,30684393.0
2019-06-10,41.765,42.655,41.7175,41.9575,26220851.0
2019-06-11,42.5275,42.8125,42.2125,42.515,26932882.0
2019-06-12,42.3,42.805,42.16,42.36,18253189.0
2019-06-13,42.4875,43.01,42.2125,42.35,21674625.0
2019-06-14,41.7,42.21,41.3875,41.9975,18761474.0
2019-06-17,42.0375,42.5525,41.855,42.285,14669144.0
2019-06-18,42.825,43.885,42.615,43.425,26551004.0
2019-06-19,43.7325,43.7825,43.14,43.28,21124235.0
2019-06-20,43.905,43.965,43.32,43.6775,21513988.0
2019-06-21,43.5125,44.025,43.35,43.5075,47800589.0
2019-06-24,43.4475,43.8525,43.355,43.4575,18220421.0
2019-06-25,43.42,43.6275,42.635,42.705,21070334.0
2019-06-26,43.255,44.06,43.15,43.7625,26067512.0
2019-06-27,43.885,44.205,43.705,43.7475,20899717.0
2019-06-28,43.4825,43.6875,43.075,43.2925,31110642.0
2019-07-01,44.605,44.935,43.975,44.2,27316739.0
2019-07-02,44.165,44.595,44.1525,44.495,16935217.0
2019-07-03,44.6325,44.9225,44.485,44.915,11362045.0
2019-07-05,44.65,45.0825,44.5375,44.87,17265518.0
2019-07-08,44.015,44.1625,43.415,43.8175,25338628.0
2019-07-09,43.6125,44.19,43.515,44.1225,20578015.0
2019-07-10,44.275,44.745,44.2025,44.62,17897138.0
2019-07-11,44.64,44.91,44.24,44.25,20191842.0
2019-07-12,44.425,44.8125,44.3625,44.6375,17595212.0
2019-07-15,44.835,45.28,44.8125,45.115,16947420.0
2019-07-16,44.96,45.34,44.6875,44.9375,16866816.0
2019-07-17,44.825,45.085,44.63,44.65,14107450.0
2019-07-18,44.8125,45.2825,44.7375,45.2275,18582161.0
2019-07-19,45.26,45.4375,44.4025,44.46,20929307.0
2019-07-22,44.725,45.62,44.715,45.6175,22277932.0
2019-07-23,45.9275,46.04,45.635,46.0225,18355210.0
2019-07-24,45.73,46.1,45.605,45.98,14991567.0
2019-07-25,46.035,46.1225,45.495,45.5675,13909562.0
2019-07-26,45.6825,46.245,45.5975,45.7475,17618874.0
2019-07-29,45.9275,46.4725,45.9225,46.2325,21673389.0
2019-07-30,46.0025,46.3525,45.64,46.0075,33935718.0
2019-07-31,47.9175,49.155,46.6375,47.0725,69281361.0
2019-08-01,47.2875,48.32,45.4975,45.92,54017922.0
2019-08-02,45.195,45.42,44.22,44.8175,40862122.0
2019-08-05,43.31,43.475,41.9575,42.1475,52392969.0
2019-08-06,42.89,43.33,42.3225,43.0625,35824787.0
2019-08-07,42.665,43.7025,42.2675,43.5725,33364400.0
2019-08-08,43.8625,44.695,43.66,44.67,27009523.0
2019-08-09,44.33,44.695,43.8275,44.2525,24619746.0
2019-08-12,43.91,44.5175,43.7925,44.125,22481889.0
2019-08-13,44.26,47.04,44.2125,46.2475,47539786.0
2019-08-14,44.795,45.615,44.6525,44.6925,36547443.0
2019-08-15,44.87,45.29,43.9225,44.44,27883363.0
2019-08-16,45.075,45.795,44.965,45.63,28813624.0
2019-08-19,46.66,47.1875,46.5125,46.5925,24431915.0
2019-08-20,46.725,47.3425,46.585,46.595,26919529.0
2019-08-21,47.2525,47.4175,46.905,47.165,21564747.0
2019-08-22,47.3025,47.615,46.6925,47.12,22267819.0
2019-08-23,46.3625,47.0175,44.255,44.665,46882843.0
2019-08-26,45.47,45.8025,45.27,45.6275,26066130.0
2019-08-27,45.97,46.1425,44.8875,45.045,25897344.0
2019-08-28,45.03,45.435,44.835,45.3875,15957632.0
2019-08-29,46.13,46.335,45.67,46.2575,21007652.0
2019-08-30,46.545,46.6175,45.805,46.19,21162561.0
2019-09-03,45.6125,45.75,45.06,45.43,20059574.0
2019-09-04,46.1025,46.375,45.835,46.3025,19216820.0
2019-09-05,47.005,47.4975,46.8825,47.325,23946984.0
2019-09-06,47.5175,47.61,47.1325,47.32,19362294.0
2019-09-09,47.715,48.115,46.7725,47.5475,27309401.0
2019-09-10,47.47,48.2,46.9325,48.18,31777931.0
2019-09-11,48.5225,49.9325,48.4375,49.9025,44289646.0
2019-09-12,50.205,50.61,49.72,49.7775,32226669.0
2019-09-13,49.005,49.2025,48.26,48.6925,39763296.0
2019-09-16,48.4375,49.0375,48.395,48.98,21158141.0
2019-09-17,48.995,49.21,48.785,49.18,18386468.0
2019-09-18,49.27,49.7175,48.865,49.6975,25643093.0
2019-09-19,49.5075,49.945,49.0975,49.245,22187876.0
2019-09-20,49.35,49.645,48.3725,48.4375,57977094.0
2019-09-23,48.7425,48.965,48.4175,48.685,19419648.0
2019-09-24,49.2625,49.6275,48.3025,48.425,31434367.0
2019-09-25,48.6425,49.38,48.29,49.2625,22481006.0
2019-09-26,49.005,49.24,48.7125,48.9775,19088312.0
2019-09-27,49.14,49.245,48.325,48.71,25361285.0
2019-09-30,49.23,50.15,49.2025,49.9975,26318583.0
2019-10-01,50.2725,51.06,50.055,50.1525,36187163.0
2019-10-02,49.77,49.9,48.4875,48.745,35767257.0
2019-10-03,48.6125,49.245,47.7875,49.21,30352686.0
2019-10-04,50.415,50.8775,49.9775,50.7575,34755553.0
2019-10-07,50.5725,51.4875,50.465,50.77,30889269.0
2019-10-08,50.46,51.02,50.0875,50.105,29282700.0
2019-10-09,50.7625,50.9525,50.415,50.7625,19029424.0
2019-10-10,50.9875,51.615,50.83,51.5275,28962984.0
2019-10-11,52.2425,53.415,52.0825,53.0575,41990210.0
2019-10-14,52.73,53.5375,52.6725,52.9725,24413484.0
2019-10-15,53.1025,53.4175,52.725,52.835,23040483.0
2019-10-16,52.3475,52.815,52.305,52.5975,19286694.0
2019-10-17,52.7775,53.0425,52.385,52.825,17272897.0
2019-10-18,52.6525,53.4,52.5775,53.1075,24377166.0
2019-10-21,53.385,54.2525,53.335,54.1325,22367483.0
2019-10-22,54.295,54.555,53.91,53.995,22684001.0
2019-10-23,54.53,54.815,54.31,54.8,19932545.0
2019-10-24,55.1325,55.205,54.4575,54.9,17916255.0
2019-10-25,54.795,55.6875,54.725,55.65,18369296.0
2019-10-28,55.86,56.3175,55.685,56.2675,24143241.0
2019-10-29,56.2475,56.4425,54.6475,54.8275,35709867.0
2019-10-30,55.195,55.33,54.3075,54.82,31130522.0
2019-10-31,55.815,56.2975,53.32,56.195,34790520.0
2019-11-01,56.39,57.9875,56.295,57.96,37781334.0
2019-11-04,58.3375,58.4675,57.85,58.38,25817952.0
2019-11-05,58.2675,58.5525,58.085,58.2875,19974427.0
2019-11-06,58.1975,58.3775,57.8475,58.315,18966124.0
2019-11-07,58.8825,59.285,58.725,59.055,23735083.0
2019-11-08,58.87,59.3075,58.41,59.2325,17520495.0
2019-11-11,58.7725,59.815,58.7675,59.7475,20507459.0
2019-11-12,59.585,59.895,59.4275,59.6875,21847226.0
2019-11-13,59.48,60.3925,59.465,60.315,25817593.0
2019-11-14,60.135,60.4175,59.7225,59.8575,22395556.0
2019-11-15,60.1175,60.6425,59.95,60.6375,25093666.0
2019-11-18,60.6475,61.055,60.255,60.9725,21700897.0
2019-11-19,61.1725,61.1975,60.545,60.77,19069597.0
2019-11-20,60.5825,60.7175,59.2975,59.995,26609919.0
2019-11-21,60.12,60.2,59.4925,59.7,30348778.0
2019-11-22,59.845,59.9925,59.4075,59.6425,16331263.0
2019-11-25,59.875,60.8075,59.8275,60.79,21029517.0
2019-11-26,60.9325,60.9875,59.8225,60.27,26334882.0
2019-11-27,60.5925,61.1925,60.525,61.1575,16386122.0
2019-11-29,60.8475,61.1975,60.6725,61.01,11654363.0
2019-12-02,61.015,61.26,60.06,60.2375,23693550.0
2019-12-03,58.775,59.08,58.27,59.06,29377268.0
2019-12-04,59.465,60.025,59.3675,59.6325,16810388.0
2019-12-05,60.145,60.67,59.88,60.5925,18661343.0
2019-12-06,61.0675,61.9475,61.0225,61.875,26547493.0
2019-12-09,61.6975,61.8975,60.425,60.9275,32182645.0
2019-12-10,61.3475,61.715,60.6625,61.3175,22632383.0
2019-12-11,61.4,61.9725,61.3225,61.89,19723391.0
2019-12-12,61.1425,62.3375,61.0275,62.0625,34437042.0
2019-12-13,62.0625,63.0225,61.93,62.985,33432806.0
2019-12-16,63.4475,64.395,63.4425,64.1625,32081105.0
2019-12-17,64.09,64.64,63.8975,64.3,28575798.0
2019-12-18,64.1475,64.6725,63.9775,64.1325,29024687.0
2019-12-19,64.0725,64.4925,63.935,64.2025,24626947.0
2019-12-20,64.755,64.86,63.8375,64.0575,69032743.0
2019-12-23,64.33,65.26,64.29,65.1975,24677883.0
2019-12-24,65.37,65.42,64.9275,65.265,12119714.0
2019-12-26,65.4025,66.6925,65.3725,66.675,23334004.0
2019-12-27,66.9775,67.69,66.2275,66.6475,36592936.0
2019-12-30,66.5625,67.37,65.5025,67.0775,36059614.0
2019-12-31,66.68,67.6175,66.5775,67.61,25247625.0
2020-01-02,68.2575,69.3475,67.995,69.285,33911864.0
2020-01-03,68.485,69.3425,68.3225,68.555,36633878.0
2020-01-06,67.645,69.1875,67.385,69.1475,29644644.0
2020-01-07,69.1575,69.4225,68.5675,68.795,27877655.0
2020-01-08,68.4875,70.3075,68.4875,69.995,33090946.0
2020-01-09,71.0075,71.805,70.7475,71.605,42621542.0
2020-01-10,71.8475,72.365,71.26,71.78,35217272.0
2020-01-13,72.1075,73.465,71.985,73.4375,30521722.0
2020-01-14,73.3725,73.59,72.24,72.3675,40653457.0
2020-01-15,72.16,73.0725,71.585,72.0325,30480882.0
2020-01-16,72.595,73.1225,72.22,73.0075,27207254.0
2020-01-17,73.265,73.8825,72.9475,73.88,34454117.0
2020-01-21,73.495,73.9525,73.1975,73.34,27710814.0
2020-01-22,73.8425,74.195,73.525,73.6225,25458115.0
2020-01-23,73.6775,74.0875,73.11,74.005,26117993.0
2020-01-24,74.26,75.03,73.5775,73.775,36634380.0
2020-01-27,71.7125,72.14,70.4175,71.435,40485005.0
2020-01-28,72.3475,73.7975,72.245,73.62,40558486.0
2020-01-29,75.31,76.16,74.5425,75.2825,54149928.0
2020-01-30,74.3325,75.22,73.885,75.165,31685808.0
2020-01-31,74.43,74.8675,71.27,71.575,49897096.0
2020-02-03,70.2725,72.57,69.7525,71.3625,43496401.0
2020-02-04,73.025,74.1075,72.605,73.91,34154134.0
2020-02-05,75.0775,75.3875,73.935,74.56,29706718.0
2020-02-06,74.84,75.5025,74.2625,75.5,26356385.0
2020-02-07,74.9825,75.24,73.89,74.3975,29421012.0
2020-02-10,72.935,74.7775,72.8525,74.7775,27337215.0
2020-02-11,75.29,75.365,74.0675,74.2925,23580780.0
2020-02-12,74.7575,76.195,74.7575,76.19,28432573.0
2020-02-13,75.4375,75.945,75.2275,75.6075,23686892.0
2020-02-14,75.575,75.885,75.1025,75.6275,20028447.0
2020-02-18,73.23,74.3275,73.0425,74.14,38190545.0
2020-02-19,74.39,75.5325,74.39,75.295,23495991.0
2020-02-20,75.0475,75.5525,73.9425,74.465,25141489.0
2020-02-21,74.045,74.5025,72.015,72.6525,32426415.0
2020-02-24,68.705,70.435,66.6975,68.935,55548828.0
2020-02-25,69.6275,70.0225,65.9225,66.41,57668364.0
2020-02-26,66.0225,68.86,66.015,67.5525,49678431.0
2020-02-27,64.665,65.89,62.63,62.77,80151381.0
2020-02-28,58.705,63.9925,58.4825,62.73,106721230.0
2020-03-02,64.96,69.75,63.82,69.0925,85349339.0
2020-03-03,70.3075,70.39,65.84,66.72,79868852.0
2020-03-04,68.5,70.24,67.6725,70.075,54794568.0
2020-03-05,68.27,69.2775,67.2425,67.62,46893219.0
2020-03-06,64.89,67.095,64.6975,66.6475,56544246.0
2020-03-09,60.3275,63.9125,60.14,60.9325,71686208.0
2020-03-10,63.675,66.0,61.7325,65.725,71322520.0
2020-03-11,63.7375,64.695,62.355,63.2475,64094970.0
2020-03-12,58.375,61.89,56.39,56.4475,104618517.0
2020-03-13,60.6125,64.37,57.6275,63.8825,92683032.0
2020-03-16,54.8775,59.16,54.39,54.9425,80605865.0
2020-03-17,56.2675,58.7925,53.99,57.605,81013965.0
2020-03-18,54.3325,56.89,53.67,56.0575,75058406.0
2020-03-19,56.2375,57.6,55.0425,55.585,67964255.0
2020-03-20,56.185,57.3475,51.39,51.7,100423346.0
2020-03-23,51.41,51.515,47.5425,50.4825,84188208.0
2020-03-24,53.48,56.3125,52.965,56.11,71882773.0
2020-03-25,57.0775,58.9525,55.465,55.77,75900510.0
2020-03-26,56.02,59.06,55.98,59.0,63140169.0
2020-03-27,57.5775,58.3575,56.1525,56.325,51054153.0
2020-03-30,57.075,58.27,56.74,58.0925,41994110.0
2020-03-31,58.29,60.0125,57.39,57.9625,49250501.0
2020-04-01,56.015,56.57,54.1725,54.6175,44054638.0
2020-04-02,54.475,55.6775,53.615,55.6225,41483493.0
2020-04-03,55.09,55.815,54.1325,54.7425,32470017.0
2020-04-06,57.115,60.1675,56.735,60.0075,50455071.0
2020-04-07,62.09,62.315,59.14,59.2475,50721831.0
2020-04-08,60.075,61.2325,59.6975,60.9075,42223821.0
2020-04-09,61.565,61.9075,60.565,61.3875,40529123.0
2020-04-13,61.4675,62.815,60.8475,62.7025,32755731.0
2020-04-14,64.39,66.4525,63.9025,66.1525,48748672.0
2020-04-15,64.99,65.9725,64.5475,65.4975,32788641.0
2020-04-16,66.235,66.44,64.9775,66.0625,39281290.0
2020-04-17,65.5625,66.1275,63.605,65.09,53812478.0
2020-04-20,63.8775,64.81,63.6025,63.6225,32503750.0
2020-04-21,63.46,63.7025,60.7475,61.4825,45247893.0
2020-04-22,62.7925,63.865,62.44,63.415,29264342.0
2020-04-23,63.3575,64.8275,63.1075,63.1475,31203582.0
2020-04-24,63.69,65.1425,63.64,65.1325,31627183.0
2020-04-27,64.84,65.525,64.3775,65.1825,29271893.0
2020-04-28,65.66,65.8475,63.94,64.035,28001187.0
2020-04-29,65.5725,66.8075,65.3625,66.3225,34320204.0
2020-04-30,66.88,68.0225,66.4775,67.84,45765968.0
2020-05-01,65.9525,69.14,65.8525,66.6575,60154175.0
2020-05-04,66.6825,67.8125,65.97,67.68,33391986.0
2020-05-05,68.155,69.64,68.005,68.78,36937795.0
2020-05-06,69.505,70.2,69.1075,69.5475,35583438.0
2020-05-07,70.195,70.6825,69.8825,70.325,28803764.0
2020-05-08,71.005,72.1825,70.6675,72.1275,33511985.0
2020-05-11,71.62,73.8575,71.405,73.3475,36486561.0
2020-05-12,74.0525,74.5175,72.3225,72.4475,40575263.0
2020-05-13,72.6325,73.5825,70.3975,71.5075,50155639.0
2020-05-14,70.7225,72.0425,69.9775,71.98,39732269.0
2020-05-15,69.6825,71.57,69.6475,71.5225,41587094.0
2020-05-18,72.8875,73.72,72.175,73.335,33843125.0
2020-05-19,73.3525,74.225,72.8475,72.88,25432385.0
2020-05-20,73.765,74.475,73.645,74.4025,27876215.0
2020-05-21,74.26,74.8175,73.5625,73.8075,25672211.0
2020-05-22,73.5375,74.4025,73.4325,74.3175,20450754.0
2020-05-26,75.47,75.655,73.72,73.7775,31380454.0
2020-05-27,73.63,74.2725,72.8675,74.1225,28236274.0
2020-05-28,73.7875,75.455,73.5025,74.1575,33449103.0
2020-05-29,74.4075,74.8825,73.7125,74.08,38399532.0
2020-06-01,74.0325,75.1825,73.8975,75.0575,20254653.0
2020-06-02,74.7825,75.455,74.3275,75.43,21910704.0
2020-06-03,75.76,76.145,75.17,75.875,26122804.0
2020-06-04,75.6925,76.0,74.79,75.175,21890091.0
2020-06-05,75.4325,77.5325,75.4025,77.47,34312550.0
2020-06-08,77.1575,77.995,76.425,77.96,23913634.0
2020-06-09,77.63,80.9975,77.5975,80.5925,36928091.0
2020-06-10,81.57,83.2875,81.1175,82.805,41662938.0
2020-06-11,81.9225,82.36,78.465,78.57,50415613.0
2020-06-12,80.775,81.545,78.15,79.295,50036513.0
2020-06-15,77.9075,81.015,77.74,80.3425,34702230.0
2020-06-16,82.46,82.895,80.775,82.615,41357182.0
2020-06-17,83.3825,83.445,82.3675,82.4925,28601626.0
2020-06-18,82.4475,82.9575,81.9,82.5275,24205096.0
2020-06-19,83.255,83.735,80.8825,82.025,66118952.0
2020-06-22,82.43,84.46,82.3825,84.3125,33861316.0
2020-06-23,85.595,87.69,85.1625,86.2275,53038869.0
2020-06-24,85.845,86.7925,84.225,84.61,48155849.0
2020-06-25,84.77,85.845,83.9875,85.805,34380628.0
2020-06-26,85.6975,85.925,82.85,83.0025,51314211.0
2020-06-29,82.9075,85.1375,82.415,85.04,32661519.0
2020-06-30,84.615,86.09,84.595,85.795,35055821.0
2020-07-01,85.875,86.435,85.5725,85.6225,27684309.0
2020-07-02,86.5575,87.2125,85.505,85.6225,28510367.0
2020-07-06,87.095,88.54,87.0625,88.0575,29663913.0
2020-07-07,88.4475,89.25,87.6525,87.7675,28106114.0
2020-07-08,88.775,89.97,88.685,89.9375,29272970.0
2020-07-09,90.8575,90.9125,89.2675,90.2775,31410652.0
2020-07-10,89.93,90.575,89.3,90.515,22564330.0
2020-07-13,91.86,94.55,89.8525,90.0725,47912285.0
2020-07-14,89.435,91.85,88.4725,91.6525,42747341.0
2020-07-15,93.585,93.8425,91.085,92.32,38299483.0
2020-07-16,91.1575,92.0,90.5,91.1175,27644418.0
2020-07-17,91.5825,91.7425,90.435,90.9225,23046725.0
2020-07-20,91.0125,93.095,90.6575,92.9525,22579477.0
2020-07-21,93.7675,93.845,91.3375,91.595,25911459.0
2020-07-22,91.2875,92.57,91.1975,91.8675,22250413.0
2020-07-23,91.5925,91.6725,86.605,87.44,49251108.0
2020-07-24,85.5825,87.565,83.74,87.21,46359716.0
2020-07-27,88.305,89.5,88.075,89.405,30303548.0
2020-07-28,88.9625,89.145,87.8425,87.8475,25906375.0
2020-07-29,88.345,89.825,88.3075,89.635,22582314.0
2020-07-30,88.7825,90.8925,88.3625,90.785,39532505.0
2020-07-31,97.48,101.01,95.42,100.855,93573867.0
2020-08-03,102.795,106.2325,102.4875,103.5325,77037847.0
2020-08-04,103.7275,105.385,102.9825,104.26,43198092.0
2020-08-05,103.9725,104.9875,103.4925,104.6575,30497988.0
2020-08-06,105.0,109.0075,104.3925,108.4975,50607225.0
2020-08-07,108.005,108.475,105.0925,105.9125,49511403.0
2020-08-10,107.4,108.575,104.8,107.5275,53100856.0
2020-08-11,106.77,107.2825,103.9075,104.175,46975594.0
2020-08-12,105.2975,108.075,105.0975,107.81,41486205.0
2020-08-13,109.23,110.8425,108.7275,109.81,52520516.0
2020-08-14,109.63,109.8,107.845,109.7075,41391302.0
2020-08-17,110.8625,110.8875,108.7625,109.4075,29890361.0
2020-08-18,109.1525,110.8,108.8075,110.3625,26408385.0
2020-08-19,110.7825,111.9625,110.41,110.5075,36384502.0
2020-08-20,110.55,113.1925,110.5325,113.075,31726797.0
2020-08-21,114.0625,119.6675,114.05,119.17,84513660.0
2020-08-24,123.4975,123.585,118.7375,120.6575,86484442.0
2020-08-25,119.4975,119.98,117.8525,119.625,52873947.0
2020-08-26,120.98,121.7925,119.8825,121.3225,40755567.0
2020-08-27,121.9425,122.285,118.6325,119.81,38888096.0
2020-08-28,120.8125,121.2425,119.3775,119.6075,46907479.0
2020-08-31,122.38,125.8,120.8,123.84,225702688.0
2020-09-01,127.56,129.6,125.33,128.98,152470142.0
2020-09-02,132.39,132.78,121.8,126.2,200118991.0
2020-09-03,121.71,123.64,115.3,115.68,257599640.0
2020-09-04,114.87,118.5,105.69,115.76,332607168.0
2020-09-08,108.75,113.79,107.48,107.62,231366563.0
2020-09-09,112.06,113.94,110.06,112.12,176940455.0
2020-09-10,115.16,115.3,107.3,108.29,182274391.0
2020-09-11,109.37,110.03,104.8,106.8,180860325.0
2020-09-14,109.52,110.73,107.6,110.16,140150087.0
2020-09-15,113.13,113.63,108.41,110.34,184642039.0
2020-09-16,110.03,110.8,106.84,106.93,155026675.0
2020-09-17,104.52,107.0,103.51,105.14,178010968.0
2020-09-18,105.2,105.68,100.89,101.64,287104880.0
2020-09-21,99.34,104.99,97.9,104.88,195713815.0
2020-09-22,107.48,107.66,103.96,106.61,183055373.0
2020-09-23,106.42,106.91,101.57,101.92,150718671.0
2020-09-24,99.97,105.05,99.8,103.02,167743349.0
2020-09-25,103.23,107.24,102.47,107.08,149981441.0
2020-09-28,109.81,110.12,107.58,109.76,137672403.0
2020-09-29,109.35,110.11,108.37,108.89,100060526.0
2020-09-30,108.59,112.06,108.42,110.61,142675184.0
2020-10-01,112.44,112.52,110.63,111.59,116120440.0
2020-10-02,107.69,110.17,107.02,107.82,144711986.0
2020-10-05,108.71,111.45,108.35,111.3,106243839.0
2020-10-06,110.5,110.92,107.05,107.96,161498212.0
2020-10-07,109.42,110.35,108.93,109.88,96848985.0
2020-10-08,111.05,111.2,109.39,109.77,83477153.0
2020-10-09,110.08,111.8,109.72,111.77,100506865.0
2020-10-12,114.86,119.98,114.08,119.2,240226769.0
2020-10-13,120.07,120.19,114.45,115.9,262330451.0
2020-10-14,115.8,117.83,114.42,115.99,151062308.0
2020-10-15,113.52,116.0,112.95,115.51,112559219.0
2020-10-16,116.08,116.35,113.61,113.82,115393808.0
2020-10-19,114.76,115.22,110.46,110.78,120639337.0
2020-10-20,111.0,113.78,110.43,112.31,124423728.0
2020-10-21,111.47,113.51,111.25,111.67,89945980.0
2020-10-22,112.25,112.84,109.39,110.55,101987954.0
2020-10-23,111.19,111.35,109.08,109.84,82572645.0
2020-10-26,108.81,111.35,107.68,109.85,111850657.0
2020-10-27,110.29,112.08,109.34,111.4,92276772.0
2020-10-28,109.85,110.23,105.9,106.0,143937823.0
2020-10-29,107.17,111.73,107.0,110.12,146129173.0
2020-10-30,105.86,106.79,102.52,103.66,190573476.0
2020-11-02,103.91,105.48,102.12,103.57,122866899.0
2020-11-03,104.46,106.29,103.53,105.24,107624448.0
2020-11-04,108.94,110.39,107.15,109.75,138235482.0
2020-11-05,112.75,114.42,111.67,113.83,126387074.0
2020-11-06,113.325,114.205,111.135,113.695,114457922.0
2020-11-09,115.505,116.995,111.055,111.325,154515315.0
2020-11-10,110.555,112.595,109.135,110.975,138023390.0
2020-11-11,112.195,114.635,111.445,114.495,112294954.0
2020-11-12,114.625,115.535,113.575,114.215,103350674.0
2020-11-13,114.445,114.675,112.875,114.265,81688586.0
2020-11-16,113.925,115.995,113.155,115.305,91183018.0
2020-11-17,114.555,115.675,113.965,114.395,74270973.0
2020-11-18,113.615,114.825,113.005,113.035,76322111.0
2020-11-19,112.595,114.065,111.815,113.645,74112972.0
2020-11-20,113.645,113.775,112.295,112.345,73604287.0
2020-11-23,112.185,112.625,108.755,108.855,127959318.0
2020-11-24,108.915,110.855,107.595,110.175,113874218.0
2020-11-25,110.555,111.755,110.175,111.035,76499234.0
2020-11-27,111.575,112.495,111.225,111.595,46691331.0
2020-11-30,111.975,115.975,111.815,114.055,169410176.0
2020-12-01,116.015,118.475,115.015,117.725,128166803.0
2020-12-02,117.025,118.375,115.895,118.085,89004195.0
2020-12-03,118.525,118.785,117.215,117.945,78967630.0
2020-12-04,117.605,117.865,116.525,117.255,78260421.0
2020-12-07,117.315,119.575,117.255,118.755,86711990.0
2020-12-08,119.375,119.985,118.095,119.385,82225512.0
2020-12-09,119.535,120.955,116.005,116.785,115089193.0
2020-12-10,115.505,118.875,115.155,118.245,81312170.0
2020-12-11,117.435,117.765,115.555,117.415,86939786.0
2020-12-14,117.605,118.355,116.545,116.785,79075988.0
2020-12-15,119.345,122.905,119.135,122.885,157572262.0
2020-12-16,122.415,123.375,121.565,122.815,98208591.0
2020-12-17,123.905,124.585,123.045,123.705,94359811.0
2020-12-18,123.965,124.105,121.125,121.665,192541496.0
2020-12-21,120.025,123.315,118.455,123.235,121251553.0
2020-12-22,126.615,129.415,124.655,126.885,169351825.0
2020-12-23,127.165,127.435,125.785,125.965,88223692.0
2020-12-24,126.325,128.465,126.105,126.975,54930064.0
2020-12-28,128.995,132.345,128.515,131.695,124486237.0
2020-12-29,133.055,133.795,129.345,129.875,121047324.0
2020-12-30,130.585,130.995,128.405,128.725,96452124.0
2020-12-31,129.085,129.745,126.725,127.695,99116586.0
2021-01-04,128.525,128.615,121.765,124.415,143224253.0
2021-01-05,123.895,126.745,123.435,126.015,97664898.0
2021-01-06,122.725,126.055,121.385,121.605,155087970.0
2021-01-07,123.365,126.635,122.865,125.925,109578157.0
2021-01-08,127.435,127.635,125.235,127.055,105158245.0
2021-01-11,124.195,125.175,123.505,123.985,100620880.0
2021-01-12,123.505,124.695,121.865,123.805,91951145.0
2021-01-13,123.765,126.455,123.495,125.895,88636831.0
2021-01-14,125.805,126.005,123.765,123.915,90221755.0
2021-01-15,123.785,125.225,122.005,122.145,111598531.0
2021-01-19,122.785,123.715,121.945,122.835,90757329.0
2021-01-20,123.665,127.495,123.555,127.035,104319489.0
2021-01-21,128.805,134.675,128.595,131.875,120529544.0
2021-01-22,131.285,134.855,130.025,134.075,114459360.0
2021-01-25,138.075,140.095,131.545,137.925,157611713.0
2021-01-26,138.605,139.305,136.375,138.165,98390555.0
2021-01-27,138.435,139.305,135.415,137.065,140843759.0
2021-01-28,134.525,136.995,131.705,132.095,142621128.0
2021-01-29,130.835,131.745,125.215,126.965,177523812.0
2021-02-01,128.755,130.385,125.935,129.145,106239823.0
2021-02-02,130.735,131.315,129.615,129.995,83305367.0
2021-02-03,130.765,130.775,128.615,128.945,89880937.0
2021-02-04,131.305,132.405,129.595,132.395,84183061.0
2021-02-05,132.56,132.63,131.07,131.97,75693830.0
2021-02-08,131.24,132.17,130.13,132.12,71297214.0
2021-02-09,131.83,133.09,131.06,131.22,76774213.0
2021-02-10,131.69,132.2,129.61,130.6,73046563.0
2021-02-11,131.11,131.6,128.98,130.34,64280029.0
2021-02-12,129.56,130.74,128.9,130.58,60145130.0
2021-02-16,130.7,131.22,128.0,128.4,80576316.0
2021-02-17,126.46,127.43,124.68,126.05,98085249.0
2021-02-18,124.41,125.21,122.62,124.92,96856748.0
2021-02-19,125.45,125.92,124.01,125.08,87668834.0
2021-02-22,123.22,124.93,120.81,121.21,103916419.0
2021-02-23,118.97,121.92,113.6,121.07,158273022.0
2021-02-24,120.15,120.77,117.44,120.56,111039904.0
2021-02-25,119.89,121.67,115.75,116.2,148199540.0
2021-02-26,117.8,120.06,116.41,116.47,164560394.0
2021-03-01,118.96,123.14,118.0,123.0,116307892.0
2021-03-02,123.62,123.93,120.22,120.33,102260945.0
2021-03-03,120.02,120.92,117.05,117.27,112966340.0
2021-03-04,116.96,118.81,113.83,115.34,178154975.0
2021-03-05,116.19,117.15,112.78,116.63,153766601.0
2021-03-08,116.14,116.21,111.42,111.57,154376610.0
2021-03-09,114.24,117.27,114.0,116.29,129525780.0
2021-03-10,116.9,117.38,114.66,115.19,111943326.0
2021-03-11,117.75,118.42,116.47,117.17,103026514.0
2021-03-12,115.61,116.38,114.37,116.24,88105050.0
2021-03-15,116.62,119.21,115.63,119.2,92590555.0
2021-03-16,120.91,122.43,119.93,120.78,115227936.0
2021-03-17,119.26,121.07,117.55,119.97,111932636.0
2021-03-18,118.09,118.39,115.53,115.74,121469755.0
2021-03-19,115.11,116.64,114.89,115.2,185549522.0
2021-03-22,115.54,119.08,115.47,118.6,111912284.0
2021-03-23,118.54,119.45,117.35,117.75,95467142.0
2021-03-24,118.03,118.11,115.28,115.3,88530485.0
2021-03-25,114.75,116.87,114.21,115.8,98844681.0
2021-03-26,115.56,116.69,114.13,116.42,94071234.0
2021-03-29,116.86,117.79,115.94,116.6,80819203.0
2021-03-30,115.32,115.61,114.07,115.11,85671919.0
2021-03-31,116.86,118.73,116.36,117.36,118323826.0
2021-04-01,118.87,119.39,117.7,118.21,75089134.0
2021-04-05,119.08,121.37,118.28,121.11,88651175.0
2021-04-06,121.71,122.34,120.86,121.42,80171253.0
2021-04-07,121.04,123.13,120.35,123.11,83466716.0
2021-04-08,124.16,125.6,123.73,125.57,88844591.0
2021-04-09,125.01,128.25,124.68,128.21,106686703.0
2021-04-12,127.73,128.06,125.84,126.45,91419983.0
2021-04-13,127.65,129.87,127.14,129.64,91266545.0
2021-04-14,130.15,130.21,126.87,127.24,87222782.0
2021-04-15,129.03,130.21,128.85,129.71,89347102.0
2021-04-16,129.51,129.88,128.49,129.37,84922386.0
2021-04-19,128.72,130.68,128.55,130.05,94264215.0
2021-04-20,130.23,130.74,127.02,128.32,94812349.0
2021-04-21,127.57,128.96,126.51,128.71,68847136.0
2021-04-22,128.25,129.36,126.62,127.15,84566456.0
2021-04-23,127.37,130.33,127.37,129.53,78756779.0
2021-04-26,130.04,130.27,128.77,129.93,66905069.0
2021-04-27,130.22,130.62,129.32,129.6,66015804.0
2021-04-28,129.52,130.23,128.29,128.79,107760097.0
2021-04-29,131.68,132.28,127.66,128.69,151100953.0
2021-04-30,126.99,128.77,126.28,126.67,109839466.0
2021-05-03,127.25,129.28,127.04,127.75,75135100.0
2021-05-04,126.4,126.7,121.91,123.06,137564718.0
2021-05-05,124.41,125.66,123.18,123.31,84000900.0
2021-05-06,123.1,124.96,122.34,124.95,78128334.0
2021-05-07,126.28,126.69,124.9,125.64,78973273.0
2021-05-10,124.84,124.97,122.24,122.28,88071229.0
2021-05-11,118.93,121.7,118.2,121.34,126142826.0
2021-05-12,118.83,120.07,117.68,118.2,112172282.0
2021-05-13,120.01,121.58,119.69,120.4,105861339.0
2021-05-14,121.68,123.32,121.28,122.88,81917951.0
2021-05-17,122.25,122.36,120.6,121.7,74244624.0
2021-05-18,121.99,122.42,120.21,120.28,63342929.0
2021-05-19,118.59,120.35,118.29,120.12,92611989.0
2021-05-20,120.66,123.15,120.53,122.74,76857123.0
2021-05-21,123.25,123.43,120.64,120.86,79295436.0
2021-05-24,121.44,123.37,121.37,122.53,63092945.0
2021-05-25,123.25,123.75,121.75,122.33,72009482.0
2021-05-26,122.39,122.82,121.85,122.28,56575920.0
2021-05-27,121.87,123.07,120.51,120.71,94625601.0
2021-05-28,121.0,121.23,119.98,120.04,71311109.0
2021-06-01,120.51,120.78,119.37,119.71,67637118.0
2021-06-02,119.71,120.67,119.48,120.49,59278862.0
2021-06-03,120.11,120.28,118.56,118.97,76229170.0
2021-06-04,119.5,121.59,119.28,121.32,75169343.0
2021-06-07,121.6,121.75,120.26,121.33,71057550.0
2021-06-08,122.03,123.89,121.64,122.17,74403774.0
2021-06-09,122.64,123.18,121.95,122.56,56877937.0
2021-06-10,122.45,123.62,121.37,121.54,71186421.0
2021-06-11,121.96,122.87,121.53,122.78,53522373.0
2021-06-14,123.25,125.97,122.5,125.91,96906490.0
2021-06-15,125.37,126.03,124.82,125.07,62746332.0
2021-06-16,125.8,126.32,123.89,125.58,91815026.0
2021-06-17,125.23,127.98,125.08,127.22,96721669.0
2021-06-18,126.14,126.94,125.67,125.89,108953309.0
2021-06-21,125.73,127.84,124.64,127.73,79663316.0
2021-06-22,127.56,129.51,127.05,129.41,74783618.0
2021-06-23,129.2,129.75,128.66,129.13,60214200.0
2021-06-24,129.88,130.07,128.36,128.84,68710998.0
2021-06-25,128.89,129.32,128.24,128.54,70783746.0
2021-06-28,128.84,130.68,128.78,130.21,62111303.0
2021-06-29,130.23,131.92,129.78,131.76,64556081.0
2021-06-30,131.6,132.84,131.3,132.39,63261393.0
2021-07-01,132.03,132.76,131.19,132.7,52485781.0
2021-07-02,133.33,135.43,133.18,135.39,78945572.0
2021-07-06,135.5,138.58,135.5,137.45,108181793.0
2021-07-07,138.97,140.32,138.09,140.0,104911589.0
2021-07-08,137.01,139.49,136.09,138.67,105575458.0
2021-07-09,138.18,141.08,138.08,140.54,99890800.0
2021-07-12,141.64,141.75,139.43,139.93,76299719.0
2021-07-13,139.46,142.89,139.06,141.07,100827099.0
2021-07-14,143.53,145.0,143.11,144.58,127050785.0
2021-07-15,144.67,145.43,142.52,143.91,106820297.0
2021-07-16,143.89,145.19,141.31,141.82,93251426.0
2021-07-19,139.18,139.5,137.1,137.88,121434571.0
2021-07-20,138.89,142.53,138.39,141.58,96350036.0
2021-07-21,140.96,141.56,140.06,140.83,74993460.0
2021-07-22,141.37,143.62,141.24,142.23,77338156.0
2021-07-23,142.98,144.15,142.35,143.99,71447416.0
2021-07-26,143.7,145.26,143.13,144.42,72434089.0
2021-07-27,144.55,144.64,140.98,142.2,104818578.0
2021-07-28,140.24,142.4,137.97,140.41,118931191.0
2021-07-29,140.12,141.98,140.01,141.07,56699475.0
2021-07-30,139.81,141.76,139.54,141.29,70440626.0
2021-08-02,141.79,142.38,140.68,140.95,62879961.0
2021-08-03,141.24,143.47,140.61,142.79,64786618.0
2021-08-04,142.7,143.22,141.71,142.38,56368271.0
2021-08-05,142.41,143.27,141.6,142.49,46397674.0
2021-08-06,142.0,142.76,141.28,141.79,54126813.0
2021-08-09,141.85,142.35,141.17,141.74,48908689.0
2021-08-10,142.09,143.36,140.95,141.25,69023081.0
2021-08-11,141.7,142.37,141.18,141.51,48493463.0
2021-08-12,141.84,144.7,141.49,144.54,73779113.0
2021-08-13,144.62,145.09,143.92,144.75,59375009.0
2021-08-16,144.19,146.84,142.12,146.77,103558782.0
2021-08-17,145.88,147.33,144.74,145.84,92229735.0
2021-08-18,145.45,146.37,141.8,142.01,86325990.0
2021-08-19,140.68,143.65,140.15,142.35,86960310.0
2021-08-20,143.09,144.15,142.43,143.84,60549630.0
2021-08-23,143.96,145.84,143.54,145.36,60131810.0
2021-08-24,145.1,146.51,144.8,145.27,48606428.0
2021-08-25,145.46,145.97,143.45,144.01,58991297.0
2021-08-26,144.0,144.77,143.16,143.19,48597195.0
2021-08-27,143.13,144.4,142.48,144.25,55802388.0
2021-08-30,144.65,149.14,144.26,148.77,90956723.0
2021-08-31,148.31,148.45,146.94,147.48,86453117.0
2021-09-01,148.48,150.63,147.99,148.16,80313711.0
2021-09-02,149.52,150.37,148.05,149.3,71171317.0
2021-09-03,149.41,150.28,148.74,149.95,57866066.0
2021-09-07,150.62,152.91,150.04,152.34,82278261.0
2021-09-08,152.63,152.69,149.62,150.76,74420207.0
2021-09-09,151.14,151.76,149.6,149.72,57305730.0
2021-09-10,150.65,151.13,144.35,144.62,140893235.0
2021-09-13,146.28,147.07,144.4,145.2,102404329.0
2021-09-14,146.0,146.72,142.56,143.77,109296295.0
2021-09-15,144.21,145.09,142.02,144.68,83281315.0
2021-09-16,144.09,144.62,142.87,144.44,68034149.0
2021-09-17,144.47,144.47,141.41,141.71,129868824.0
2021-09-20,139.45,140.49,136.92,138.59,123478863.0
2021-09-21,139.58,140.25,138.43,139.08,75833962.0
2021-09-22,140.1,142.08,139.35,141.5,76404341.0
2021-09-23,142.3,142.73,141.29,142.48,64838170.0
2021-09-24,141.31,143.12,141.21,142.57,53477869.0
2021-09-27,141.12,141.61,139.47,141.02,74150729.0
2021-09-28,138.9,140.4,137.34,137.56,108972340.0
2021-09-29,138.12,140.1,137.68,138.48,74602044.0
2021-09-30,139.31,140.03,136.93,137.15,89056664.0
2021-10-01,137.55,138.57,134.76,138.3,94639581.0
2021-10-04,137.41,137.86,133.92,134.79,98322008.0
2021-10-05,135.14,137.89,135.01,136.76,80861062.0
2021-10-06,135.12,137.8,134.02,137.65,83221119.0
2021-10-07,138.71,139.87,138.37,138.94,61732656.0
2021-10-08,139.68,139.83,138.21,138.55,58773155.0
2021-10-11,137.92,140.46,137.46,138.46,64452219.0
2021-10-12,138.88,138.9,136.69,137.16,73035859.0
2021-10-13,136.89,137.05,134.85,136.56,78762721.0
2021-10-14,137.76,139.53,137.16,139.41,69907100.0
2021-10-15,139.42,140.55,139.16,140.49,67940334.0
2021-10-18,139.09,142.49,138.81,142.2,85589175.0
2021-10-19,142.66,144.82,142.2,144.41,76378894.0
2021-10-20,144.35,145.4,143.77,144.91,58418788.0
2021-10-21,144.46,145.29,143.52,145.13,61420990.0
2021-10-22,145.34,145.83,144.29,144.34,58883443.0
2021-10-25,144.33,145.02,143.27,144.29,50720556.0
2021-10-26,144.98,146.49,144.66,144.97,60893395.0
2021-10-27,145.01,145.38,144.14,144.5,56094929.0
2021-10-28,145.47,148.81,145.37,148.22,100077888.0
2021-10-29,142.87,145.59,142.06,145.45,124953168.0
2021-11-01,144.64,145.35,143.45,144.61,74588258.0
2021-11-02,144.31,147.22,144.3,145.67,69121987.0
2021-11-03,146.04,147.62,145.47,147.14,54511534.0
2021-11-04,147.23,148.08,146.29,146.61,60394616.0
2021-11-05,147.76,148.07,145.93,147.15,65463883.0
2021-11-08,147.28,147.44,146.03,146.31,55020868.0
2021-11-09,146.07,147.3,145.93,146.68,56787930.0
2021-11-10,145.89,146.0,143.72,143.79,65187092.0
2021-11-11,144.83,145.3,143.55,143.74,40999950.0
2021-11-12,144.3,146.27,143.35,145.86,63804008.0
2021-11-15,146.24,147.75,145.3,145.87,59222803.0
2021-11-16,145.81,147.36,145.21,146.87,59256210.0
2021-11-17,146.87,150.87,146.86,149.36,88807000.0
2021-11-18,149.58,154.54,148.92,153.74,137827673.0
2021-11-19,153.52,156.89,152.4,156.42,117305597.0
2021-11-22,157.55,161.57,156.87,156.89,117467889.0
2021-11-23,156.99,157.67,154.93,157.28,96041899.0
2021-11-24,156.62,158.01,155.51,157.81,69463623.0
2021-11-26,155.44,156.32,152.23,152.68,76959752.0
2021-11-29,155.24,157.06,154.66,156.11,88748217.0
2021-11-30,155.86,161.39,155.79,161.17,174048056.0
2021-12-01,163.35,166.17,160.4,160.64,152423003.0
2021-12-02,154.61,160.07,153.67,159.63,136739174.0
2021-12-03,159.89,160.83,155.59,157.71,118023116.0
2021-12-06,160.16,163.75,160.15,161.19,107496982.0
2021-12-07,164.95,167.45,164.21,167.05,120405352.0
2021-12-08,168.0,171.83,166.57,170.95,116998901.0
2021-12-09,170.78,172.62,169.79,170.43,108923739.0
2021-12-10,171.08,175.5,170.56,175.32,115402731.0
2021-12-13,176.99,178.0,171.4,171.61,153237019.0
2021-12-14,171.12,173.61,168.08,170.2,139380382.0
2021-12-15,170.98,175.37,168.18,175.17,131063257.0
2021-12-16,175.15,177.01,166.62,168.13,150185843.0
2021-12-17,165.8,169.34,165.56,167.01,195923441.0
2021-12-20,164.15,166.45,163.33,165.62,107499114.0
2021-12-21,167.43,169.07,164.99,168.86,91185905.0
2021-12-22,168.91,171.73,168.02,171.51,92135303.0
2021-12-23,171.72,172.72,171.14,172.15,68356567.0
2021-12-27,172.96,176.29,172.94,176.2,74919582.0
2021-12-28,176.03,177.2,174.4,175.16,79144339.0
2021-12-29,175.2,176.5,174.01,175.25,62348931.0
2021-12-30,175.34,176.44,173.96,174.07,59773014.0
2021-12-31,173.96,175.1,173.13,173.44,64062261.0
2022-01-03,173.7,178.75,173.58,177.88,104701220.0
2022-01-04,178.5,178.81,174.99,175.57,99310438.0
2022-01-05,175.48,176.04,170.51,170.79,94537602.0
2022-01-06,168.57,171.17,167.51,167.87,96903955.0
2022-01-07,168.76,170.01,166.9,168.04,86709147.0
2022-01-10,164.95,168.37,164.04,168.06,106765552.0
2022-01-11,168.19,171.05,166.69,170.95,76138312.0
2022-01-12,171.99,173.05,170.69,171.4,74805173.0
2022-01-13,171.65,172.49,167.66,168.06,84505760.0
2022-01-14,167.23,169.65,166.96,168.94,80440780.0
2022-01-18,167.38,168.41,165.28,165.67,91168729.0
2022-01-19,165.87,166.95,161.81,162.1,94814990.0
2022-01-20,162.85,165.55,160.05,160.38,91420515.0
2022-01-21,160.29,162.2,158.17,158.28,122848858.0
2022-01-24,155.89,158.17,150.57,157.49,162706686.0
2022-01-25,154.85,158.63,152.89,155.65,115798367.0
2022-01-26,159.37,160.26,153.69,155.56,108275308.0
2022-01-27,158.32,159.71,154.15,155.09,121954638.0
2022-01-28,161.58,166.22,158.67,166.2,179935660.0
2022-01-31,166.03,170.87,165.38,170.65,115541590.0
2022-02-01,169.88,170.71,168.18,170.48,86213911.0
2022-02-02,170.62,171.75,169.2,171.71,84914256.0
2022-02-03,170.35,172.11,167.99,168.77,89418074.0
2022-02-04,167.77,170.19,166.77,168.48,82465400.0
2022-02-07,168.95,170.04,167.04,167.75,77251204.0
2022-02-08,167.82,171.44,167.52,170.92,74829217.0
2022-02-09,172.14,172.74,170.99,172.37,71285038.0
2022-02-10,170.23,171.57,167.64,168.21,90865899.0
2022-02-11,168.42,169.17,164.13,164.73,98670687.0
2022-02-14,163.46,165.67,162.65,164.97,86185530.0
2022-02-15,167.06,169.04,166.34,168.88,64286320.0
2022-02-16,167.94,169.43,166.14,168.64,61177398.0
2022-02-17,167.12,168.0,164.56,164.97,69589344.0
2022-02-18,165.91,166.63,162.28,163.39,82772674.0
2022-02-22,161.07,162.78,158.24,160.41,91162758.0
2022-02-23,161.63,162.24,155.84,156.16,90009247.0
2022-02-24,148.67,158.94,148.09,158.83,141147540.0
2022-02-25,159.93,161.21,156.96,160.94,91974222.0
2022-02-28,159.15,161.51,158.52,161.21,95056629.0
2022-03-01,160.79,162.69,158.06,159.29,83474425.0
2022-03-02,160.48,163.45,159.04,162.65,79724750.0
2022-03-03,164.56,165.0,161.64,162.32,76678441.0
2022-03-04,160.58,161.64,158.19,159.26,83819592.0
2022-03-07,159.45,161.11,155.13,155.39,96418845.0
2022-03-08,154.91,158.97,151.89,153.53,131148280.0
2022-03-09,157.56,159.5,155.5,159.04,91454905.0
2022-03-10,156.29,156.48,152.07,154.61,105342033.0
2022-03-11,155.02,155.37,150.59,150.82,96970102.0
2022-03-14,147.54,150.21,146.19,146.71,108732111.0
2022-03-15,146.99,151.66,146.47,151.18,92964302.0
2022-03-16,153.14,156.09,150.55,155.68,102300157.0
2022-03-17,154.7,157.09,153.72,156.71,75615376.0
2022-03-18,156.6,160.57,155.85,160.07,123511692.0
2022-03-21,159.6,162.44,159.1,161.47,95811352.0
2022-03-22,161.6,165.51,161.0,164.91,81532007.0
2022-03-23,164.08,168.73,163.74,166.3,98062674.0
2022-03-24,167.15,170.23,166.3,170.16,90131418.0
2022-03-25,169.97,171.37,168.84,170.81,80546156.0
2022-03-28,168.26,171.82,168.09,171.69,90371916.0
2022-03-29,172.78,175.1,172.43,175.05,100589440.0
2022-03-30,174.64,175.7,172.79,173.86,92633154.0
2022-03-31,173.93,174.12,170.49,170.7,103049285.0
2022-04-01,170.12,170.97,168.03,170.4,78751328.0
2022-04-04,170.66,174.58,170.53,174.53,76545983.0
2022-04-05,173.59,174.39,170.51,171.15,73401786.0
2022-04-06,168.45,169.72,166.22,167.92,89058782.0
2022-04-07,167.25,169.45,165.94,168.23,77594650.0
2022-04-08,167.87,167.87,165.29,166.18,76575508.0
2022-04-11,164.8,165.12,161.59,161.84,72246706.0
2022-04-12,164.11,165.96,162.73,163.75,79265181.0
2022-04-13,163.48,167.13,162.86,166.49,70618925.0
2022-04-14,166.71,167.36,161.13,161.38,75329376.0
2022-04-18,160.01,162.69,159.66,161.16,69023941.0
2022-04-19,161.11,163.91,160.0,163.49,67723833.0
2022-04-20,164.85,164.97,162.19,163.32,67929814.0
2022-04-21,165.0,167.62,162.0,162.51,87227768.0
2022-04-22,162.55,163.96,157.59,157.88,84882424.0
2022-04-25,157.21,159.26,154.55,158.97,96046376.0
2022-04-26,158.34,158.43,152.81,152.89,95623240.0
2022-04-27,152.0,155.88,151.47,152.66,88063191.0
2022-04-28,155.34,160.61,155.02,159.73,130216792.0
2022-04-29,157.93,162.29,153.34,153.74,131747571.0
2022-05-02,152.8,154.32,149.36,154.05,123055265.0
2022-05-03,154.24,156.8,152.41,155.57,88966526.0
2022-05-04,155.76,162.57,155.35,162.11,108256503.0
2022-05-05,159.94,160.17,151.04,152.86,130525275.0
2022-05-06,152.33,155.76,150.5,153.6,116124647.0
2022-05-09,151.25,152.15,147.81,148.38,131577921.0
2022-05-10,151.84,153.06,149.25,150.83,115366736.0
2022-05-11,149.82,151.77,142.13,142.82,142689825.0
2022-05-12,139.09,142.52,135.12,138.88,182602041.0
2022-05-13,140.91,144.42,139.43,143.43,113990852.0
2022-05-16,141.87,143.84,140.5,141.86,86643781.0
2022-05-17,145.18,146.09,143.0,145.56,78336254.0
2022-05-18,143.17,143.68,136.22,137.14,109742890.0
2022-05-19,136.2,137.98,132.92,133.67,136095640.0
2022-05-20,135.41,137.02,128.93,133.91,137426125.0
2022-05-23,134.11,139.58,133.97,139.43,117726265.0
2022-05-24,137.13,138.29,133.65,136.68,104132746.0
2022-05-25,134.75,138.11,134.66,136.84,92482696.0
2022-05-26,133.71,140.66,133.46,140.1,90601548.0
2022-05-27,141.71,146.0,141.58,145.96,90978503.0
2022-05-31,145.39,146.98,143.16,145.16,103718416.0
2022-06-01,146.22,148.06,144.0,145.03,74286635.0
2022-06-02,144.15,147.59,143.18,147.53,72348055.0
2022-06-03,143.22,144.29,140.78,141.7,88570289.0
2022-06-06,143.35,144.89,141.22,142.46,71598380.0
2022-06-07,140.67,145.32,140.42,145.03,67808150.0
2022-06-08,144.9,146.19,143.78,144.28,53950201.0
2022-06-09,143.4,144.27,138.85,138.96,69472976.0
2022-06-10,136.6,137.08,133.38,133.45,91566637.0
2022-06-13,129.19,131.52,127.76,128.2,122207099.0
2022-06-14,129.45,130.21,127.8,129.08,84784326.0
2022-06-15,130.61,133.66,128.48,131.75,91532972.0
2022-06-16,128.4,128.71,125.36,126.38,107961508.0
2022-06-17,126.39,129.4,126.13,127.88,134520290.0
2022-06-21,129.74,133.38,129.64,132.19,81000488.0
2022-06-22,131.11,134.08,130.23,131.67,73409234.0
2022-06-23,133.14,134.91,131.95,134.59,72433768.0
2022-06-24,136.22,138.23,136.09,137.98,89116837.0
2022-06-27,139.01,139.81,137.29,137.98,70207908.0
2022-06-28,138.45,139.74,133.64,133.76,67315328.0
2022-06-29,133.78,136.99,132.99,135.55,66242411.0
2022-06-30,133.57,134.69,130.09,133.04,98964467.0
2022-07-01,132.36,135.36,131.98,135.25,71051552.0
2022-07-05,134.09,137.93,133.25,137.88,73429641.0
2022-07-06,137.67,140.44,137.4,139.24,74064254.0
2022-07-07,139.61,142.87,139.6,142.67,66253709.0
2022-07-08,141.58,143.87,141.32,143.36,64547798.0
2022-07-11,141.99,142.96,140.1,141.19,63305113.0
2022-07-12,142.08,144.77,141.37,142.18,77588759.0
2022-07-13,139.31,142.77,138.44,141.81,71185560.0
2022-07-14,140.4,145.27,139.57,144.79,78140744.0
2022-07-15,146.1,147.18,144.52,146.49,76259931.0
2022-07-18,147.06,147.89,143.02,143.39,81420868.0
2022-07-19,144.24,147.55,143.23,147.32,82982367.0
2022-07-20,147.44,150.04,146.69,149.36,64823413.0
2022-07-21,150.82,151.89,148.26,151.67,65086636.0
2022-07-22,151.71,152.6,149.73,150.41,66675408.0
2022-07-25,150.33,151.36,148.6,149.27,53623945.0
2022-07-26,148.58,149.41,147.12,147.92,55138691.0
2022-07-27,148.9,153.65,148.48,153.11,78620688.0
2022-07-28,153.3,153.96,150.73,153.67,81378731.0
2022-07-29,157.56,159.95,155.82,158.83,101786860.0
2022-08-01,157.33,159.91,157.21,157.83,67829379.0
2022-08-02,156.42,158.73,155.95,156.33,59907025.0
2022-08-03,157.16,162.91,157.07,162.45,82507488.0
2022-08-04,162.33,163.51,160.75,162.13,55474144.0
2022-08-05,159.76,162.4,159.55,161.9,56696985.0
2022-08-08,162.92,164.36,160.75,161.42,60362338.0
2022-08-09,160.57,162.37,159.8,161.47,63135503.0
2022-08-10,164.23,165.89,163.45,165.79,70170540.0
2022-08-11,166.61,167.54,164.74,165.04,57149159.0
2022-08-12,166.37,168.72,165.95,168.65,68039382.0
2022-08-15,168.07,169.94,167.9,169.74,54091694.0
2022-08-16,169.33,170.26,168.21,169.58,56377050.0
2022-08-17,169.32,172.7,169.12,171.1,79542037.0
2022-08-18,170.3,171.45,169.67,170.7,62290075.0
2022-08-19,169.58,170.29,167.86,168.07,70346295.0
2022-08-22,166.24,166.41,163.69,164.12,69026809.0
2022-08-23,163.63,165.26,163.2,163.78,54147079.0
2022-08-24,163.87,164.66,162.8,164.08,53841524.0
2022-08-25,165.33,166.69,164.9,166.58,51218209.0
2022-08-26,167.12,167.6,160.11,160.17,78960980.0
2022-08-29,157.7,159.45,156.37,157.93,73313953.0
2022-08-30,158.68,159.11,154.27,155.46,77906197.0
2022-08-31,156.86,157.13,153.69,153.77,87991091.0
2022-09-01,153.19,154.97,151.22,154.51,74229896.0
2022-09-02,156.3,156.91,151.52,152.36,76957768.0
2022-09-06,153.02,153.64,150.24,151.08,73714843.0
2022-09-07,151.37,153.22,150.16,152.51,87449574.0
2022-09-08,151.19,152.91,149.23,151.01,84923847.0
2022-09-09,152.02,154.37,151.3,153.92,68081006.0
2022-09-12,156.14,160.81,155.85,159.98,104955962.0
2022-09-13,156.45,157.09,149.92,150.39,122656614.0
2022-09-14,151.34,153.65,150.16,151.86,87965409.0
2022-09-15,151.2,151.79,147.93,148.92,90481110.0
2022-09-16,147.76,147.9,144.92,147.25,162278841.0
2022-09-19,145.86,151.11,145.65,151.03,81474246.0
2022-09-20,149.95,154.63,149.63,153.45,107689796.0
2022-09-21,153.89,155.29,150.15,150.27,101696790.0
2022-09-22,148.93,151.02,147.46,149.29,86652542.0
2022-09-23,147.74,148.02,145.11,146.98,96029909.0
2022-09-26,146.21,150.32,146.19,147.32,93339409.0
2022-09-27,149.29,151.27,146.5,148.31,84442741.0
2022-09-28,144.19,147.19,141.39,146.39,146691387.0
2022-09-29,142.65,143.27,137.23,139.03,128138237.0
2022-09-30,137.83,139.65,134.55,134.75,124925274.0
2022-10-03,134.76,139.62,134.24,139.0,114311663.0
2022-10-04,141.58,142.77,140.81,142.65,87830064.0
2022-10-05,140.63,143.93,139.56,142.95,79470968.0
2022-10-06,142.36,144.09,141.77,141.98,68402169.0
2022-10-07,139.09,139.65,136.0,136.64,85925559.0
2022-10-10,136.97,138.44,135.12,136.97,74899002.0
2022-10-11,136.45,137.9,134.77,135.53,77033672.0
2022-10-12,135.68,136.91,134.71,134.89,70433744.0
2022-10-13,131.54,140.14,130.92,139.54,113223975.0
2022-10-14,140.86,141.07,134.74,134.93,88597969.0
2022-10-17,137.62,139.45,136.82,138.96,85250939.0
2022-10-18,142.04,143.25,137.16,140.3,99136610.0
2022-10-19,138.24,141.5,138.05,140.41,61758340.0
2022-10-20,139.57,142.44,139.2,139.94,64521989.0
2022-10-21,139.42,144.4,139.2,143.82,86548609.0
2022-10-24,143.74,146.78,142.55,146.0,75981918.0
2022-10-25,146.64,149.04,145.91,148.89,74732290.0
2022-10-26,147.51,148.54,144.59,145.9,88436172.0
2022-10-27,144.62,145.6,140.68,141.35,109180150.0
2022-10-28,144.75,154.05,144.37,152.29,164762371.0
2022-10-31,149.71,150.79,148.47,149.89,97943171.0
2022-11-01,151.63,152.0,145.68,147.2,80379345.0
2022-11-02,145.5,148.72,141.55,141.58,93604623.0
2022-11-03,138.61,139.35,135.3,135.43,97918516.0
2022-11-04,138.87,139.45,131.16,135.16,140814796.0
2022-11-07,133.89,135.93,132.45,135.7,83374628.0
2022-11-08,137.19,138.21,134.27,136.28,89908477.0
2022-11-09,135.28,135.33,131.37,131.65,74917794.0
2022-11-10,138.02,143.65,136.28,143.65,118854028.0
2022-11-11,142.6,146.79,141.15,146.48,93979665.0
2022-11-14,145.75,147.06,144.21,145.06,73374114.0
2022-11-15,149.0,150.37,145.34,146.82,89868332.0
2022-11-16,145.91,146.65,144.07,145.57,64218266.0
2022-11-17,143.21,148.26,142.93,147.5,80389400.0
2022-11-18,149.09,149.48,146.75,148.07,74829573.0
2022-11-21,146.94,147.15,144.5,144.79,58724070.0
2022-11-22,144.91,147.2,143.71,146.96,51804132.0
2022-11-23,146.23,148.61,146.12,147.85,58301395.0
2022-11-25,145.09,145.66,143.9,144.89,35195860.0
2022-11-28,141.92,143.42,140.16,141.0,69346522.0
2022-11-29,141.07,141.59,137.14,137.95,83763803.0
2022-11-30,138.18,145.5,137.33,144.81,111380880.0
2022-12-01,144.99,145.91,143.39,145.09,71250416.0
2022-12-02,142.74,144.78,142.43,144.59,65447446.0
2022-12-05,144.55,147.7,142.55,143.41,68826442.0
2022-12-06,143.86,144.08,138.7,139.69,64727186.0
2022-12-07,138.97,140.15,136.78,137.72,69721094.0
2022-12-08,139.14,140.3,137.88,139.43,62128338.0
2022-12-09,139.12,142.35,137.68,138.94,76097011.0
2022-12-12,139.48,141.28,137.84,141.27,70462654.0
2022-12-13,146.28,146.75,141.02,142.25,93886161.0
2022-12-14,142.13,143.44,137.94,139.99,82291182.0
2022-12-15,137.89,138.58,132.81,133.28,98931907.0
2022-12-16,133.47,134.43,130.51,131.29,160156900.0
2022-12-19,131.89,131.98,128.1,129.15,79592614.0
2022-12-20,128.17,130.03,126.67,129.08,77432819.0
2022-12-21,129.76,133.59,129.53,132.23,85927993.0
2022-12-22,131.13,131.34,127.08,129.01,77852108.0
2022-12-23,127.7,129.2,126.42,128.64,63814893.0
2022-12-27,128.16,128.19,125.5,126.81,69007830.0
2022-12-28,126.45,127.81,122.65,122.82,85438391.0
2022-12-29,124.77,127.26,124.51,126.39,75703710.0
2022-12-30,125.19,126.73,124.21,126.71,77034209.0
2023-01-03,127.06,127.68,120.95,121.85,112117471.0
2023-01-04,123.67,125.44,121.86,123.14,89113633.0
2023-01-05,123.91,124.55,121.54,121.8,80962708.0
2023-01-06,122.79,127.07,121.67,126.4,87754715.0
2023-01-09,127.25,130.19,126.67,126.93,70790813.0
2023-01-10,127.04,128.04,124.9,127.51,63896155.0
2023-01-11,128.03,130.29,127.24,130.27,69458949.0
2023-01-12,130.66,131.04,128.22,130.19,71379648.0
2023-01-13,128.81,131.7,128.44,131.54,57809719.0
2023-01-17,131.61,134.07,130.91,132.72,63646627.0
2023-01-18,133.6,135.39,131.81,131.99,69672800.0
2023-01-19,130.86,133.03,130.55,132.05,58280413.0
2023-01-20,132.06,134.8,131.0,134.65,80223626.0
2023-01-23,134.9,140.1,134.68,137.89,81760313.0
2023-01-24,137.09,139.94,137.08,139.31,66435142.0
2023-01-25,137.67,139.21,135.59,138.64,65799349.0
2023-01-26,139.95,141.03,138.68,140.74,54105068.0
2023-01-27,139.94,144.01,139.86,142.71,70555843.0
2023-01-30,141.74,142.33,139.63,139.78,64015274.0
2023-01-31,139.48,141.12,139.06,141.07,65874459.0
2023-02-01,140.75,143.39,138.1,142.21,77663633.0
2023-02-02,145.68,147.96,144.95,147.6,118338980.0
2023-02-03,144.81,154.16,144.61,151.28,154357337.0
2023-02-06,149.36,149.88,147.56,148.51,69858306.0
2023-02-07,147.42,152.01,147.42,151.43,83322551.0
2023-02-08,150.66,151.36,147.95,148.7,64120079.0
2023-02-09,150.56,151.11,147.2,147.65,56007143.0
2023-02-10,146.47,148.35,146.23,148.02,57450708.0
2023-02-13,147.96,151.27,147.93,150.86,62199013.0
2023-02-14,149.13,150.78,147.87,150.21,61707573.0
2023-02-15,150.12,152.51,149.89,152.34,65669252.0
2023-02-16,150.52,153.34,150.36,150.72,68167942.0
2023-02-17,149.36,150.01,147.86,149.56,59144118.0
2023-02-21,147.21,148.31,145.42,145.49,58867230.0
2023-02-22,145.88,146.96,144.17,145.92,51011305.0
2023-02-23,147.1,147.35,144.25,146.41,48394249.0
2023-02-24,144.12,144.2,142.73,143.72,55469606.0
2023-02-27,144.72,146.18,144.46,144.93,44998470.0
2023-02-28,144.06,146.09,143.84,144.42,50546998.0
2023-03-01,143.84,144.24,142.02,142.32,55478991.0
2023-03-02,141.39,143.72,140.91,142.92,52279761.0
2023-03-03,145.06,148.12,144.34,148.04,70732297.0
2023-03-06,150.8,153.31,150.47,150.84,87558028.0
2023-03-07,150.71,151.04,148.14,148.61,56182028.0
2023-03-08,149.82,150.48,148.84,149.88,47204791.0
2023-03-09,150.57,151.55,147.24,147.6,53833582.0
2023-03-10,147.22,147.95,144.62,145.51,68572400.0
2023-03-13,144.82,150.15,144.71,147.48,84457122.0
2023-03-14,148.29,150.41,147.11,149.6,73695893.0
2023-03-15,148.2,150.26,146.93,150.0,77167866.0
2023-03-16,149.17,153.47,148.65,152.86,76254419.0
2023-03-17,153.09,153.75,151.29,152.01,98944633.0
2023-03-20,152.08,154.83,151.16,154.41,73641415.0
2023-03-21,154.33,156.41,153.55,156.29,73938285.0
2023-03-22,156.31,159.15,154.82,154.84,75701811.0
2023-03-23,155.84,158.56,154.69,155.94,67622060.0
2023-03-24,155.87,157.35,154.86,157.26,59256343.0
2023-03-27,156.95,157.78,154.88,155.29,52390266.0
2023-03-28,154.98,155.5,152.99,154.66,45992152.0
2023-03-29,156.38,158.06,156.36,157.78,51305691.0
2023-03-30,158.54,159.48,158.28,159.37,49501689.0
2023-03-31,159.45,162.01,158.92,161.91,68749792.0
2023-04-03,161.28,163.3,161.23,163.18,56976187.0
2023-04-04,163.61,163.85,162.12,162.64,46278295.0
2023-04-05,161.75,162.06,158.81,160.77,51511744.0
2023-04-06,159.44,161.97,159.01,161.67,45390123.0
2023-04-10,158.43,159.04,157.09,159.04,47716882.0
2023-04-11,159.36,159.37,157.52,157.81,47644217.0
2023-04-12,158.23,159.07,156.79,157.11,50133062.0
2023-04-13,158.64,162.81,158.43,162.57,68445649.0
2023-04-14,161.6,163.33,160.83,162.22,49386480.0
2023-04-17,162.1,162.4,161.04,162.24,41516217.0
2023-04-18,163.11,164.42,162.66,163.48,49923008.0
2023-04-19,162.81,165.17,162.55,164.64,47720166.0
2023-04-20,163.1,164.88,162.57,163.66,52456377.0
2023-04-21,162.06,163.46,161.5,162.03,58337341.0
2023-04-24,162.01,162.61,160.9,162.34,41949581.0
2023-04-25,162.2,163.32,160.74,160.78,48714063.0
2023-04-26,160.07,162.29,159.81,160.77,45498796.0
2023-04-27,162.2,165.57,162.2,165.42,64902329.0
2023-04-28,165.5,166.86,164.89,166.69,55275851.0
2023-05-01,166.29,167.46,165.65,166.6,52472936.0
2023-05-02,167.1,167.36,164.55,165.55,48425696.0
2023-05-03,166.51,167.93,164.17,164.46,65136018.0
2023-05-04,161.9,164.05,161.32,162.8,81235427.0
2023-05-05,167.99,171.31,167.77,170.58,113453171.0
2023-05-08,169.49,170.86,169.12,170.51,55962793.0
2023-05-09,170.06,170.55,168.61,168.78,45326874.0
2023-05-10,170.03,171.04,168.91,170.57,53724501.0
2023-05-11,170.86,171.6,169.18,170.76,49514676.0
2023-05-12,170.87,171.31,168.25,169.82,45533138.0
2023-05-15,170.41,170.46,168.72,169.32,37266659.0
2023-05-16,169.24,170.39,169.05,169.32,42110293.0
2023-05-17,168.96,170.18,167.67,169.94,57951604.0
2023-05-18,170.25,172.49,169.83,172.3,65496657.0
2023-05-19,173.64,173.64,172.19,172.41,55809475.0
2023-05-22,171.23,171.96,170.7,171.45,43570932.0
2023-05-23,170.38,170.63,168.53,168.81,50747263.0
2023-05-24,168.34,169.67,167.77,169.09,45143488.0
2023-05-25,169.66,171.15,168.94,170.24,56058258.0
2023-05-26,170.57,173.02,170.36,172.68,54834975.0
2023-05-30,174.21,176.24,173.82,174.55,55964401.0
2023-05-31,174.58,176.6,174.01,174.5,99625288.0
2023-06-01,174.95,177.37,174.18,177.34,68901809.0
2023-06-02,178.28,179.03,176.51,178.2,61996913.0
2023-06-05,179.88,182.2,175.29,176.83,121946497.0
2023-06-06,177.22,177.37,174.68,176.46,64848374.0
2023-06-07,175.69,178.46,174.57,175.07,61944615.0
2023-06-08,175.15,178.09,174.71,177.82,50214881.0
2023-06-09,178.75,179.48,177.88,178.21,48899973.0
2023-06-12,178.52,181.14,178.22,181.04,54754995.0
2023-06-13,180.05,181.4,179.69,180.56,54929129.0
2023-06-14,180.62,181.64,179.27,181.2,57462882.0
2023-06-15,181.21,183.77,181.03,183.26,65433166.0
2023-06-16,183.98,184.24,181.52,182.17,101256225.0
2023-06-20,181.66,183.35,181.66,182.26,49799092.0
2023-06-21,182.15,182.66,179.84,181.21,49515697.0
2023-06-22,180.99,184.3,180.92,184.25,51245327.0
2023-06-23,182.8,184.81,182.26,183.93,53116996.0
2023-06-26,184.08,185.3,182.48,182.52,48088661.0
2023-06-27,183.14,185.64,182.92,185.31,50730846.0
2023-06-28,185.18,187.15,184.85,186.5,51216801.0
2023-06-29,186.33,187.32,186.19,186.84,46347308.0
2023-06-30,188.88,191.73,188.51,191.22,85213216.0
2023-07-03,191.03,191.13,189.01,189.71,31458200.0
2023-07-05,188.82,190.23,187.87,188.58,46920261.0
2023-07-06,187.09,189.27,186.45,189.06,45156009.0
2023-07-07,188.66,189.92,187.49,187.93,46814998.0
2023-07-10,186.51,187.24,184.29,185.86,59922163.0
2023-07-11,186.41,186.55,183.85,185.33,46638119.0
2023-07-12,186.93,188.95,185.72,187.02,60750248.0
2023-07-13,187.75,188.44,187.03,187.79,41342338.0
2023-07-14,187.48,188.43,186.88,187.94,41616242.0
2023-07-17,189.15,191.57,189.06,191.24,50520159.0
2023-07-18,190.6,191.58,189.67,190.98,48353774.0
2023-07-19,190.35,195.48,189.9,192.35,80507323.0
2023-07-20,192.34,193.72,189.75,190.38,59581196.0
2023-07-21,191.35,192.22,188.48,189.19,71951683.0
2023-07-24,190.66,192.16,189.5,190.0,45505097.0
2023-07-25,190.58,191.69,190.17,190.87,37283201.0
2023-07-26,190.92,192.89,190.57,191.75,47471868.0
2023-07-27,193.27,194.45,189.8,190.47,47460180.0
2023-07-28,191.92,193.88,191.39,193.08,48291443.0
2023-07-31,193.31,193.74,192.51,193.7,38824113.0
2023-08-01,193.49,193.98,192.53,192.86,35281426.0
2023-08-02,192.29,192.43,189.1,189.83,50389327.0
2023-08-03,188.82,189.62,187.94,188.42,62243282.0
2023-08-04,182.77,184.63,179.17,179.24,115956841.0
2023-08-07,179.38,180.38,174.6,176.1,97576069.0
2023-08-08,176.94,177.52,174.83,177.05,67823003.0
2023-08-09,178.12,178.18,174.26,175.44,60378492.0
2023-08-10,176.73,178.0,174.85,175.22,54686851.0
2023-08-11,174.81,176.11,174.04,175.28,52036672.0
2023-08-14,175.46,177.18,174.8,176.95,43675627.0
2023-08-15,176.37,176.97,174.54,174.94,43622593.0
2023-08-16,174.62,176.03,173.99,174.06,46964857.0
2023-08-17,174.63,175.0,170.97,171.49,66062882.0
2023-08-18,169.79,172.59,169.45,171.98,61172150.0
2023-08-21,172.56,173.62,171.23,173.33,46311879.0
2023-08-22,174.55,175.17,173.74,174.72,42084245.0
2023-08-23,176.01,179.04,175.82,178.61,52722752.0
2023-08-24,178.16,178.59,173.5,173.87,54945798.0
2023-08-25,174.87,176.64,173.31,176.1,51449594.0
2023-08-28,177.58,178.08,176.04,177.68,43820697.0
2023-08-29,177.19,182.39,176.99,181.61,53003948.0
2023-08-30,182.43,185.34,182.23,185.14,60813888.0
2023-08-31,185.33,186.61,184.97,185.36,60794467.0
2023-09-01,186.98,187.41,185.77,186.95,45766503.0
2023-09-05,185.77,187.47,185.1,187.19,45280027.0
2023-09-06,185.89,186.34,178.96,180.4,81755816.0
2023-09-07,172.67,175.7,171.03,175.05,112488803.0
2023-09-08,175.84,177.73,175.28,175.67,65602066.0
2023-09-11,177.56,177.79,174.83,176.85,58953052.0
2023-09-12,176.98,177.62,172.31,173.79,90370192.0
2023-09-13,174.0,174.79,171.47,171.7,84267928.0
2023-09-14,171.49,173.59,171.07,173.23,60895757.0
2023-09-15,173.97,173.99,171.31,172.5,109259461.0
2023-09-18,173.97,176.87,173.66,175.46,67257573.0
2023-09-19,175.01,177.12,174.62,176.56,51826941.0
2023-09-20,176.75,177.19,172.89,172.98,58436181.0
2023-09-21,172.04,173.79,171.35,171.42,63149116.0
2023-09-22,172.16,174.57,171.54,172.28,56725385.0
2023-09-25,171.69,174.46,171.64,173.57,46172740.0
2023-09-26,172.31,172.69,169.15,169.45,64588945.0
2023-09-27,170.11,170.53,166.54,167.92,66921808.0
2023-09-28,166.83,169.52,165.11,168.18,56294419.0
2023-09-29,169.51,170.56,167.83,168.7,51861083.0
2023-10-02,168.71,171.79,168.42,171.24,52164535.0
2023-10-03,169.75,171.12,168.31,169.89,49594613.0
2023-10-04,168.58,171.7,168.46,171.15,53020286.0
2023-10-05,171.28,172.94,170.17,172.4,48527918.0
2023-10-06,171.29,175.48,170.67,174.98,57266675.0
2023-10-09,174.3,176.54,173.29,176.48,42390772.0
2023-10-10,175.59,177.21,175.44,175.88,43698019.0
2023-10-11,175.69,177.34,175.09,177.29,47551098.0
2023-10-12,177.56,179.83,176.53,178.2,56743119.0
2023-10-13,178.91,179.42,175.63,176.34,51456082.0
2023-10-16,174.24,176.57,174.0,176.21,52516984.0
2023-10-17,174.14,175.91,172.29,174.64,57549350.0
2023-10-18,173.07,175.07,172.6,173.33,54764375.0
2023-10-19,173.53,175.33,172.68,172.95,59302863.0
2023-10-20,172.8,172.91,170.13,170.37,64244028.0
2023-10-23,168.4,171.5,167.42,170.49,55980108.0
2023-10-24,170.54,171.16,168.94,170.93,43816509.0
2023-10-25,169.37,170.55,168.14,168.59,57156955.0
2023-10-26,167.86,168.8675,163.16,164.38,70625251.0
2023-10-27,164.4,166.45,164.32,165.71,58499005.0
2023-10-30,166.51,168.66,166.36,167.78,51130941.0
2023-10-31,166.84,168.39,165.39,168.26,44845959.0
2023-11-01,168.49,171.72,167.61,171.46,56934745.0
2023-11-02,173.01,175.27,172.95,175.06,77334576.0
2023-11-03,171.73,174.31,170.84,174.14,79829245.0
2023-11-06,173.87,176.92,173.7,176.72,63840954.0
2023-11-07,176.67,179.93,176.46,179.31,70529898.0
2023-11-08,179.84,180.94,179.08,180.38,49340226.0
2023-11-09,180.45,181.61,179.3,179.9,53762757.0
2023-11-10,181.7,184.295,181.26,184.13,66177922.0
2023-11-13,183.55,183.76,181.94,182.53,43627292.0
2023-11-14,185.43,185.84,184.03,185.17,60108352.0
2023-11-15,185.575,187.23,185.51,185.74,53790272.0
2023-11-16,187.3,188.69,186.38,187.44,54412623.0
2023-11-17,187.98,188.11,186.3,187.42,50941404.0
2023-11-20,187.62,189.635,187.61,189.18,46538598.0
2023-11-21,189.14,189.25,187.47,188.37,38134485.0
2023-11-22,189.22,190.66,188.555,189.04,39630010.0
2023-11-24,188.6,188.63,186.98,187.7,23918892.0
2023-11-27,187.65,188.4,186.63,187.52,40552608.0
2023-11-28,187.51,188.81,187.13,188.13,38415419.0
2023-11-29,188.63,189.82,186.7,187.1,43014224.0
2023-11-30,187.57,188.05,185.92,187.68,48794365.0
2023-12-01,188.06,189.29,186.96,188.97,45704812.0
2023-12-04,187.71,187.78,185.1811,187.16,43389452.0
2023-12-05,187.94,192.13,187.91,191.15,66628301.0
2023-12-06,192.18,192.49,189.84,190.05,41089617.0
2023-12-07,191.36,192.73,191.32,192.0,47477600.0
2023-12-08,191.93,193.72,191.4,193.44,53406187.0
2023-12-11,190.84,191.22,189.15,190.91,60943541.0
2023-12-12,190.81,192.45,189.451,192.44,52696829.0
2023-12-13,192.82,195.73,192.58,195.69,70404177.0
2023-12-14,195.75,197.35,193.89,195.84,66831470.0
2023-12-15,195.26,196.1299,194.73,195.3,128538401.0
2023-12-18,193.82,194.36,192.12,193.62,55751758.0
2023-12-19,193.89,194.68,193.62,194.67,40713979.0
2023-12-20,194.63,195.41,192.56,192.56,52242815.0
2023-12-21,193.83,194.81,191.23,192.41,46482437.0
2023-12-22,192.91,193.14,190.7,191.33,37149566.0
2023-12-26,191.34,191.62,190.56,190.78,28919231.0
2023-12-27,190.22,191.23,188.82,190.88,48087675.0
2023-12-28,191.87,192.39,190.9,191.31,34049893.0
2023-12-29,191.63,192.13,189.455,190.26,42672148.0
2024-01-02,184.88,186.17,181.615,183.37,82488674.0
2024-01-03,181.95,183.61,181.16,181.98,58414447.0
2024-01-04,179.88,180.8172,178.61,179.64,71983557.0
2024-01-05,179.72,180.49,177.9,178.91,62379430.0
2024-01-08,179.815,183.33,179.23,183.29,59144244.0
2024-01-09,181.65,182.88,180.46,182.87,42841575.0
2024-01-10,182.08,184.13,181.65,183.92,46792902.0
2024-01-11,184.27,184.78,181.35,183.32,49128302.0
2024-01-12,183.79,184.47,182.92,183.65,40477750.0
2024-01-16,179.89,181.99,178.664,181.36,65602937.0
2024-01-17,179.0,180.66,178.03,180.41,47317405.0
2024-01-18,183.82,186.87,183.56,186.36,78005668.0
2024-01-19,187.06,189.68,186.55,189.29,68902893.0
2024-01-22,190.03,193.06,189.99,191.62,60133828.0
2024-01-23,192.75,193.48,191.5599,192.91,42355537.0
2024-01-24,193.15,194.11,192.07,192.23,53631306.0
2024-01-25,192.95,193.9975,190.8425,191.9,54822126.0
2024-01-26,192.0,192.49,189.67,190.15,44593815.0
2024-01-29,189.74,189.93,187.31,189.46,47145335.0
2024-01-30,188.67,189.53,185.2,185.77,55859113.0
2024-01-31,184.77,184.825,182.08,182.13,55467788.0
2024-02-01,181.715,184.68,181.55,184.59,64885308.0
2024-02-02,177.59,185.06,176.98,183.58,102551492.0
2024-02-05,185.88,186.98,183.57,185.41,69668790.0
2024-02-06,184.59,187.04,184.4995,187.03,43490752.0
2024-02-07,188.37,188.78,186.34,187.14,53438919.0
2024-02-08,187.115,187.265,185.08,186.05,40961800.0
2024-02-09,186.62,187.96,185.97,186.82,45155208.0
2024-02-12,186.385,186.64,184.76,185.12,41781918.0
2024-02-13,183.74,184.18,181.4828,183.01,56529210.0
2024-02-14,183.29,183.5,180.41,182.12,54630501.0
2024-02-15,181.52,182.46,179.32,181.83,65434476.0
2024-02-16,181.39,182.82,179.635,180.28,49752342.0
2024-02-20,179.76,180.4,177.97,179.53,53665461.0
2024-02-21,179.91,180.8588,178.63,180.29,41529506.0
2024-02-22,181.45,182.925,180.43,182.34,52292207.0
2024-02-23,182.98,183.01,180.2,180.49,45119612.0
2024-02-26,180.21,180.73,178.62,179.13,40867380.0
2024-02-27,179.07,181.8925,177.53,180.6,54318811.0
2024-02-28,180.48,181.09,178.1,179.39,48953923.0
2024-02-29,179.24,180.54,177.5,178.72,136682472.0
2024-03-01,177.52,178.5,175.35,177.63,73563079.0
2024-03-04,174.12,174.87,171.76,173.06,81509778.0
2024-03-05,168.73,170.01,167.59,168.09,95132254.0
2024-03-06,169.03,169.21,166.65,167.09,68587488.0
2024-03-07,167.12,168.7,166.46,166.97,71765061.0
2024-03-08,166.97,171.67,166.91,168.7,76266949.0
2024-03-11,170.91,172.35,170.02,170.72,60139468.0
2024-03-12,171.12,172.0,168.98,171.2,59824896.0
2024-03-13,170.74,171.155,168.73,169.1,52488383.0
2024-03-14,170.88,172.2778,170.02,170.97,72913285.0
2024-03-15,169.14,170.59,168.255,170.59,121752612.0
2024-03-18,173.54,175.68,171.49,171.69,75604154.0
2024-03-19,172.31,174.575,171.0,174.05,55215164.0
2024-03-20,173.69,176.64,173.06,176.64,53423022.0
2024-03-21,175.02,175.46,168.81,169.34,106181174.0
2024-03-22,169.73,171.02,168.03,170.25,71159977.0
2024-03-25,168.535,169.91,167.42,168.82,54288126.0
2024-03-26,167.97,169.39,167.55,167.68,57388243.0
2024-03-27,168.38,171.57,168.08,171.28,60273206.0
2024-03-28,169.72,170.2,168.48,169.45,65672690.0
2024-04-01,169.16,169.22,167.45,168.0,46240500.0
2024-04-02,167.05,167.31,166.2,166.81,49329481.0
2024-04-03,166.76,168.65,166.55,167.62,47691715.0
2024-04-04,168.26,169.89,166.79,166.79,53704386.0
2024-04-05,167.56,168.36,166.92,167.55,42104826.0
2024-04-08,167.0,167.17,166.21,166.42,37425513.0
2024-04-09,166.67,168.05,166.32,167.64,42451209.0
2024-04-10,166.77,167.06,165.08,165.75,49709336.0
2024-04-11,166.31,173.43,166.13,173.01,91070275.0
2024-04-12,172.23,176.33,172.18,174.52,101670886.0
2024-04-15,173.33,174.6,170.47,170.66,73531773.0
2024-04-16,169.72,171.73,166.24,167.35,73711235.0
2024-04-17,167.58,168.62,165.97,165.97,50901210.0
2024-04-18,166.0,166.61,164.52,165.01,43122903.0
2024-04-19,164.18,164.37,162.05,162.97,68149377.0
2024-04-22,163.49,165.23,162.74,163.81,48116443.0
2024-04-23,163.32,165.02,162.89,164.87,49537761.0
2024-04-24,164.51,167.27,164.18,166.99,48251835.0
2024-04-25,167.5,168.58,166.12,167.86,50558329.0
2024-04-26,167.85,169.31,167.15,167.27,44838354.0
2024-04-29,171.34,174.0,171.07,171.47,68169419.0
2024-04-30,171.3,172.96,167.97,168.3,65934776.0
2024-05-01,167.55,170.68,167.08,167.27,50383147.0
2024-05-02,170.48,171.39,168.86,171.0,94214915.0
2024-05-03,184.615,184.97,180.63,181.35,163223714.0
2024-05-06,180.324,182.17,178.39,179.68,78569574.0
2024-05-07,181.42,182.87,179.29,180.37,77305341.0
2024-05-08,180.82,181.04,179.42,180.71,45056899.0
2024-05-09,180.53,182.63,180.08,182.54,48981797.0
2024-05-10,183.12,183.31,180.35,181.27,50759495.0
2024-05-13,183.655,185.32,182.84,184.5,72044733.0
2024-05-14,185.73,186.52,184.51,185.65,52393609.0
2024-05-15,186.13,188.87,185.59,187.94,70399929.0
2024-05-16,188.69,189.315,187.8801,188.06,52845139.0
2024-05-17,187.73,189.03,187.4,188.09,41282905.0
2024-05-20,187.545,190.1399,187.23,189.26,44361266.0
2024-05-21,189.31,190.95,189.1401,190.57,42309399.0
2024-05-22,190.485,191.0431,188.49,189.12,34648342.0
2024-05-23,189.2,189.22,184.845,185.1,51005905.0
2024-05-24,187.04,188.8,186.2604,188.2,36326975.0
2024-05-28,189.73,191.22,187.32,188.21,52279828.0
2024-05-29,187.83,190.467,187.73,188.51,53068004.0
2024-05-30,188.98,190.4,188.85,189.51,49947924.0
2024-05-31,189.66,190.79,188.13,190.47,75158276.0
2024-06-03,191.12,193.21,190.74,192.25,50080442.0
2024-06-04,192.855,193.54,191.2542,192.57,47471127.0
2024-06-05,193.62,195.12,193.09,194.09,54156781.0
2024-06-06,193.905,194.72,192.39,192.7,41181752.0
2024-06-07,192.87,195.16,192.36,195.11,53103885.0
2024-06-10,195.12,195.52,190.37,191.34,97262011.0
2024-06-11,191.87,205.38,191.85,205.37,172373286.0
2024-06-12,205.59,218.42,205.12,211.29,198134281.0
2024-06-13,212.96,214.97,209.82,212.46,97862406.0
2024-06-14,212.07,213.39,209.52,210.71,70122699.0
2024-06-17,211.59,217.17,210.94,214.89,93728290.0
2024-06-18,215.81,216.85,211.22,212.51,79943203.0
2024-06-20,212.15,212.46,207.07,207.9,86172434.0
2024-06-21,208.61,210.11,205.33,205.71,246421144.0
2024-06-24,205.94,210.92,204.81,206.36,80726994.0
2024-06-25,207.37,209.6,206.83,207.29,56713839.0
2024-06-26,209.72,213.08,208.86,211.47,66212994.0
2024-06-27,212.91,213.9595,210.57,212.32,49772706.0
2024-06-28,213.99,214.29,208.52,208.84,82542718.0
2024-07-01,210.31,215.73,210.14,214.97,60402663.0
2024-07-02,214.37,218.6,213.32,218.49,58045870.0
2024-07-03,218.22,219.77,217.25,219.77,37124249.0
2024-07-05,219.87,224.67,219.87,224.56,60412394.0
2024-07-08,225.31,226.07,221.47,226.04,59085858.0
2024-07-09,226.15,227.62,224.5921,226.9,48169810.0
2024-07-10,227.52,231.3,227.47,231.2,62627506.0
2024-07-11,229.61,230.61,223.99,225.79,64710562.0
2024-07-12,227.14,230.86,226.9,228.76,53046495.0
2024-07-15,234.7,235.45,231.31,232.62,62631251.0
2024-07-16,233.22,234.49,230.55,233.04,43234040.0
2024-07-17,227.67,229.6799,224.86,227.1,57345884.0
2024-07-18,228.5,228.66,220.49,222.4,66034513.0
2024-07-19,223.04,225.02,221.495,222.53,49151450.0
2024-07-22,225.23,226.0,221.31,222.18,48201644.0
2024-07-23,222.585,225.16,220.9,223.23,39960256.0
2024-07-24,222.22,223.02,215.35,216.76,61777333.0
2024-07-25,217.15,219.07,212.84,215.71,51390839.0
2024-07-26,216.92,217.71,214.23,216.18,41601145.0
2024-07-29,215.18,217.52,213.97,216.46,36311778.0
2024-07-30,217.41,218.545,214.34,217.02,41643559.0
2024-07-31,219.66,222.04,218.85,220.3,50036262.0
2024-08-01,222.59,222.7,215.24,216.58,62500976.0
2024-08-02,217.37,223.82,215.93,218.08,105568452.0
2024-08-05,197.31,211.72,194.22,207.49,119548525.0
2024-08-06,203.52,208.21,199.29,205.45,69660455.0
2024-08-07,205.12,211.86,204.61,208.04,63516009.0
2024-08-08,211.33,212.42,207.05,211.53,47161022.0
2024-08-09,210.32,215.0,210.19,214.46,42201622.0
2024-08-12,214.54,217.9799,214.07,216.0,38028092.0
2024-08-13,217.48,220.36,217.48,219.74,44155331.0
2024-08-14,219.04,221.5,218.17,220.19,41960574.0
2024-08-15,223.07,223.82,221.23,223.19,46413923.0
2024-08-16,222.39,225.2971,222.1201,224.52,44340011.0
2024-08-19,224.19,224.46,221.51,224.36,40687787.0
2024-08-20,224.24,225.64,223.92,224.98,30298722.0
2024-08-21,224.99,226.45,223.52,224.87,34765326.0
2024-08-22,226.26,226.81,222.37,223.0,43695246.0
2024-08-23,224.1289,226.69,222.8,225.31,38677245.0
2024-08-26,225.23,225.75,222.3605,225.65,30602162.0
2024-08-27,224.465,227.32,223.36,226.5,35934550.0
2024-08-28,226.39,228.33,224.15,224.96,38052009.0
2024-08-29,228.57,231.39,227.35,228.26,51906147.0
2024-08-30,228.66,228.87,225.95,227.47,52990754.0
2024-09-03,227.02,227.47,219.64,221.24,50190496.0
2024-09-04,220.13,220.25,215.95,219.32,43840185.0
2024-09-05,220.095,223.95,219.99,220.85,36615398.0
2024-09-06,222.42,223.71,218.24,219.29,48422989.0
2024-09-09,219.29,219.74,215.18,219.38,67179964.0
2024-09-10,217.39,219.95,215.2,218.58,51590919.0
2024-09-11,219.925,221.56,216.36,221.13,44587072.0
2024-09-12,220.97,222.02,218.29,221.24,37498225.0
2024-09-13,222.05,222.51,220.38,220.97,36766529.0
2024-09-16,215.01,215.69,212.39,214.79,59357427.0
2024-09-17,214.22,215.37,212.97,215.26,45519339.0
2024-09-18,216.02,221.18,216.01,219.16,59894927.0
2024-09-19,223.46,228.29,223.1,227.34,66781310.0
2024-09-20,228.44,231.56,226.09,226.67,318679842.0
2024-09-23,225.81,227.92,224.28,224.94,54145958.0
2024-09-24,227.115,227.82,224.2,225.84,43556024.0
2024-09-25,223.4,225.76,222.49,224.84,42308665.0
2024-09-26,225.77,226.97,223.88,225.99,36636697.0
2024-09-27,226.93,227.99,225.77,226.26,34025897.0
2024-09-30,228.51,231.47,228.12,231.47,54793382.0
2024-10-01,227.99,228.12,222.21,224.68,63284925.0
2024-10-02,224.36,225.84,221.49,225.25,32880300.0
2024-10-03,223.61,225.275,221.79,224.14,34044127.0
2024-10-04,226.37,226.47,222.6,225.27,37345068.0
2024-10-07,222.97,224.16,219.8,220.16,39505338.0
2024-10-08,222.77,224.45,221.72,224.24,31855693.0
2024-10-09,223.7,228.22,223.3,228.01,33590963.0
2024-10-10,226.25,227.97,225.64,227.51,28183544.0
2024-10-11,227.77,227.88,225.81,226.02,31759187.0
2024-10-14,227.17,230.2,227.07,229.77,39881968.0
2024-10-15,232.08,235.96,230.84,232.32,64751367.0
2024-10-16,230.07,230.59,228.31,230.25,34082213.0
2024-10-17,231.9,232.32,228.99,230.62,32993610.0
2024-10-18,234.65,234.65,232.48,233.47,46431468.0
2024-10-21,232.92,235.32,232.92,234.95,36254409.0
2024-10-22,232.355,234.69,231.07,234.33,38846363.0
2024-10-23,232.55,233.614,226.23,229.23,52286739.0
2024-10-24,228.45,229.29,226.88,229.04,31109443.0
2024-10-25,228.21,231.69,228.04,229.88,38801850.0
2024-10-28,231.79,233.2,231.02,231.87,36086980.0
2024-10-29,231.57,232.795,230.79,232.14,35417159.0
2024-10-30,231.08,231.94,228.02,228.57,47070907.0
2024-10-31,227.81,228.3,223.84,224.38,64370085.0
2024-11-01,219.435,223.82,218.74,221.38,65276720.0
2024-11-04,219.46,221.26,218.18,220.48,44944242.0
2024-11-05,220.265,222.42,219.61,221.92,28111331.0
2024-11-06,221.08,224.535,219.66,221.19,54561121.0
2024-11-07,223.095,226.345,223.04,225.95,42137616.0
2024-11-08,225.89,227.38,225.125,225.68,38328770.0
2024-11-11,223.97,224.67,220.47,223.2,42005304.0
2024-11-12,223.52,224.56,222.325,223.2,40398181.0
2024-11-13,222.98,225.62,221.73,224.09,48566217.0
2024-11-14,223.99,227.84,223.97,227.19,44923426.0
2024-11-15,225.37,225.89,223.24,223.97,47923639.0
2024-11-18,224.22,228.71,224.14,226.99,44685799.0
2024-11-19,225.95,229.13,225.63,227.25,36211357.0
2024-11-20,227.03,228.9,224.86,227.97,35169566.0
2024-11-21,227.85,229.125,224.6803,227.49,42108253.0
2024-11-22,227.03,229.6899,227.03,228.84,38167924.0
2024-11-25,230.43,232.215,228.71,231.84,90152830.0
2024-11-26,232.3,234.54,232.3,234.03,45986189.0
2024-11-27,233.435,234.66,232.7801,233.9,33498051.0
2024-11-29,233.775,236.78,232.94,236.3,28234830.0
2024-12-02,236.24,239.76,236.13,238.56,48136919.0
2024-12-03,238.78,241.73,237.87,241.62,38860816.0
2024-12-04,241.84,243.08,240.22,241.98,44383930.0
2024-12-05,242.96,243.51,241.1,242.01,40033859.0
2024-12-06,241.875,243.6,241.05,241.81,36870617.0
2024-12-09,240.8,246.21,240.72,245.72,44649231.0
2024-12-10,245.86,247.18,244.31,246.74,36914707.0
2024-12-11,246.93,249.77,245.2301,245.46,45205620.0
2024-12-12,245.86,247.71,244.65,246.93,32777525.0
2024-12-13,246.785,248.2602,245.21,247.1,33155207.0
2024-12-16,246.96,250.35,246.62,250.01,51694654.0
2024-12-17,249.05,252.8,248.75,252.45,51356319.0
2024-12-18,251.13,253.25,246.71,247.02,56774097.0
2024-12-19,246.47,250.97,246.0649,248.76,60882204.0
2024-12-20,247.01,253.97,244.66,253.46,147495266.0
2024-12-23,253.74,254.62,252.42,254.24,40858774.0
2024-12-24,254.46,257.18,254.26,257.17,20968585.0
2024-12-26,257.16,259.07,256.6,257.99,27262774.0
2024-12-27,256.8,257.67,252.03,254.56,42355256.0
2024-12-30,251.2,252.47,249.72,251.17,35557542.0
2024-12-31,251.41,252.25,248.4,249.39,39480442.0
2025-01-02,247.9,248.07,240.7901,242.82,55740727.0
2025-01-03,242.33,243.15,240.86,242.33,40244098.0
2025-01-06,243.28,246.3,242.17,243.97,45045570.0
2025-01-07,241.95,244.52,240.32,241.18,40855888.0
2025-01-08,240.89,242.6823,239.02,241.67,37628938.0
2025-01-10,238.98,239.13,231.97,235.82,61710839.0
2025-01-13,232.5,233.64,228.69,233.37,49630589.0
2025-01-14,233.72,235.09,231.442,232.25,39435194.0
2025-01-15,233.605,237.93,233.4,236.84,39831968.0
2025-01-16,236.32,236.98,227.0,227.23,71758956.0
2025-01-17,231.085,231.26,227.45,228.95,68488066.0
2025-01-21,222.97,223.39,218.35,221.61,98070285.0
2025-01-22,218.76,223.09,218.76,222.8,64126500.0
2025-01-23,223.71,226.0,221.27,222.63,60234680.0
2025-01-24,223.75,224.6,220.38,221.75,54697821.0
2025-01-27,222.99,231.12,222.95,228.83,94863311.0
2025-01-28,229.82,239.16,229.78,237.23,75707549.0
2025-01-29,233.09,238.825,232.98,238.33,45486094.0
2025-01-30,237.635,239.76,236.18,236.56,55658036.0
2025-01-31,246.16,246.16,232.41,234.97,101075110.0
2025-02-03,228.96,230.8,224.67,226.98,73063240.0
2025-02-04,226.22,232.1,225.62,231.77,45067234.0
2025-02-05,227.5,231.64,227.24,231.44,39664953.0
2025-02-06,230.255,232.77,229.395,232.19,29924943.0
2025-02-07,231.57,232.97,226.23,226.6,39707148.0
2025-02-10,228.79,229.805,226.42,226.87,33115573.0
2025-02-11,227.42,234.45,227.35,231.84,53717894.0
2025-02-12,230.42,236.18,229.9,236.09,45242936.0
2025-02-13,236.13,241.5599,234.79,240.75,53614052.0
2025-02-14,240.47,244.77,240.21,243.82,40896125.0
2025-02-18,243.37,244.4,241.06,243.69,48822355.0
2025-02-19,243.88,245.23,242.3804,244.09,32204015.0
2025-02-20,244.16,246.0,243.51,245.05,32316907.0
2025-02-21,245.17,247.91,244.44,244.77,53197360.0
2025-02-24,244.145,248.08,243.64,246.32,51326021.0
2025-02-25,247.22,249.22,244.13,246.26,48013196.0
2025-02-26,243.55,244.2,238.35,239.58,44433359.0
2025-02-27,238.63,241.68,236.28,236.52,41153349.0
2025-02-28,236.17,241.31,229.42,241.06,56833310.0
2025-03-03,241.01,243.2472,235.332,237.25,47183985.0
2025-03-04,236.925,239.29,233.9,235.15,53797735.0
2025-03-05,234.64,235.77,228.45,234.96,47227643.0
2025-03-06,233.655,237.08,232.3781,234.55,45170419.0
2025-03-07,234.325,240.59,233.98,238.29,46273564.0
2025-03-10,234.76,235.38,223.44,226.7,72070924.0
2025-03-11,223.025,225.0599,216.67,220.06,76137395.0
2025-03-12,219.36,220.97,214.13,216.2,62546947.0
2025-03-13,215.17,216.0594,207.64,208.9,61368329.0
2025-03-14,210.47,213.17,208.8,212.71,60107524.0
2025-03-17,212.53,214.44,209.19,213.22,48073426.0
2025-03-18,213.38,214.37,210.71,211.91,42432426.0
2025-03-19,213.44,217.98,212.97,214.46,54385154.0
2025-03-20,213.21,216.7099,211.44,213.32,48862686.0
2025-03-21,210.78,218.06,210.5,217.49,94127168.0
2025-03-24,220.22,220.7,217.8,219.95,44299481.0
2025-03-25,219.99,223.32,219.3,222.97,34493551.0
2025-03-26,222.73,224.24,219.69,220.75,34532656.0
2025-03-27,220.61,224.21,219.7801,223.07,37094774.0
2025-03-28,220.89,223.03,216.9,217.12,39818617.0
2025-03-31,216.225,224.84,215.45,221.35,65299321.0
2025-04-01,219.025,222.9,218.12,222.41,36412484.0
2025-04-02,220.535,224.41,220.24,223.11,35905778.0
2025-04-03,204.76,206.71,200.47,202.41,103418657.0
2025-04-04,193.11,199.1,186.56,187.6,125910308.0
2025-04-07,176.42,193.37,173.84,180.68,160466254.0
2025-04-08,185.92,189.555,168.4301,171.64,120859488.0
2025-04-09,171.17,199.83,171.11,198.07,184395885.0
2025-04-10,188.285,193.9999,182.22,189.64,121879825.0
2025-04-11,185.32,198.76,185.28,197.37,87435811.0
2025-04-14,210.66,212.16,200.3821,201.74,101352816.0
2025-04-15,201.075,202.73,199.02,201.36,51343832.0
2025-04-16,197.58,199.92,191.59,193.49,59732310.0
2025-04-17,196.42,198.0535,193.64,196.2,52164583.0
2025-04-21,192.485,193.02,189.0312,192.38,46742537.0
2025-04-22,195.34,200.81,195.19,198.96,52975852.0
2025-04-23,205.22,207.22,202.019,203.82,52929145.0
2025-04-24,204.11,208.0499,202.16,207.59,47310928.0
2025-04-25,205.585,208.97,205.42,208.5,38222233.0
2025-04-28,209.22,210.72,206.68,209.36,38742989.0
2025-04-29,207.913,211.46,207.59,210.43,36827481.0
2025-04-30,208.52,212.8,205.8905,211.72,52286229.0
2025-05-01,208.3,213.78,208.12,212.54,57365674.0
2025-05-02,205.31,206.21,201.38,204.57,101010494.0
2025-05-05,202.32,203.32,197.43,198.11,69018393.0
2025-05-06,197.43,199.87,196.24,197.73,51216428.0
2025-05-07,198.39,198.66,192.47,195.47,68616943.0
2025-05-08,196.94,199.27,193.8996,196.71,50478522.0
2025-05-09,198.22,199.7599,196.755,197.75,36453822.0
2025-05-12,210.45,210.7479,206.23,210.27,63775814.0
2025-05-13,209.91,212.88,208.48,212.41,51909319.0
2025-05-14,211.91,213.42,210.0601,211.81,49325595.0
2025-05-15,210.43,212.44,209.02,210.93,45029441.0
2025-05-16,211.84,212.05,209.25,210.74,54737779.0
2025-05-19,207.39,208.96,203.74,208.26,46140474.0
2025-05-20,207.15,207.95,204.51,206.34,42496414.0
2025-05-21,204.65,206.52,200.19,201.57,59211623.0
2025-05-22,200.19,202.23,199.18,200.84,46742407.0
2025-05-23,193.145,197.18,192.94,194.75,78432849.0
2025-05-27,197.78,200.22,196.91,199.69,56288417.0
2025-05-28,200.07,202.21,199.38,199.9,45339533.0
2025-05-29,203.055,203.29,197.99,199.43,51477938.0
2025-05-30,198.85,201.44,196.26,200.33,70819942.0
2025-06-02,199.76,201.61,199.6,201.18,35423023.0
2025-06-03,200.83,203.25,200.435,202.75,46381267.0
2025-06-04,202.39,205.72,201.58,202.3,43603984.0
2025-06-05,202.98,204.23,199.63,200.11,55220483.0
2025-06-06,202.48,205.18,201.53,203.4,46607044.0
2025-06-09,203.87,205.48,199.5,200.93,72862557.0
2025-06-10,200.08,203.83,200.05,202.15,54672478.0
2025-06-11,202.98,203.98,197.89,198.26,60989806.0
2025-06-12,198.56,199.16,196.8401,198.68,43904219.0
2025-06-13,199.21,199.85,195.18,195.93,51447344.0
2025-06-16,196.78,198.165,196.0436,197.9,43020685.0
2025-06-17,196.68,197.87,194.69,195.12,38855812.0
2025-06-18,195.42,197.05,194.55,196.06,45394686.0
2025-06-20,197.715,201.18,196.335,200.48,96813485.0
2025-06-23,201.105,201.78,198.44,200.98,55814122.0
2025-06-24,202.07,202.92,199.68,199.78,54063931.0
2025-06-25,200.93,203.15,200.1001,201.04,39525728.0
2025-06-26,200.91,202.12,198.94,200.48,50799041.0
2025-06-27,201.37,202.7,199.48,200.56,73188396.0
2025-06-30,201.49,206.87,198.7407,204.65,91912798.0
2025-07-01,206.145,209.6665,205.6201,207.3,78788866.0
2025-07-02,208.39,212.82,207.62,211.92,67941811.0
2025-07-03,211.625,214.13,211.2901,213.03,34707833.0
2025-07-07,212.16,215.71,208.28,209.43,50228959.0
2025-07-08,209.58,210.91,207.93,209.49,42848928.0
2025-07-09,209.01,210.81,206.7,210.62,48749277.0
2025-07-10,209.985,212.96,209.51,211.89,44443614.0
2025-07-11,210.045,211.61,209.34,210.64,39765734.0
2025-07-14,209.405,210.39,207.02,208.1,38840111.0
2025-07-15,208.7,211.37,208.4,208.59,42296339.0
2025-07-16,209.775,211.88,208.12,209.64,47490530.0
2025-07-17,210.05,211.28,209.07,209.5,48068141.0
2025-07-18,210.35,211.27,209.1845,210.66,48974588.0
2025-07-21,211.58,215.26,211.11,211.96,51377358.0
2025-07-22,212.62,214.43,211.7101,213.88,46403972.0
2025-07-23,214.48,214.63,211.89,213.63,46989272.0
2025-07-24,213.38,215.17,213.01,213.24,46022620.0
2025-07-25,214.18,214.72,212.88,213.36,40268686.0
2025-07-28,213.51,214.325,212.54,213.53,37857992.0
2025-07-29,213.655,214.29,210.3,210.75,51411721.0
2025-07-30,211.375,211.87,207.2,208.53,45512393.0
2025-07-31,207.97,209.32,206.64,207.05,80698392.0
2025-08-01,210.345,213.06,200.98,201.86,104434472.0
2025-08-04,203.985,207.36,201.155,202.83,75109291.0
2025-08-05,202.88,204.82,201.64,202.4,44154854.0
2025-08-06,205.11,214.86,205.07,212.73,108483103.0
2025-08-07,218.355,220.33,216.06,219.51,90224834.0
2025-08-08,220.31,230.48,218.73,228.83,113853412.0
2025-08-11,227.66,229.3,224.5,226.92,61806086.0
2025-08-12,227.745,230.54,226.81,229.39,55672299.0
2025-08-13,230.81,234.74,230.17,233.07,69878545.0
2025-08-14,233.795,234.86,230.59,232.52,51916242.0
2025-08-15,233.74,234.02,229.075,231.33,56038587.0
2025-08-18,231.44,232.86,229.85,230.63,37476149.0
2025-08-19,231.015,232.61,229.09,230.3,39402455.0
2025-08-20,229.72,230.21,225.51,225.75,42263854.0
2025-08-21,226.01,226.26,223.5204,224.64,30620838.0
2025-08-22,225.91,228.83,225.15,227.5,42477803.0
2025-08-25,226.22,229.04,225.97,226.9,30983024.0
2025-08-26,226.61,229.23,224.43,229.05,54574913.0
2025-08-27,228.35,230.64,228.0,230.23,31259478.0
2025-08-28,230.56,233.15,229.075,232.3,38074679.0
2025-08-29,232.25,233.12,231.11,231.88,39418268.0
2025-09-02,228.99,230.59,226.71,229.46,44075552.0
2025-09-03,236.95,238.59,234.1,238.21,66427742.0
2025-09-04,238.19,239.6399,236.48,239.52,47549396.0
2025-09-05,239.735,241.06,238.2301,239.43,54870397.0
2025-09-08,239.04,239.89,236.08,237.62,48999440.0
2025-09-09,236.74,238.5205,233.1,234.09,66313868.0
2025-09-10,231.925,232.16,225.69,226.53,83440810.0
2025-09-11,226.615,230.19,226.39,229.77,50207866.0
2025-09-12,228.96,234.25,228.76,233.81,55824075.0
2025-09-15,236.74,237.93,234.77,236.44,42699514.0
2025-09-16,236.915,240.96,236.0635,237.89,63421098.0
2025-09-17,238.71,239.84,237.4701,238.73,46508017.0
2025-09-18,239.71,240.94,236.39,237.62,44249563.0
2025-09-19,240.965,246.04,239.9506,245.24,163741269.0
2025-09-22,248.04,256.38,247.86,255.82,105517415.0
2025-09-23,255.615,257.08,253.32,254.17,60275126.0
2025-09-24,254.96,255.48,250.78,252.05,42303706.0
2025-09-25,252.945,256.91,251.452,256.61,55202013.0
2025-09-26,253.835,257.34,253.52,255.2,46076136.0
2025-09-29,254.3,254.74,252.75,254.17,40127520.0
2025-09-30,254.595,255.659,252.85,254.37,37703571.0
2025-10-01,254.78,258.53,254.67,255.19,48713820.0
2025-10-02,256.315,257.92,253.89,256.87,42630179.0
2025-10-03,254.405,258.98,253.69,257.76,49155614.0
2025-10-06,257.73,258.81,254.79,256.43,44664081.0
2025-10-07,256.545,257.14,255.17,256.22,31955297.0
2025-10-08,256.26,258.26,255.85,257.8,36496845.0
2025-10-09,257.545,257.74,252.88,253.78,38321900.0
2025-10-10,254.68,256.12,243.74,245.01,61999050.0
2025-10-13,249.12,249.43,245.3,247.4,38142755.0
2025-10-14,246.34,248.585,244.44,247.51,35477865.0
2025-10-15,249.225,251.56,247.21,249.08,33893577.0
2025-10-16,247.99,248.78,244.87,247.19,39776781.0
2025-10-17,247.76,253.12,247.01,252.03,49146662.0
2025-10-20,255.625,264.115,255.37,261.98,90483005.0
2025-10-21,261.62,265.03,261.57,262.51,46695671.0
2025-10-22,262.39,262.59,255.17,258.19,45015182.0
2025-10-23,259.68,260.36,257.7501,259.32,32754925.0
2025-10-24,260.93,263.87,258.92,262.56,38253714.0
2025-10-27,264.62,268.86,264.3901,268.55,44888152.0
2025-10-28,268.725,269.63,267.89,268.74,41534759.0
2025-10-29,269.015,271.15,266.85,269.44,51086687.0
2025-10-30,271.73,273.88,268.22,271.14,69886534.0
2025-10-31,276.73,277.06,268.9,270.11,86167061.0
2025-11-03,270.16,270.59,265.99,268.79,50194575.0
2025-11-04,268.065,271.226,267.355,269.78,49274846.0
2025-11-05,268.35,271.44,266.67,269.88,43682531.0
2025-11-06,267.63,273.14,267.63,269.51,51203783.0
2025-11-07,269.535,272.03,266.51,268.21,48227176.0
2025-11-10,268.96,273.73,267.455,269.43,41312151.0
2025-11-11,269.81,275.91,269.8,275.25,46208200.0
2025-11-12,275.0,275.73,271.7,273.47,48397981.0
2025-11-13,274.11,276.699,272.09,272.95,49602754.0
2025-11-14,271.05,275.96,269.6,272.41,47431331.0
2025-11-17,268.815,270.49,265.73,267.46,45018260.0
2025-11-18,269.99,270.71,265.32,267.44,45677169.0
2025-11-19,265.525,272.21,265.5,268.56,40424414.0
2025-11-20,270.83,275.43,265.92,266.25,45823540.0
2025-11-21,265.95,273.33,265.67,271.49,59030832.0
2025-11-24,270.9,277.0,270.9,275.92,65585613.0
2025-11-25,275.27,280.38,275.25,276.97,46914220.0
2025-11-26,276.96,279.53,276.63,277.55,33431421.0
2025-11-28,277.26,279.0,275.9865,278.85,19039075.0
2025-12-01,278.01,283.42,276.14,283.1,46587722.0
2025-12-02,283.0,287.4,282.6301,286.19,53669393.0
2025-12-03,286.2,288.62,283.3,284.15,43538674.0
2025-12-04,284.095,284.73,278.59,280.7,43989031.0
2025-12-05,280.54,281.14,278.05,278.78,47265691.0
2025-12-08,278.13,279.6693,276.15,277.89,38211741.0
2025-12-09,278.16,280.03,276.92,277.18,32192972.0
2025-12-10,277.75,279.75,276.44,278.78,33038011.0
2025-12-11,279.095,279.59,273.81,278.03,33247766.0
2025-12-12,277.9,279.22,276.82,278.28,39532668.0
2025-12-15,280.15,280.15,272.84,274.11,50409068.0
2025-12-16,272.82,275.5,271.79,274.61,37648627.0
2025-12-17,275.01,276.16,271.64,271.84,50138466.0
2025-12-18,273.605,273.63,266.95,272.19,51630473.0
2025-12-19,272.145,274.6,269.9,273.67,144631573.0
2025-12-22,272.86,273.88,270.505,270.97,36571827.0
2025-12-23,270.84,272.5,269.56,272.36,29641997.0
2025-12-24,272.34,275.43,272.195,273.81,17133225.0
2025-12-26,274.16,275.37,272.86,273.4,21521796.0
2025-12-29,272.69,274.36,272.35,273.76,23714986.0
2025-12-30,272.81,274.08,272.28,273.08,22139615.0
2025-12-31,273.06,273.68,271.75,271.86,27293584.0
2026-01-02,272.255,277.84,269.0,271.01,37838054.0
2026-01-05,270.64,271.51,266.14,267.26,45647185.0
2026-01-06,267.0,267.55,262.12,262.36,52352090.0
2026-01-07,263.2,263.68,259.81,260.33,48309414.0
2026-01-08,257.02,259.29,255.7,259.04,50419336.0
2026-01-09,259.075,260.21,256.22,259.37,39996966.0
2026-01-12,259.16,261.3,256.8,260.25,45263372.0
2026-01-13,258.72,261.81,258.39,261.05,45730796.0
2026-01-14,259.49,261.82,256.71,259.96,40019349.0
2026-01-15,260.65,261.04,257.05,258.21,39388475.0
2026-01-16,257.9,258.9,254.93,255.53,72142772.0
2026-01-20,252.73,254.79,243.42,246.7,80267504.0
2026-01-21,248.7,251.56,245.18,247.65,54641725.0
2026-01-22,249.2,251.0,248.15,248.35,39708293.0
2026-01-23,247.32,249.41,244.68,248.04,41688953.0
2026-01-26,251.48,256.56,249.8,255.41,55969183.0
2026-01-27,259.17,261.95,258.21,258.27,49648271.0
2026-01-28,257.65,258.855,254.51,256.44,41287969.0
2026-01-29,258.0,259.65,254.41,258.28,67252891.0
2026-01-30,255.165,261.8999,252.18,259.48,92443303.0
2026-02-02,260.03,270.49,259.205,270.01,73913423.0
2026-02-03,269.2,271.875,267.61,269.48,64394650.0
