date,open,high,low,close,volume
1983-04-06,-12.9786,-12.904,-13.1129,-12.904,878600.0
1983-04-07,-12.904,-12.7697,-12.904,-12.8368,721800.0
1983-04-08,-12.8368,-12.6279,-13.0458,-12.904,1507800.0
1983-04-11,-12.904,-12.8368,-12.9786,-12.904,496700.0
1983-04-12,-12.9786,-12.904,-13.1129,-12.9786,259800.0
1983-04-13,-13.0458,-12.9786,-13.389,-13.3219,1645500.0
1983-04-14,-13.3219,-13.1801,-13.598,-13.2473,854800.0
1983-04-15,-13.1801,-13.1801,-13.4562,-13.3219,3490000.0
1983-04-18,-13.3219,-13.1801,-13.6651,-13.3219,3253500.0
1983-04-19,-13.3219,-12.9786,-13.4562,-13.2473,2688900.0
1983-04-20,-13.1129,-12.904,-13.1801,-13.0458,2042100.0
1983-04-21,-11.7399,-11.5981,-11.9414,-11.8742,7775000.0
1983-04-22,-11.9414,-11.1131,-11.9414,-11.531,3197500.0
1983-04-25,-11.5981,-11.2549,-12.0085,-11.8742,1772300.0
1983-04-26,-11.8742,-11.531,-12.2175,-11.5981,3803000.0
1983-04-27,-11.5981,-11.322,-11.9414,-11.6653,2917300.0
1983-04-28,-11.6653,-11.531,-11.8071,-11.6653,643000.0
1983-04-29,-11.7399,-11.5981,-11.9414,-11.8071,947900.0
1983-05-02,-11.9936,-11.9265,-12.1279,-11.9936,832000.0
1983-05-03,-11.9936,-11.9936,-12.2697,-11.9936,641100.0
1983-05-04,-11.9936,-11.8518,-12.1279,-11.9936,585500.0
1983-05-05,-11.9936,-11.8518,-12.2026,-12.2026,587400.0
1983-05-06,-12.1279,-11.9936,-12.613,-12.1279,3186600.0
1983-05-09,-12.1279,-12.0608,-12.3369,-12.2026,1129800.0
1983-05-10,-12.1279,-11.8518,-12.1279,-11.8518,620700.0
1983-05-11,-11.7847,-11.6504,-11.8518,-11.8518,1212400.0
1983-05-12,-11.7175,-11.4414,-11.7847,-11.4414,2964300.0
1983-05-13,-11.2996,-11.031,-11.4414,-11.2325,3215000.0
1983-05-16,-11.2996,-11.1653,-11.5086,-11.1653,966400.0
1983-05-17,-11.1653,-11.031,-11.2996,-11.2996,1602800.0
1983-05-18,-11.2325,-11.031,-11.3743,-11.3743,2810400.0
1983-05-19,-11.1653,-11.1653,-11.5086,-11.3743,1186300.0
1983-05-20,-11.2996,-11.2325,-11.8518,-11.5086,532400.0
1983-05-23,-11.6504,-11.3743,-11.7175,-11.4414,652500.0
1983-05-24,-11.4414,-11.2325,-11.5086,-11.3743,1053800.0
1983-05-25,-11.2325,-11.0982,-11.2996,-11.1653,795500.0
1983-05-26,-11.0982,-10.337,-11.0982,-10.4788,2339300.0
1983-05-27,-10.2699,-10.0609,-10.337,-10.2699,1049500.0
1983-05-31,-10.1281,-10.1281,-10.4042,-10.2699,1424700.0
1983-06-01,-10.2699,-10.0609,-10.337,-10.0609,1678800.0
1983-06-02,-9.9938,-9.7848,-10.0609,-9.7848,4126400.0
1983-06-03,-9.7848,-9.7848,-10.2027,-10.1281,1040000.0
1983-06-06,-9.9938,-9.9938,-10.337,-10.2027,507700.0
1983-06-07,-10.1281,-9.9938,-10.2699,-10.1281,709500.0
1983-06-08,-10.2027,-10.2027,-10.6803,-10.6131,616900.0
1983-06-09,-10.6803,-10.546,-10.8892,-10.6131,1115500.0
1983-06-10,-10.546,-10.4788,-10.7549,-10.546,951200.0
1983-06-13,-10.4042,-10.337,-10.4788,-10.4042,1133600.0
1983-06-14,-10.4042,-10.2699,-10.4788,-10.337,690000.0
1983-06-15,-10.4788,-10.4042,-10.6803,-10.546,340000.0
1983-06-16,-10.4042,-10.4042,-10.8221,-10.7549,1011500.0
1983-06-17,-10.7549,-10.7549,-10.8892,-10.7549,500100.0
1983-06-20,-10.6131,-10.546,-10.8892,-10.6131,1165400.0
1983-06-21,-10.4788,-10.2699,-10.6131,-10.2699,815900.0
1983-06-22,-10.1281,-10.0609,-10.2699,-10.1281,1084200.0
1983-06-23,-10.1281,-10.1281,-10.2699,-10.2027,771700.0
1983-06-24,-10.2027,-10.0609,-10.2699,-10.2027,710400.0
1983-06-27,-10.2027,-10.0609,-10.4042,-10.0609,346200.0
1983-06-28,-10.0609,-10.0609,-10.4042,-10.337,566100.0
1983-06-29,-10.2699,-10.0609,-10.4042,-10.337,432200.0
1983-06-30,-10.4788,-10.337,-10.6131,-10.4788,716600.0
1983-07-01,-10.6131,-10.337,-10.6131,-10.337,87900.0
1983-07-05,-10.337,-10.337,-10.4788,-10.4788,184300.0
1983-07-06,-10.337,-10.2699,-10.4788,-10.4788,484900.0
1983-07-07,-10.4042,-10.0609,-10.4788,-10.0609,1025800.0
1983-07-08,-10.0609,-9.9938,-10.4788,-10.4042,1155400.0
1983-07-11,-10.337,-10.2027,-10.4788,-10.337,209400.0
1983-07-12,-10.337,-10.337,-10.7549,-10.546,210400.0
1983-07-13,-10.6131,-10.4042,-10.6131,-10.6131,833900.0
1983-07-14,-10.6131,-10.4788,-10.6131,-10.6131,1197700.0
1983-07-15,-10.546,-10.546,-10.6131,-10.546,579400.0
1983-07-18,-10.6131,-10.546,-11.0982,-10.9564,583200.0
1983-07-19,-11.031,-10.9564,-11.2325,-11.1653,1050000.0
1983-07-20,-10.9564,-10.8892,-11.0982,-10.9564,860500.0
1983-07-21,-11.031,-10.9564,-11.3743,-11.2996,1628400.0
1983-07-22,-11.822,-11.2996,-12.3369,-11.7847,740800.0
1983-07-25,-11.9265,-11.8518,-12.1279,-11.9265,1822700.0
1983-07-26,-12.1279,-11.8518,-12.3369,-11.8518,1719600.0
1983-07-27,-11.5757,-11.5086,-11.9265,-11.7847,1791300.0
1983-07-28,-11.9265,-11.7847,-12.2697,-12.0608,1239500.0
1983-07-29,-12.2697,-12.2026,-12.613,-12.404,899000.0
1983-08-01,-12.4563,-12.2473,-12.5906,-12.3891,878100.0
1983-08-02,-12.3891,-12.2473,-12.5234,-12.5234,535200.0
1983-08-03,-12.4563,-12.3891,-12.6652,-12.3891,1168700.0
1983-08-04,-12.4563,-11.9041,-12.9413,-12.5906,1415200.0
1983-08-05,-12.5906,-12.5906,-12.7995,-12.5906,704300.0
1983-08-08,-12.5906,-12.5906,-13.0085,-12.8741,348600.0
1983-08-09,-12.7324,-12.7324,-13.0756,-12.8741,495800.0
1983-08-10,-12.8741,-12.8741,-13.4263,-13.2174,1400900.0
1983-08-11,-13.2174,-13.0085,-13.2846,-13.1502,986400.0
1983-08-12,-13.1502,-13.0085,-13.2174,-13.0085,728500.0
1983-08-15,-13.0756,-12.7324,-13.1502,-12.8741,2234900.0
1983-08-16,-13.2174,-13.1502,-13.6278,-13.4263,1611300.0
1983-08-17,-13.4935,-13.4263,-13.9039,-13.7696,6804300.0
1983-08-18,-13.7696,-13.6278,-13.9039,-13.7024,2916800.0
1983-08-19,-13.7024,-13.4263,-13.8368,-13.4935,1861100.0
1983-08-22,-13.3517,-13.1502,-13.4935,-13.4263,1037600.0
1983-08-23,-13.2174,-13.1502,-13.3517,-13.2846,910900.0
1983-08-24,-13.2846,-13.2174,-13.4263,-13.4263,1357300.0
1983-08-25,-13.3517,-13.1502,-13.4263,-13.2846,1883900.0
1983-08-26,-13.3517,-13.0756,-13.3517,-13.1502,722800.0
1983-08-29,-13.0756,-13.0756,-13.2846,-13.2174,298200.0
1983-08-30,-13.2174,-13.1502,-13.2846,-13.2174,209000.0
1983-08-31,-13.2174,-12.6652,-13.2846,-12.6652,706600.0
1983-09-01,-12.5234,-12.3145,-12.6652,-12.5234,634900.0
1983-09-02,-12.2473,-12.2473,-12.4563,-12.3891,429800.0
1983-09-06,-12.3891,-12.0384,-12.3891,-12.2473,1037200.0
1983-09-07,-12.113,-11.5608,-12.1802,-11.6951,1262300.0
1983-09-08,-11.628,-11.628,-12.0384,-12.0384,1885300.0
1983-09-09,-12.0384,-11.9712,-12.4563,-12.3891,823900.0
1983-09-12,-12.2473,-12.1802,-12.5906,-12.5234,375200.0
1983-09-13,-12.6652,-12.5906,-12.8741,-12.5906,828200.0
1983-09-14,-12.5906,-12.4563,-12.7324,-12.6652,463000.0
1983-09-15,-12.6652,-12.6652,-12.8741,-12.7995,1632200.0
1983-09-16,-12.7995,-12.7324,-12.9413,-12.7324,1294600.0
1983-09-19,-12.7995,-12.5234,-12.8741,-12.6652,537100.0
1983-09-20,-12.5906,-12.5234,-12.7995,-12.7324,573700.0
1983-09-21,-12.5906,-12.113,-12.6652,-12.2473,990200.0
1983-09-22,-12.2473,-11.9712,-12.3145,-12.113,2364500.0
1983-09-23,-11.9712,-11.6951,-11.9712,-11.8369,1270800.0
1983-09-26,-11.7623,-11.628,-11.9712,-11.9041,806400.0
1983-09-27,-11.9712,-11.9041,-12.113,-12.113,1087000.0
1983-09-28,-12.2473,-12.113,-12.2473,-12.1802,386100.0
1983-09-29,-12.2473,-12.1802,-12.3891,-12.1802,205600.0
1983-09-30,-12.2473,-12.113,-12.4563,-12.113,597900.0
1983-10-03,-12.1802,-12.1802,-12.6652,-12.5234,456800.0
1983-10-04,-12.5234,-12.3145,-12.7324,-12.5906,589300.0
1983-10-05,-12.5234,-12.113,-12.6652,-12.113,757000.0
1983-10-06,-12.0384,-11.3519,-12.0384,-11.419,1813600.0
1983-10-07,-11.2847,-11.2847,-11.628,-11.419,1176800.0
1983-10-10,-11.4862,-11.4862,-11.6951,-11.628,465400.0
1983-10-11,-11.7623,-11.419,-11.8369,-11.4862,427900.0
1983-10-12,-11.628,-11.1429,-11.628,-11.4862,549900.0
1983-10-13,-11.5608,-11.419,-11.628,-11.628,483400.0
1983-10-14,-11.4862,-11.419,-11.5608,-11.419,456800.0
1983-10-17,-11.4862,-11.419,-11.628,-11.5608,210900.0
1983-10-18,-11.419,-11.419,-11.6951,-11.6951,602600.0
1983-10-19,-11.6951,-11.628,-12.2473,-11.9041,843400.0
1983-10-20,-11.419,-11.0758,-11.419,-11.2847,12059000.0
1983-10-21,-11.2847,-11.2101,-11.419,-11.3519,3165200.0
1983-10-24,-11.4862,-11.4862,-11.6951,-11.4862,506700.0
1983-10-25,-11.5608,-11.3519,-11.628,-11.3519,1333000.0
1983-10-26,-11.3519,-11.2847,-11.419,-11.2847,486800.0
1983-10-27,-11.419,-11.3519,-11.628,-11.4862,767900.0
1983-10-28,-11.4862,-11.4862,-11.628,-11.5608,647800.0
1983-10-31,-11.5384,-11.3295,-11.6056,-11.3295,841500.0
1983-11-01,-11.2623,-10.9862,-11.3295,-10.9862,2033500.0
1983-11-02,-10.9862,-10.9862,-11.2623,-11.1952,297800.0
1983-11-03,-11.3295,-10.9862,-11.4041,-10.9862,1667400.0
1983-11-04,-11.2623,-11.1205,-11.2623,-11.2623,389400.0
1983-11-07,-11.2623,-11.2623,-11.5384,-11.2623,474900.0
1983-11-08,-11.3295,-11.1205,-11.3295,-11.2623,174300.0
1983-11-09,-11.2623,-11.1952,-11.4041,-11.3295,644900.0
1983-11-10,-11.4041,-11.2623,-11.4713,-11.4713,973500.0
1983-11-11,-11.3295,-11.3295,-11.4041,-11.3295,412200.0
1983-11-14,-11.2623,-11.2623,-11.4713,-11.4041,483900.0
1983-11-15,-11.4713,-11.4041,-11.5384,-11.5384,160500.0
1983-11-16,-11.5384,-11.4713,-11.5384,-11.5384,457800.0
1983-11-17,-11.6056,-11.5384,-11.8817,-11.7474,347100.0
1983-11-18,-11.8145,-11.7474,-12.1578,-12.0235,713800.0
1983-11-21,-12.0235,-11.9563,-12.1578,-12.0235,601700.0
1983-11-22,-11.7474,-11.6056,-11.8817,-11.7474,1154000.0
1983-11-23,-11.8145,-11.7474,-12.2996,-12.0235,1076100.0
1983-11-25,-12.1578,-12.0906,-12.3667,-12.0906,180500.0
1983-11-28,-12.1578,-12.1578,-12.7846,-12.7846,506700.0
1983-11-29,-12.7846,-12.5757,-12.8518,-12.5757,760300.0
1983-11-30,-12.4413,-12.2324,-12.5757,-12.2996,1580000.0
1983-12-01,-12.3667,-12.2996,-12.4413,-12.2996,500500.0
1983-12-02,-12.4413,-12.0906,-12.4413,-12.0906,818200.0
1983-12-05,-12.1578,-12.1578,-12.3667,-12.2324,178600.0
1983-12-06,-12.2996,-12.1578,-12.3667,-12.2324,232700.0
1983-12-07,-12.1578,-12.1578,-12.2996,-12.2324,376600.0
1983-12-08,-12.2324,-12.0906,-12.2996,-12.0906,820600.0
1983-12-09,-12.2324,-12.0235,-12.2996,-12.2324,426500.0
1983-12-12,-12.2324,-12.2324,-12.5085,-12.3667,294900.0
1983-12-13,-12.4413,-12.4413,-12.6428,-12.5757,595500.0
1983-12-14,-12.4413,-12.3667,-12.5085,-12.4413,310600.0
1983-12-15,-12.5085,-12.5085,-12.9189,-12.8518,885200.0
1983-12-16,-12.8518,-12.7174,-12.9189,-12.7846,649200.0
1983-12-19,-12.7846,-12.6428,-12.8518,-12.7846,633000.0
1983-12-20,-12.7846,-12.7846,-13.1279,-13.1279,384700.0
1983-12-21,-13.2696,-12.8518,-13.2696,-13.0607,1377700.0
1983-12-22,-13.0607,-12.9935,-13.2025,-13.0607,340000.0
1983-12-23,-13.0607,-13.0607,-13.404,-13.2696,483400.0
1983-12-27,-13.3368,-13.1279,-13.3368,-13.1279,845800.0
1983-12-28,-13.3368,-13.2025,-13.4786,-13.404,669600.0
1983-12-29,-13.404,-13.2025,-13.404,-13.2696,1266500.0
1983-12-30,-13.2696,-13.2696,-13.4786,-13.3368,514800.0
1984-01-03,-13.3368,-13.3368,-13.6801,-13.6129,500500.0
1984-01-04,-13.6801,-12.5757,-13.6801,-12.5757,1934300.0
1984-01-05,-12.5757,-12.5757,-12.9189,-12.8518,747500.0
1984-01-06,-12.7846,-12.6428,-12.9935,-12.7846,793100.0
1984-01-09,-12.8518,-11.9563,-12.8518,-12.1578,1916200.0
1984-01-10,-12.0906,-11.9563,-12.3667,-12.2996,722800.0
1984-01-11,-12.3667,-12.0906,-12.4413,-12.1578,505800.0
1984-01-12,-12.1578,-12.0235,-12.2324,-12.0906,573700.0
1984-01-13,-12.1578,-12.0906,-12.3667,-12.3667,337200.0
1984-01-16,-12.4413,-12.2996,-12.7174,-12.5085,926500.0
1984-01-17,-12.5085,-12.2996,-12.6428,-12.2996,604500.0
1984-01-18,-12.2324,-11.8817,-12.2324,-11.9563,1132600.0
1984-01-19,-11.9563,-11.9563,-12.4413,-12.2324,2322200.0
1984-01-20,-12.2324,-12.2324,-12.3667,-12.2996,937900.0
1984-01-23,-12.4413,-12.2324,-12.5085,-12.2996,605500.0
1984-01-24,-12.3667,-12.2324,-12.5085,-12.2996,10897000.0
1984-01-25,-12.2324,-11.8817,-12.2324,-12.0906,492900.0
1984-01-26,-12.0906,-11.5384,-12.0906,-11.9563,1192000.0
1984-01-27,-11.8817,-11.5384,-11.9563,-11.5384,1243800.0
1984-01-30,-11.3817,-11.3817,-11.9339,-11.9339,963600.0
1984-01-31,-11.9339,-11.725,-11.9339,-11.7996,556600.0
1984-02-01,-11.7996,-11.725,-11.8668,-11.7996,1380000.0
1984-02-02,-11.6578,-11.6578,-11.7996,-11.6578,1605600.0
1984-02-03,-11.725,-11.4489,-12.0011,-12.0011,1410900.0
1984-02-06,-12.1429,-12.0757,-12.419,-12.2846,782200.0
1984-02-07,-12.2846,-12.1429,-12.419,-12.1429,532400.0
1984-02-08,-11.7996,-11.6578,-12.0011,-11.9339,1394300.0
1984-02-09,-12.0757,-12.0011,-12.4861,-12.3518,1155400.0
1984-02-10,-12.4861,-12.419,-12.7697,-12.7697,1158700.0
1984-02-13,-12.6951,-12.6951,-13.1801,-12.9712,662500.0
1984-02-14,-12.9712,-12.6951,-13.0458,-12.6951,769800.0
1984-02-15,-12.6279,-12.5607,-12.7697,-12.6951,266900.0
1984-02-16,-12.6951,-12.6951,-12.7697,-12.7697,436400.0
1984-02-17,-12.7697,-12.419,-12.8368,-12.6279,530500.0
1984-02-21,-12.6951,-12.3518,-12.6951,-12.4861,966900.0
1984-02-22,-12.6279,-12.4861,-12.6279,-12.5607,764600.0
1984-02-23,-12.419,-12.419,-12.8368,-12.6279,554700.0
1984-02-24,-12.8368,-12.7697,-13.0458,-12.8368,467300.0
1984-02-27,-12.9712,-12.8368,-13.3219,-13.0458,1327300.0
1984-02-28,-13.1129,-13.1129,-13.3219,-13.3219,937400.0
1984-02-29,-13.3219,-13.1801,-13.389,-13.389,586500.0
1984-03-01,-13.2547,-12.904,-13.3219,-12.9712,843900.0
1984-03-02,-12.7697,-12.4861,-12.7697,-12.4861,485800.0
1984-03-05,-12.6279,-12.6279,-13.0458,-12.904,599300.0
1984-03-06,-12.8368,-12.8368,-13.389,-13.2547,367600.0
1984-03-07,-13.3219,-13.2547,-13.598,-13.3219,655400.0
1984-03-08,-13.4562,-13.1801,-13.4562,-13.1801,609300.0
1984-03-09,-13.1801,-13.1801,-13.389,-13.3219,204200.0
1984-03-12,-13.2547,-13.0458,-13.3219,-13.0458,248800.0
1984-03-13,-13.0458,-12.904,-13.2547,-13.2547,701900.0
1984-03-14,-13.3219,-12.9712,-13.3219,-13.0458,506700.0
1984-03-15,-13.0458,-13.0458,-13.2547,-13.1801,167200.0
1984-03-16,-12.7697,-12.7697,-13.0458,-13.0458,992100.0
1984-03-19,-13.1801,-13.1801,-13.6651,-13.598,1000100.0
1984-03-20,-13.4562,-13.389,-13.5308,-13.389,530500.0
1984-03-21,-13.4562,-13.1801,-13.4562,-13.1801,307700.0
1984-03-22,-13.0458,-13.0458,-13.389,-13.389,216600.0
1984-03-23,-13.2547,-13.2547,-13.4562,-13.4562,365700.0
1984-03-26,-13.4562,-13.4562,-13.7398,-13.4562,714200.0
1984-03-27,-13.4562,-13.4562,-13.5308,-13.5308,217500.0
1984-03-28,-13.5308,-13.4562,-13.598,-13.598,271200.0
1984-03-29,-13.598,-13.4562,-13.598,-13.5308,364700.0
1984-03-30,-13.5308,-13.389,-13.8741,-13.7398,627800.0
1984-04-02,-13.8069,-13.8069,-13.8741,-13.8741,3113400.0
1984-04-03,-13.8741,-13.8069,-13.8741,-13.8741,427900.0
1984-04-04,-13.8069,-13.6651,-13.8741,-13.8069,2383000.0
1984-04-05,-13.8069,-13.6651,-13.8741,-13.8741,861900.0
1984-04-06,-13.8741,-13.8069,-14.0159,-14.0159,538500.0
1984-04-09,-14.0159,-13.9412,-14.2173,-14.083,239300.0
1984-04-10,-14.1502,-14.083,-14.8442,-14.7024,4532400.0
1984-04-11,-14.5681,-14.5681,-14.8442,-14.777,1145000.0
1984-04-12,-14.6352,-14.6352,-14.9113,-14.7024,957400.0
1984-04-13,-14.7024,-14.7024,-14.777,-14.7024,660100.0
1984-04-16,-14.6352,-14.6352,-14.777,-14.6352,528600.0
1984-04-17,-14.6352,-14.1502,-14.6352,-14.292,3374600.0
1984-04-18,-14.1502,-14.1502,-14.3591,-14.1502,726600.0
1984-04-19,-14.083,-14.083,-14.4263,-14.3591,698600.0
1984-04-23,-14.292,-14.292,-14.5681,-14.5681,364200.0
1984-04-24,-14.4263,-14.4263,-14.5681,-14.5009,249800.0
1984-04-25,-14.3591,-14.2173,-14.5009,-14.4263,764600.0
1984-04-26,-14.4263,-14.4263,-14.5681,-14.5681,169100.0
1984-04-27,-14.5681,-14.5009,-14.7024,-14.5681,312000.0
1984-04-30,-14.4785,-14.4114,-14.5457,-14.4785,406500.0
1984-05-01,-14.3367,-14.3367,-14.5457,-14.3367,1880600.0
1984-05-02,-14.2696,-14.2696,-14.3367,-14.2696,411700.0
1984-05-03,-14.2024,-14.1278,-14.3367,-14.3367,471100.0
1984-05-04,-14.2696,-14.1278,-14.3367,-14.2696,1041000.0
1984-05-07,-14.3367,-14.3367,-14.4785,-14.4114,338100.0
1984-05-08,-14.3367,-13.9935,-14.4114,-14.2696,993500.0
1984-05-09,-14.1278,-13.9935,-14.2024,-14.2024,721400.0
1984-05-10,-14.1278,-13.9263,-14.1278,-13.9935,614000.0
1984-05-11,-13.9935,-13.9935,-14.2696,-14.2696,341500.0
1984-05-14,-14.2696,-14.2696,-14.3367,-14.3367,221300.0
1984-05-15,-14.3367,-14.2024,-14.3367,-14.2024,448300.0
1984-05-16,-14.2696,-14.2024,-14.3367,-14.2024,182800.0
1984-05-17,-14.2024,-14.2024,-14.4785,-14.4114,385600.0
1984-05-18,-14.4785,-14.4114,-14.6875,-14.4785,562800.0
1984-05-21,-14.6203,-14.4785,-14.7546,-14.7546,529000.0
1984-05-22,-14.7546,-14.7546,-15.0307,-14.8964,817800.0
1984-05-23,-14.8964,-14.7546,-14.8964,-14.8218,370400.0
1984-05-24,-14.9636,-14.8218,-15.0307,-15.0307,438800.0
1984-05-25,-15.1053,-15.1053,-15.4486,-15.3143,722800.0
1984-05-29,-15.3814,-15.3143,-15.5904,-15.5232,1307900.0
1984-05-30,-15.5232,-15.3814,-15.5904,-15.4486,346700.0
1984-05-31,-15.5232,-15.4486,-15.5904,-15.5232,254100.0
1984-06-01,-15.4486,-15.1053,-15.5232,-15.1053,391800.0
1984-06-04,-14.9636,-14.6875,-14.9636,-14.8218,434100.0
1984-06-05,-14.8964,-14.7546,-14.9636,-14.8218,527100.0
1984-06-06,-14.7546,-14.6203,-14.8964,-14.6203,711400.0
1984-06-07,-14.6203,-14.6203,-14.8218,-14.7546,116300.0
1984-06-08,-14.6203,-14.5457,-14.6875,-14.6203,220400.0
1984-06-11,-14.6875,-14.6203,-14.7546,-14.6875,61700.0
1984-06-12,-14.8218,-14.6875,-14.8964,-14.8218,263600.0
1984-06-13,-14.7546,-14.6203,-14.8964,-14.8218,242700.0
1984-06-14,-14.8964,-14.8218,-15.1053,-15.1053,262100.0
1984-06-15,-14.9636,-14.7546,-14.9636,-14.8964,350500.0
1984-06-18,-14.7546,-14.6203,-14.9636,-14.6875,246500.0
1984-06-19,-14.7546,-14.6203,-14.8964,-14.6203,313900.0
1984-06-20,-14.7546,-14.6875,-14.9636,-14.6875,410800.0
1984-06-21,-14.6875,-14.5457,-14.6875,-14.6203,521400.0
1984-06-22,-14.6203,-14.6203,-15.0307,-14.8218,1519200.0
1984-06-25,-14.7546,-14.7546,-14.8964,-14.8964,201800.0
1984-06-26,-14.8964,-14.7546,-14.8964,-14.7546,125400.0
1984-06-27,-14.8218,-14.6875,-14.8218,-14.6875,387500.0
1984-06-28,-14.7546,-14.6875,-14.8218,-14.6875,73100.0
1984-06-29,-14.6875,-14.5457,-14.7546,-14.6203,438800.0
1984-07-02,-14.5457,-14.5457,-14.8218,-14.7546,165300.0
1984-07-03,-14.8964,-14.8218,-15.0307,-14.8218,273500.0
1984-07-05,-14.9636,-14.8218,-14.9636,-14.8218,736600.0
1984-07-06,-14.8964,-14.8964,-15.1053,-15.0307,253100.0
1984-07-09,-15.1725,-15.0307,-15.2397,-15.1053,1397600.0
1984-07-10,-15.1725,-15.1725,-15.5232,-15.3814,1598000.0
1984-07-11,-15.3814,-15.3143,-15.5232,-15.3814,1395700.0
1984-07-12,-15.4486,-15.3814,-15.7993,-15.5904,1655000.0
1984-07-13,-15.5232,-15.5232,-15.7247,-15.5904,402700.0
1984-07-16,-15.5904,-15.5232,-15.7993,-15.5232,760800.0
1984-07-17,-15.5232,-15.3143,-15.5904,-15.4486,389900.0
1984-07-18,-15.4486,-15.4486,-15.6575,-15.5904,650600.0
1984-07-19,-15.6575,-15.5232,-15.7993,-15.5904,570800.0
1984-07-20,-15.5232,-15.5232,-15.5904,-15.5904,363300.0
1984-07-23,-15.6575,-15.5232,-15.7247,-15.5232,699000.0
1984-07-24,-15.5232,-15.5232,-15.8665,-15.7993,343800.0
1984-07-25,-15.7993,-15.6575,-15.7993,-15.6575,273100.0
1984-07-26,-15.5232,-15.5232,-15.6575,-15.5232,399900.0
1984-07-27,-15.5904,-15.4486,-15.6575,-15.4486,719000.0
1984-07-30,-15.5232,-15.4486,-15.6575,-15.6575,278800.0
1984-07-31,-15.7247,-15.3814,-15.7247,-15.4486,489100.0
1984-08-01,-15.2247,-14.874,-15.2919,-14.874,2408200.0
1984-08-02,-14.5979,-14.4561,-14.7322,-14.5979,853400.0
1984-08-03,-14.5233,-14.389,-14.9412,-14.874,2127500.0
1984-08-06,-14.7322,-14.4561,-14.8068,-14.6651,1624100.0
1984-08-07,-14.7322,-14.389,-14.8068,-14.4561,2696900.0
1984-08-08,-14.4561,-14.4561,-14.5979,-14.5233,687200.0
1984-08-09,-14.389,-13.9039,-14.4561,-13.9711,1964200.0
1984-08-10,-13.2771,-13.2771,-13.9039,-13.8293,2046300.0
1984-08-13,-13.9039,-13.9039,-14.1054,-13.9039,595500.0
1984-08-14,-13.9711,-13.9039,-14.18,-14.1054,1173500.0
1984-08-15,-14.1054,-14.1054,-14.2472,-14.18,421200.0
1984-08-16,-14.1054,-14.0382,-14.1054,-14.0382,850500.0
1984-08-17,-14.0382,-14.0382,-14.3143,-14.18,358100.0
1984-08-20,-14.18,-14.1054,-14.389,-14.3143,176200.0
1984-08-21,-14.3143,-13.8293,-14.3143,-13.8293,1949400.0
1984-08-22,-13.8293,-13.8293,-14.1054,-14.1054,300100.0
1984-08-23,-14.0382,-13.7621,-14.18,-13.8293,1902400.0
1984-08-24,-13.7621,-13.695,-13.8293,-13.695,603600.0
1984-08-27,-13.7621,-13.7621,-14.0382,-13.9711,372300.0
1984-08-28,-13.9711,-13.8293,-14.0382,-13.9711,185200.0
1984-08-29,-13.9039,-13.9039,-14.1054,-14.0382,414600.0
1984-08-30,-14.0382,-14.0382,-14.1054,-14.0382,1054300.0
1984-08-31,-14.0382,-14.0382,-14.18,-14.1054,239800.0
1984-09-04,-14.1054,-14.1054,-14.389,-14.2472,728500.0
1984-09-05,-14.2472,-14.18,-14.3143,-14.2472,700500.0
1984-09-06,-14.18,-14.18,-14.3143,-14.18,607400.0
1984-09-07,-14.18,-13.8293,-14.389,-14.2472,669100.0
1984-09-10,-14.1054,-13.9711,-14.18,-13.9711,350000.0
1984-09-11,-13.9711,-13.8293,-14.0382,-14.0382,1069000.0
1984-09-12,-13.9711,-13.9711,-14.1054,-14.1054,102600.0
1984-09-13,-14.0382,-13.8293,-14.1054,-13.9039,990200.0
1984-09-14,-13.5532,-13.5532,-13.8293,-13.7621,1680700.0
1984-09-17,-13.7621,-13.695,-13.9711,-13.8293,590800.0
1984-09-18,-14.6651,-14.3143,-14.7322,-14.3143,1734800.0
1984-09-19,-14.3143,-14.3143,-14.5233,-14.4561,790700.0
1984-09-20,-14.4561,-14.389,-14.5233,-14.4561,743700.0
1984-09-21,-14.389,-14.18,-14.389,-14.3143,1002500.0
1984-09-24,-14.2472,-14.18,-14.3143,-14.18,541400.0
1984-09-25,-14.18,-14.18,-14.3143,-14.2472,698600.0
1984-09-26,-14.2472,-14.18,-14.3143,-14.18,1007300.0
1984-09-27,-14.1054,-14.1054,-14.389,-14.3143,1126900.0
1984-09-28,-14.389,-14.389,-14.5979,-14.5979,646300.0
1984-10-01,-14.5979,-14.5233,-14.7322,-14.5233,615900.0
1984-10-02,-14.5233,-14.389,-14.7322,-14.6651,504800.0
1984-10-03,-14.7322,-14.6651,-14.874,-14.874,417000.0
1984-10-04,-14.7322,-14.5979,-14.9412,-14.9412,861900.0
1984-10-05,-14.874,-14.8068,-14.9412,-14.9412,458700.0
1984-10-08,-14.9412,-14.874,-15.2247,-15.1501,358500.0
1984-10-09,-15.1501,-15.0829,-15.2919,-15.2919,630200.0
1984-10-10,-15.2919,-15.2247,-15.359,-15.2247,721400.0
1984-10-11,-15.0829,-15.0829,-15.2247,-15.1501,400800.0
1984-10-12,-14.9412,-14.874,-15.0158,-14.874,1395700.0
1984-10-15,-14.9412,-14.9412,-15.359,-15.2247,1608900.0
1984-10-16,-15.2247,-15.2247,-15.359,-15.2919,550900.0
1984-10-17,-15.2247,-15.1501,-15.2919,-15.2919,222300.0
1984-10-18,-15.2919,-15.0829,-15.359,-15.0829,1050000.0
1984-10-19,-14.9412,-14.9412,-15.0829,-15.0829,991600.0
1984-10-22,-15.0158,-14.9412,-15.1501,-14.9412,456400.0
1984-10-23,-14.9412,-14.9412,-15.0829,-15.0158,660100.0
1984-10-24,-15.1501,-15.1501,-15.2919,-15.2247,1468900.0
1984-10-25,-15.2247,-15.2247,-15.2919,-15.2919,724200.0
1984-10-26,-15.1501,-15.1501,-15.2919,-15.1501,1249500.0
1984-10-29,-15.1352,-15.1352,-15.2023,-15.2023,514300.0
1984-10-30,-15.2023,-15.0606,-15.2695,-15.0606,1249500.0
1984-10-31,-15.0606,-14.9262,-15.1352,-15.0606,1569500.0
1984-11-01,-14.9262,-14.5084,-14.9934,-14.6427,1495900.0
1984-11-02,-14.7845,-14.6427,-14.7845,-14.6427,482000.0
1984-11-05,-14.6427,-14.5084,-14.7173,-14.5084,999700.0
1984-11-06,-14.5084,-14.0159,-14.5755,-14.0159,4119700.0
1984-11-07,-13.8815,-13.8815,-14.1576,-14.0905,2785300.0
1984-11-08,-14.1576,-14.0905,-14.5755,-14.5084,713300.0
1984-11-09,-14.5084,-14.4337,-14.7173,-14.6427,1154500.0
1984-11-12,-14.6427,-14.4337,-14.7845,-14.4337,574600.0
1984-11-13,-14.4337,-14.4337,-14.5755,-14.5084,543800.0
1984-11-14,-14.4337,-14.4337,-14.6427,-14.5755,280200.0
1984-11-15,-14.6427,-14.5755,-14.7173,-14.6427,604100.0
1984-11-16,-14.6427,-14.6427,-15.0606,-14.9934,692900.0
1984-11-19,-14.9262,-14.7845,-14.9934,-14.8516,275000.0
1984-11-20,-14.8516,-14.6427,-14.9262,-14.7845,375200.0
1984-11-21,-14.6427,-14.6427,-14.7845,-14.6427,359000.0
1984-11-23,-14.5755,-14.3666,-14.5755,-14.4337,867200.0
1984-11-26,-14.3666,-14.1576,-14.4337,-14.4337,910900.0
1984-11-27,-14.3666,-14.1576,-14.3666,-14.2994,405600.0
1984-11-28,-14.1576,-14.0905,-14.2248,-14.0905,798300.0
1984-11-29,-14.1576,-14.0905,-14.2248,-14.0905,837700.0
1984-11-30,-14.2248,-14.0905,-14.2248,-14.2248,365700.0
1984-12-03,-14.2994,-14.2248,-14.6427,-14.4337,595500.0
1984-12-04,-14.4337,-14.2994,-14.5084,-14.2994,692400.0
1984-12-05,-14.3666,-14.2248,-14.4337,-14.3666,769800.0
1984-12-06,-14.3666,-14.2248,-14.4337,-14.3666,1256600.0
1984-12-07,-14.3666,-14.1576,-14.3666,-14.1576,1173900.0
1984-12-10,-14.2994,-14.0905,-14.2994,-14.1576,1627900.0
1984-12-11,-14.0905,-13.8069,-14.0905,-13.8069,1441300.0
1984-12-12,-13.8069,-13.8069,-14.0159,-14.0159,1189600.0
1984-12-13,-13.9487,-13.8815,-14.0159,-13.9487,115400.0
1984-12-14,-13.9487,-13.8815,-14.0159,-14.0159,634500.0
1984-12-17,-14.0905,-13.9487,-14.0905,-13.9487,568900.0
1984-12-18,-13.8069,-13.389,-13.8069,-13.598,2702200.0
1984-12-19,-13.4637,-13.389,-13.8069,-13.598,2243400.0
1984-12-20,-13.598,-13.5308,-13.7398,-13.6726,537600.0
1984-12-21,-13.8069,-13.6726,-13.8815,-13.7398,608800.0
1984-12-24,-13.6726,-13.598,-13.8069,-13.8069,327700.0
1984-12-26,-13.7398,-13.6726,-13.8069,-13.7398,87900.0
1984-12-27,-13.7398,-13.7398,-13.8069,-13.7398,271600.0
1984-12-28,-13.8069,-13.6726,-13.8069,-13.7398,429800.0
1984-12-31,-13.8069,-13.598,-13.8069,-13.7398,687200.0
1985-01-02,-13.7398,-13.6726,-14.0159,-14.0159,852000.0
1985-01-03,-14.0159,-13.8815,-14.0905,-14.0159,1010100.0
1985-01-04,-14.1576,-14.0159,-14.1576,-14.0159,588400.0
1985-01-07,-14.0159,-13.7398,-14.0905,-13.8069,1658300.0
1985-01-08,-13.8069,-13.7398,-13.9487,-13.8069,921800.0
1985-01-09,-13.8815,-13.7398,-13.9487,-13.8069,1502600.0
1985-01-10,-13.8069,-13.5308,-13.8069,-13.598,471600.0
1985-01-11,-13.598,-13.4637,-13.598,-13.5308,846300.0
1985-01-14,-13.598,-12.904,-13.6726,-13.0383,1803700.0
1985-01-15,-12.9712,-12.6204,-13.0383,-12.8294,1874400.0
1985-01-16,-12.8294,-12.5533,-12.904,-12.904,1377700.0
1985-01-17,-12.904,-12.8294,-13.1129,-13.0383,1171600.0
1985-01-18,-13.0383,-12.9712,-13.1801,-13.1129,1230500.0
1985-01-21,-13.1801,-12.4861,-13.1801,-12.6951,1689200.0
1985-01-22,-12.5533,-12.4861,-12.6951,-12.6204,909400.0
1985-01-23,-12.6951,-12.6204,-12.9712,-12.6951,489600.0
1985-01-24,-12.6951,-12.6204,-13.1801,-13.1129,1582400.0
1985-01-25,-13.389,-13.1129,-13.389,-13.3219,1244200.0
1985-01-28,-13.2473,-13.1801,-13.3219,-13.1801,688600.0
1985-01-29,-13.1801,-13.0383,-13.2473,-13.0383,574600.0
1985-01-30,-12.9712,-12.6951,-12.9712,-12.6951,2276700.0
1985-01-31,-12.6951,-12.5533,-12.904,-12.6204,1741400.0
1985-02-01,-12.6951,-12.6204,-12.7622,-12.6951,442600.0
1985-02-04,-12.8145,-12.4637,-12.8816,-12.4637,1353900.0
1985-02-05,-12.3966,-12.322,-12.6727,-12.6055,1154900.0
1985-02-06,-12.4637,-12.3966,-12.5309,-12.4637,1140200.0
1985-02-07,-12.4637,-12.3966,-12.6055,-12.5309,886600.0
1985-02-08,-12.6055,-12.5309,-12.6727,-12.5309,944100.0
1985-02-11,-12.6055,-12.5309,-12.7473,-12.7473,640200.0
1985-02-12,-12.6727,-12.4637,-12.8145,-12.5309,475400.0
1985-02-13,-12.6727,-12.6055,-12.9562,-12.8145,2138000.0
1985-02-14,-12.8816,-12.8816,-13.2323,-13.1652,2778600.0
1985-02-15,-13.1652,-13.0906,-13.1652,-13.0906,1007300.0
1985-02-19,-13.1652,-13.0906,-13.2323,-13.0906,447800.0
1985-02-20,-13.0906,-13.0906,-13.2995,-13.1652,1027700.0
1985-02-21,-13.1652,-13.0906,-13.4413,-13.1652,836800.0
1985-02-22,-13.2323,-13.1652,-13.3741,-13.2995,350000.0
1985-02-25,-13.2995,-13.2995,-13.4413,-13.3741,705700.0
1985-02-26,-13.3741,-13.2995,-13.6502,-13.3741,1312600.0
1985-02-27,-13.5084,-13.3741,-13.5084,-13.5084,872400.0
1985-02-28,-13.4413,-13.4413,-13.6502,-13.4413,584100.0
1985-03-01,-13.5831,-13.2323,-13.5831,-13.2995,1940900.0
1985-03-04,-13.2995,-13.2323,-13.3741,-13.2323,791700.0
1985-03-05,-13.2323,-13.1652,-13.2995,-13.2995,1658300.0
1985-03-06,-13.2995,-13.0906,-13.2995,-13.1652,2162700.0
1985-03-07,-13.1652,-13.0234,-13.1652,-13.1652,1668300.0
1985-03-08,-13.1652,-13.0234,-13.1652,-13.0234,1100800.0
1985-03-11,-13.0234,-13.0234,-13.1652,-13.0906,638700.0
1985-03-12,-13.0906,-12.9562,-13.1652,-13.0234,1618900.0
1985-03-13,-13.0906,-12.8816,-13.0906,-13.0234,778800.0
1985-03-14,-13.0234,-12.9562,-13.1652,-13.1652,654400.0
1985-03-15,-13.1652,-12.9562,-13.1652,-13.0906,1356800.0
1985-03-18,-13.0234,-12.9562,-13.0906,-13.0906,1394300.0
1985-03-19,-13.1652,-12.8145,-13.1652,-12.8145,1547200.0
1985-03-20,-12.8816,-12.7473,-12.9562,-12.7473,1151100.0
1985-03-21,-12.7473,-12.4637,-12.8145,-12.5309,1592800.0
1985-03-22,-12.6055,-12.5309,-12.6727,-12.5309,984500.0
1985-03-25,-12.6727,-12.5309,-12.7473,-12.6727,177600.0
1985-03-26,-12.8145,-12.6727,-13.1652,-13.0906,540400.0
1985-03-27,-13.0906,-12.8816,-13.0906,-13.0234,974000.0
1985-03-28,-12.9562,-12.7473,-13.0234,-12.7473,680500.0
1985-03-29,-12.8145,-12.5309,-12.8816,-12.6055,1532500.0
1985-04-01,-12.5309,-12.3966,-12.6727,-12.4637,806400.0
1985-04-02,-12.3966,-12.2548,-12.5309,-12.3966,2444300.0
1985-04-03,-12.4637,-12.3966,-12.6055,-12.6055,1237600.0
1985-04-04,-12.6055,-12.6055,-12.9562,-12.8145,477700.0
1985-04-08,-12.7473,-12.7473,-12.9562,-12.9562,451200.0
1985-04-09,-13.0906,-12.9562,-13.0906,-13.0906,433100.0
1985-04-10,-13.1652,-13.0234,-13.2323,-13.0906,566600.0
1985-04-11,-13.0906,-12.8816,-13.0906,-12.8816,871000.0
1985-04-12,-12.9562,-12.8145,-12.9562,-12.8816,684300.0
1985-04-15,-12.8816,-12.8816,-12.9562,-12.8816,530900.0
1985-04-16,-12.8816,-12.7473,-12.9562,-12.8145,321500.0
1985-04-17,-12.7473,-12.7473,-12.9562,-12.8816,381300.0
1985-04-18,-12.8145,-12.7473,-12.8145,-12.8145,276400.0
1985-04-19,-12.7473,-12.6055,-12.8145,-12.6055,362300.0
1985-04-22,-12.5309,-12.5309,-12.6727,-12.6727,522400.0
1985-04-23,-12.6055,-12.5309,-12.6727,-12.5309,688600.0
1985-04-24,-12.6727,-12.6055,-12.6727,-12.6727,878600.0
1985-04-25,-12.6727,-12.6055,-12.6727,-12.6727,853900.0
1985-04-26,-12.6055,-12.6055,-12.8816,-12.8145,283000.0
1985-04-29,-13.001,-12.8667,-13.001,-12.9338,413200.0
1985-04-30,-12.9338,-12.8667,-13.0756,-13.001,904200.0
1985-05-01,-13.0756,-13.0756,-13.3517,-13.2846,1262300.0
1985-05-02,-13.2846,-13.2099,-13.3517,-13.2099,863800.0
1985-05-03,-13.2846,-13.2099,-13.2846,-13.2099,223200.0
1985-05-06,-13.2846,-13.2099,-13.3517,-13.2099,217000.0
1985-05-07,-13.2846,-13.1428,-13.2846,-13.2099,379400.0
1985-05-08,-13.2099,-13.2099,-13.3517,-13.2846,282100.0
1985-05-09,-13.3517,-12.8667,-13.3517,-12.9338,709000.0
1985-05-10,-12.7921,-12.6503,-12.8667,-12.6503,1007300.0
1985-05-13,-12.7249,-12.6503,-12.7921,-12.7249,412700.0
1985-05-14,-12.7249,-12.516,-12.8667,-12.8667,551400.0
1985-05-15,-12.8667,-12.7249,-12.9338,-12.8667,393700.0
1985-05-16,-12.7249,-12.6503,-12.8667,-12.7921,734700.0
1985-05-17,-12.8667,-12.5831,-12.8667,-12.5831,478700.0
1985-05-20,-12.4413,-12.0981,-12.516,-12.1652,1045200.0
1985-05-21,-12.307,-12.307,-12.4413,-12.3742,785500.0
1985-05-22,-12.4413,-12.4413,-12.6503,-12.6503,745600.0
1985-05-23,-12.5831,-12.516,-12.7249,-12.516,154300.0
1985-05-24,-12.5831,-12.4413,-12.5831,-12.516,526200.0
1985-05-28,-12.5831,-12.4413,-12.6503,-12.516,231300.0
1985-05-29,-12.516,-12.4413,-12.6503,-12.4413,2161700.0
1985-05-30,-12.4413,-12.2324,-12.516,-12.2324,2526000.0
1985-05-31,-12.2324,-11.322,-12.307,-11.8145,6409200.0
1985-06-03,-11.8145,-11.6727,-12.516,-11.9563,1315900.0
1985-06-04,-11.9563,-11.7474,-11.9563,-11.7474,2255800.0
1985-06-05,-11.6056,-11.322,-11.6056,-11.5384,2202100.0
1985-06-06,-11.4638,-11.4638,-11.6056,-11.4638,783600.0
1985-06-07,-11.5384,-11.3966,-11.6727,-11.6056,798800.0
1985-06-10,-11.6727,-11.6056,-11.7474,-11.6727,414100.0
1985-06-11,-11.6727,-11.6056,-11.6727,-11.6056,1639300.0
1985-06-12,-11.6727,-11.6727,-11.8145,-11.7474,1197700.0
1985-06-13,-11.7474,-11.6727,-12.0235,-11.9563,481500.0
1985-06-14,-11.9563,-11.8145,-11.9563,-11.8817,517200.0
1985-06-17,-11.9563,-11.8817,-12.0235,-11.9563,355200.0
1985-06-18,-12.0235,-11.8817,-12.0235,-11.9563,513800.0
1985-06-19,-11.8817,-11.6727,-11.9563,-11.6727,1262300.0
1985-06-20,-11.6727,-11.6727,-11.7474,-11.6727,1201000.0
1985-06-21,-11.7474,-11.6727,-11.8145,-11.6727,1333500.0
1985-06-24,-11.6727,-11.5384,-11.8145,-11.6056,873300.0
1985-06-25,-11.6056,-11.2549,-11.6056,-11.322,1427500.0
1985-06-26,-11.322,-11.2549,-11.4638,-11.2549,748000.0
1985-06-27,-11.0459,-10.5534,-11.2549,-10.5534,4102200.0
1985-06-28,-10.628,-10.628,-11.0459,-10.837,3689000.0
1985-07-01,-10.837,-10.837,-11.1877,-11.0459,969700.0
1985-07-02,-11.0459,-11.0459,-11.2549,-11.2549,529000.0
1985-07-03,-11.2549,-11.1877,-11.322,-11.322,445900.0
1985-07-05,-11.4638,-11.322,-11.4638,-11.3966,273500.0
1985-07-08,-11.3966,-11.322,-11.6056,-11.3966,1192000.0
1985-07-09,-11.322,-11.1877,-11.322,-11.2549,1882500.0
1985-07-10,-11.322,-11.0459,-11.322,-11.0459,1008700.0
1985-07-11,-11.0459,-11.0459,-11.2549,-11.1877,1102700.0
1985-07-12,-11.1877,-11.1877,-11.3966,-11.1877,754100.0
1985-07-15,-11.1877,-11.1877,-11.5384,-11.5384,1108400.0
1985-07-16,-11.5384,-11.4638,-11.6727,-11.5384,2277600.0
1985-07-17,-11.5384,-11.3966,-11.6056,-11.5384,1498300.0
1985-07-18,-11.6056,-11.5384,-11.7474,-11.6056,2516000.0
1985-07-19,-11.6727,-11.6727,-11.7474,-11.6727,509600.0
1985-07-22,-11.6727,-11.6056,-11.7474,-11.6056,2219200.0
1985-07-23,-11.6056,-11.6056,-11.7474,-11.7474,2431000.0
1985-07-24,-11.7474,-11.6727,-12.307,-12.2324,2757700.0
1985-07-25,-12.307,-12.2324,-12.3742,-12.2324,1421800.0
1985-07-26,-12.307,-12.2324,-12.3742,-12.307,1646000.0
1985-07-29,-12.4936,-12.2846,-12.5682,-12.4936,439300.0
1985-07-30,-12.4936,-12.3518,-12.6354,-12.3518,981600.0
1985-07-31,-12.2846,-12.0757,-12.3518,-12.0757,1520600.0
1985-08-01,-12.0757,-11.7921,-12.0757,-11.9339,1314500.0
1985-08-02,-11.9339,-11.7921,-11.9339,-11.7921,987300.0
1985-08-05,-11.9339,-11.8668,-12.0011,-12.0011,215100.0
1985-08-06,-12.0011,-11.8668,-12.0757,-11.8668,1144500.0
1985-08-07,-11.8668,-11.8668,-12.1429,-12.0757,652000.0
1985-08-08,-12.0011,-11.9339,-12.0757,-11.9339,423600.0
1985-08-09,-12.0011,-12.0011,-12.2175,-12.2175,414100.0
1985-08-12,-12.2175,-12.1429,-12.5682,-12.5682,245000.0
1985-08-13,-12.9861,-12.7771,-13.195,-12.9861,1258500.0
1985-08-14,-12.9861,-12.9115,-13.1279,-13.0532,378000.0
1985-08-15,-13.0532,-12.9861,-13.2622,-13.0532,417900.0
1985-08-16,-13.1279,-13.0532,-13.195,-13.1279,445500.0
1985-08-19,-12.9861,-12.8443,-12.9861,-12.9861,323400.0
1985-08-20,-12.9115,-12.7025,-12.9861,-12.7025,1192000.0
1985-08-21,-12.6354,-12.3518,-12.6354,-12.4936,1141600.0
1985-08-22,-12.4936,-12.4936,-12.6354,-12.5682,643000.0
1985-08-23,-12.6354,-12.4936,-12.6354,-12.4936,212800.0
1985-08-26,-12.5682,-12.4264,-12.5682,-12.5682,279700.0
1985-08-27,-12.5682,-12.4936,-12.8443,-12.7771,1140700.0
1985-08-28,-12.8443,-12.7771,-12.9115,-12.9115,219900.0
1985-08-29,-12.7771,-12.7025,-12.8443,-12.7025,421700.0
1985-08-30,-12.7025,-12.6354,-12.7771,-12.6354,368500.0
1985-09-03,-12.7771,-12.7025,-12.8443,-12.7771,802100.0
1985-09-04,-12.6354,-12.6354,-12.8443,-12.8443,972100.0
1985-09-05,-12.7771,-12.7771,-13.0532,-12.9861,2252400.0
1985-09-06,-12.9861,-12.9115,-13.0532,-12.9861,843900.0
1985-09-09,-12.9861,-12.9115,-13.1279,-13.0532,921800.0
1985-09-10,-13.1279,-12.9861,-13.195,-13.1279,1239500.0
1985-09-11,-13.195,-13.1279,-13.3368,-13.195,757900.0
1985-09-12,-13.1279,-13.1279,-13.2622,-13.2622,237400.0
1985-09-13,-13.2622,-13.195,-13.6129,-13.404,919900.0
1985-09-16,-13.4786,-13.404,-13.6129,-13.4786,375600.0
1985-09-17,-13.3368,-13.2622,-13.404,-13.2622,1133600.0
1985-09-18,-13.2622,-13.2622,-13.404,-13.3368,228900.0
1985-09-19,-13.3368,-13.2622,-13.404,-13.404,364200.0
1985-09-20,-13.3368,-13.2622,-13.4786,-13.404,1130700.0
1985-09-23,-13.3368,-13.195,-13.404,-13.195,1158300.0
1985-09-24,-13.195,-13.0532,-13.3368,-13.0532,1363000.0
1985-09-25,-13.1279,-12.9861,-13.195,-13.0532,549900.0
1985-09-26,-13.1279,-12.7771,-13.195,-12.8443,1248500.0
1985-09-30,-12.8443,-12.7771,-12.9115,-12.8443,637800.0
1985-10-01,-12.8443,-12.5682,-12.8443,-12.5682,740800.0
1985-10-02,-12.4936,-12.4936,-12.7025,-12.6354,494800.0
1985-10-03,-12.6354,-12.5682,-12.7025,-12.6354,365700.0
1985-10-04,-12.6354,-12.3518,-12.7025,-12.3518,345700.0
1985-10-07,-12.2846,-12.1429,-12.6354,-12.5682,1210500.0
1985-10-08,-12.6354,-12.5682,-12.8443,-12.7771,687600.0
1985-10-09,-12.7025,-12.7025,-12.8443,-12.7771,577000.0
1985-10-10,-12.8443,-12.7025,-12.8443,-12.7025,567500.0
1985-10-11,-12.6354,-12.6354,-12.8443,-12.7771,619700.0
1985-10-14,-12.7771,-12.3518,-12.8443,-12.3518,807800.0
1985-10-15,-12.3518,-12.3518,-12.4936,-12.4264,679600.0
1985-10-16,-12.4264,-12.3518,-12.6354,-12.4264,548500.0
1985-10-17,-12.2846,-11.9339,-12.2846,-12.0011,1331600.0
1985-10-18,-11.9339,-11.9339,-12.1429,-12.0757,450200.0
1985-10-21,-12.0757,-12.0011,-12.2175,-12.0757,381800.0
1985-10-22,-12.0757,-12.0757,-12.2175,-12.0757,204700.0
1985-10-23,-12.0011,-12.0011,-12.1429,-12.0757,759800.0
1985-10-24,-12.0757,-12.0757,-12.2175,-12.1429,206100.0
1985-10-25,-12.2175,-12.1429,-12.2846,-12.2175,618300.0
1985-10-28,-12.1279,-12.1279,-12.2623,-12.1279,129600.0
1985-10-29,-12.1279,-11.9115,-12.1279,-12.0533,370900.0
1985-10-30,-12.0533,-11.8444,-12.0533,-11.8444,715700.0
1985-10-31,-11.7772,-11.7772,-11.9115,-11.7772,728500.0
1985-11-01,-11.7772,-11.6354,-11.8444,-11.7026,746100.0
1985-11-04,-11.7772,-11.6354,-11.7772,-11.6354,719000.0
1985-11-05,-11.7026,-11.5608,-11.7026,-11.7026,1090400.0
1985-11-06,-11.4265,-11.0011,-11.5608,-11.4937,2395900.0
1985-11-07,-11.4265,-11.4265,-11.5608,-11.4265,1476900.0
1985-11-08,-11.4265,-11.3519,-11.5608,-11.3519,978300.0
1985-11-11,-11.3519,-11.0011,-11.4265,-11.0011,1212400.0
1985-11-12,-11.0011,-10.4415,-11.1429,-11.0758,1149700.0
1985-11-13,-11.0758,-11.0758,-11.1429,-11.1429,886200.0
1985-11-14,-11.1429,-10.8594,-11.1429,-10.934,1307400.0
1985-11-15,-11.0011,-10.934,-11.2101,-11.1429,836300.0
1985-11-18,-11.1429,-11.1429,-11.2101,-11.2101,284000.0
1985-11-19,-11.2101,-11.1429,-11.4265,-11.4265,710000.0
1985-11-20,-11.3519,-11.0011,-11.3519,-11.0758,915100.0
1985-11-21,-10.8594,-10.7922,-11.0011,-10.7922,1822700.0
1985-11-22,-10.7922,-10.725,-10.8594,-10.7922,1218100.0
1985-11-25,-10.725,-10.725,-10.8594,-10.8594,487700.0
1985-11-26,-10.8594,-10.725,-10.8594,-10.7922,637800.0
1985-11-27,-10.7922,-10.725,-10.7922,-10.7922,1154000.0
1985-11-29,-10.725,-10.6504,-10.7922,-10.6504,527100.0
1985-12-02,-10.6504,-10.5086,-10.6504,-10.6504,921800.0
1985-12-03,-10.5833,-10.5086,-10.6504,-10.5833,724200.0
1985-12-04,-10.5086,-10.1579,-10.5086,-10.1579,1820300.0
1985-12-05,-10.1579,-10.1579,-10.5086,-10.4415,1251400.0
1985-12-06,-10.5833,-10.4415,-10.725,-10.4415,355200.0
1985-12-09,-10.4415,-10.4415,-10.6504,-10.5086,975900.0
1985-12-10,-10.5086,-10.5086,-10.7922,-10.6504,588900.0
1985-12-11,-10.6504,-10.4415,-10.6504,-10.4415,1184400.0
1985-12-12,-10.3743,-10.1579,-10.4415,-10.2325,1271800.0
1985-12-13,-10.2997,-10.0236,-10.2997,-10.0908,990600.0
1985-12-16,-10.1579,-9.8072,-10.2325,-9.949,2137000.0
1985-12-17,-9.74,-9.74,-9.949,-9.949,1291200.0
1985-12-18,-9.8072,-9.74,-9.949,-9.8818,837200.0
1985-12-19,-9.8072,-9.5983,-9.8818,-9.5983,2386800.0
1985-12-20,-9.5983,-9.2475,-9.6729,-9.5311,3566000.0
1985-12-23,-9.6729,-9.6729,-9.74,-9.6729,1351600.0
1985-12-24,-9.8072,-9.8072,-10.0908,-9.949,565100.0
1985-12-26,-10.0236,-10.0236,-10.1579,-10.1579,270700.0
1985-12-27,-10.0908,-10.0236,-10.2325,-10.2325,316800.0
1985-12-30,-10.1579,-10.0908,-10.2325,-10.1579,1022000.0
1985-12-31,-10.0908,-9.8072,-10.1579,-9.8072,555200.0
1986-01-02,-9.8072,-9.8072,-10.0908,-10.0236,511900.0
1986-01-03,-9.949,-9.8818,-10.0908,-9.949,433100.0
1986-01-06,-10.0908,-9.5311,-10.2325,-9.6729,993500.0
1986-01-07,-9.5311,-9.1804,-9.5311,-9.2475,7236500.0
1986-01-08,-9.2475,-9.0386,-9.74,-9.5983,2639500.0
1986-01-09,-9.74,-9.6729,-10.0908,-9.949,1504000.0
1986-01-10,-9.8818,-9.4565,-9.949,-9.6729,1815100.0
1986-01-13,-9.74,-9.3893,-9.74,-9.4565,1448900.0
1986-01-14,-9.1804,-8.6133,-9.1804,-8.8297,6035000.0
1986-01-15,-8.8297,-8.5461,-9.3893,-8.6133,2410600.0
1986-01-16,-8.755,-8.6133,-8.8297,-8.6133,1848800.0
1986-01-17,-8.6133,-8.5461,-8.8968,-8.755,1666400.0
1986-01-20,-8.755,-8.755,-9.0386,-8.8968,983500.0
1986-01-21,-8.8968,-8.8297,-8.964,-8.964,993000.0
1986-01-22,-8.964,-8.8297,-8.964,-8.8968,874300.0
1986-01-23,-8.8968,-8.8968,-9.1058,-8.8968,718000.0
1986-01-24,-9.0386,-8.755,-9.0386,-8.8297,735100.0
1986-01-27,-8.8968,-8.755,-8.964,-8.8297,693300.0
1986-01-28,-8.8297,-8.755,-8.964,-8.755,1733400.0
1986-01-29,-8.6879,-8.5461,-8.755,-8.755,2297500.0
1986-01-30,-8.6133,-8.3372,-8.755,-8.6879,1695900.0
1986-01-31,-8.755,-8.6133,-8.8968,-8.8968,1788500.0
1986-02-03,-8.9491,-8.8073,-9.0908,-8.9491,1105100.0
1986-02-04,-8.9491,-8.8073,-9.0908,-8.8744,1479800.0
1986-02-05,-8.8744,-8.8073,-9.0162,-8.8073,436400.0
1986-02-06,-8.8073,-8.8073,-10.0684,-9.4416,5014000.0
1986-02-07,-9.3669,-9.2998,-9.8594,-9.2998,1280800.0
1986-02-10,-9.2998,-9.0908,-9.4416,-9.0908,1846400.0
1986-02-11,-9.0908,-8.8744,-9.158,-8.8744,1697300.0
1986-02-12,-8.8744,-8.7401,-8.9491,-8.8744,1966500.0
1986-02-13,-8.8073,-8.7401,-8.8744,-8.7401,1014400.0
1986-02-14,-8.6655,-8.5237,-8.8744,-8.8073,2368300.0
1986-02-18,-8.8744,-8.7401,-8.9491,-8.7401,1491600.0
1986-02-19,-8.8744,-8.7401,-8.8744,-8.8073,1055700.0
1986-02-20,-8.8744,-8.8073,-9.0162,-8.9491,654900.0
1986-02-21,-8.9491,-8.7401,-9.0908,-8.7401,2043500.0
1986-02-24,-8.8744,-8.7401,-9.0162,-8.8073,843400.0
1986-02-25,-8.8073,-8.6655,-8.9491,-8.6655,1847300.0
1986-02-26,-8.7401,-8.6655,-8.8073,-8.6655,1586200.0
1986-02-27,-8.6655,-8.5237,-8.7401,-8.5237,1624600.0
1986-02-28,-8.4566,-8.4566,-8.8073,-8.6655,1592800.0
1986-03-03,-8.5983,-8.5983,-8.8073,-8.7401,1315500.0
1986-03-04,-8.6655,-8.5983,-8.9491,-8.9491,1502600.0
1986-03-05,-8.9491,-8.7401,-9.0162,-8.7401,929400.0
1986-03-06,-8.7401,-8.4566,-8.8073,-8.5237,3385500.0
1986-03-07,-8.6655,-8.1058,-8.6655,-8.1058,3150500.0
1986-03-10,-8.1058,-7.9641,-8.2476,-8.173,1164900.0
1986-03-11,-8.2476,-7.9641,-8.3148,-7.9641,1405700.0
1986-03-12,-7.8969,-7.6133,-8.0312,-7.9641,3241200.0
1986-03-13,-8.0312,-7.9641,-8.2476,-8.0312,880900.0
1986-03-14,-7.9641,-7.8969,-8.2476,-7.9641,1771400.0
1986-03-17,-7.9641,-7.9641,-8.4566,-8.2476,2643300.0
1986-03-18,-8.2476,-8.2476,-8.3894,-8.3148,774100.0
1986-03-19,-8.5237,-8.3894,-8.5237,-8.3894,1813600.0
1986-03-20,-8.3894,-8.2476,-8.3894,-8.3148,1674000.0
1986-03-21,-8.2476,-8.2476,-8.5237,-8.5237,1107000.0
1986-03-24,-8.3894,-7.9641,-8.5237,-8.1058,936500.0
1986-03-25,-8.173,-8.0312,-8.2476,-8.2476,631600.0
1986-03-26,-8.2476,-7.8223,-8.2476,-7.8223,964000.0
1986-03-27,-7.7551,-7.3298,-7.7551,-7.6133,1296500.0
1986-03-31,-7.6133,-7.5462,-7.7551,-7.6805,984900.0
1986-04-01,-7.6805,-7.6805,-8.7401,-8.6655,1279800.0
1986-04-02,-10.0684,-9.7923,-10.143,-9.7923,7335700.0
1986-04-03,-9.8594,-9.7177,-10.2848,-10.0684,1838300.0
1986-04-04,-10.143,-10.0684,-10.4266,-10.2848,1460800.0
1986-04-07,-10.3519,-9.6505,-10.3519,-9.7177,1595200.0
1986-04-08,-9.6505,-9.2326,-9.8594,-9.7923,2654700.0
1986-04-09,-9.6505,-9.6505,-10.143,-9.9341,1984100.0
1986-04-10,-10.0684,-9.9341,-10.2102,-10.0012,1722000.0
1986-04-11,-9.8594,-9.7177,-10.0012,-9.8594,1163500.0
1986-04-14,-9.8594,-9.5833,-10.0012,-9.7923,1007700.0
1986-04-15,-9.6505,-9.4416,-9.7177,-9.4416,1320700.0
1986-04-16,-9.2998,-8.9491,-9.2998,-9.158,2526900.0
1986-04-17,-8.9491,-8.8744,-9.2326,-9.2326,1583300.0
1986-04-18,-9.158,-9.158,-9.5833,-9.5087,999700.0
1986-04-21,-9.5833,-9.5087,-9.7923,-9.6505,840600.0
1986-04-22,-9.6505,-9.5833,-9.9341,-9.8594,1697800.0
1986-04-23,-9.9341,-9.6505,-10.0012,-9.9341,1425600.0
1986-04-24,-9.9341,-9.9341,-10.2102,-10.143,2591000.0
1986-04-25,-10.2102,-10.143,-10.6355,-10.4937,2170300.0
1986-04-28,-10.4042,-9.9788,-10.546,-10.4042,5603800.0
1986-04-29,-10.2624,-9.0685,-10.4042,-9.2102,8468300.0
1986-04-30,-9.2102,-9.0685,-10.0535,-9.4863,7624000.0
1986-05-01,-9.4863,-9.1356,-9.6281,-9.561,4393300.0
1986-05-02,-9.4863,-9.4863,-9.8371,-9.7027,1693500.0
1986-05-05,-9.7027,-9.1356,-9.7027,-9.3446,2015500.0
1986-05-06,-9.3446,-9.2774,-9.7699,-9.6281,1081300.0
1986-05-07,-9.6281,-9.561,-9.9788,-9.6281,1397100.0
1986-05-08,-9.6281,-9.2102,-9.9117,-9.4192,1539100.0
1986-05-09,-9.0685,-8.7849,-9.0685,-8.9267,1247600.0
1986-05-12,-8.9267,-8.7849,-8.9938,-8.9267,918000.0
1986-05-13,-8.9267,-8.5013,-8.9267,-8.6431,941700.0
1986-05-14,-8.5759,-8.4342,-8.7177,-8.5759,2174100.0
1986-05-15,-8.5013,-8.5013,-8.9267,-8.852,689500.0
1986-05-16,-8.852,-8.852,-9.2102,-9.0685,1244700.0
1986-05-19,-9.1356,-9.0685,-9.4192,-9.2774,455000.0
1986-05-20,-9.2774,-9.2102,-9.4192,-9.2102,330500.0
1986-05-21,-9.2774,-9.1356,-9.2774,-9.2102,3825300.0
1986-05-22,-9.1356,-8.9267,-9.2102,-8.9267,1324500.0
1986-05-23,-8.9938,-8.852,-9.1356,-8.852,396500.0
1986-05-27,-8.7177,-8.7177,-8.9267,-8.9267,646800.0
1986-05-28,-8.7849,-8.5013,-8.9267,-8.7177,952600.0
1986-05-29,-8.6431,-8.3595,-8.7177,-8.4342,1280300.0
1986-05-30,-8.4342,-8.2252,-8.5013,-8.4342,791700.0
1986-06-02,-8.4342,-8.3595,-8.7849,-8.7177,580300.0
1986-06-03,-14.1353,-13.9935,-14.2024,-14.0606,2958000.0
1986-06-04,-13.9935,-13.9189,-14.3442,-14.2024,880800.0
1986-06-05,-14.3442,-14.1353,-14.3442,-14.2024,964000.0
1986-06-06,-14.2024,-14.1353,-14.2696,-14.2024,651600.0
1986-06-09,-14.2024,-14.2024,-14.5531,-14.4114,687000.0
1986-06-10,-14.6278,-14.5531,-14.7621,-14.5531,459100.0
1986-06-11,-14.6949,-14.5531,-14.8367,-14.5531,1185000.0
1986-06-12,-14.5531,-14.3442,-14.6949,-14.4114,821600.0
1986-06-13,-14.3442,-14.2696,-14.486,-14.2696,1242000.0
1986-06-16,-14.2696,-14.0606,-14.3442,-14.0606,1398700.0
1986-06-17,-14.0606,-14.0606,-14.486,-14.486,1022300.0
1986-06-18,-14.486,-14.3442,-14.6949,-14.4114,583500.0
1986-06-19,-14.3442,-14.2696,-14.6278,-14.6278,860500.0
1986-06-20,-14.486,-14.486,-14.7621,-14.486,1022600.0
1986-06-23,-14.486,-14.486,-14.7621,-14.6278,1179000.0
1986-06-24,-14.486,-14.486,-14.7621,-14.6278,706300.0
1986-06-25,-14.6278,-14.2696,-14.6949,-14.3442,1715600.0
1986-06-26,-14.3442,-14.3442,-14.6949,-14.6278,3130200.0
1986-06-27,-14.486,-14.4114,-14.6278,-14.4114,1252800.0
1986-06-30,-14.4114,-14.0606,-14.486,-14.1353,1689700.0
1986-07-01,-14.0606,-13.9935,-14.1353,-13.9935,1410400.0
1986-07-02,-13.9935,-13.6428,-14.0606,-13.6428,1756500.0
1986-07-03,-13.5681,-13.2174,-13.7771,-13.4263,896900.0
1986-07-07,-13.501,-13.3592,-14.1353,-13.9935,1112500.0
1986-07-08,-14.2696,-14.2024,-14.5531,-14.2696,1161600.0
1986-07-09,-14.2024,-13.9935,-14.2024,-14.1353,730100.0
1986-07-10,-13.9189,-13.8517,-14.2696,-14.1353,676600.0
1986-07-11,-13.9935,-13.8517,-14.0606,-13.9189,531200.0
1986-07-14,-14.0606,-13.9189,-14.2024,-14.0606,544900.0
1986-07-15,-14.2024,-14.0606,-14.486,-14.4114,1212600.0
1986-07-16,-14.4114,-14.1353,-14.4114,-14.3442,1545300.0
1986-07-17,-14.2696,-14.2024,-14.3442,-14.2024,1054300.0
1986-07-18,-14.2024,-14.1353,-14.4114,-14.2024,1672600.0
1986-07-21,-14.2024,-14.2024,-14.3442,-14.2696,600600.0
1986-07-22,-14.2024,-14.1353,-14.4114,-14.3442,1313900.0
1986-07-23,-14.2696,-14.1353,-14.2696,-14.1353,552800.0
1986-07-24,-14.0606,-13.8517,-14.0606,-13.8517,829200.0
1986-07-25,-13.8517,-13.7099,-13.9935,-13.9189,702500.0
1986-07-28,-14.1203,-13.8368,-14.1875,-14.1203,548000.0
1986-07-29,-14.0457,-14.0457,-14.2621,-14.2621,875100.0
1986-07-30,-14.1875,-14.1875,-14.3293,-14.1875,788600.0
1986-07-31,-14.1203,-13.9785,-14.1875,-14.0457,990300.0
1986-08-01,-13.9039,-13.6278,-14.0457,-13.9785,658500.0
1986-08-04,-13.9785,-13.8368,-14.0457,-13.9785,631000.0
1986-08-05,-13.9785,-13.2025,-13.9785,-13.2025,3187500.0
1986-08-06,-13.2696,-13.2025,-13.4114,-13.4114,809200.0
1986-08-07,-13.4114,-12.9935,-13.486,-13.1353,2482100.0
1986-08-08,-13.2696,-12.9189,-13.2696,-12.9935,1370900.0
1986-08-11,-12.9935,-12.7771,-13.0607,-12.8518,1150800.0
1986-08-12,-13.0607,-12.9935,-13.2696,-13.0607,1218900.0
1986-08-13,-12.9189,-12.5682,-13.1353,-12.9189,1864800.0
1986-08-14,-12.7771,-12.71,-12.9189,-12.7771,1572900.0
1986-08-15,-12.7771,-12.6354,-12.9189,-12.71,1426000.0
1986-08-18,-12.5682,-12.5682,-12.7771,-12.7771,672500.0
1986-08-19,-12.9935,-12.9189,-13.1353,-13.0607,853500.0
1986-08-20,-12.9935,-12.9189,-13.1353,-12.9935,1125200.0
1986-08-21,-12.9189,-12.8518,-12.9935,-12.8518,500500.0
1986-08-22,-12.9189,-12.8518,-12.9935,-12.8518,619300.0
1986-08-25,-12.9935,-12.9189,-13.1353,-13.1353,660400.0
1986-08-26,-13.0607,-12.5682,-13.1353,-12.5682,1469000.0
1986-08-27,-12.6354,-12.5682,-12.71,-12.6354,930500.0
1986-08-28,-12.6354,-12.5682,-12.7771,-12.7771,1538700.0
1986-08-29,-12.6354,-12.5682,-12.7771,-12.6354,1265400.0
1986-09-02,-12.6354,-12.6354,-13.1353,-13.0607,942500.0
1986-09-03,-13.1353,-13.1353,-13.3443,-13.2696,700600.0
1986-09-04,-13.2696,-13.1353,-13.3443,-13.1353,762700.0
1986-09-05,-13.0607,-13.0607,-13.4114,-13.4114,1740700.0
1986-09-08,-13.3443,-13.3443,-13.8368,-13.695,986200.0
1986-09-09,-13.695,-13.6278,-13.7696,-13.695,2704700.0
1986-09-10,-13.6278,-13.5532,-13.7696,-13.6278,817100.0
1986-09-11,-13.6278,-13.6278,-14.1875,-14.0457,1514300.0
1986-09-12,-14.0457,-14.0457,-15.1053,-14.8218,2485300.0
1986-09-15,-14.5382,-14.4711,-14.7546,-14.7546,1189800.0
1986-09-16,-14.7546,-14.6128,-14.8218,-14.7546,795600.0
1986-09-17,-14.68,-13.9785,-14.7546,-14.0457,1403800.0
1986-09-18,-14.1203,-14.1203,-14.4711,-14.3964,1074800.0
1986-09-19,-14.3964,-14.2621,-14.4711,-14.3964,572400.0
1986-09-22,-14.3964,-14.3964,-14.5382,-14.3964,1196700.0
1986-09-23,-14.3293,-14.2621,-14.4711,-14.4711,770300.0
1986-09-24,-14.4711,-14.3293,-14.7546,-14.4711,590800.0
1986-09-25,-14.4711,-14.3964,-14.5382,-14.3964,597400.0
1986-09-26,-14.4711,-13.9785,-14.4711,-14.0457,688000.0
1986-09-29,-14.2621,-14.1203,-14.3964,-14.2621,515700.0
1986-09-30,-14.3293,-14.2621,-14.3964,-14.3964,864300.0
1986-10-01,-14.3964,-13.9039,-14.3964,-13.9785,769000.0
1986-10-02,-14.1203,-13.9039,-14.3293,-14.3293,469800.0
1986-10-03,-14.2621,-13.9785,-14.3293,-14.2621,930800.0
1986-10-06,-14.1875,-13.9785,-14.2621,-14.1203,461900.0
1986-10-07,-14.1203,-14.0457,-14.3293,-14.1875,1226200.0
1986-10-08,-14.1875,-13.7696,-14.2621,-13.7696,744600.0
1986-10-09,-13.7696,-13.7696,-14.0457,-13.9039,339100.0
1986-10-10,-13.9785,-13.9039,-14.0457,-14.0457,242500.0
1986-10-13,-14.1203,-13.9785,-14.1875,-13.9785,228600.0
1986-10-14,-13.9785,-13.695,-13.9785,-13.7696,1202400.0
1986-10-15,-13.8368,-13.695,-13.8368,-13.695,1266400.0
1986-10-16,-13.695,-13.5532,-13.7696,-13.695,1019800.0
1986-10-17,-13.8368,-13.695,-13.9039,-13.8368,490700.0
1986-10-20,-13.8368,-13.8368,-14.3293,-14.1203,604700.0
1986-10-21,-13.9785,-13.9785,-14.1875,-14.1203,680400.0
1986-10-22,-14.1203,-14.0457,-14.1875,-14.0457,538500.0
1986-10-23,-14.1203,-13.9785,-14.1203,-14.1203,783300.0
1986-10-24,-14.1203,-13.9785,-14.1203,-14.1203,729800.0
1986-10-27,-14.1054,-13.9636,-14.1726,-14.1054,275400.0
1986-10-28,-14.1054,-13.889,-14.1054,-13.9636,1653600.0
1986-10-29,-13.9636,-13.4711,-14.0308,-13.6129,2263400.0
1986-10-30,-13.4711,-13.3293,-13.6129,-13.3293,992500.0
1986-10-31,-13.3965,-13.1876,-13.4711,-13.1876,1006800.0
1986-11-03,-13.2547,-13.0458,-13.2547,-13.1876,2143400.0
1986-11-04,-13.2547,-12.8368,-13.2547,-13.1876,2986500.0
1986-11-05,-12.6204,-12.2026,-12.904,-12.2697,4393400.0
1986-11-06,-12.3369,-11.7772,-12.5533,-12.2697,8672200.0
1986-11-07,-12.4787,-12.2697,-12.4787,-12.4787,3532000.0
1986-11-10,-12.2697,-12.1279,-12.4787,-12.3369,2130700.0
1986-11-11,-12.4115,-12.0608,-12.5533,-12.0608,4077800.0
1986-11-12,-12.0608,-11.2847,-12.0608,-12.0608,13066000.0
1986-11-13,-11.4937,-11.2101,-11.7772,-11.6354,6604800.0
1986-11-14,-11.7772,-11.2847,-11.919,-11.3519,2674300.0
1986-11-17,-11.7026,-11.7026,-12.2697,-12.2697,3158700.0
1986-11-18,-12.5533,-12.4787,-13.1129,-12.9786,3704500.0
1986-11-19,-13.3293,-13.1129,-13.6129,-13.3293,2765200.0
1986-11-20,-12.9786,-12.4787,-13.0458,-12.4787,2035700.0
1986-11-21,-12.6204,-12.1279,-12.7622,-12.2026,2048400.0
1986-11-24,-12.2697,-12.0608,-12.6951,-12.6204,2515400.0
1986-11-25,-12.4787,-12.4787,-12.8368,-12.5533,1187200.0
1986-11-26,-12.5533,-12.2697,-12.6951,-12.3369,1939200.0
1986-11-28,-12.2697,-12.2697,-12.5533,-12.4115,466000.0
1986-12-01,-12.8368,-12.6951,-13.0458,-12.6951,983400.0
1986-12-02,-12.5533,-12.4115,-12.6951,-12.4787,2076600.0
1986-12-03,-12.4115,-11.9862,-12.6204,-12.2026,2928800.0
1986-12-04,-12.2026,-12.1279,-12.4115,-12.3369,1065700.0
1986-12-05,-12.4115,-12.2026,-12.8368,-12.7622,1408200.0
1986-12-08,-12.6204,-12.4787,-12.904,-12.6204,1161900.0
1986-12-09,-12.5533,-12.4115,-12.7622,-12.6951,485700.0
1986-12-10,-12.7622,-12.4115,-12.7622,-12.6204,1175200.0
1986-12-11,-12.5533,-12.5533,-12.9786,-12.9786,1741600.0
1986-12-12,-12.9786,-12.9786,-13.2547,-13.0458,1102700.0
1986-12-15,-13.0458,-12.9786,-13.2547,-13.1129,1781500.0
1986-12-16,-12.9786,-12.8368,-13.0458,-12.8368,715500.0
1986-12-17,-12.9786,-12.8368,-13.1876,-13.1876,1661800.0
1986-12-18,-13.8218,-13.6129,-14.0308,-13.889,8758700.0
1986-12-19,-13.889,-13.8218,-13.9636,-13.8218,2850000.0
1986-12-22,-13.8218,-13.8218,-14.0308,-13.889,1282900.0
1986-12-23,-13.9636,-13.889,-14.1726,-14.0308,1724500.0
1986-12-24,-14.1726,-13.9636,-14.1726,-13.9636,1878100.0
1986-12-26,-13.9636,-13.9636,-14.1054,-14.1054,346000.0
1986-12-29,-14.0308,-14.0308,-14.1726,-14.1726,1243600.0
1986-12-30,-14.0308,-14.0308,-14.1726,-14.1726,920700.0
1986-12-31,-14.1054,-14.0308,-14.2472,-14.0308,1335700.0
1987-01-02,-14.1054,-13.9636,-14.1054,-13.9636,542600.0
1987-01-05,-14.0308,-13.7547,-14.1726,-13.8218,3130200.0
1987-01-06,-13.8218,-13.7547,-13.9636,-13.889,2228800.0
1987-01-07,-13.9636,-13.889,-14.1054,-13.9636,1602900.0
1987-01-08,-13.889,-13.6801,-13.889,-13.7547,4566000.0
1987-01-09,-13.6801,-13.5383,-13.7547,-13.5383,2078500.0
1987-01-12,-13.889,-13.3293,-14.2472,-14.1726,6978100.0
1987-01-13,-14.2472,-14.1726,-14.5307,-14.3143,5140300.0
1987-01-14,-14.4561,-14.1054,-14.5307,-14.1726,5628500.0
1987-01-15,-13.9636,-13.6801,-14.0308,-13.889,3216300.0
1987-01-16,-13.8218,-13.7547,-14.2472,-14.1054,2153800.0
1987-01-19,-14.1054,-13.8218,-14.1726,-13.889,1782100.0
1987-01-20,-13.5383,-13.5383,-13.889,-13.7547,2100000.0
1987-01-21,-13.7547,-13.7547,-14.4561,-14.1054,2120300.0
1987-01-22,-14.1054,-13.7547,-14.2472,-13.7547,2726900.0
1987-01-23,-13.8218,-13.6801,-14.3143,-13.9636,3646900.0
1987-01-26,-13.9636,-13.9636,-14.3143,-14.3143,1749800.0
1987-01-27,-14.3143,-13.8218,-14.3143,-14.0308,2595100.0
1987-01-28,-14.1054,-14.0308,-14.2472,-14.1054,2723100.0
1987-01-29,-14.1726,-13.8218,-14.1726,-13.9636,1858100.0
1987-01-30,-13.9636,-13.9636,-14.1726,-14.1054,1307200.0
1987-02-02,-14.0159,-13.8815,-14.1576,-14.0159,1606700.0
1987-02-03,-13.9487,-13.6651,-14.0159,-13.7398,3245100.0
1987-02-04,-13.7398,-13.6651,-13.8069,-13.8069,2230400.0
1987-02-05,-13.7398,-13.5234,-13.8815,-13.6651,3043800.0
1987-02-06,-13.598,-13.4562,-13.7398,-13.6651,2548000.0
1987-02-09,-13.6651,-13.598,-13.7398,-13.598,902600.0
1987-02-10,-13.7398,-13.598,-13.8815,-13.8069,3187500.0
1987-02-11,-13.8069,-13.7398,-13.9487,-13.8815,1590600.0
1987-02-12,-13.8069,-13.7398,-13.8815,-13.7398,1667200.0
1987-02-13,-13.8069,-13.6651,-13.8069,-13.7398,2851000.0
1987-02-17,-13.7398,-13.3816,-13.8069,-13.5234,1430700.0
1987-02-18,-13.5234,-13.4562,-13.7398,-13.6651,1879000.0
1987-02-19,-13.598,-13.598,-13.7398,-13.7398,1527600.0
1987-02-20,-13.598,-13.5234,-13.7398,-13.5234,1472200.0
1987-02-23,-13.5234,-13.5234,-13.8069,-13.7398,5284000.0
1987-02-24,-13.598,-13.5234,-13.8069,-13.6651,3245100.0
1987-02-25,-13.7398,-13.598,-13.8069,-13.6651,2089900.0
1987-02-26,-13.6651,-13.6651,-13.8069,-13.7398,736100.0
1987-02-27,-13.6651,-13.598,-13.8069,-13.6651,1575400.0
1987-03-02,-13.6651,-13.598,-13.7398,-13.6651,1432300.0
1987-03-03,-13.598,-13.5234,-13.7398,-13.5234,1487400.0
1987-03-04,-13.4562,-13.3144,-13.598,-13.3144,2637300.0
1987-03-05,-13.1726,-12.7473,-13.2398,-13.0309,3876700.0
1987-03-06,-12.9562,-12.9562,-13.098,-12.9562,2928800.0
1987-03-09,-13.0309,-12.9562,-13.1726,-13.098,2450100.0
1987-03-10,-13.0309,-12.8891,-13.098,-13.098,1136900.0
1987-03-11,-13.0309,-12.9562,-13.4562,-13.4562,1469600.0
1987-03-12,-13.3144,-13.2398,-13.3816,-13.3144,838300.0
1987-03-13,-13.2398,-13.098,-13.3144,-13.1726,1962900.0
1987-03-16,-13.098,-13.098,-13.3816,-13.3144,2000900.0
1987-03-17,-13.3144,-13.1726,-13.3144,-13.1726,733900.0
1987-03-18,-13.098,-13.0309,-13.2398,-13.0309,1132200.0
1987-03-19,-13.1726,-13.0309,-13.1726,-13.098,495500.0
1987-03-20,-13.0309,-12.8891,-13.098,-12.9562,1990800.0
1987-03-23,-13.0309,-12.9562,-13.1726,-13.0309,1003900.0
1987-03-24,-13.098,-12.6055,-13.098,-12.7473,1385100.0
1987-03-25,-12.6055,-12.6055,-12.8219,-12.6801,1436400.0
1987-03-26,-12.6801,-12.6801,-12.9562,-12.9562,769300.0
1987-03-27,-12.9562,-12.9562,-13.2398,-13.1726,1709000.0
1987-03-30,-13.3144,-13.2398,-13.6651,-13.598,1710600.0
1987-03-31,-13.5234,-13.3144,-13.5234,-13.3144,1955000.0
1987-04-01,-13.5234,-13.3816,-13.598,-13.3816,1306600.0
1987-04-02,-13.4562,-13.098,-13.4562,-13.2398,726600.0
1987-04-03,-13.1726,-13.0309,-13.4562,-13.1726,2154100.0
1987-04-06,-13.2398,-12.9562,-13.3144,-12.9562,1364500.0
1987-04-07,-12.7473,-12.5384,-12.9562,-12.9562,2622400.0
1987-04-08,-12.8219,-12.7473,-13.1726,-13.0309,1252100.0
1987-04-09,-13.0309,-12.8891,-13.1726,-13.0309,516100.0
1987-04-10,-13.2398,-12.9562,-13.2398,-13.1726,782300.0
1987-04-13,-13.1726,-13.0309,-13.3144,-13.3144,933300.0
1987-04-14,-13.5234,-13.3144,-13.8069,-13.6651,4307600.0
1987-04-15,-13.4562,-13.2398,-13.598,-13.3144,1185300.0
1987-04-16,-13.2398,-13.1726,-13.3144,-13.1726,1549700.0
1987-04-20,-13.2398,-13.098,-13.3144,-13.2398,724100.0
1987-04-21,-13.5234,-13.1726,-13.598,-13.1726,822800.0
1987-04-22,-13.1726,-13.1726,-13.5234,-13.3816,1251200.0
1987-04-23,-13.3816,-13.3144,-13.7398,-13.3144,2128200.0
1987-04-24,-13.5234,-13.4562,-13.8069,-13.7398,2552400.0
1987-04-27,-13.8069,-13.6651,-14.0905,-13.7398,1470900.0
1987-04-28,-13.7398,-13.4562,-13.7398,-13.598,839000.0
1987-04-29,-13.3144,-13.3144,-13.5234,-13.4562,1035600.0
1987-04-30,-13.3816,-13.3144,-13.4562,-13.3144,623700.0
1987-05-01,-13.3816,-13.3816,-13.598,-13.5234,733600.0
1987-05-04,-13.6502,-13.5084,-13.9338,-13.6502,1191000.0
1987-05-05,-13.6502,-13.2995,-13.6502,-13.2995,987100.0
1987-05-06,-13.2995,-13.2249,-13.4413,-13.2249,775000.0
1987-05-07,-13.3667,-13.2249,-13.3667,-13.2995,728800.0
1987-05-08,-13.4413,-13.3667,-13.6502,-13.5084,793400.0
1987-05-11,-13.5084,-13.0831,-13.5084,-13.3667,2489700.0
1987-05-12,-13.3667,-13.0831,-13.3667,-13.2249,1126100.0
1987-05-13,-13.2995,-13.1577,-13.5084,-13.3667,1656800.0
1987-05-14,-13.2249,-13.1577,-13.3667,-13.1577,1209100.0
1987-05-15,-13.3667,-13.2995,-13.5084,-13.5084,1034300.0
1987-05-18,-13.5084,-13.1577,-13.5831,-13.2249,1076400.0
1987-05-19,-12.9413,-12.9413,-13.5831,-13.4413,1712800.0
1987-05-20,-13.4413,-13.2995,-13.6502,-13.5084,892500.0
1987-05-21,-13.2249,-13.2249,-13.5084,-13.5084,834200.0
1987-05-22,-13.3667,-13.2249,-13.4413,-13.2995,785500.0
1987-05-26,-13.1577,-12.5234,-13.2249,-12.5906,1605100.0
1987-05-27,-12.6652,-12.5906,-12.807,-12.807,1932500.0
1987-05-28,-12.7324,-12.7324,-13.0831,-12.9413,804200.0
1987-05-29,-12.8741,-12.0981,-13.0159,-12.5234,4393400.0
1987-06-01,-12.307,-11.9563,-12.307,-11.9563,4652100.0
1987-06-02,-12.0235,-11.9563,-12.4488,-12.3816,2590700.0
1987-06-03,-12.3816,-12.1652,-12.3816,-12.307,1465200.0
1987-06-04,-12.307,-12.307,-12.6652,-12.5234,3561100.0
1987-06-05,-12.4488,-12.3816,-12.6652,-12.5234,1350900.0
1987-06-08,-12.6652,-12.2399,-12.7324,-12.307,1396800.0
1987-06-09,-12.4488,-11.8145,-12.5234,-11.8817,3474700.0
1987-06-10,-11.6727,-11.3892,-11.8817,-11.6727,4250000.0
1987-06-11,-11.6727,-11.2474,-11.6727,-11.2474,3417000.0
1987-06-12,-11.2474,-11.0385,-11.3892,-11.1802,5197600.0
1987-06-15,-11.0385,-10.8967,-11.2474,-11.1802,1676100.0
1987-06-16,-11.2474,-11.1802,-11.531,-11.2474,2231400.0
1987-06-17,-11.3146,-11.2474,-11.3892,-11.3892,983000.0
1987-06-18,-11.3146,-11.3146,-11.6727,-11.5981,1468100.0
1987-06-19,-11.531,-11.3892,-11.6727,-11.3892,2064200.0
1987-06-22,-11.0385,-10.9638,-11.1802,-10.9638,2075600.0
1987-06-23,-10.8221,-10.7549,-11.1802,-11.0385,1779000.0
1987-06-24,-11.2474,-10.6803,-11.3146,-10.6803,2489100.0
1987-06-25,-10.5385,-9.9714,-10.6131,-10.1132,4767000.0
1987-06-26,-10.2549,-9.6878,-10.3296,-9.9042,4020100.0
1987-06-29,-9.9714,-9.9714,-10.3967,-10.2549,1898300.0
1987-06-30,-10.2549,-10.1878,-10.6803,-10.5385,1437700.0
1987-07-01,-10.5385,-10.4713,-10.6803,-10.5385,1421500.0
1987-07-02,-10.2549,-9.8296,-10.2549,-9.9714,3216300.0
1987-07-06,-9.8296,-9.7624,-10.046,-10.046,2095600.0
1987-07-07,-10.046,-9.8296,-10.1132,-9.9042,1273700.0
1987-07-08,-9.9042,-9.8296,-10.2549,-9.9714,2742400.0
1987-07-09,-10.1132,-9.8296,-10.1132,-10.046,1228100.0
1987-07-10,-10.1132,-9.9714,-10.2549,-10.1878,1435500.0
1987-07-13,-10.1878,-10.1878,-10.4713,-10.2549,2371900.0
1987-07-14,-10.2549,-10.046,-10.3296,-10.2549,831100.0
1987-07-15,-10.2549,-10.046,-10.3967,-10.1878,1248700.0
1987-07-16,-10.2549,-10.1132,-10.3296,-10.2549,669600.0
1987-07-17,-10.2549,-10.1878,-10.5385,-10.3296,1241100.0
1987-07-20,-10.4713,-10.3967,-10.6131,-10.6131,681600.0
1987-07-21,-10.8221,-10.7549,-11.1056,-11.0385,2042100.0
1987-07-22,-10.8967,-10.8221,-11.1056,-10.8221,1141000.0
1987-07-23,-10.9638,-10.8221,-10.9638,-10.8221,585100.0
1987-07-24,-10.8221,-10.8221,-10.9638,-10.8221,502400.0
1987-07-27,-10.8221,-10.3296,-10.9638,-10.3296,901700.0
1987-07-28,-10.3296,-10.3296,-10.6803,-10.4713,584800.0
1987-07-29,-10.3296,-10.3296,-10.6131,-10.3296,1441500.0
1987-07-30,-10.3296,-9.8296,-10.3967,-9.8296,1830200.0
1987-07-31,-9.9714,-9.9042,-10.046,-9.9042,603800.0
1987-08-03,-10.0311,-9.8893,-10.0982,-10.0311,1430700.0
1987-08-04,-10.0982,-10.0311,-10.24,-10.1729,1158100.0
1987-08-05,-10.0311,-9.4639,-10.0311,-9.4639,3979900.0
1987-08-06,-9.4639,-9.0386,-9.5386,-9.1804,2869000.0
1987-08-07,-9.1132,-8.755,-9.1804,-8.9714,2705000.0
1987-08-10,-8.8297,-8.755,-9.0386,-8.9714,2857600.0
1987-08-11,-9.2475,-9.2475,-9.6729,-9.2475,2668900.0
1987-08-12,-9.5983,-9.1729,-9.6729,-9.1729,2206700.0
1987-08-13,-9.3147,-8.8894,-9.3147,-8.964,1640900.0
1987-08-14,-9.1058,-8.8894,-9.2475,-9.1729,1065300.0
1987-08-17,-9.3147,-9.1058,-9.4565,-9.3147,807300.0
1987-08-18,-9.3147,-9.3147,-9.9564,-9.6729,1179000.0
1987-08-19,-9.74,-9.6729,-9.9564,-9.74,820900.0
1987-08-20,-9.74,-9.3893,-9.8147,-9.3893,2182300.0
1987-08-21,-9.3147,-9.0311,-9.3893,-9.1058,1658300.0
1987-08-24,-9.1729,-8.8222,-9.2475,-9.1058,2871500.0
1987-08-25,-8.964,-8.6804,-9.0311,-8.964,2958000.0
1987-08-26,-9.0311,-8.964,-9.4565,-9.3893,1731500.0
1987-08-27,-9.4565,-9.1729,-9.5311,-9.4565,1539300.0
1987-08-28,-9.5311,-9.5311,-10.0236,-9.8818,990300.0
1987-08-31,-10.0236,-9.6729,-10.0982,-9.74,548300.0
1987-09-01,-9.74,-9.0311,-9.8147,-9.6729,1700100.0
1987-09-02,-9.8147,-9.4565,-9.9564,-9.6729,1111600.0
1987-09-03,-9.3147,-9.2475,-10.0982,-9.8818,1042200.0
1987-09-04,-10.0236,-9.8147,-10.3818,-10.24,1874600.0
1987-09-08,-10.3072,-10.24,-11.0161,-10.6654,2615400.0
1987-09-09,-10.5236,-9.6729,-10.5907,-9.9564,1616200.0
1987-09-10,-9.6729,-9.4565,-10.0982,-9.8147,1268900.0
1987-09-11,-9.9564,-9.3147,-9.9564,-9.4565,1397100.0
1987-09-14,-9.3147,-9.3147,-9.6729,-9.3893,1078000.0
1987-09-15,-9.5311,-9.4565,-9.74,-9.5983,1892900.0
1987-09-16,-9.6729,-9.2475,-9.8147,-9.74,2099000.0
1987-09-17,-9.5983,-9.5983,-9.8818,-9.74,955200.0
1987-09-18,-9.6729,-9.6729,-9.8818,-9.8147,1375900.0
1987-09-21,-9.8147,-9.74,-10.5236,-10.5236,2005000.0
1987-09-22,-10.6654,-9.8818,-10.9489,-9.8818,978600.0
1987-09-23,-9.8818,-9.74,-10.3072,-10.3072,1911600.0
1987-09-24,-10.24,-10.0236,-10.3818,-10.1654,536000.0
1987-09-25,-10.0236,-9.9564,-10.1654,-10.0982,354900.0
1987-09-28,-10.0236,-9.3893,-10.0236,-9.5983,905200.0
1987-09-29,-9.4565,-9.3147,-9.5983,-9.5311,1691900.0
1987-09-30,-9.5983,-9.1729,-9.5983,-9.3893,1182500.0
1987-10-01,-9.4565,-9.1058,-9.4565,-9.1729,1185000.0
1987-10-02,-9.1729,-8.8894,-9.3147,-9.1729,695600.0
1987-10-05,-9.1058,-8.964,-9.2475,-9.1058,665800.0
1987-10-06,-9.2475,-9.1729,-9.74,-9.5983,658800.0
1987-10-07,-9.74,-9.6729,-10.24,-10.0236,903600.0
1987-10-08,-10.0236,-9.9564,-10.4489,-10.24,603800.0
1987-10-09,-10.3818,-10.1654,-10.5236,-10.24,881700.0
1987-10-12,-10.3818,-10.3072,-10.5907,-10.4489,560100.0
1987-10-13,-10.3072,-10.0236,-10.5236,-10.0236,979600.0
1987-10-14,-10.3818,-9.9564,-10.4489,-10.24,1519700.0
1987-10-15,-10.5236,-10.3072,-10.8071,-10.8071,1298400.0
1987-10-16,-10.6654,-10.5907,-11.516,-11.2325,2187400.0
1987-10-19,-13.8517,-10.5907,-13.9189,-13.8517,6107200.0
1987-10-20,-13.7099,-12.7846,-13.9935,-13.5681,4373500.0
1987-10-21,-12.501,-11.9414,-13.6353,-12.501,13364800.0
1987-10-22,-13.9935,-13.0682,-14.0606,-13.0682,4087000.0
1987-10-23,-13.2846,-12.5757,-13.3517,-12.8592,1546900.0
1987-10-26,-13.6353,-13.3517,-13.9189,-13.8517,1954000.0
1987-10-27,-13.5681,-13.1428,-14.0606,-14.0606,1494700.0
1987-10-28,-14.2024,-13.9189,-14.486,-14.0606,2257300.0
1987-10-29,-14.1353,-13.0682,-14.2024,-13.1428,2776900.0
1987-10-30,-13.001,-12.9264,-13.6353,-13.4935,1763400.0
1987-11-02,-13.5532,-13.4786,-14.0457,-13.8368,2701800.0
1987-11-03,-13.9785,-13.8368,-14.1875,-14.0457,4135100.0
1987-11-04,-14.1875,-14.0457,-14.2621,-14.0457,1989500.0
1987-11-05,-14.1875,-13.9039,-14.1875,-13.9039,1837500.0
1987-11-06,-13.7621,-13.5532,-13.9785,-13.9785,3761800.0
1987-11-09,-14.1203,-14.0457,-14.3293,-14.2621,1445600.0
1987-11-10,-14.3293,-14.1203,-14.4039,-14.2621,1130600.0
1987-11-11,-14.1875,-14.0457,-14.3293,-14.3293,612600.0
1987-11-12,-13.9785,-13.4786,-14.1875,-13.4786,4967700.0
1987-11-13,-13.195,-12.9861,-13.3368,-13.1279,2439100.0
1987-11-16,-12.8443,-12.8443,-13.3368,-13.195,1268600.0
1987-11-17,-13.195,-13.195,-13.6204,-13.4786,699700.0
1987-11-18,-13.3368,-13.3368,-13.6204,-13.4114,943800.0
1987-11-19,-13.3368,-13.3368,-13.695,-13.695,569200.0
1987-11-20,-13.7621,-13.2696,-13.7621,-13.4114,1103700.0
1987-11-23,-13.4114,-13.195,-13.4114,-13.4114,621800.0
1987-11-24,-13.1279,-12.9115,-13.2696,-13.1279,1968900.0
1987-11-25,-13.0532,-12.9115,-13.1279,-12.9115,1145800.0
1987-11-27,-12.9115,-12.9115,-13.1279,-13.1279,727500.0
1987-11-30,-13.195,-13.1279,-13.9785,-13.8368,1114400.0
1987-12-01,-13.7621,-13.3368,-13.9039,-13.4786,1405100.0
1987-12-02,-13.4114,-13.1279,-13.5532,-13.195,1396500.0
1987-12-03,-13.0532,-12.9861,-13.5532,-13.5532,1058400.0
1987-12-04,-13.8368,-13.6204,-13.9785,-13.8368,883600.0
1987-12-07,-13.695,-13.0532,-13.7621,-13.195,1460100.0
1987-12-08,-13.2696,-13.0532,-13.4114,-13.0532,2011300.0
1987-12-09,-13.1279,-12.4861,-13.195,-12.7025,2548000.0
1987-12-10,-13.0532,-12.419,-13.0532,-12.8443,2433400.0
1987-12-11,-12.8443,-12.6279,-12.9115,-12.8443,1276500.0
1987-12-14,-12.9115,-12.419,-12.9115,-12.5607,2082600.0
1987-12-15,-12.4861,-12.3443,-12.5607,-12.4861,1278700.0
1987-12-16,-12.4861,-12.3443,-12.5607,-12.419,1895500.0
1987-12-17,-12.419,-12.3443,-12.8443,-12.8443,904500.0
1987-12-18,-12.7025,-12.419,-12.8443,-12.4861,2200300.0
1987-12-21,-12.5607,-12.0608,-12.6279,-12.0608,2339700.0
1987-12-22,-12.1354,-12.1354,-12.4861,-12.4861,1209100.0
1987-12-23,-12.3443,-12.1354,-12.419,-12.1354,1791300.0
1987-12-24,-12.0608,-12.0608,-12.2772,-12.2772,471700.0
1987-12-28,-12.419,-12.3443,-12.5607,-12.4861,903900.0
1987-12-29,-12.4861,-12.419,-12.7025,-12.5607,467300.0
1987-12-30,-12.6279,-12.419,-12.6279,-12.4861,1115700.0
1987-12-31,-12.4861,-12.3443,-12.6279,-12.3443,555600.0
1988-01-04,-12.2026,-11.6354,-12.3443,-11.7101,2280100.0
1988-01-05,-12.3443,-12.2026,-12.9861,-12.7697,9353900.0
1988-01-06,-12.6279,-12.4861,-12.7697,-12.6279,2216500.0
1988-01-07,-12.6279,-12.2772,-12.7697,-12.3443,2632500.0
1988-01-08,-12.2772,-12.2772,-13.195,-13.0532,2495400.0
1988-01-11,-13.195,-12.9861,-13.4114,-13.195,3388500.0
1988-01-12,-13.195,-13.1279,-13.4786,-13.195,1546900.0
1988-01-13,-13.3368,-13.195,-13.4786,-13.3368,1351200.0
1988-01-14,-13.2696,-13.2696,-13.4786,-13.2696,1008400.0
1988-01-15,-13.1279,-12.9115,-13.195,-13.195,2186100.0
1988-01-18,-13.1279,-12.7697,-13.3368,-12.7697,1827100.0
1988-01-19,-12.8443,-12.7697,-12.9861,-12.9115,1336400.0
1988-01-20,-12.9115,-12.9115,-13.7621,-13.5532,1937600.0
1988-01-21,-13.3368,-13.3368,-13.6204,-13.5532,851000.0
1988-01-22,-13.4114,-13.4114,-13.5532,-13.5532,596200.0
1988-01-25,-13.5532,-13.3368,-13.5532,-13.3368,1346800.0
1988-01-26,-13.3368,-13.3368,-13.5532,-13.4786,897200.0
1988-01-27,-13.4786,-13.3368,-13.695,-13.695,1498500.0
1988-01-28,-13.6204,-13.195,-13.6204,-13.3368,687600.0
1988-01-29,-13.195,-13.195,-13.4786,-13.195,847500.0
1988-02-01,-13.1876,-12.8965,-13.1876,-13.1129,1098300.0
1988-02-02,-13.2547,-12.9712,-13.2547,-12.9712,877300.0
1988-02-03,-12.8965,-12.5458,-13.0458,-13.0458,3905200.0
1988-02-04,-12.9712,-12.9712,-13.2547,-13.1129,622100.0
1988-02-05,-13.1129,-13.0458,-13.2547,-13.1129,1292300.0
1988-02-08,-13.3293,-13.2547,-13.4711,-13.3293,631900.0
1988-02-09,-13.3293,-13.2547,-13.4711,-13.3293,1588700.0
1988-02-10,-13.3293,-13.1876,-13.4711,-13.1876,1198600.0
1988-02-11,-13.1876,-13.1129,-13.3293,-13.2547,1076400.0
1988-02-12,-13.1876,-12.9712,-13.1876,-13.0458,1614600.0
1988-02-16,-13.1129,-12.7548,-13.1876,-12.7548,1017200.0
1988-02-17,-12.613,-12.5458,-12.8294,-12.8294,826300.0
1988-02-18,-12.8294,-12.6876,-13.0458,-12.9712,3158700.0
1988-02-19,-12.8965,-12.7548,-12.9712,-12.8294,1369300.0
1988-02-22,-12.8965,-12.7548,-13.0458,-12.8965,875400.0
1988-02-23,-12.8294,-12.8294,-13.1876,-12.9712,2492900.0
1988-02-24,-12.8965,-12.6876,-13.0458,-12.8294,1471200.0
1988-02-25,-12.6876,-12.613,-13.0458,-12.8294,2643600.0
1988-02-26,-12.8965,-12.5458,-12.8965,-12.5458,2483100.0
1988-02-29,-12.5458,-12.5458,-12.8965,-12.613,2297500.0
1988-03-01,-12.613,-12.613,-13.0458,-12.8294,1991400.0
1988-03-02,-12.8294,-12.6876,-13.0458,-13.0458,2473600.0
1988-03-03,-13.0458,-12.8294,-13.0458,-12.8965,1562400.0
1988-03-04,-12.8965,-12.8294,-13.0458,-12.8965,812700.0
1988-03-07,-12.8965,-12.8965,-13.1876,-13.1876,2169000.0
1988-03-08,-13.1129,-12.7548,-13.1876,-12.8294,1331000.0
1988-03-09,-12.6876,-12.613,-12.8294,-12.7548,1375900.0
1988-03-10,-12.9712,-12.8965,-13.1129,-13.1129,2612900.0
1988-03-11,-13.1129,-12.9712,-13.3965,-13.1129,2526100.0
1988-03-14,-13.0458,-12.8294,-13.0458,-12.8965,931400.0
1988-03-15,-12.8294,-12.7548,-12.8965,-12.8294,848500.0
1988-03-16,-12.8294,-12.7548,-12.9712,-12.8294,831700.0
1988-03-17,-12.7548,-12.7548,-12.8965,-12.7548,1042600.0
1988-03-18,-12.6876,-12.6876,-12.8965,-12.7548,3331200.0
1988-03-21,-12.7548,-12.2623,-12.8294,-12.3294,2217800.0
1988-03-22,-12.3294,-12.3294,-12.6876,-12.613,2317800.0
1988-03-23,-12.613,-12.613,-13.0458,-12.9712,1935400.0
1988-03-24,-12.9712,-12.3294,-13.0458,-12.6876,1902400.0
1988-03-25,-12.6876,-12.1876,-12.6876,-12.613,2220600.0
1988-03-28,-12.8965,-12.6876,-13.0458,-12.7548,769300.0
1988-03-29,-12.7548,-12.5458,-12.7548,-12.6876,997600.0
1988-03-30,-12.613,-12.404,-12.8294,-12.8294,1094200.0
1988-03-31,-12.8965,-12.8294,-13.0458,-13.0458,914300.0
1988-04-04,-12.9712,-12.8294,-13.1129,-13.0458,1234100.0
1988-04-05,-12.8294,-12.613,-12.8965,-12.6876,1766900.0
1988-04-06,-12.5458,-12.2623,-12.613,-12.3294,2170900.0
1988-04-07,-12.2623,-11.8369,-12.3294,-12.1876,1879300.0
1988-04-08,-11.5533,-11.1952,-11.7623,-11.5533,5829200.0
1988-04-11,-11.4787,-11.4787,-11.7623,-11.6205,1576300.0
1988-04-12,-11.6205,-11.4116,-11.6951,-11.5533,1832800.0
1988-04-13,-11.4787,-11.3369,-11.9041,-11.6205,2006900.0
1988-04-14,-11.9041,-11.8369,-12.613,-12.4712,1651400.0
1988-04-15,-12.5458,-11.9787,-12.7548,-12.0459,1705500.0
1988-04-18,-12.1876,-11.4787,-12.2623,-11.4787,2019600.0
1988-04-19,-11.4116,-11.2698,-11.6205,-11.5533,3187500.0
1988-04-20,-11.5533,-11.1952,-11.9041,-11.9041,4733100.0
1988-04-21,-11.7623,-11.4787,-12.0459,-11.8369,3101400.0
1988-04-22,-11.7623,-11.6205,-11.9041,-11.6951,1361100.0
1988-04-25,-11.6951,-11.6951,-11.9041,-11.7623,1079600.0
1988-04-26,-11.7623,-11.6205,-11.7623,-11.6951,1168200.0
1988-04-27,-11.6951,-11.5533,-11.8369,-11.6205,1247700.0
1988-04-28,-11.6205,-11.4116,-11.6951,-11.4787,1637100.0
1988-04-29,-11.5533,-11.4787,-11.7623,-11.6205,1088800.0
1988-05-02,-11.6802,-11.5384,-11.8891,-11.6056,699000.0
1988-05-03,-11.6056,-11.5384,-11.6802,-11.6056,1474400.0
1988-05-04,-11.6056,-11.3966,-11.6802,-11.3966,1460500.0
1988-05-05,-11.4638,-11.2549,-11.5384,-11.322,2273500.0
1988-05-06,-11.3966,-11.322,-11.5384,-11.4638,1210700.0
1988-05-09,-11.6056,-11.5384,-11.822,-11.7474,1297100.0
1988-05-10,-11.822,-11.6802,-11.8891,-11.7474,902000.0
1988-05-11,-11.9638,-11.8891,-12.2473,-12.2473,847200.0
1988-05-12,-12.2473,-12.0309,-12.322,-12.1055,741800.0
1988-05-13,-12.1055,-11.822,-12.1055,-11.822,1325900.0
1988-05-16,-11.8891,-11.7474,-11.9638,-11.7474,926000.0
1988-05-17,-11.7474,-11.6802,-12.1055,-12.1055,1672600.0
1988-05-18,-12.0309,-12.0309,-12.2473,-12.1727,1669100.0
1988-05-19,-12.1055,-12.0309,-12.2473,-12.0309,2339700.0
1988-05-20,-12.0309,-12.0309,-12.4637,-12.2473,2200000.0
1988-05-23,-12.322,-12.2473,-12.4637,-12.322,772200.0
1988-05-24,-12.322,-12.2473,-12.4637,-12.322,932100.0
1988-05-25,-12.2473,-12.1727,-12.2473,-12.2473,656300.0
1988-05-26,-12.322,-12.1727,-12.3891,-12.3891,1272400.0
1988-05-27,-12.3891,-12.322,-12.4637,-12.3891,885800.0
1988-05-31,-12.322,-12.1055,-12.3891,-12.1055,1309800.0
1988-06-01,-12.1055,-11.9638,-12.2473,-11.9638,1182500.0
1988-06-02,-12.1055,-11.9638,-12.1055,-12.0309,707900.0
1988-06-03,-11.9638,-11.822,-12.1055,-11.9638,1043200.0
1988-06-06,-11.8891,-11.6802,-11.8891,-11.7474,836400.0
1988-06-07,-11.6802,-11.6802,-12.1727,-12.1055,1360100.0
1988-06-08,-12.0309,-11.8891,-12.1055,-11.9638,1413000.0
1988-06-09,-11.9638,-11.8891,-12.4637,-12.322,3187500.0
1988-06-10,-12.322,-12.2473,-12.6055,-12.4637,2512800.0
1988-06-13,-12.5309,-12.4637,-12.6727,-12.5309,2473900.0
1988-06-14,-12.6055,-12.5309,-12.7473,-12.6727,3421800.0
1988-06-15,-12.6727,-12.6727,-13.0309,-13.0309,6187300.0
1988-06-16,-13.1726,-13.1726,-13.3816,-13.2398,5325500.0
1988-06-17,-13.2398,-13.1726,-13.3816,-13.3144,2093000.0
1988-06-20,-13.3816,-13.2398,-13.3816,-13.3144,2155100.0
1988-06-21,-13.2398,-13.1726,-13.3816,-13.3144,2693300.0
1988-06-22,-13.1726,-13.1726,-13.3144,-13.1726,2028400.0
1988-06-23,-13.1726,-12.9562,-13.598,-13.0309,3103600.0
1988-06-24,-12.9562,-12.9562,-13.3144,-13.3144,2236800.0
1988-06-27,-13.3144,-13.3144,-13.4562,-13.3144,1405100.0
1988-06-28,-13.4562,-13.0309,-13.4562,-13.0309,3616800.0
1988-06-29,-13.0309,-12.7473,-13.098,-12.7473,2966500.0
1988-06-30,-12.8145,-12.6727,-13.0309,-12.8891,1487100.0
1988-07-01,-13.0309,-12.5309,-13.0309,-12.6727,1375600.0
1988-07-05,-12.8145,-12.6055,-12.8891,-12.6055,1303700.0
1988-07-06,-12.6055,-12.6055,-12.9562,-12.8891,1751700.0
1988-07-07,-12.9562,-12.8891,-13.098,-13.098,1059700.0
1988-07-08,-13.098,-12.9562,-13.098,-13.0309,837100.0
1988-07-11,-13.0309,-12.8891,-13.0309,-13.0309,466300.0
1988-07-12,-12.9562,-12.8891,-13.0309,-13.0309,800000.0
1988-07-13,-13.0309,-12.9562,-13.1726,-13.098,1117900.0
1988-07-14,-13.1726,-13.098,-13.3144,-13.2398,2404200.0
1988-07-15,-13.2398,-13.098,-13.2398,-13.1726,1381300.0
1988-07-18,-13.2398,-13.098,-13.3144,-13.1726,2513500.0
1988-07-19,-13.1726,-13.0309,-13.2398,-13.098,2490000.0
1988-07-20,-13.1726,-13.0309,-13.1726,-13.1726,952600.0
1988-07-21,-13.1726,-13.098,-13.2398,-13.2398,1016300.0
1988-07-22,-13.2398,-13.2398,-13.4562,-13.3816,986800.0
1988-07-25,-13.2398,-13.1726,-13.3144,-13.1726,1258800.0
1988-07-26,-13.1726,-12.8145,-13.1726,-12.9562,1136600.0
1988-07-27,-12.8891,-12.8145,-13.0309,-13.0309,776000.0
1988-07-28,-12.9562,-12.9562,-13.2398,-13.1726,2244400.0
1988-07-29,-13.098,-12.7473,-13.2398,-12.7473,2027200.0
1988-08-01,-12.6652,-12.5234,-12.7398,-12.6652,536300.0
1988-08-02,-12.7398,-12.3816,-12.8816,-12.3816,671800.0
1988-08-03,-12.8816,-12.5906,-12.8816,-12.7398,603400.0
1988-08-04,-12.6652,-12.6652,-12.8816,-12.807,771500.0
1988-08-05,-13.0234,-12.8816,-13.0234,-12.9562,367900.0
1988-08-08,-13.0234,-12.807,-13.0234,-12.8816,1280000.0
1988-08-09,-12.807,-12.807,-13.098,-12.9562,951700.0
1988-08-10,-13.098,-13.0234,-13.1726,-13.098,431800.0
1988-08-11,-13.1726,-13.098,-13.2398,-13.098,745000.0
1988-08-12,-13.098,-13.098,-13.2398,-13.2398,607200.0
1988-08-15,-13.2398,-13.1726,-13.5308,-13.5308,1175200.0
1988-08-16,-14.1054,-13.7472,-14.18,-13.889,1225200.0
1988-08-17,-13.9636,-13.8218,-14.1054,-14.0308,1999900.0
1988-08-18,-14.0308,-13.9636,-14.1054,-14.0308,821900.0
1988-08-19,-14.0308,-13.8218,-14.0308,-13.889,993500.0
1988-08-22,-13.9636,-13.889,-14.18,-14.0308,991900.0
1988-08-23,-14.0308,-13.8218,-14.1054,-13.8218,901700.0
1988-08-24,-13.8218,-13.6054,-13.889,-13.6054,2524900.0
1988-08-25,-13.8218,-13.6726,-13.889,-13.7472,1054300.0
1988-08-26,-13.8218,-13.7472,-13.889,-13.7472,1089400.0
1988-08-29,-13.7472,-13.5308,-13.7472,-13.6054,1264800.0
1988-08-30,-13.6054,-13.5308,-13.7472,-13.7472,1330300.0
1988-08-31,-13.6726,-13.6054,-13.8218,-13.7472,814300.0
1988-09-01,-13.8218,-13.8218,-14.1054,-13.889,1476900.0
1988-09-02,-13.889,-13.7472,-13.889,-13.7472,1665000.0
1988-09-06,-13.7472,-13.6726,-13.8218,-13.7472,944700.0
1988-09-07,-13.7472,-13.6726,-13.7472,-13.6726,1240400.0
1988-09-08,-13.7472,-13.5308,-13.7472,-13.6054,857300.0
1988-09-09,-13.6726,-13.389,-13.6726,-13.389,3834300.0
1988-09-12,-13.4562,-13.4562,-13.5308,-13.5308,461900.0
1988-09-13,-13.6054,-13.389,-13.6054,-13.5308,1162500.0
1988-09-14,-13.5308,-13.389,-13.5308,-13.389,1346500.0
1988-09-15,-13.389,-13.389,-13.5308,-13.389,3302100.0
1988-09-16,-13.4562,-13.098,-13.4562,-13.1726,5019000.0
1988-09-19,-13.1726,-13.1726,-13.389,-13.3144,1320200.0
1988-09-20,-13.2398,-13.098,-13.2398,-13.1726,2091100.0
1988-09-21,-13.098,-13.098,-13.2398,-13.1726,1728600.0
1988-09-22,-13.1726,-13.1726,-13.389,-13.2398,1206900.0
1988-09-23,-13.3144,-12.7398,-13.389,-12.7398,5423900.0
1988-09-26,-12.7398,-12.7398,-12.9562,-12.807,2005600.0
1988-09-27,-12.8816,-12.807,-13.098,-13.0234,935500.0
1988-09-28,-13.098,-13.098,-13.3144,-13.098,1353800.0
1988-09-29,-13.1726,-13.0234,-13.2398,-13.0234,1582400.0
1988-09-30,-13.1726,-12.9562,-13.2398,-13.1726,1104900.0
1988-10-03,-13.2398,-13.098,-13.3144,-13.098,936500.0
1988-10-04,-13.0234,-12.7398,-13.098,-12.8816,3362300.0
1988-10-05,-12.8816,-12.807,-13.0234,-12.807,1012800.0
1988-10-06,-12.807,-12.807,-13.0234,-12.8816,3971400.0
1988-10-07,-12.807,-12.4488,-12.8816,-12.5906,4911100.0
1988-10-10,-12.5906,-12.5234,-12.7398,-12.5234,2376100.0
1988-10-11,-12.5906,-12.5234,-12.6652,-12.5906,2489400.0
1988-10-12,-12.7398,-12.5906,-12.8816,-12.807,1451300.0
1988-10-13,-12.9562,-12.7398,-12.9562,-12.807,1412000.0
1988-10-14,-12.6652,-12.2324,-12.6652,-12.2324,2534700.0
1988-10-17,-12.307,-12.307,-12.5906,-12.3816,2580900.0
1988-10-18,-12.307,-12.016,-12.307,-12.0906,2871500.0
1988-10-19,-12.0906,-11.9488,-12.2324,-12.0906,4549800.0
1988-10-20,-12.1652,-11.7324,-12.1652,-11.7324,3944200.0
1988-10-21,-11.8742,-11.7324,-11.9488,-11.7324,2200700.0
1988-10-24,-11.7996,-11.7324,-11.8742,-11.8742,1331900.0
1988-10-25,-12.016,-11.8742,-12.1652,-12.016,1619700.0
1988-10-26,-12.016,-11.8742,-12.0906,-11.8742,1905900.0
1988-10-27,-11.9488,-11.9488,-12.307,-12.0906,1822300.0
1988-10-28,-12.0906,-11.9488,-12.1652,-11.9488,1070700.0
1988-10-31,-12.0011,-12.0011,-12.2921,-12.1503,1047300.0
1988-11-01,-12.2921,-12.2175,-12.3667,-12.2921,1026400.0
1988-11-02,-12.2921,-12.2921,-12.6503,-12.5085,731300.0
1988-11-03,-12.5085,-12.3667,-12.5831,-12.4339,1380700.0
1988-11-04,-12.5831,-12.3667,-12.7249,-12.5085,1261600.0
1988-11-07,-12.5831,-12.5831,-12.7995,-12.7249,760100.0
1988-11-08,-12.6503,-12.5085,-12.7249,-12.5085,1690600.0
1988-11-09,-12.6503,-12.5085,-12.7249,-12.6503,925700.0
1988-11-10,-12.7249,-12.5831,-12.7249,-12.5831,874800.0
1988-11-11,-12.6503,-12.6503,-12.9413,-12.9413,934900.0
1988-11-14,-12.8667,-12.7995,-13.0831,-12.7995,1686200.0
1988-11-15,-12.8667,-12.7249,-12.9413,-12.7995,962800.0
1988-11-16,-12.7995,-12.7995,-13.1577,-13.0159,1583600.0
1988-11-17,-12.9413,-12.8667,-13.0831,-13.0159,557200.0
1988-11-18,-13.0159,-12.8667,-13.0159,-12.9413,458400.0
1988-11-21,-12.9413,-12.7995,-13.0831,-12.7995,675000.0
1988-11-22,-12.7995,-12.7249,-13.0159,-12.9413,1072900.0
1988-11-23,-12.9413,-12.9413,-13.0831,-13.0159,686100.0
1988-11-25,-13.1577,-13.0831,-13.2995,-13.1577,436900.0
1988-11-28,-13.2995,-13.0831,-13.2995,-13.0831,1144200.0
1988-11-29,-13.0831,-12.8667,-13.1577,-12.8667,1431700.0
1988-11-30,-12.7995,-12.6503,-12.8667,-12.8667,547700.0
1988-12-01,-12.8667,-12.6503,-12.9413,-12.7995,466700.0
1988-12-02,-12.7995,-12.6503,-12.9413,-12.7249,455600.0
1988-12-05,-12.5831,-12.4339,-12.6503,-12.5831,791200.0
1988-12-06,-12.5831,-12.3667,-12.6503,-12.3667,1047600.0
1988-12-07,-12.3667,-12.1503,-12.4339,-12.1503,2671800.0
1988-12-08,-12.2921,-12.2175,-12.5085,-12.4339,604700.0
1988-12-09,-12.5085,-12.3667,-12.5085,-12.5085,521800.0
1988-12-12,-12.5085,-12.1503,-12.5831,-12.4339,835500.0
1988-12-13,-12.3667,-12.3667,-12.7249,-12.4339,1059700.0
1988-12-14,-12.5831,-12.5831,-12.8667,-12.7249,1687500.0
1988-12-15,-12.7995,-12.7249,-12.8667,-12.7995,814300.0
1988-12-16,-12.7995,-12.7249,-12.8667,-12.7995,2155100.0
1988-12-19,-12.8667,-12.5831,-12.8667,-12.5831,789000.0
1988-12-20,-12.5085,-12.4339,-12.7249,-12.6503,692400.0
1988-12-21,-12.5831,-12.5085,-12.6503,-12.5085,927600.0
1988-12-22,-12.5831,-12.3667,-12.5831,-12.4339,1169200.0
1988-12-23,-12.3667,-12.1503,-12.3667,-12.1503,719600.0
1988-12-27,-12.1503,-12.0011,-12.2921,-12.2175,1245200.0
1988-12-28,-12.2175,-12.2175,-12.4339,-12.3667,349500.0
1988-12-29,-12.3667,-12.1503,-12.4339,-12.1503,1277500.0
1988-12-30,-12.1503,-12.0757,-12.3667,-12.3667,736100.0
1989-01-03,-12.2175,-12.2175,-12.5831,-12.5085,723400.0
1989-01-04,-12.4339,-12.2175,-12.5085,-12.2175,693300.0
1989-01-05,-12.1503,-11.9339,-12.2175,-11.9339,1212600.0
1989-01-06,-11.8593,-11.7847,-12.2175,-12.1503,743100.0
1989-01-09,-12.2921,-12.1503,-12.3667,-12.2921,3473100.0
1989-01-10,-12.2921,-12.2921,-12.4339,-12.3667,1156800.0
1989-01-11,-12.4339,-12.2921,-12.4339,-12.2921,556900.0
1989-01-12,-12.2921,-12.2175,-12.4339,-12.2921,1111600.0
1989-01-13,-12.2175,-12.1503,-12.3667,-12.2921,1313900.0
1989-01-16,-12.2921,-12.2921,-12.5085,-12.3667,595200.0
1989-01-17,-12.3667,-11.7847,-12.4339,-11.8593,4081600.0
1989-01-18,-11.7175,-11.4265,-11.7175,-11.5011,3771900.0
1989-01-19,-11.4265,-11.2847,-11.5683,-11.3519,1499700.0
1989-01-20,-11.2101,-11.2101,-11.3519,-11.2101,1503500.0
1989-01-23,-11.1355,-10.9937,-11.4265,-11.4265,1319300.0
1989-01-24,-11.4265,-11.0683,-11.5011,-11.0683,1912900.0
1989-01-25,-11.1355,-11.1355,-11.2847,-11.1355,2605000.0
1989-01-26,-11.1355,-10.7773,-11.2101,-10.7773,3460700.0
1989-01-27,-10.6355,-10.5609,-10.9191,-10.8519,2960800.0
1989-01-30,-10.7624,-10.7624,-11.2698,-11.0534,1890400.0
1989-01-31,-10.9788,-10.837,-11.128,-10.837,972000.0
1989-02-01,-10.6952,-10.546,-10.837,-10.546,1861600.0
1989-02-02,-10.546,-10.4713,-10.6952,-10.546,3342900.0
1989-02-03,-10.546,-10.4042,-10.7624,-10.7624,2440600.0
1989-02-06,-10.7624,-10.6952,-10.9116,-10.837,1127400.0
1989-02-07,-10.9788,-10.6952,-10.9788,-10.7624,1505700.0
1989-02-08,-10.7624,-10.7624,-10.837,-10.7624,833600.0
1989-02-09,-10.837,-10.837,-11.0534,-10.9788,987800.0
1989-02-10,-11.128,-11.128,-11.4116,-11.1952,1150500.0
1989-02-13,-11.3444,-11.1952,-11.4116,-11.1952,1088100.0
1989-02-14,-11.1952,-11.1952,-11.4116,-11.2698,839000.0
1989-02-15,-11.2698,-11.1952,-11.3444,-11.2698,1150200.0
1989-02-16,-11.1952,-10.9788,-11.2698,-11.0534,870300.0
1989-02-17,-10.9788,-10.7624,-11.0534,-10.9116,1554500.0
1989-02-21,-10.837,-10.837,-11.0534,-10.9788,956400.0
1989-02-22,-10.9788,-10.9788,-11.3444,-11.1952,1478500.0
1989-02-23,-11.3444,-11.3444,-11.5608,-11.3444,1966100.0
1989-02-24,-11.4862,-11.4116,-11.628,-11.4862,1162900.0
1989-02-27,-11.628,-11.4862,-11.628,-11.4862,603400.0
1989-02-28,-11.4862,-11.1952,-11.4862,-11.2698,837400.0
1989-03-01,-11.1952,-11.128,-11.2698,-11.2698,824400.0
1989-03-02,-11.2698,-11.1952,-11.4116,-11.4116,872900.0
1989-03-03,-11.3444,-11.3444,-11.5608,-11.3444,617700.0
1989-03-06,-11.4862,-11.1952,-11.4862,-11.1952,678800.0
1989-03-07,-11.2698,-10.837,-11.2698,-10.9788,1259400.0
1989-03-08,-10.9788,-10.7624,-10.9788,-10.837,809900.0
1989-03-09,-10.9788,-10.7624,-10.9788,-10.837,547700.0
1989-03-10,-10.837,-10.7624,-10.9116,-10.7624,979200.0
1989-03-13,-10.837,-10.6206,-10.837,-10.837,763000.0
1989-03-14,-10.7624,-10.7624,-10.9788,-10.9116,946600.0
1989-03-15,-10.9116,-10.9116,-11.0534,-10.9788,975800.0
1989-03-16,-10.837,-10.7624,-10.9788,-10.837,1183400.0
1989-03-17,-10.9116,-10.9116,-11.2698,-11.1952,1773300.0
1989-03-20,-11.2698,-11.1952,-11.4862,-11.3444,1347100.0
1989-03-21,-11.4862,-11.0534,-11.5608,-11.128,1657700.0
1989-03-22,-11.128,-11.0534,-11.2698,-11.0534,579400.0
1989-03-23,-10.9788,-10.837,-11.1952,-10.837,1037200.0
1989-03-27,-10.9116,-10.837,-10.9788,-10.837,711100.0
1989-03-28,-10.7624,-10.6206,-10.9116,-10.9116,1412000.0
1989-03-29,-10.7624,-10.7624,-10.9116,-10.7624,1109000.0
1989-03-30,-10.6952,-10.6952,-10.9116,-10.837,1088500.0
1989-03-31,-10.6952,-10.6952,-10.7624,-10.6952,1119800.0
1989-04-03,-10.6206,-10.4713,-10.7624,-10.6206,1124200.0
1989-04-04,-10.6206,-10.1878,-10.9116,-10.1878,2834200.0
1989-04-05,-10.1878,-10.0385,-10.3296,-10.1132,1735600.0
1989-04-06,-10.1132,-10.1132,-10.3296,-10.3296,1686800.0
1989-04-07,-10.4042,-10.2549,-10.4042,-10.2549,881400.0
1989-04-10,-10.3296,-10.2549,-10.4042,-10.4042,606600.0
1989-04-11,-10.3296,-10.2549,-10.4042,-10.2549,2053400.0
1989-04-12,-10.1878,-10.0385,-10.2549,-10.1878,2652800.0
1989-04-13,-10.1878,-10.1132,-10.2549,-10.2549,1236900.0
1989-04-14,-9.9714,-9.6057,-10.0385,-9.6057,2919300.0
1989-04-17,-9.6803,-9.2475,-9.755,-9.5386,2945900.0
1989-04-18,-9.4639,-9.0311,-9.4639,-9.1058,3213500.0
1989-04-19,-9.1729,-8.9565,-9.2475,-9.0311,2696500.0
1989-04-20,-9.0311,-8.9565,-9.3893,-9.3222,2631200.0
1989-04-21,-9.2475,-9.1058,-9.3222,-9.1058,1085300.0
1989-04-24,-9.1058,-8.9565,-9.1729,-9.0311,1093800.0
1989-04-25,-9.1058,-8.8147,-9.1058,-8.9565,1547800.0
1989-04-26,-8.8894,-8.8894,-9.1729,-9.1058,1141600.0
1989-04-27,-9.1729,-9.0311,-9.3222,-9.1058,1963200.0
1989-04-28,-8.9565,-8.8894,-9.0311,-8.9565,833600.0
1989-05-01,-9.0162,-8.8744,-9.0908,-8.9416,724400.0
1989-05-02,-8.9416,-8.9416,-9.0908,-9.0162,790200.0
1989-05-03,-9.0162,-8.8744,-9.0908,-8.8744,1144500.0
1989-05-04,-8.8744,-8.5088,-8.9416,-8.5088,1922700.0
1989-05-05,-8.5088,-8.2252,-8.7252,-8.5088,1455700.0
1989-05-08,-8.5834,-8.5088,-8.7998,-8.658,1094200.0
1989-05-09,-8.658,-8.367,-8.658,-8.5834,1319600.0
1989-05-10,-8.5834,-8.5088,-8.9416,-8.8744,1369900.0
1989-05-11,-8.7998,-8.658,-8.8744,-8.7252,548700.0
1989-05-12,-8.5088,-8.367,-8.658,-8.5834,1497500.0
1989-05-15,-8.5088,-8.4416,-8.7252,-8.658,1299600.0
1989-05-16,-8.5088,-8.4416,-8.7252,-8.658,1523800.0
1989-05-17,-8.5088,-8.4416,-8.658,-8.4416,1180300.0
1989-05-18,-8.4416,-8.2252,-8.5088,-8.2924,747800.0
1989-05-19,-8.2252,-7.8596,-8.2924,-7.9342,1619100.0
1989-05-22,-7.9342,-7.8596,-8.2252,-8.1506,1634900.0
1989-05-23,-8.1506,-8.1506,-8.5834,-8.5088,2938700.0
1989-05-24,-8.5088,-8.5088,-8.5834,-8.5088,1861900.0
1989-05-25,-8.5834,-8.4416,-8.658,-8.5088,1395200.0
1989-05-26,-8.4416,-8.2252,-8.4416,-8.367,826300.0
1989-05-30,-8.2252,-8.2252,-8.4416,-8.4416,718400.0
1989-05-31,-8.2924,-7.8596,-8.367,-7.9342,1586200.0
1989-06-01,-7.8596,-7.8596,-8.076,-8.0088,1329700.0
1989-06-02,-8.1506,-8.076,-8.4416,-8.2252,1768500.0
1989-06-05,-8.2252,-8.2252,-8.367,-8.367,969400.0
1989-06-06,-8.2924,-8.2252,-8.2924,-8.2252,1522800.0
1989-06-07,-8.2252,-7.9342,-8.2924,-8.0088,1883400.0
1989-06-08,-7.9342,-7.576,-8.0088,-7.6432,1528800.0
1989-06-09,-7.6432,-7.4268,-7.7178,-7.4268,1080500.0
1989-06-12,-7.4268,-7.4268,-7.576,-7.5014,1234700.0
1989-06-13,-7.576,-7.285,-7.576,-7.5014,1524100.0
1989-06-14,-7.3596,-7.2104,-7.5014,-7.2104,1146100.0
1989-06-15,-7.285,-7.0686,-7.3596,-7.285,1655800.0
1989-06-16,-7.1358,-6.994,-7.2104,-6.994,2691700.0
1989-06-19,-6.9194,-6.7776,-7.5014,-7.4268,1755500.0
1989-06-20,-7.4268,-7.3596,-7.7178,-7.6432,1309100.0
1989-06-21,-7.6432,-7.576,-7.7178,-7.576,1335700.0
1989-06-22,-7.7178,-7.6432,-7.7924,-7.6432,1639000.0
1989-06-23,-7.5014,-7.0686,-7.576,-7.2104,2584100.0
1989-06-26,-7.0686,-6.994,-7.5014,-7.4268,1246400.0
1989-06-27,-7.3596,-7.2104,-7.3596,-7.285,1021700.0
1989-06-28,-7.2104,-6.994,-7.3596,-7.2104,1174900.0
1989-06-29,-7.285,-7.285,-7.7178,-7.576,1458600.0
1989-06-30,-7.6432,-7.6432,-8.0088,-7.9342,1397500.0
1989-07-03,-7.9342,-7.7178,-8.076,-7.7178,266900.0
1989-07-05,-7.576,-7.3596,-7.7178,-7.3596,928600.0
1989-07-06,-7.3596,-7.1358,-7.3596,-7.2104,1239800.0
1989-07-07,-7.2104,-7.2104,-7.4268,-7.285,1279700.0
1989-07-10,-7.285,-7.285,-7.4268,-7.285,485000.0
1989-07-11,-7.1358,-6.6358,-7.1358,-6.7776,2147200.0
1989-07-12,-6.7776,-6.7029,-6.9194,-6.7776,1107800.0
1989-07-13,-6.8522,-6.8522,-6.994,-6.8522,1050500.0
1989-07-14,-6.8522,-6.8522,-7.1358,-7.0686,1777100.0
1989-07-17,-7.0686,-6.994,-7.1358,-7.0686,841200.0
1989-07-18,-7.0686,-6.7029,-7.1358,-6.7029,2962100.0
1989-07-19,-6.5612,-5.9866,-6.5612,-6.1284,5799700.0
1989-07-20,-5.9866,-5.7702,-6.1284,-6.1284,4228500.0
1989-07-21,-5.9866,-5.912,-6.3448,-5.912,1778000.0
1989-07-24,-5.9866,-5.8373,-6.0537,-5.912,1601000.0
1989-07-25,-5.912,-5.7702,-6.0537,-5.9866,3454400.0
1989-07-26,-5.912,-5.1881,-5.9866,-5.3299,2296600.0
1989-07-27,-5.2628,-5.0464,-5.6209,-5.5538,2955700.0
1989-07-28,-5.4792,-5.3299,-5.5538,-5.4792,1142600.0
1989-07-31,-5.606,-5.3224,-5.6806,-5.3896,1282500.0
1989-08-01,-5.3896,-5.3896,-5.606,-5.606,1695400.0
1989-08-02,-5.606,-5.5389,-5.9717,-5.897,1299600.0
1989-08-03,-5.9717,-5.897,-6.1881,-6.1134,1287900.0
1989-08-04,-5.897,-5.606,-5.897,-5.606,2052200.0
1989-08-07,-5.606,-5.4642,-5.8224,-5.606,1223000.0
1989-08-08,-5.5389,-5.4642,-5.9717,-5.7553,2390300.0
1989-08-09,-5.7553,-5.3224,-5.897,-5.3896,2145600.0
1989-08-10,-5.4642,-5.4642,-5.7553,-5.606,1486400.0
1989-08-11,-5.5389,-5.5389,-5.9717,-5.897,1030500.0
1989-08-14,-5.9717,-5.9717,-6.4791,-6.4045,2026200.0
1989-08-15,-6.5462,-6.5462,-6.8373,-6.6209,1769800.0
1989-08-16,-6.6955,-6.5462,-6.7626,-6.5462,1212600.0
1989-08-17,-6.7626,-6.6955,-7.3447,-7.1955,3015600.0
1989-08-18,-7.3447,-6.979,-7.3447,-6.979,3199500.0
1989-08-21,-7.1283,-6.9119,-7.1283,-6.979,1848300.0
1989-08-22,-7.8521,-7.3447,-7.9193,-7.3447,1850500.0
1989-08-23,-7.3447,-7.1955,-7.5611,-7.4119,1415500.0
1989-08-24,-7.3447,-7.0537,-7.4865,-7.0537,1818500.0
1989-08-25,-6.5462,-6.4045,-6.8373,-6.4045,3100800.0
1989-08-28,-6.4045,-5.9717,-6.5462,-5.9717,2002200.0
1989-08-29,-6.1881,-6.1881,-6.5462,-6.4045,1686200.0
1989-08-30,-6.4045,-6.1881,-6.4791,-6.1881,1667200.0
1989-08-31,-6.3298,-6.2552,-6.6209,-6.5462,1412000.0
1989-09-01,-6.5462,-6.3298,-6.6955,-6.3298,1311700.0
1989-09-05,-6.3298,-5.606,-6.4045,-5.7553,2382400.0
1989-09-06,-5.897,-5.8224,-6.1881,-6.0388,1911000.0
1989-09-07,-6.0388,-5.897,-6.1881,-5.897,1432000.0
1989-09-08,-5.897,-5.897,-6.4045,-6.2552,989400.0
1989-09-11,-6.3298,-6.2552,-6.6955,-6.5462,654400.0
1989-09-12,-6.6209,-6.4791,-6.7626,-6.6209,822500.0
1989-09-13,-6.6955,-6.5462,-6.8373,-6.7626,896300.0
1989-09-14,-6.6955,-6.6955,-6.9119,-6.9119,850400.0
1989-09-15,-7.0537,-6.979,-7.4119,-7.1283,2590700.0
1989-09-18,-7.2701,-6.979,-7.3447,-6.979,1058700.0
1989-09-19,-7.0537,-6.6955,-7.1955,-6.979,1672900.0
1989-09-20,-6.979,-6.6955,-7.0537,-6.6955,847500.0
1989-09-21,-6.6955,-6.2552,-6.7626,-6.4791,1512100.0
1989-09-22,-6.6955,-6.4791,-6.7626,-6.6209,742700.0
1989-09-25,-6.6209,-6.4045,-6.8373,-6.4791,542600.0
1989-09-26,-6.4045,-6.1881,-6.4045,-6.4045,1512100.0
1989-09-27,-6.2552,-6.1881,-6.4045,-6.3298,1047300.0
1989-09-28,-6.2552,-6.1134,-6.4045,-6.1881,896000.0
1989-09-29,-6.0388,-5.897,-6.2552,-6.1134,887100.0
1989-10-02,-6.1881,-6.0388,-6.2552,-6.1881,742100.0
1989-10-03,-6.1134,-6.0388,-6.2552,-6.1881,924100.0
1989-10-04,-6.0388,-5.606,-6.1134,-5.7553,1970800.0
1989-10-05,-5.8224,-5.3896,-5.897,-5.4642,1133700.0
1989-10-06,-5.3896,-5.3224,-5.5389,-5.3896,971000.0
1989-10-09,-6.0388,-5.3896,-6.0388,-5.606,558200.0
1989-10-10,-5.6806,-5.6806,-6.0388,-5.9717,933600.0
1989-10-11,-5.897,-5.897,-6.0388,-5.897,533100.0
1989-10-12,-5.9717,-5.9717,-6.1881,-6.0388,555000.0
1989-10-13,-6.0388,-6.0388,-7.9939,-7.9939,2149700.0
1989-10-16,-7.7775,-6.5462,-8.7924,-6.6955,3580400.0
1989-10-17,-6.7626,-6.6955,-7.4865,-7.0537,1754600.0
1989-10-18,-7.1283,-6.7626,-7.1283,-6.9119,1054900.0
1989-10-19,-6.7626,-6.4045,-6.8373,-6.4791,1028300.0
1989-10-20,-6.4791,-6.3298,-6.6955,-6.5462,984900.0
1989-10-23,-6.5462,-6.5462,-6.979,-6.9119,1490200.0
1989-10-24,-6.979,-6.2552,-7.3447,-6.4045,3888400.0
1989-10-25,-6.7626,-6.3298,-6.8373,-6.4045,1972100.0
1989-10-26,-6.3298,-6.3298,-6.8373,-6.7626,1196400.0
1989-10-27,-6.9119,-6.8373,-7.4119,-7.1283,1186600.0
1989-10-30,-7.1283,-6.9119,-7.1955,-7.1283,658800.0
1989-10-31,-7.0537,-6.979,-7.1955,-7.0537,961800.0
1989-11-01,-6.9119,-6.8373,-7.0537,-6.9119,1225200.0
1989-11-02,-6.979,-6.8373,-7.4119,-7.1955,959000.0
1989-11-03,-7.1283,-7.0537,-7.4865,-7.1283,1232800.0
1989-11-06,-7.0387,-6.7477,-7.2551,-7.1805,994400.0
1989-11-07,-7.1805,-7.0387,-7.4044,-7.1134,907100.0
1989-11-08,-6.9641,-6.7477,-7.0387,-6.7477,1130900.0
1989-11-09,-6.9641,-6.8223,-7.1134,-7.0387,674000.0
1989-11-10,-6.897,-6.3895,-6.897,-6.4567,948800.0
1989-11-13,-6.3895,-6.0239,-6.4567,-6.0985,1053300.0
1989-11-14,-6.1731,-6.0239,-6.3149,-6.2403,682300.0
1989-11-15,-6.1731,-6.0985,-6.3895,-6.1731,1602900.0
1989-11-16,-6.0985,-5.9567,-6.0985,-5.9567,850100.0
1989-11-17,-6.0239,-5.8821,-6.0985,-6.0239,761700.0
1989-11-20,-6.0239,-5.8821,-6.0985,-5.9567,627200.0
1989-11-21,-5.9567,-5.8075,-6.0985,-5.8075,1552900.0
1989-11-22,-5.6657,-5.5165,-5.8075,-5.5911,1250200.0
1989-11-24,-5.5911,-5.3747,-5.5911,-5.4493,568600.0
1989-11-27,-5.3001,-5.3001,-5.4493,-5.3747,940000.0
1989-11-28,-5.3747,-5.3747,-5.7403,-5.5165,631900.0
1989-11-29,-5.6657,-5.4493,-5.7403,-5.7403,706000.0
1989-11-30,-5.8075,-5.6657,-5.9567,-5.8075,839000.0
1989-12-01,-5.7403,-5.2329,-5.7403,-5.3001,1639300.0
1989-12-04,-5.3001,-4.8001,-5.3001,-4.8673,1329400.0
1989-12-05,-11.2325,-10.7997,-11.2325,-11.0161,1546500.0
1989-12-06,-11.0161,-10.8743,-11.3071,-11.1653,954000.0
1989-12-07,-11.0907,-11.0907,-11.2325,-11.2325,806100.0
1989-12-08,-10.9489,-10.7997,-11.1653,-11.0907,725200.0
1989-12-11,-11.0907,-11.0161,-11.3071,-11.2325,1043300.0
1989-12-12,-11.2325,-11.2325,-12.0309,-11.7399,1985700.0
1989-12-13,-11.8145,-11.6727,-11.9563,-11.9563,1121000.0
1989-12-14,-11.8891,-11.7399,-12.0309,-11.8891,756200.0
1989-12-15,-11.8145,-11.7399,-12.1727,-11.8145,1175000.0
1989-12-18,-11.8145,-11.7399,-12.2473,-12.1727,598200.0
1989-12-19,-12.0309,-11.8145,-12.1727,-11.8891,687000.0
1989-12-20,-11.9563,-11.8891,-12.1727,-11.9563,890300.0
1989-12-21,-11.8891,-11.4489,-11.9563,-11.4489,891300.0
1989-12-22,-11.4489,-11.3817,-11.5981,-11.4489,634500.0
1989-12-26,-11.5981,-11.3817,-11.5981,-11.4489,484200.0
1989-12-27,-11.3071,-11.2325,-11.4489,-11.4489,629200.0
1989-12-28,-11.3071,-11.0907,-11.4489,-11.1653,527200.0
1989-12-29,-11.0907,-11.0161,-11.1653,-11.0161,1079800.0
1990-01-02,-11.0907,-11.0161,-11.3071,-11.0907,1296400.0
1990-01-03,-11.0907,-10.9489,-11.2325,-11.0907,1437600.0
1990-01-04,-11.0907,-11.0907,-11.3817,-11.1653,1002100.0
1990-01-05,-11.1653,-11.1653,-11.8145,-11.7399,1464800.0
1990-01-08,-11.8891,-11.4489,-11.8891,-11.5981,1162300.0
1990-01-09,-11.5235,-11.3071,-11.6727,-11.5981,1368100.0
1990-01-10,-11.6727,-11.5235,-12.0309,-11.8145,1296600.0
1990-01-11,-11.8145,-11.5235,-11.9563,-11.6727,1027300.0
1990-01-12,-11.9563,-11.6727,-12.1055,-11.9563,1520500.0
1990-01-15,-12.0309,-11.6727,-12.1055,-11.8891,1169900.0
1990-01-16,-12.2473,-11.5235,-12.322,-11.5981,1239000.0
1990-01-17,-11.7399,-11.6727,-12.1055,-11.9563,790600.0
1990-01-18,-12.2473,-12.0309,-12.2473,-12.0309,866600.0
1990-01-19,-12.1055,-11.8891,-12.1727,-12.1055,844500.0
1990-01-22,-12.1055,-11.9563,-12.6801,-12.5384,805800.0
1990-01-23,-12.4637,-12.3966,-13.0458,-12.8294,2113800.0
1990-01-24,-13.7696,-13.1129,-13.8368,-13.1876,2823000.0
1990-01-25,-12.9712,-12.8965,-13.695,-13.6204,2203900.0
1990-01-26,-13.6204,-13.4786,-13.7696,-13.6204,2108500.0
1990-01-29,-13.4637,-13.3219,-13.6801,-13.6054,1296600.0
1990-01-30,-13.4637,-13.3219,-13.6801,-13.389,1397300.0
1990-01-31,-13.389,-12.8145,-13.389,-12.8145,1435700.0
1990-02-01,-12.9562,-12.8816,-13.098,-12.9562,1069000.0
1990-02-02,-13.0309,-12.7398,-13.098,-12.8816,765100.0
1990-02-05,-12.7398,-12.6652,-12.9562,-12.8816,754600.0
1990-02-06,-12.9562,-12.8816,-13.2473,-13.0309,853800.0
1990-02-07,-13.098,-12.6652,-13.098,-12.8145,1269800.0
1990-02-08,-12.8145,-12.3742,-12.8145,-12.5906,1473400.0
1990-02-09,-12.5234,-12.5234,-12.6652,-12.5906,790400.0
1990-02-12,-12.5234,-12.5234,-12.6652,-12.5906,516500.0
1990-02-13,-12.5906,-12.5234,-12.7398,-12.5906,1639800.0
1990-02-14,-12.5906,-12.5234,-12.6652,-12.6652,788300.0
1990-02-15,-12.5906,-12.5234,-12.8145,-12.8145,546700.0
1990-02-16,-12.5906,-12.5906,-12.9562,-12.9562,959500.0
1990-02-20,-13.098,-12.9562,-13.2473,-13.098,905700.0
1990-02-21,-13.3219,-13.098,-13.389,-13.2473,907800.0
1990-02-22,-13.098,-12.8816,-13.2473,-13.1726,940900.0
1990-02-23,-13.4637,-12.7398,-13.5383,-12.8816,1261500.0
1990-02-26,-12.8816,-12.5234,-12.8816,-12.5234,1430800.0
1990-02-27,-12.5234,-12.307,-12.5906,-12.5234,1698900.0
1990-02-28,-12.5234,-12.1578,-12.5234,-12.2324,1550700.0
1990-03-01,-12.2324,-12.016,-12.307,-12.1578,1299700.0
1990-03-02,-12.0906,-12.016,-12.307,-12.1578,1533200.0
1990-03-05,-12.2324,-12.1578,-12.3742,-12.3742,528300.0
1990-03-06,-12.307,-12.2324,-12.4488,-12.307,633800.0
1990-03-07,-12.307,-12.307,-12.4488,-12.4488,992200.0
1990-03-08,-12.3742,-12.307,-12.4488,-12.3742,1250300.0
1990-03-09,-12.5234,-12.4488,-12.7398,-12.7398,1748300.0
1990-03-12,-12.8145,-12.5906,-12.8145,-12.6652,1406100.0
1990-03-13,-12.7398,-12.5234,-12.7398,-12.6652,1586800.0
1990-03-14,-12.5906,-12.4488,-12.6652,-12.5234,1989700.0
1990-03-15,-12.5234,-12.2324,-12.5906,-12.307,1312400.0
1990-03-16,-12.1578,-12.0906,-12.307,-12.1578,1492200.0
1990-03-19,-12.307,-11.7996,-12.3742,-11.9414,1063600.0
1990-03-20,-11.9414,-11.2176,-11.9414,-11.5086,2320400.0
1990-03-21,-11.5086,-11.434,-11.6504,-11.6504,1304200.0
1990-03-22,-11.6504,-11.5832,-12.016,-11.9414,1622000.0
1990-03-23,-11.8668,-11.725,-11.9414,-11.7996,1027300.0
1990-03-26,-11.5832,-11.2176,-11.7996,-11.7996,1520100.0
1990-03-27,-11.7996,-11.1429,-11.8668,-11.1429,1650500.0
1990-03-28,-11.2922,-11.2176,-11.5086,-11.3593,1513800.0
1990-03-29,-11.434,-11.2922,-11.5832,-11.3593,1291900.0
1990-03-30,-11.434,-11.0011,-11.434,-11.2176,2244700.0
1990-04-02,-11.5832,-11.2922,-11.5832,-11.3593,1333100.0
1990-04-03,-11.3593,-10.7847,-11.3593,-10.7847,2338200.0
1990-04-04,-10.6355,-10.4191,-10.8519,-10.8519,2980400.0
1990-04-05,-10.8519,-10.3519,-10.8519,-10.4937,1699500.0
1990-04-06,-10.4191,-10.0609,-10.7101,-10.5683,1631500.0
1990-04-09,-10.4937,-10.1281,-10.4937,-10.4191,1658800.0
1990-04-10,-10.5683,-10.4937,-11.0011,-11.0011,2708600.0
1990-04-11,-11.1429,-10.7847,-11.1429,-10.8519,1249100.0
1990-04-12,-10.9265,-10.6355,-10.9265,-10.7847,893900.0
1990-04-16,-10.6355,-10.5683,-10.9265,-10.8519,1141900.0
1990-04-17,-11.0011,-10.9265,-11.1429,-11.0011,1493500.0
1990-04-18,-11.0011,-10.9265,-11.3593,-11.2176,1702000.0
1990-04-19,-11.2922,-11.1429,-11.434,-11.2922,1444500.0
1990-04-20,-11.434,-11.2922,-11.725,-11.725,1182400.0
1990-04-23,-11.7996,-11.6504,-11.9414,-11.7996,897900.0
1990-04-24,-11.7996,-11.5086,-11.8668,-11.5086,1813500.0
1990-04-25,-11.3593,-10.9265,-11.434,-11.0011,2802300.0
1990-04-26,-11.0011,-10.7847,-11.2176,-10.8519,1854400.0
1990-04-27,-10.8519,-10.6355,-10.9265,-10.9265,1122900.0
1990-04-30,-11.0608,-10.6952,-11.128,-10.7698,1437400.0
1990-05-01,-10.6206,-10.4788,-10.7698,-10.6206,2021400.0
1990-05-02,-10.6952,-10.2624,-10.6952,-10.2624,1749700.0
1990-05-03,-10.1878,-10.1132,-10.4788,-10.4788,1472200.0
1990-05-04,-10.337,-10.2624,-10.4788,-10.4788,913500.0
1990-05-07,-10.4788,-10.4042,-10.6206,-10.5534,1269300.0
1990-05-08,-10.6952,-10.046,-10.6952,-10.1132,1996300.0
1990-05-09,-10.2624,-10.046,-10.4042,-10.2624,1306500.0
1990-05-10,-10.337,-10.1878,-10.6206,-10.5534,1635300.0
1990-05-11,-10.4788,-10.1132,-10.6206,-10.1878,1990800.0
1990-05-14,-10.337,-10.1878,-10.5534,-10.4788,2378100.0
1990-05-15,-10.6206,-10.5534,-10.7698,-10.6952,1514400.0
1990-05-16,-10.6206,-10.4042,-10.6206,-10.5534,1374000.0
1990-05-17,-10.4788,-10.337,-10.5534,-10.4788,1375700.0
1990-05-18,-10.4042,-10.046,-10.4042,-10.1132,1568200.0
1990-05-21,-10.1132,-9.8221,-10.1878,-9.9714,1491800.0
1990-05-22,-9.6803,-9.3893,-9.8221,-9.755,2335900.0
1990-05-23,-9.4639,-9.4639,-9.6803,-9.5386,1717200.0
1990-05-24,-9.5386,-9.4639,-9.6803,-9.6057,912900.0
1990-05-25,-9.755,-9.6803,-9.8221,-9.8221,632100.0
1990-05-29,-9.8221,-9.5386,-9.8221,-9.6057,1142100.0
1990-05-30,-9.5386,-9.3147,-9.6057,-9.5386,1860300.0
1990-05-31,-9.4639,-9.0311,-9.5386,-9.0311,1647800.0
1990-06-01,-8.8819,-8.6655,-9.0311,-8.6655,2070100.0
1990-06-04,-8.7401,-8.6655,-9.4639,-8.9565,1914400.0
1990-06-05,-8.8073,-8.7401,-9.5386,-9.3893,2006000.0
1990-06-06,-9.6057,-9.1729,-9.6803,-9.5386,1771000.0
1990-06-07,-9.5386,-9.4639,-9.8221,-9.5386,1195500.0
1990-06-08,-9.3893,-9.3147,-9.755,-9.5386,966900.0
1990-06-11,-9.6803,-9.5386,-9.6803,-9.5386,534400.0
1990-06-12,-9.3893,-9.0983,-9.4639,-9.1729,1020900.0
1990-06-13,-9.1729,-9.0311,-9.3147,-9.3147,847600.0
1990-06-14,-9.5386,-9.3893,-9.5386,-9.3893,657300.0
1990-06-15,-9.5386,-9.3893,-9.5386,-9.4639,1143100.0
1990-06-18,-9.5386,-9.4639,-9.9714,-9.8221,754600.0
1990-06-19,-9.8968,-9.6803,-9.8968,-9.755,1023700.0
1990-06-20,-9.755,-9.6057,-9.8221,-9.8221,963700.0
1990-06-21,-9.6803,-9.6057,-9.9714,-9.8221,1283300.0
1990-06-22,-9.755,-9.755,-10.046,-9.9714,1481300.0
1990-06-25,-9.8968,-9.8221,-10.1878,-10.1132,1482900.0
1990-06-26,-10.1132,-9.755,-10.1132,-9.755,1194200.0
1990-06-27,-9.755,-9.3893,-9.8968,-9.4639,945800.0
1990-06-28,-9.4639,-9.3147,-9.6057,-9.4639,1055300.0
1990-06-29,-9.4639,-9.4639,-9.6057,-9.5386,1494300.0
1990-07-02,-9.6057,-9.2475,-9.6803,-9.3147,1497500.0
1990-07-03,-9.3147,-9.0983,-9.3893,-9.2475,1022000.0
1990-07-05,-9.2475,-9.2475,-9.3893,-9.3893,800100.0
1990-07-06,-9.4639,-9.1729,-9.5386,-9.3147,455500.0
1990-07-09,-9.3147,-9.1729,-9.4639,-9.3893,702200.0
1990-07-10,-9.3893,-9.3147,-9.5386,-9.5386,616900.0
1990-07-11,-9.3893,-9.3893,-9.5386,-9.4639,593100.0
1990-07-12,-9.1729,-9.0983,-9.3147,-9.0983,1523500.0
1990-07-13,-9.0983,-9.0311,-9.3893,-9.3893,832000.0
1990-07-16,-9.3147,-9.2475,-9.9714,-9.755,1700300.0
1990-07-17,-9.755,-9.5386,-9.755,-9.6803,1375100.0
1990-07-18,-9.6803,-9.6803,-9.8221,-9.8221,1579800.0
1990-07-19,-9.755,-9.6803,-9.8968,-9.6803,657300.0
1990-07-20,-9.6057,-9.4639,-9.6803,-9.6057,700100.0
1990-07-23,-9.6803,-9.6803,-10.2624,-10.046,1094600.0
1990-07-24,-9.9714,-9.3893,-10.1132,-9.4639,1493300.0
1990-07-25,-9.3893,-9.3147,-9.755,-9.755,1429800.0
1990-07-26,-9.8221,-9.8221,-9.9714,-9.8221,1084500.0
1990-07-27,-9.8968,-9.6803,-9.9714,-9.755,834600.0
1990-07-30,-9.8818,-9.6654,-9.9564,-9.6654,598200.0
1990-07-31,-9.74,-9.6654,-9.8818,-9.8147,590800.0
1990-08-01,-9.8147,-9.74,-9.8818,-9.8147,537800.0
1990-08-02,-9.74,-9.6654,-9.8818,-9.8818,956500.0
1990-08-03,-10.0311,-9.6654,-10.3221,-9.74,2250400.0
1990-08-06,-10.0311,-9.9564,-10.7549,-10.5385,2120400.0
1990-08-07,-10.4639,-10.2475,-10.5385,-10.3893,1180500.0
1990-08-08,-10.2475,-9.8818,-10.3221,-10.0982,1566300.0
1990-08-09,-10.0982,-9.9564,-10.2475,-10.1729,761900.0
1990-08-10,-10.0982,-10.0311,-10.6131,-10.5385,1358400.0
1990-08-13,-10.6803,-10.3221,-10.7549,-10.3221,865600.0
1990-08-14,-10.2624,-10.1878,-10.4191,-10.2624,1507600.0
1990-08-15,-10.2624,-10.1132,-10.2624,-10.1132,1966100.0
1990-08-16,-10.1878,-10.1878,-10.4937,-10.4937,898500.0
1990-08-17,-10.7997,-10.725,-11.2623,-10.9564,2362900.0
1990-08-20,-10.9564,-10.6504,-11.1056,-10.9564,1320600.0
1990-08-21,-11.1056,-11.031,-11.4862,-11.1802,1609800.0
1990-08-22,-11.1802,-11.031,-11.4116,-11.4116,1135500.0
1990-08-23,-11.7175,-11.1802,-11.8668,-11.4862,1729900.0
1990-08-24,-11.3369,-10.8743,-11.3369,-10.9564,2295800.0
1990-08-27,-10.3445,-10.1878,-10.4937,-10.2624,2050900.0
1990-08-28,-10.4191,-10.2624,-10.6504,-10.2624,774200.0
1990-08-29,-10.1878,-9.7326,-10.2624,-9.9564,1625200.0
1990-08-30,-9.8072,-9.8072,-10.2624,-10.2624,661700.0
1990-08-31,-10.2624,-10.1878,-10.5683,-10.3445,512900.0
1990-09-04,-10.2624,-9.8072,-10.4191,-9.8072,1100100.0
1990-09-05,-9.7326,-9.5013,-9.8072,-9.5013,1002300.0
1990-09-06,-9.5013,-9.5013,-9.8072,-9.7326,608700.0
1990-09-07,-9.5759,-9.1953,-9.6505,-9.352,1001300.0
1990-09-10,-9.1953,-9.1207,-9.5013,-9.4266,785200.0
1990-09-11,-9.352,-9.352,-9.8818,-9.8072,857100.0
1990-09-12,-9.5759,-9.5759,-9.8818,-9.6505,874400.0
1990-09-13,-9.5013,-9.5013,-9.8072,-9.7326,994300.0
1990-09-14,-9.7326,-9.6505,-9.9564,-9.6505,931400.0
1990-09-17,-9.6505,-9.6505,-9.8072,-9.7326,620100.0
1990-09-18,-9.8072,-9.6505,-9.8818,-9.8072,860500.0
1990-09-19,-9.7326,-9.5759,-9.8818,-9.7326,770400.0
1990-09-20,-9.8072,-9.7326,-9.8818,-9.7326,1073100.0
1990-09-21,-9.7326,-9.7326,-9.8818,-9.8072,1254600.0
1990-09-24,-9.8818,-9.8072,-10.4191,-10.3445,1060600.0
1990-09-25,-10.3445,-9.8818,-10.3445,-9.8818,830100.0
1990-09-26,-9.8072,-9.7326,-10.1132,-9.9564,1110600.0
1990-09-27,-9.9564,-9.8072,-10.1878,-10.1132,1102800.0
1990-09-28,-10.2624,-10.0385,-10.4191,-10.0385,940900.0
1990-10-01,-10.0385,-9.1207,-10.0385,-9.1953,2125400.0
1990-10-02,-8.658,-8.5834,-8.8894,-8.7401,2140800.0
1990-10-03,-8.8147,-8.7401,-9.5013,-9.2699,1765600.0
1990-10-04,-9.4266,-8.8894,-9.6505,-8.964,1217200.0
1990-10-05,-9.4266,-8.964,-9.7326,-9.352,1159200.0
1990-10-08,-9.2699,-8.964,-9.352,-9.1953,1126500.0
1990-10-09,-9.2699,-9.1207,-9.7326,-9.7326,1067400.0
1990-10-10,-9.8818,-9.352,-10.1878,-10.1878,2010000.0
1990-10-11,-10.1878,-9.8818,-10.3445,-10.1132,1086800.0
1990-10-12,-10.0385,-9.8818,-10.1878,-9.9564,750500.0
1990-10-15,-9.8818,-9.6505,-11.7175,-11.2623,5050600.0
1990-10-16,-11.1056,-10.4937,-11.1802,-10.6504,2912100.0
1990-10-17,-10.6504,-10.6504,-10.9564,-10.6504,908600.0
1990-10-18,-10.6504,-10.2624,-10.725,-10.3445,1068800.0
1990-10-19,-10.2624,-10.1132,-10.4191,-10.1878,1193600.0
1990-10-22,-10.3445,-10.0385,-10.4191,-10.1132,821500.0
1990-10-23,-10.0385,-10.0385,-10.2624,-10.1132,996000.0
1990-10-24,-10.1132,-9.9564,-10.2624,-10.0385,912900.0
1990-10-25,-10.0385,-9.9564,-10.2624,-10.1878,589900.0
1990-10-26,-10.3445,-10.1878,-10.725,-10.725,822500.0
1990-10-29,-10.6504,-10.3445,-10.9564,-10.7997,1425300.0
1990-10-30,-10.7997,-10.5683,-10.8743,-10.5683,726700.0
1990-10-31,-10.4191,-10.4191,-10.7997,-10.7997,632600.0
1990-11-01,-10.7997,-10.5683,-10.8743,-10.5683,858200.0
1990-11-02,-10.5683,-10.0385,-10.725,-10.1878,826500.0
1990-11-05,-10.1729,-9.8669,-10.1729,-9.9415,724600.0
1990-11-06,-10.0982,-10.0236,-10.3296,-10.3296,663400.0
1990-11-07,-10.5534,-10.4042,-10.9415,-10.7847,1247400.0
1990-11-08,-10.8594,-10.7847,-10.9415,-10.7847,962900.0
1990-11-09,-10.6355,-10.0982,-10.7847,-10.3296,782400.0
1990-11-12,-10.3296,-9.9415,-10.3296,-10.0236,642700.0
1990-11-13,-10.0982,-9.9415,-10.6355,-10.5534,1275500.0
1990-11-14,-10.5534,-10.4042,-10.9415,-10.4042,1125200.0
1990-11-15,-10.6355,-10.0982,-10.6355,-10.0982,868700.0
1990-11-16,-10.0982,-9.8669,-10.1729,-10.0236,728600.0
1990-11-19,-10.0982,-9.9415,-10.0982,-10.0236,574300.0
1990-11-20,-10.0236,-9.9415,-10.1729,-10.1729,681700.0
1990-11-21,-10.2475,-10.1729,-10.4042,-10.2475,615700.0
1990-11-23,-10.2475,-10.1729,-10.3296,-10.2475,307100.0
1990-11-26,-10.4042,-10.3296,-10.5534,-10.3296,494100.0
1990-11-27,-10.3296,-10.2475,-10.4788,-10.4042,892200.0
1990-11-28,-10.4042,-10.1729,-10.4788,-10.1729,709600.0
1990-11-29,-10.1729,-10.0982,-10.4042,-10.2475,661500.0
1990-11-30,-10.3296,-10.1729,-10.4788,-10.2475,1320600.0
1990-12-03,-10.2475,-9.7177,-10.2475,-9.7177,1940500.0
1990-12-04,-9.6356,-9.4117,-9.7177,-9.4117,1141900.0
1990-12-05,-9.561,-9.255,-9.7177,-9.3296,1618700.0
1990-12-06,-9.6356,-9.4863,-9.8669,-9.8669,2412300.0
1990-12-07,-9.8669,-9.7177,-10.0982,-9.8669,774600.0
1990-12-10,-9.9415,-9.9415,-10.1729,-10.0236,950200.0
1990-12-11,-10.1729,-10.0982,-10.2475,-10.0982,379300.0
1990-12-12,-10.0982,-10.0982,-10.3296,-10.1729,1645700.0
1990-12-13,-10.1729,-10.0982,-10.4042,-10.3296,1570100.0
1990-12-14,-10.3296,-10.3296,-10.8594,-10.6355,1321700.0
1990-12-17,-10.9415,-10.7847,-11.0907,-10.7847,1555500.0
1990-12-18,-11.0161,-10.6355,-11.0161,-10.7847,2140000.0
1990-12-19,-10.7847,-10.4042,-10.8594,-10.4788,1529600.0
1990-12-20,-10.4788,-10.3296,-10.4788,-10.4042,1336700.0
1990-12-21,-10.4042,-10.4042,-10.6355,-10.6355,1860100.0
1990-12-24,-10.6355,-10.4788,-10.7847,-10.5534,781200.0
1990-12-26,-10.5534,-10.4788,-10.6355,-10.5534,597300.0
1990-12-27,-10.5534,-10.5534,-10.7101,-10.6355,756700.0
1990-12-28,-10.6355,-10.5534,-10.7101,-10.6355,588400.0
1990-12-31,-10.5534,-10.4788,-10.7101,-10.4788,464300.0
1991-01-02,-10.6355,-10.6355,-10.7847,-10.7101,981700.0
1991-01-03,-10.7847,-10.7101,-11.322,-11.322,1606400.0
1991-01-04,-11.1653,-11.0907,-11.3966,-11.322,2226100.0
1991-01-07,-11.4713,-11.3966,-11.7026,-11.7026,2456000.0
1991-01-08,-11.7026,-11.322,-11.7026,-11.7026,1813500.0
1991-01-09,-11.5533,-11.322,-11.7772,-11.7772,2589600.0
1991-01-10,-11.7026,-11.628,-11.7772,-11.7026,1096700.0
1991-01-11,-11.628,-11.4713,-11.7772,-11.4713,1139300.0
1991-01-14,-11.7772,-11.5533,-11.8593,-11.7772,954900.0
1991-01-15,-11.8593,-11.4713,-11.8593,-11.5533,1213200.0
1991-01-16,-11.628,-11.2474,-12.5458,-12.3891,5589200.0
1991-01-17,-11.9339,-11.7772,-12.3891,-12.1652,11183100.0
1991-01-18,-12.3145,-12.1652,-12.5458,-12.2399,4444400.0
1991-01-21,-12.3891,-12.1652,-12.4712,-12.2399,2308800.0
1991-01-22,-12.3145,-12.0832,-12.3891,-12.2399,2639400.0
1991-01-23,-12.2399,-12.2399,-12.5458,-12.3891,4282700.0
1991-01-24,-12.3145,-11.8593,-12.3145,-11.8593,1802500.0
1991-01-25,-11.8593,-11.7026,-11.9339,-11.8593,1526000.0
1991-01-28,-11.919,-11.6877,-11.919,-11.919,742300.0
1991-01-29,-11.8444,-11.8444,-11.9936,-11.8444,904800.0
1991-01-30,-11.919,-11.6877,-12.1503,-12.1503,1472000.0
1991-01-31,-12.1503,-11.919,-12.1503,-11.919,1179900.0
1991-02-01,-11.7623,-11.7623,-12.0682,-11.9936,1635100.0
1991-02-04,-12.0682,-11.4563,-12.0682,-11.4563,2021800.0
1991-02-05,-11.4563,-11.1504,-11.5384,-11.1504,1669300.0
1991-02-06,-11.3071,-10.1579,-11.3817,-10.6131,3590000.0
1991-02-07,-10.4639,-10.1579,-10.6131,-10.5385,2912300.0
1991-02-08,-10.4639,-10.4639,-10.9191,-10.7698,2242600.0
1991-02-11,-10.7698,-10.3893,-11.0758,-10.3893,2208800.0
1991-02-12,-10.5385,-10.4639,-10.7698,-10.7698,1792800.0
1991-02-13,-10.9191,-10.7698,-11.0758,-10.7698,1615100.0
1991-02-14,-10.9191,-10.4639,-11.0011,-10.6952,1754400.0
1991-02-15,-10.8444,-10.6952,-10.9191,-10.7698,1703500.0
1991-02-19,-10.8444,-10.7698,-11.0758,-11.0758,1884800.0
1991-02-20,-11.0758,-10.9191,-11.1504,-11.0011,1262000.0
1991-02-21,-10.9191,-10.8444,-11.1504,-11.0758,1334100.0
1991-02-22,-11.0758,-10.8444,-11.2325,-11.2325,2526700.0
1991-02-25,-10.9191,-10.8444,-11.1504,-11.0758,1149000.0
1991-02-26,-11.0758,-11.0011,-11.7623,-11.5384,1995600.0
1991-02-27,-11.5384,-11.3817,-11.7623,-11.5384,1906600.0
1991-02-28,-11.3817,-10.7698,-11.4563,-10.7698,2032100.0
1991-03-01,-10.9191,-10.5385,-11.0011,-10.6131,1427000.0
1991-03-04,-10.5385,-10.4639,-10.7698,-10.6131,939500.0
1991-03-05,-10.6131,-10.3893,-10.6131,-10.6131,1010200.0
1991-03-06,-10.3893,-10.3072,-10.5385,-10.3893,1462300.0
1991-03-07,-10.4639,-10.3072,-10.5385,-10.5385,773300.0
1991-03-08,-10.4639,-10.3893,-10.7698,-10.4639,1613000.0
1991-03-11,-10.5385,-10.4639,-10.7698,-10.7698,696500.0
1991-03-12,-10.6131,-10.6131,-11.0011,-10.9191,936900.0
1991-03-13,-10.8444,-10.7698,-11.0011,-10.7698,788700.0
1991-03-14,-10.7698,-10.4639,-10.9191,-10.9191,1123500.0
1991-03-15,-10.7698,-10.7698,-10.9191,-10.9191,1545800.0
1991-03-18,-10.9191,-10.8444,-11.0011,-11.0011,832000.0
1991-03-19,-11.1504,-10.9191,-11.2325,-11.0758,834300.0
1991-03-20,-11.2325,-11.0011,-11.2325,-11.1504,995600.0
1991-03-21,-11.0758,-10.9191,-11.3817,-11.2325,1123300.0
1991-03-22,-11.3817,-11.2325,-11.4563,-11.3817,854400.0
1991-03-25,-11.3071,-11.2325,-11.4563,-11.3071,1287100.0
1991-03-26,-11.4563,-11.1504,-11.4563,-11.2325,1116700.0
1991-03-27,-11.3071,-11.0011,-11.3071,-11.1504,664900.0
1991-03-28,-11.1504,-10.9191,-11.2325,-10.9191,1842600.0
1991-04-01,-10.8444,-10.5385,-10.9191,-10.6131,1046700.0
1991-04-02,-10.6131,-10.0012,-10.6131,-10.0833,2467300.0
1991-04-03,-10.0833,-9.7699,-10.1579,-10.0012,1839200.0
1991-04-04,-9.9266,-9.6953,-10.0012,-9.7699,1296200.0
1991-04-05,-9.7699,-9.6207,-9.9266,-9.7699,1133800.0
1991-04-08,-9.9266,-9.852,-10.0833,-9.852,710200.0
1991-04-09,-10.0012,-9.9266,-10.1579,-10.0833,1208100.0
1991-04-10,-10.2325,-10.0833,-10.6131,-10.5385,967700.0
1991-04-11,-10.5385,-10.4639,-10.9191,-10.7698,2229500.0
1991-04-12,-10.6952,-10.3072,-10.6952,-10.4639,1416000.0
1991-04-15,-10.5385,-10.3072,-10.5385,-10.3072,1052800.0
1991-04-16,-10.3893,-10.0012,-10.4639,-10.0012,1260500.0
1991-04-17,-10.0012,-9.852,-10.0833,-9.852,1732800.0
1991-04-18,-10.0833,-9.546,-10.1579,-9.9266,1854000.0
1991-04-19,-10.0012,-9.9266,-10.2325,-10.1579,740800.0
1991-04-22,-10.1579,-10.0833,-10.4639,-10.4639,797400.0
1991-04-23,-10.3893,-10.1579,-10.4639,-10.2325,835400.0
1991-04-24,-10.2325,-10.1579,-10.3072,-10.1579,953800.0
1991-04-25,-10.1579,-10.0833,-10.3072,-10.3072,689100.0
1991-04-26,-10.3072,-10.1579,-10.3893,-10.1579,1115900.0
1991-04-29,-10.1579,-10.0833,-10.3893,-10.3893,728000.0
1991-04-30,-10.3893,-10.2325,-10.6131,-10.3893,981500.0
1991-05-01,-10.4639,-10.2325,-10.4639,-10.3072,595600.0
1991-05-02,-10.3072,-10.1579,-10.3893,-10.3893,748000.0
1991-05-03,-10.3893,-10.0833,-10.3893,-10.0833,884800.0
1991-05-06,-10.2176,-10.143,-10.3743,-10.2922,510100.0
1991-05-07,-10.2922,-10.2176,-10.4489,-10.4489,1003000.0
1991-05-08,-10.3743,-10.2922,-10.5236,-10.3743,1162500.0
1991-05-09,-10.3743,-10.2176,-10.5236,-10.2176,990700.0
1991-05-10,-10.2176,-10.2176,-10.3743,-10.3743,1362400.0
1991-05-13,-10.2176,-10.2176,-10.5236,-10.5236,796800.0
1991-05-14,-10.5236,-10.4489,-10.6803,-10.6803,714000.0
1991-05-15,-10.5982,-10.5236,-10.8295,-10.7549,980800.0
1991-05-16,-10.7549,-10.4489,-10.7549,-10.4489,715700.0
1991-05-17,-10.5982,-10.5236,-10.6803,-10.5236,1106800.0
1991-05-20,-10.5236,-10.5236,-10.7549,-10.6803,523200.0
1991-05-21,-10.6803,-10.4489,-10.8295,-10.6803,1450200.0
1991-05-22,-10.5982,-10.5236,-10.7549,-10.6803,1323400.0
1991-05-23,-10.5982,-10.5982,-10.8295,-10.7549,851200.0
1991-05-24,-10.7549,-10.7549,-10.9116,-10.8295,777400.0
1991-05-28,-10.8295,-10.6803,-10.9116,-10.7549,1001300.0
1991-05-29,-10.7549,-10.6803,-10.8295,-10.8295,1367500.0
1991-05-30,-10.8295,-10.7549,-10.9116,-10.7549,1274200.0
1991-05-31,-10.7549,-10.5982,-10.9116,-10.5982,988800.0
1991-06-03,-10.7549,-10.5236,-10.7549,-10.5236,1220000.0
1991-06-04,-10.5236,-10.5236,-10.6803,-10.5236,880600.0
1991-06-05,-10.5236,-10.143,-10.5236,-10.4489,1651000.0
1991-06-06,-10.4489,-10.2176,-10.4489,-10.2922,1009500.0
1991-06-07,-10.3743,-10.2922,-10.5236,-10.4489,738500.0
1991-06-10,-10.4489,-10.3743,-10.5982,-10.5982,817700.0
1991-06-11,-10.5982,-10.4489,-10.5982,-10.4489,864700.0
1991-06-12,-10.2176,-10.143,-10.4489,-10.2922,1701000.0
1991-06-13,-10.2922,-10.0609,-10.3743,-10.0609,1393000.0
1991-06-14,-9.9863,-9.6803,-9.9863,-9.6803,2186600.0
1991-06-17,-9.755,-9.3744,-9.755,-9.6057,2014400.0
1991-06-18,-9.5311,-9.3744,-9.8371,-9.755,1556000.0
1991-06-19,-9.8371,-9.8371,-9.9863,-9.8371,1346400.0
1991-06-20,-9.8371,-9.6803,-9.9117,-9.755,1390100.0
1991-06-21,-9.8371,-9.5311,-9.8371,-9.6057,1189600.0
1991-06-24,-9.6803,-9.5311,-9.755,-9.6057,873400.0
1991-06-25,-9.6803,-9.6057,-9.9863,-9.9117,653700.0
1991-06-26,-9.9863,-9.8371,-10.143,-10.143,892400.0
1991-06-27,-10.0609,-9.755,-10.143,-9.755,1017100.0
1991-06-28,-9.8371,-9.755,-10.0609,-9.9117,926800.0
1991-07-01,-9.8371,-9.449,-9.8371,-9.449,734300.0
1991-07-02,-9.5311,-9.3744,-9.6057,-9.5311,1159800.0
1991-07-03,-9.6803,-9.6057,-9.9117,-9.8371,1178600.0
1991-07-05,-9.755,-9.6057,-9.8371,-9.6803,588900.0
1991-07-08,-9.6803,-9.3744,-9.8371,-9.5311,1281800.0
1991-07-09,-9.5311,-9.1431,-9.6057,-9.2998,1451100.0
1991-07-10,-8.9117,-8.8371,-9.0685,-9.0685,2441200.0
1991-07-11,-8.8371,-8.8371,-9.6057,-9.1431,1164700.0
1991-07-12,-9.0685,-8.9117,-9.1431,-9.0685,1156400.0
1991-07-15,-8.9117,-8.9117,-9.1431,-9.0685,1008500.0
1991-07-16,-8.9117,-8.8371,-9.0685,-9.0685,1373800.0
1991-07-17,-9.0685,-8.9117,-9.1431,-9.0685,1079800.0
1991-07-18,-8.9117,-8.6879,-8.9938,-8.6879,1237900.0
1991-07-19,-8.6058,-8.5312,-8.7625,-8.6058,1097300.0
1991-07-22,-8.6058,-8.3745,-8.6879,-8.5312,911400.0
1991-07-23,-8.4566,-8.4566,-8.7625,-8.7625,1119500.0
1991-07-24,-8.6058,-8.4566,-8.6879,-8.4566,937600.0
1991-07-25,-8.4566,-8.4566,-8.6879,-8.6058,1038700.0
1991-07-26,-8.6058,-8.6058,-8.7625,-8.6879,560000.0
1991-07-29,-8.7625,-8.4566,-8.7625,-8.5312,521300.0
1991-07-30,-8.9938,-8.8371,-9.1431,-8.8371,2206900.0
1991-07-31,-8.8371,-8.7625,-9.1431,-9.0685,1813500.0
1991-08-01,-9.2177,-9.1431,-9.3744,-9.2998,1122400.0
1991-08-02,-9.2177,-8.6058,-9.6057,-9.5311,1105300.0
1991-08-05,-9.4341,-9.3595,-9.5908,-9.4341,464600.0
1991-08-06,-9.3595,-9.1281,-9.3595,-9.2028,1197600.0
1991-08-07,-9.1281,-8.9789,-9.2028,-9.0535,1069700.0
1991-08-08,-9.0535,-8.8968,-9.2028,-9.1281,923400.0
1991-08-09,-9.0535,-9.0535,-9.2849,-9.2028,974900.0
1991-08-12,-9.1281,-9.1281,-9.5162,-9.4341,879300.0
1991-08-13,-9.1356,-9.1356,-9.5386,-9.2102,1505300.0
1991-08-14,-9.1356,-9.1356,-9.4565,-9.3744,1056400.0
1991-08-15,-9.2923,-9.0535,-9.2923,-9.2102,788700.0
1991-08-16,-9.0535,-8.3222,-9.2923,-9.2923,709800.0
1991-08-19,-10.1803,-9.4565,-10.2624,-9.6207,1714700.0
1991-08-20,-9.3744,-9.3744,-9.9415,-9.7774,2143400.0
1991-08-21,-9.2923,-8.6506,-9.3744,-8.8073,2840100.0
1991-08-22,-8.5685,-7.9193,-8.5685,-8.0014,3568100.0
1991-08-23,-8.0014,-7.8372,-8.4043,-8.2402,2705000.0
1991-08-26,-8.2402,-8.2402,-8.5685,-8.4043,1035500.0
1991-08-27,-8.3222,-8.3222,-8.6506,-8.4864,1084200.0
1991-08-28,-8.4864,-8.4043,-8.8073,-8.6506,1464400.0
1991-08-29,-8.4864,-8.0834,-8.5685,-8.0834,1430200.0
1991-08-30,-7.9193,-7.6805,-8.0014,-7.7626,1091200.0
1991-09-03,-7.6805,-7.5984,-8.0014,-8.0014,1292100.0
1991-09-04,-7.9193,-7.9193,-8.2402,-8.0834,960300.0
1991-09-05,-7.9193,-7.6805,-7.9193,-7.6805,1324000.0
1991-09-06,-7.5984,-7.5163,-7.7626,-7.6805,1575400.0
1991-09-09,-7.5984,-7.5163,-7.9193,-7.8372,886900.0
1991-09-10,-7.9193,-7.8372,-8.0834,-8.0014,1101300.0
1991-09-11,-8.0834,-7.9193,-8.1655,-8.1655,906700.0
1991-09-12,-8.0834,-7.9193,-8.0834,-8.0834,992200.0
1991-09-13,-8.0014,-7.9193,-8.2402,-8.2402,1201200.0
1991-09-16,-8.1655,-8.0014,-8.3222,-8.0014,1096500.0
1991-09-17,-8.0014,-7.9193,-8.2402,-8.1655,667200.0
1991-09-18,-8.2402,-8.0834,-8.3222,-8.0834,866400.0
1991-09-19,-8.0834,-8.0014,-8.4043,-8.4043,1208100.0
1991-09-20,-8.3222,-8.2402,-8.4864,-8.2402,1709600.0
1991-09-23,-8.2402,-8.0834,-8.3222,-8.3222,729400.0
1991-09-24,-8.1655,-8.0014,-8.4043,-8.0834,2001300.0
1991-09-25,-8.0834,-7.9193,-8.1655,-8.0014,1743400.0
1991-09-26,-8.0014,-7.9193,-8.1655,-8.0834,1078300.0
1991-09-27,-8.0834,-8.0014,-8.1655,-8.0834,490900.0
1991-09-30,-8.0834,-7.7626,-8.1655,-7.8372,1103700.0
1991-10-01,-7.6805,-7.6805,-7.8372,-7.8372,610000.0
1991-10-02,-7.9193,-7.8372,-8.0014,-7.9193,845700.0
1991-10-03,-8.0014,-7.9193,-8.2402,-8.2402,492000.0
1991-10-04,-8.2402,-8.0834,-8.4043,-8.2402,761300.0
1991-10-07,-8.2402,-8.1655,-8.4864,-8.4864,1211900.0
1991-10-08,-8.4043,-8.2402,-8.6506,-8.4043,1121800.0
1991-10-09,-8.4043,-8.2402,-8.4043,-8.4043,1328700.0
1991-10-10,-8.4864,-8.4043,-8.5685,-8.4043,784300.0
1991-10-11,-8.3222,-8.2402,-8.4864,-8.4043,683000.0
1991-10-14,-8.5685,-7.6805,-8.5685,-7.7626,1280100.0
1991-10-15,-7.5984,-6.5462,-7.5984,-6.7104,3714700.0
1991-10-16,-6.6283,-6.5462,-6.8671,-6.7104,1920900.0
1991-10-17,-6.5462,-6.3821,-6.7925,-6.6283,1977900.0
1991-10-18,-6.7104,-6.6283,-7.1955,-7.1955,1077100.0
1991-10-21,-7.1955,-6.7104,-7.2775,-6.7104,1508900.0
1991-10-22,-6.7925,-6.3821,-6.7925,-6.5462,1268500.0
1991-10-23,-6.3821,-6.3821,-6.6283,-6.5462,892800.0
1991-10-24,-6.5462,-6.4642,-7.0313,-6.9492,1433800.0
1991-10-25,-6.7925,-6.7925,-7.1134,-6.9492,844700.0
1991-10-28,-7.0313,-6.8671,-7.0313,-6.8671,724000.0
1991-10-29,-6.8671,-6.5462,-6.9492,-6.7925,1369600.0
1991-10-30,-6.7104,-6.6283,-6.7925,-6.7104,1276900.0
1991-10-31,-6.7104,-6.6283,-6.8671,-6.7104,589500.0
1991-11-01,-6.6283,-6.3821,-6.6283,-6.4642,832700.0
1991-11-04,-6.6134,-6.5313,-6.8522,-6.7701,601100.0
1991-11-05,-6.6134,-6.2851,-6.6955,-6.6134,1227300.0
1991-11-06,-6.5313,-6.0463,-6.6955,-6.1284,964600.0
1991-11-07,-6.1284,-6.1284,-6.4492,-6.2851,1116100.0
1991-11-08,-6.2851,-5.9642,-6.3672,-6.0463,1041200.0
1991-11-11,-6.0463,-5.9642,-6.1284,-5.9642,666500.0
1991-11-12,-5.9642,-5.8,-6.1284,-5.8821,855700.0
1991-11-13,-5.9642,-5.2404,-6.0463,-5.3971,1288300.0
1991-11-14,-5.3971,-5.315,-5.8821,-5.7254,1245700.0
1991-11-15,-5.8,-5.8,-6.7701,-6.6955,1022400.0
1991-11-18,-6.7701,-6.4492,-7.1805,-6.5313,1290700.0
1991-11-19,-6.7701,-6.6955,-7.2551,-6.7701,1750200.0
1991-11-20,-6.6134,-6.5313,-6.9343,-6.9343,1076000.0
1991-11-21,-6.8522,-6.7701,-7.0164,-7.0164,878000.0
1991-11-22,-7.0984,-6.8522,-7.4193,-7.2551,1304600.0
1991-11-25,-7.3372,-6.8522,-7.3372,-6.9343,1201000.0
1991-11-26,-6.6134,-5.9642,-6.6955,-6.0463,1675900.0
1991-11-27,-6.0463,-5.8821,-6.3672,-6.2851,1023200.0
1991-11-29,-6.4492,-6.3672,-6.7701,-6.6955,525100.0
1991-12-02,-7.0164,-6.2851,-7.0984,-6.3672,1300400.0
1991-12-03,-6.4492,-6.1284,-6.4492,-6.1284,846200.0
1991-12-04,-6.2851,-6.0463,-6.5313,-6.1284,995000.0
1991-12-05,-6.2104,-5.7254,-6.2851,-5.7254,1079200.0
1991-12-06,-5.8821,-5.315,-5.8821,-5.6433,1182400.0
1991-12-09,-5.7254,-4.8299,-5.7254,-5.0762,2255200.0
1991-12-10,-5.1583,-4.5912,-5.2404,-4.7553,1522000.0
1991-12-11,-4.912,-4.8299,-5.4792,-5.4792,1874000.0
1991-12-12,-5.1583,-4.7553,-5.2404,-4.9941,1223300.0
1991-12-13,-4.8299,-4.6732,-5.0762,-4.9941,1312800.0
1991-12-16,-5.0762,-4.912,-5.2404,-4.912,807700.0
1991-12-17,-4.912,-4.5912,-5.0762,-4.7553,1026800.0
1991-12-18,-4.7553,-4.7553,-4.9941,-4.8299,1962900.0
1991-12-19,-4.912,-4.427,-4.9941,-4.427,986300.0
1991-12-20,-3.539,-3.4569,-4.5912,-4.1061,2853200.0
1991-12-23,-4.024,-3.7032,-4.1061,-3.7778,999000.0
1991-12-24,-3.7032,-3.4569,-3.8599,-3.7778,922400.0
1991-12-26,-3.7032,-3.7032,-4.2703,-3.942,562500.0
1991-12-27,-4.024,-3.7778,-4.024,-3.7778,408000.0
1991-12-30,-3.8599,-3.2181,-4.1061,-3.3748,1491600.0
1991-12-31,-3.2181,-2.8898,-3.3748,-2.9719,1152200.0
1992-01-02,-3.7032,-3.539,-4.1882,-3.7778,1608900.0
1992-01-03,-3.7778,-3.7032,-4.427,-3.8599,1147100.0
1992-01-06,-4.1882,-4.024,-4.3449,-4.1061,1842400.0
1992-01-07,-4.427,-4.3449,-4.6732,-4.5912,1332200.0
1992-01-08,-4.8299,-4.5091,-4.912,-4.8299,1953600.0
1992-01-09,-4.6732,-4.024,-4.7553,-4.1882,1714700.0
1992-01-10,-3.942,-3.7778,-4.1882,-4.024,1063800.0
1992-01-13,-4.1061,-3.7778,-4.1882,-3.7778,968600.0
1992-01-14,-3.8599,-3.7032,-4.024,-3.8599,1170600.0
1992-01-15,-3.7778,-3.2181,-3.942,-3.2181,1701600.0
1992-01-16,-3.539,-3.3748,-4.6732,-4.5091,1729700.0
1992-01-17,-4.5912,-4.3449,-4.912,-4.427,1785200.0
1992-01-20,-4.427,-4.1882,-4.5091,-4.3449,841100.0
1992-01-21,-4.2703,-4.2703,-4.9941,-4.912,1114000.0
1992-01-22,-4.9941,-4.5091,-5.1583,-4.5912,1267900.0
1992-01-23,-4.427,-4.3449,-4.9941,-4.8299,1037200.0
1992-01-24,-4.912,-4.3449,-4.9941,-4.427,823800.0
1992-01-27,-4.427,-4.3449,-4.7553,-4.6732,660800.0
1992-01-28,-4.5912,-4.3449,-4.7553,-4.6732,891100.0
1992-01-29,-4.6732,-4.5912,-5.2404,-5.1583,878200.0
1992-01-30,-5.0762,-4.8299,-5.3971,-5.1583,1127100.0
1992-01-31,-5.1583,-4.9941,-5.315,-5.1583,1310900.0
1992-02-03,-5.0613,-4.4121,-5.1434,-4.4121,705000.0
1992-02-04,-4.4942,-4.1658,-4.5762,-4.2479,771900.0
1992-02-05,-4.1658,-4.0091,-4.33,-4.1658,1139300.0
1992-02-06,-4.0912,-3.7629,-4.2479,-3.8449,737700.0
1992-02-07,-3.8449,-3.8449,-4.2479,-4.1658,774600.0
1992-02-10,-4.0091,-3.8449,-4.0091,-3.927,502300.0
1992-02-11,-3.8449,-3.442,-3.927,-3.6808,1245700.0
1992-02-12,-3.5987,-3.5987,-3.8449,-3.6808,1008300.0
1992-02-13,-3.6808,-3.6808,-4.2479,-4.1658,1125600.0
1992-02-14,-4.33,-4.1658,-4.7329,-4.7329,808400.0
1992-02-18,-4.8971,-4.5762,-5.3821,-5.218,1438800.0
1992-02-19,-5.6284,-5.4642,-5.9493,-5.9493,2209400.0
1992-02-20,-5.8672,-5.1434,-6.2701,-5.218,2313700.0
1992-02-21,-5.0613,-4.9792,-5.8672,-5.7851,1538700.0
1992-02-24,-5.7851,-5.0613,-5.8672,-5.1434,746300.0
1992-02-25,-5.1434,-5.1434,-5.6284,-5.218,850400.0
1992-02-26,-5.3001,-5.0613,-5.3821,-5.218,837300.0
1992-02-27,-5.1434,-5.1434,-5.7851,-5.6284,731600.0
1992-02-28,-5.5463,-5.218,-5.5463,-5.3821,940700.0
1992-03-02,-5.3821,-5.218,-5.5463,-5.5463,793800.0
1992-03-03,-5.5463,-5.5463,-6.0314,-5.9493,1402900.0
1992-03-04,-6.0314,-5.9493,-6.2701,-6.2701,1600100.0
1992-03-05,-6.3522,-6.1134,-6.4343,-6.2701,977900.0
1992-03-06,-6.3522,-6.0314,-6.3522,-6.1134,1671600.0
1992-03-09,-6.1955,-6.1134,-6.4343,-6.2701,782200.0
1992-03-10,-6.1955,-6.0314,-6.3522,-6.3522,1321900.0
1992-03-11,-6.4343,-6.3522,-6.5164,-6.3522,639500.0
1992-03-12,-6.3522,-6.2701,-6.5164,-6.2701,646100.0
1992-03-13,-6.2701,-6.2701,-6.9194,-6.9194,1933800.0
1992-03-16,-6.9194,-6.9194,-7.3223,-6.9194,1637700.0
1992-03-17,-6.8373,-6.7552,-7.3223,-6.9194,1856100.0
1992-03-18,-6.9194,-6.5164,-7.1656,-6.5164,2057900.0
1992-03-19,-6.3522,-6.1955,-6.5164,-6.3522,2031500.0
1992-03-20,-6.3522,-6.3522,-6.5985,-6.4343,1660000.0
1992-03-23,-6.4343,-6.2701,-6.5164,-6.4343,1058900.0
1992-03-24,-6.2701,-6.1955,-6.4343,-6.3522,1102000.0
1992-03-25,-6.4343,-6.3522,-6.7552,-6.7552,1318500.0
1992-03-26,-6.7552,-6.7552,-7.7327,-7.4865,3862900.0
1992-03-27,-7.4044,-7.1656,-7.6506,-7.2477,1499800.0
1992-03-30,-7.3223,-6.9194,-7.4044,-6.9194,1015200.0
1992-03-31,-7.0835,-7.0014,-7.4865,-7.3223,1067800.0
1992-04-01,-7.3223,-7.3223,-7.8073,-7.6506,1659400.0
1992-04-02,-7.8073,-7.4865,-7.8073,-7.7327,1400800.0
1992-04-03,-7.7327,-7.6506,-7.8894,-7.7327,1276900.0
1992-04-06,-7.5686,-7.5686,-8.0536,-7.8894,2108500.0
1992-04-07,-7.9715,-7.9715,-8.2998,-8.2998,3176100.0
1992-04-08,-8.4566,-8.2998,-8.8595,-8.3745,3405300.0
1992-04-09,-8.3745,-8.3745,-8.6207,-8.5386,1764900.0
1992-04-10,-8.5386,-8.1357,-8.5386,-8.2178,3483400.0
1992-04-13,-8.2178,-7.8894,-8.2998,-7.9715,1238500.0
1992-04-14,-7.7327,-7.5686,-7.8894,-7.8894,1302300.0
1992-04-15,-7.8894,-7.6506,-8.8595,-8.6207,5689900.0
1992-04-16,-8.6207,-8.5386,-9.1058,-8.9416,5937700.0
1992-04-20,-8.9416,-8.7849,-9.352,-9.2699,2985500.0
1992-04-21,-9.2699,-9.1878,-9.9117,-9.2699,2862300.0
1992-04-22,-9.1058,-8.6207,-9.2699,-8.7849,2167600.0
1992-04-23,-8.7849,-8.7028,-9.0237,-8.9416,2339400.0
1992-04-24,-8.8595,-8.6207,-9.0237,-8.9416,1833700.0
1992-04-27,-8.5386,-8.4566,-8.8595,-8.8595,986500.0
1992-04-28,-8.7028,-8.5386,-8.7849,-8.5386,1002600.0
1992-04-29,-8.7028,-8.5386,-8.9416,-8.8595,1618200.0
1992-04-30,-8.8595,-8.7028,-8.9416,-8.7028,966900.0
1992-05-01,-8.5386,-8.3745,-9.0237,-8.9416,1062500.0
1992-05-04,-8.9267,-8.5237,-8.9267,-8.5237,1103900.0
1992-05-05,-8.5237,-8.4416,-8.8446,-8.6879,1040600.0
1992-05-06,-8.6058,-8.1954,-8.7625,-8.3595,1121000.0
1992-05-07,-8.1954,-8.1954,-8.5237,-8.4416,886100.0
1992-05-08,-8.4416,-7.7924,-8.6058,-8.1208,1316800.0
1992-05-11,-8.1208,-8.0387,-8.1954,-8.1208,725400.0
1992-05-12,-8.0387,-8.0387,-8.1954,-8.1954,1506400.0
1992-05-13,-8.1954,-8.1954,-8.3595,-8.3595,969000.0
1992-05-14,-8.3595,-8.3595,-9.0088,-8.8446,2452200.0
1992-05-15,-8.8446,-8.6879,-9.0088,-9.0088,1403200.0
1992-05-18,-8.8446,-8.7625,-8.9267,-8.9267,634900.0
1992-05-19,-8.7625,-8.4416,-9.0088,-8.5237,1446200.0
1992-05-20,-8.2775,-7.7103,-8.4416,-7.7103,2184300.0
1992-05-21,-7.8745,-7.8745,-8.0387,-7.9566,904200.0
1992-05-22,-7.8745,-7.7103,-7.9566,-7.7924,1027300.0
1992-05-26,-7.9566,-7.5536,-8.0387,-7.5536,1116500.0
1992-05-27,-7.5536,-7.4716,-7.7924,-7.5536,997900.0
1992-05-28,-7.5536,-7.1432,-7.7103,-7.1432,1140400.0
1992-05-29,-7.2253,-7.1432,-7.7103,-7.7103,1142700.0
1992-06-01,-7.7924,-7.7103,-7.9566,-7.7924,1438800.0
1992-06-02,-7.3895,-7.3895,-7.5536,-7.4716,1091200.0
1992-06-03,-7.3074,-7.3074,-7.6283,-7.5536,649200.0
1992-06-04,-7.6283,-7.4716,-7.7924,-7.7924,821900.0
1992-06-05,-7.8745,-7.6283,-7.9566,-7.7103,711900.0
1992-06-08,-7.5536,-7.3895,-7.5536,-7.5536,860700.0
1992-06-09,-8.0387,-8.0387,-8.6879,-8.5237,2914800.0
1992-06-10,-8.6058,-8.5237,-8.8446,-8.8446,1400800.0
1992-06-11,-8.8446,-8.7625,-9.1729,-8.8446,1256500.0
1992-06-12,-8.7625,-8.5237,-8.9267,-8.9267,1314900.0
1992-06-15,-8.8446,-8.6879,-8.9267,-8.8446,1013300.0
1992-06-16,-8.6879,-8.6058,-8.8446,-8.8446,1156200.0
1992-06-17,-8.7625,-8.7625,-9.0908,-9.0088,896200.0
1992-06-18,-8.8446,-8.8446,-9.0088,-8.8446,1116500.0
1992-06-19,-8.8446,-8.8446,-8.9267,-8.9267,1036300.0
1992-06-22,-9.0088,-8.9267,-9.0908,-8.9267,846800.0
1992-06-23,-8.9267,-8.8446,-9.0908,-8.9267,1128100.0
1992-06-24,-8.9267,-8.6879,-8.9267,-8.8446,715100.0
1992-06-25,-8.9267,-8.6879,-8.9267,-8.8446,612100.0
1992-06-26,-8.8446,-8.7625,-9.0088,-8.8446,506800.0
1992-06-29,-8.9267,-8.8446,-9.255,-9.1729,3563000.0
1992-06-30,-9.0088,-8.9267,-9.1729,-9.0908,1741500.0
1992-07-01,-9.0908,-9.0908,-9.255,-9.0908,1859500.0
1992-07-02,-9.0908,-9.0088,-9.1729,-9.0908,1929100.0
1992-07-06,-9.0088,-8.7625,-9.0908,-8.7625,1113200.0
1992-07-07,-8.6058,-8.4416,-8.7625,-8.7625,1506800.0
1992-07-08,-8.7625,-8.1208,-8.7625,-8.1208,2121200.0
1992-07-09,-8.0387,-7.4716,-8.1208,-7.5536,3008900.0
1992-07-10,-7.4716,-7.2253,-7.8745,-7.7103,1449400.0
1992-07-13,-7.7103,-7.3895,-7.7924,-7.4716,885000.0
1992-07-14,-7.4716,-7.4716,-7.7103,-7.5536,511200.0
1992-07-15,-7.7924,-7.6283,-7.9566,-7.7924,894300.0
1992-07-16,-7.7924,-7.4716,-7.8745,-7.5536,1011800.0
1992-07-17,-7.2253,-6.9044,-7.3074,-6.9865,2341800.0
1992-07-20,-7.1432,-6.9044,-7.3895,-6.9865,1642900.0
1992-07-21,-6.9865,-6.9865,-7.1432,-7.1432,785600.0
1992-07-22,-7.2253,-7.1432,-7.5536,-7.3074,902500.0
1992-07-23,-7.4716,-7.3074,-7.5536,-7.3895,496400.0
1992-07-24,-7.5536,-7.3895,-7.5536,-7.4716,677500.0
1992-07-27,-7.5536,-7.4716,-7.7103,-7.7103,763800.0
1992-07-28,-7.6283,-7.3895,-7.7103,-7.3895,979300.0
1992-07-29,-7.3074,-6.9044,-7.3895,-6.9865,2439900.0
1992-07-30,-6.9044,-6.4194,-6.9865,-6.494,2216800.0
1992-07-31,-6.494,-6.494,-6.8223,-6.7403,1101500.0
1992-08-03,-6.7253,-6.7253,-6.9641,-6.8895,874000.0
1992-08-04,-6.8895,-6.8074,-7.1283,-6.8895,703900.0
1992-08-05,-6.8895,-6.8074,-7.0462,-6.8895,408800.0
1992-08-06,-6.9641,-6.8074,-6.9641,-6.8895,666300.0
1992-08-07,-6.9641,-6.5612,-6.9641,-6.9641,863300.0
1992-08-10,-6.9641,-6.8074,-7.0462,-6.8074,712800.0
1992-08-11,-7.7626,-7.5163,-7.7626,-7.5984,603000.0
1992-08-12,-7.5984,-7.5163,-7.7626,-7.6805,377400.0
1992-08-13,-7.5984,-7.5984,-7.7626,-7.6805,428500.0
1992-08-14,-7.6805,-7.6805,-7.9267,-7.9267,1051900.0
1992-08-17,-7.8447,-7.8447,-8.0088,-7.9267,631100.0
1992-08-18,-7.9267,-7.8447,-8.0909,-8.0088,1370400.0
1992-08-19,-7.9267,-7.6805,-8.0088,-8.0088,857800.0
1992-08-20,-7.9267,-7.9267,-8.2476,-8.1655,1136400.0
1992-08-21,-8.0909,-8.0088,-8.4118,-8.2476,2973300.0
1992-08-24,-8.4118,-8.3297,-8.5759,-8.3297,600300.0
1992-08-25,-8.3297,-8.3297,-8.5759,-8.4118,869800.0
1992-08-26,-8.4118,-8.3297,-8.5759,-8.3297,1213600.0
1992-08-27,-8.2476,-8.1655,-8.4939,-8.4939,664900.0
1992-08-28,-8.4118,-8.1655,-8.4118,-8.2476,588900.0
1992-08-31,-8.1655,-8.1655,-8.5759,-8.4939,581900.0
1992-09-01,-8.658,-8.4939,-8.8147,-8.4939,954600.0
1992-09-02,-8.4118,-8.1655,-8.4118,-8.1655,1014400.0
1992-09-03,-8.2476,-8.0088,-8.3297,-8.0909,2322100.0
1992-09-04,-8.0909,-7.9267,-8.1655,-8.1655,410700.0
1992-09-08,-8.0909,-8.0088,-8.3297,-8.3297,1014400.0
1992-09-09,-8.3297,-8.0909,-8.4118,-8.1655,701600.0
1992-09-10,-8.1655,-7.6805,-8.3297,-7.7626,1091800.0
1992-09-11,-7.7626,-7.6805,-7.9267,-7.8447,797400.0
1992-09-14,-7.6805,-7.5984,-7.8447,-7.6805,776100.0
1992-09-15,-7.7626,-7.5984,-8.1655,-8.0909,833100.0
1992-09-16,-8.2476,-8.0088,-8.3297,-8.1655,792800.0
1992-09-17,-8.1655,-7.9267,-8.1655,-8.0909,1297400.0
1992-09-18,-8.0088,-8.0088,-8.4939,-8.4118,984200.0
1992-09-21,-8.4939,-8.4939,-8.7401,-8.5759,1038200.0
1992-09-22,-8.658,-8.4118,-8.658,-8.4939,884400.0
1992-09-23,-8.4118,-8.2476,-8.658,-8.4939,1103700.0
1992-09-24,-8.4939,-8.1655,-8.4939,-8.3297,682400.0
1992-09-25,-8.2476,-8.1655,-8.3297,-8.2476,555300.0
1992-09-28,-8.3297,-8.1655,-8.3297,-8.2476,581100.0
1992-09-29,-8.3297,-8.1655,-8.3297,-8.3297,379700.0
1992-09-30,-8.2476,-8.1655,-8.3297,-8.2476,663400.0
1992-10-01,-7.9267,-7.3596,-7.9267,-7.4417,2605400.0
1992-10-02,-7.1955,-7.1134,-8.0088,-7.7626,2348900.0
1992-10-05,-7.8447,-7.5984,-8.2476,-7.6805,1833300.0
1992-10-06,-7.6805,-7.5163,-7.7626,-7.6805,1003000.0
1992-10-07,-7.5984,-7.5163,-7.8447,-7.8447,1405300.0
1992-10-08,-7.8447,-7.7626,-8.1655,-8.0909,1017500.0
1992-10-09,-8.1655,-8.0088,-8.1655,-8.1655,960100.0
1992-10-12,-8.1655,-7.6805,-8.1655,-7.7626,565700.0
1992-10-13,-7.7626,-7.2775,-7.8447,-7.5163,1306900.0
1992-10-14,-7.5163,-7.4417,-8.1655,-8.1655,807300.0
1992-10-15,-8.1655,-7.5163,-8.1655,-7.5984,1642700.0
1992-10-16,-7.5163,-7.4417,-7.7626,-7.5984,868700.0
1992-10-19,-7.5984,-7.0313,-7.5984,-7.0313,1293000.0
1992-10-20,-7.1955,-6.8671,-7.2775,-7.1955,1288800.0
1992-10-21,-7.0313,-6.9492,-7.2775,-7.1134,645900.0
1992-10-22,-7.1134,-7.1134,-7.2775,-7.1134,1023200.0
1992-10-23,-7.1134,-6.7104,-7.1134,-6.7104,938600.0
1992-10-26,-6.7925,-6.6283,-7.1134,-6.7104,880400.0
1992-10-27,-6.7104,-6.6283,-6.7925,-6.7104,1224200.0
1992-10-28,-6.7104,-6.6283,-7.0313,-6.8671,1002100.0
1992-10-29,-6.8671,-6.8671,-7.2775,-7.1955,654700.0
1992-10-30,-7.1134,-7.1134,-7.2775,-7.2775,632100.0
1992-11-02,-7.2626,-6.8522,-7.3372,-6.8522,594600.0
1992-11-03,-7.0164,-6.8522,-7.3372,-7.1805,802300.0
1992-11-04,-7.5014,-7.4193,-8.1506,-8.1506,2566100.0
1992-11-05,-7.9118,-7.5014,-7.9118,-7.5835,870400.0
1992-11-06,-7.5835,-7.5014,-7.8297,-7.5835,1066300.0
1992-11-09,-7.5014,-7.3372,-7.7477,-7.6656,1211700.0
1992-11-10,-7.4193,-7.4193,-7.7477,-7.6656,1747800.0
1992-11-11,-7.7477,-7.0164,-7.7477,-7.0984,1057600.0
1992-11-12,-7.3372,-7.1805,-7.5835,-7.4193,976000.0
1992-11-13,-7.2626,-7.0984,-7.4193,-7.1805,447500.0
1992-11-16,-7.3372,-7.2626,-7.7477,-7.6656,554500.0
1992-11-17,-7.7477,-7.6656,-7.9118,-7.6656,755600.0
1992-11-18,-7.5835,-7.0984,-7.6656,-7.5014,811100.0
1992-11-19,-7.5014,-7.2626,-7.5835,-7.5835,534800.0
1992-11-20,-7.3372,-6.9343,-7.5835,-6.9343,1374900.0
1992-11-23,-7.0164,-7.0164,-7.2626,-7.0984,943200.0
1992-11-24,-7.1805,-6.7701,-7.2626,-6.8522,1066900.0
1992-11-25,-6.9343,-6.9343,-7.3372,-7.0164,727300.0
1992-11-27,-6.9343,-6.7701,-7.0984,-6.7701,424200.0
1992-11-30,-6.7701,-6.6059,-7.0164,-6.688,1363900.0
1992-12-01,-6.688,-6.6059,-7.0164,-6.8522,1027500.0
1992-12-02,-7.0164,-6.7701,-7.1805,-6.9343,1007400.0
1992-12-03,-6.8522,-6.7701,-6.9343,-6.9343,840500.0
1992-12-04,-6.8522,-6.6059,-6.8522,-6.6059,672200.0
1992-12-07,-6.6059,-6.6059,-6.9343,-6.7701,658700.0
1992-12-08,-6.7701,-6.7701,-6.9343,-6.8522,904600.0
1992-12-09,-6.8522,-6.688,-6.8522,-6.688,894900.0
1992-12-10,-6.7701,-6.4492,-6.8522,-6.6059,1121800.0
1992-12-11,-6.688,-6.5313,-6.8522,-6.7701,617400.0
1992-12-14,-6.688,-6.688,-7.0164,-6.8522,534200.0
1992-12-15,-7.0164,-6.9343,-7.2626,-7.0984,839800.0
1992-12-16,-7.0164,-7.0164,-7.4193,-7.4193,945800.0
1992-12-17,-7.3372,-7.3372,-7.5835,-7.5014,1237300.0
1992-12-18,-7.5014,-7.0164,-7.5835,-7.1805,2030400.0
1992-12-21,-7.3372,-7.2626,-7.5014,-7.4193,1007400.0
1992-12-22,-7.4193,-7.1805,-7.4193,-7.2626,1535900.0
1992-12-23,-7.2626,-6.6059,-7.2626,-6.688,1783500.0
1992-12-24,-6.688,-6.5313,-6.688,-6.688,664600.0
1992-12-28,-6.6059,-6.6059,-7.0164,-7.0164,358200.0
1992-12-29,-7.0164,-6.4492,-7.0164,-6.6059,1491200.0
1992-12-30,-6.6059,-6.5313,-7.0164,-7.0164,512300.0
1992-12-31,-7.0164,-6.7701,-7.1805,-7.1805,584400.0
1993-01-04,-7.0984,-6.9343,-7.1805,-6.9343,829500.0
1993-01-05,-7.0164,-6.8522,-7.1805,-6.9343,808400.0
1993-01-06,-7.0164,-6.6059,-7.0164,-6.6059,1154700.0
1993-01-07,-6.5313,-6.3672,-6.8522,-6.8522,1114400.0
1993-01-08,-6.8522,-6.7701,-6.9343,-6.8522,1182400.0
1993-01-11,-6.9343,-6.6059,-7.0164,-6.7701,819400.0
1993-01-12,-6.6059,-6.4492,-6.7701,-6.4492,1741500.0
1993-01-13,-6.4492,-5.9567,-6.5313,-5.9567,1632800.0
1993-01-14,-5.9567,-5.5538,-5.9567,-5.8,1712600.0
1993-01-15,-5.8,-5.8,-6.1209,-6.0388,1088500.0
1993-01-18,-6.203,-5.7179,-6.203,-6.0388,1613000.0
1993-01-19,-6.1209,-6.0388,-6.9343,-6.5313,1031700.0
1993-01-20,-6.4492,-6.4492,-6.8522,-6.6059,858000.0
1993-01-21,-6.6059,-5.9567,-6.6059,-6.2851,1069000.0
1993-01-22,-6.2851,-6.0388,-6.3672,-6.2851,653200.0
1993-01-25,-6.8522,-6.7701,-7.4193,-7.0984,2454900.0
1993-01-26,-6.9343,-6.9343,-7.2626,-7.1805,799700.0
1993-01-27,-7.1805,-7.1805,-7.5014,-7.5014,961000.0
1993-01-28,-7.5014,-7.1805,-7.5014,-7.4193,729700.0
1993-01-29,-7.4193,-7.2626,-7.4193,-7.3372,597100.0
1993-02-01,-7.4044,-7.2402,-7.8148,-7.6506,1668500.0
1993-02-02,-7.6506,-7.1656,-7.7327,-7.1656,1034400.0
1993-02-03,-7.1656,-7.1656,-7.5686,-7.3223,1503400.0
1993-02-04,-7.1656,-7.1656,-7.4865,-7.3223,1237900.0
1993-02-05,-7.1656,-7.1656,-7.4044,-7.3223,993500.0
1993-02-08,-7.2402,-7.2402,-7.7327,-7.5686,1428300.0
1993-02-09,-7.5686,-7.4865,-7.8148,-7.6506,958000.0
1993-02-10,-7.7327,-7.6506,-8.1357,-8.1357,1884800.0
1993-02-11,-7.9715,-7.8148,-8.0536,-7.8148,1434600.0
1993-02-12,-7.0014,-7.0014,-7.5686,-7.4865,1124800.0
1993-02-16,-7.3223,-7.3223,-8.0536,-8.0536,1096900.0
1993-02-17,-8.0536,-7.8148,-8.464,-8.464,2794300.0
1993-02-18,-8.2998,-7.8969,-8.3819,-8.3819,2163800.0
1993-02-19,-8.2178,-8.0536,-8.2998,-8.1357,785000.0
1993-02-22,-8.1357,-7.8969,-8.3819,-8.2998,1252200.0
1993-02-23,-8.3819,-8.0536,-8.3819,-8.1357,1089300.0
1993-02-24,-8.0536,-7.7327,-8.1357,-7.8148,1493900.0
1993-02-25,-7.7327,-7.1656,-7.7327,-7.1656,1378300.0
1993-02-26,-7.1656,-7.0835,-7.4044,-7.1656,972400.0
1993-03-01,-7.3223,-7.2402,-7.4865,-7.3223,972200.0
1993-03-02,-7.4044,-6.9194,-7.4044,-6.9194,1498600.0
1993-03-03,-6.9194,-6.9194,-7.0835,-6.9194,618600.0
1993-03-04,-6.9194,-6.9194,-7.1656,-7.0014,563500.0
1993-03-05,-7.0014,-6.8373,-7.4044,-7.4044,1027000.0
1993-03-08,-7.4044,-6.8373,-7.4044,-6.8373,1142700.0
1993-03-09,-6.8373,-6.8373,-7.3223,-7.3223,627700.0
1993-03-10,-7.3223,-7.2402,-7.4044,-7.4044,985000.0
1993-03-11,-7.3223,-7.0835,-7.4044,-7.3223,1270600.0
1993-03-12,-7.8148,-7.4865,-7.8969,-7.6506,1155800.0
1993-03-15,-7.8148,-7.2402,-7.8148,-7.4865,359900.0
1993-03-16,-7.5686,-7.4044,-7.6506,-7.4865,667600.0
1993-03-17,-7.4865,-7.4044,-7.7327,-7.5686,817200.0
1993-03-18,-7.4865,-7.0835,-7.5686,-7.2402,851900.0
1993-03-19,-7.1656,-7.1656,-7.4044,-7.4044,989900.0
1993-03-22,-7.5686,-7.4865,-7.7327,-7.5686,507800.0
1993-03-23,-7.6506,-6.9194,-7.7327,-7.0835,1327800.0
1993-03-24,-7.1656,-7.0835,-7.4865,-7.3223,998300.0
1993-03-25,-7.3223,-7.3223,-7.5686,-7.4044,745300.0
1993-03-26,-7.4865,-7.3223,-7.6506,-7.5686,1002800.0
1993-03-29,-7.5686,-7.3223,-7.6506,-7.4865,933800.0
1993-03-30,-7.2402,-7.2402,-7.7327,-7.6506,980400.0
1993-03-31,-7.6506,-7.4865,-7.7327,-7.6506,1212100.0
1993-04-01,-7.8148,-7.7327,-7.9715,-7.8148,1209000.0
1993-04-02,-7.9715,-7.8969,-8.2178,-8.0536,1774000.0
1993-04-05,-7.8969,-7.6506,-8.2998,-8.2998,1149000.0
1993-04-06,-8.2998,-7.9715,-8.2998,-8.1357,1158700.0
1993-04-07,-8.0536,-8.0536,-8.7849,-8.7103,1600700.0
1993-04-08,-8.5461,-8.2998,-8.6282,-8.2998,1519200.0
1993-04-12,-8.2998,-8.0536,-8.5461,-8.3819,1134700.0
1993-04-13,-8.3819,-8.2998,-8.6282,-8.464,1884600.0
1993-04-14,-8.5461,-8.464,-9.0311,-8.9491,2883800.0
1993-04-15,-8.9491,-8.7103,-9.1953,-8.7849,2077300.0
1993-04-16,-8.464,-8.3819,-8.7103,-8.464,937300.0
1993-04-19,-8.2998,-8.1357,-8.7849,-8.6282,777400.0
1993-04-20,-8.5461,-8.5461,-8.867,-8.6282,848500.0
1993-04-21,-8.464,-8.464,-8.7849,-8.7103,821300.0
1993-04-22,-8.5461,-8.464,-8.867,-8.7103,1309900.0
1993-04-23,-8.7849,-8.6282,-8.9491,-8.7849,1136000.0
1993-04-26,-9.0311,-8.867,-9.1132,-8.9491,931400.0
1993-04-27,-8.9491,-8.3819,-8.9491,-8.5461,1449000.0
1993-04-28,-8.2998,-8.2998,-8.5461,-8.3819,835200.0
1993-04-29,-8.2178,-8.1357,-8.2998,-8.1357,681700.0
1993-04-30,-8.0536,-7.9715,-8.2178,-8.1357,474300.0
1993-05-03,-8.2849,-8.2028,-8.4491,-8.4491,666300.0
1993-05-04,-8.5312,-8.2849,-8.6133,-8.5312,1057200.0
1993-05-05,-8.4491,-8.367,-8.6133,-8.5312,1013500.0
1993-05-06,-8.6133,-8.6133,-8.9341,-8.852,1365000.0
1993-05-07,-8.9341,-8.6879,-8.9341,-8.852,1119100.0
1993-05-10,-8.852,-8.4491,-8.9341,-8.77,939000.0
1993-05-11,-8.6133,-8.6133,-8.9341,-8.77,1173700.0
1993-05-12,-8.852,-8.6879,-8.9341,-8.77,539100.0
1993-05-13,-8.852,-8.852,-9.1804,-9.0983,1121000.0
1993-05-14,-9.0983,-8.9341,-9.1804,-8.9341,1390900.0
1993-05-17,-8.9341,-8.9341,-9.0983,-9.0162,523900.0
1993-05-18,-8.852,-8.852,-9.0983,-9.0162,1289600.0
1993-05-19,-9.1804,-8.852,-9.1804,-8.852,1733700.0
1993-05-20,-8.6879,-8.5312,-8.77,-8.6879,1211500.0
1993-05-21,-8.6133,-8.4491,-8.9341,-8.6879,892800.0
1993-05-24,-8.77,-8.77,-9.0162,-8.9341,804600.0
1993-05-25,-9.0162,-8.9341,-9.1804,-9.0162,1196100.0
1993-05-26,-9.0983,-8.9341,-9.1804,-8.9341,1809000.0
1993-05-27,-9.0162,-8.852,-9.0983,-8.9341,1117400.0
1993-05-28,-8.77,-8.6879,-9.0162,-8.852,1114600.0
1993-06-01,-8.852,-8.5312,-8.9341,-8.77,633200.0
1993-06-02,-8.77,-8.4491,-8.77,-8.5312,879100.0
1993-06-03,-8.6133,-8.5312,-8.77,-8.6879,871500.0
1993-06-04,-8.852,-8.77,-9.0162,-8.9341,817500.0
1993-06-07,-8.9341,-8.9341,-9.0983,-9.0162,911600.0
1993-06-08,-9.0983,-8.852,-9.0983,-8.852,749300.0
1993-06-09,-8.77,-8.5312,-8.852,-8.5312,659800.0
1993-06-10,-8.6879,-8.5312,-8.6879,-8.6133,635900.0
1993-06-11,-8.6133,-8.5312,-8.6879,-8.6879,649200.0
1993-06-14,-8.5312,-8.5312,-8.6879,-8.6879,376100.0
1993-06-15,-8.77,-8.6879,-8.9341,-8.852,618400.0
1993-06-16,-8.77,-8.5312,-8.9341,-8.5312,670800.0
1993-06-17,-8.6879,-8.6133,-9.0162,-8.77,665300.0
1993-06-18,-8.77,-8.6879,-9.0162,-8.9341,1098000.0
1993-06-21,-8.852,-8.6133,-8.9341,-8.6133,768100.0
1993-06-22,-8.6133,-8.5312,-8.77,-8.6879,675600.0
1993-06-23,-8.6133,-8.6133,-8.9341,-8.852,900800.0
1993-06-24,-8.9341,-8.852,-9.0162,-8.9341,639300.0
1993-06-25,-8.852,-8.77,-8.9341,-8.9341,585100.0
1993-06-28,-8.852,-8.852,-9.0983,-9.0983,2655000.0
1993-06-29,-9.0983,-9.0162,-9.2625,-9.2625,2191700.0
1993-06-30,-9.1804,-8.852,-9.1804,-9.0162,2096900.0
1993-07-01,-9.0983,-9.0983,-9.3446,-9.3446,1565700.0
1993-07-02,-9.4266,-9.2625,-9.4266,-9.4266,3108100.0
1993-07-06,-9.2625,-9.0983,-9.5833,-9.5833,2877000.0
1993-07-07,-10.0758,-9.2625,-10.0758,-9.5087,2220800.0
1993-07-08,-9.0983,-8.9341,-9.0983,-8.9341,1957000.0
1993-07-09,-8.9341,-8.852,-9.1804,-9.0983,1414600.0
1993-07-12,-9.0983,-8.6879,-9.1804,-8.77,900200.0
1993-07-13,-8.852,-8.852,-9.1804,-9.0983,1135300.0
1993-07-14,-9.0983,-9.0162,-9.2625,-9.1804,1227100.0
1993-07-15,-9.1804,-9.0162,-9.3446,-9.0162,1286200.0
1993-07-16,-9.1804,-9.1804,-9.5087,-9.5087,3471200.0
1993-07-19,-9.4266,-9.3446,-9.5087,-9.5087,1630300.0
1993-07-20,-9.5087,-9.3446,-9.6654,-9.5833,2778500.0
1993-07-21,-9.5833,-9.0983,-9.5833,-9.2625,1596700.0
1993-07-22,-9.2625,-9.1804,-9.3446,-9.3446,1821500.0
1993-07-23,-9.3446,-8.6879,-9.3446,-8.852,1371100.0
1993-07-26,-8.9341,-8.6879,-9.1804,-9.0162,1260300.0
1993-07-27,-9.0162,-8.9341,-9.2625,-9.0983,1022000.0
1993-07-28,-9.0983,-9.0162,-9.1804,-9.0983,939500.0
1993-07-29,-9.0162,-9.0162,-9.0983,-9.0983,889200.0
1993-07-30,-9.0983,-9.0162,-9.2625,-9.0983,630500.0
1993-08-02,-9.1655,-9.0834,-9.3296,-9.2475,902700.0
1993-08-03,-9.3296,-9.1655,-9.4117,-9.3296,1185800.0
1993-08-04,-9.2475,-9.1655,-9.3296,-9.2475,715100.0
1993-08-05,-9.2475,-9.1655,-9.3296,-9.1655,576000.0
1993-08-06,-9.1655,-9.0834,-9.2475,-9.1655,1044100.0
1993-08-09,-9.0834,-9.0013,-9.3296,-9.2475,868100.0
1993-08-10,-9.3296,-9.0834,-9.3296,-9.1655,812600.0
1993-08-11,-9.1655,-9.1655,-9.3296,-9.2475,1132400.0
1993-08-12,-9.4117,-9.1655,-9.4117,-9.2475,2018200.0
1993-08-13,-9.2475,-9.2475,-9.3296,-9.2475,1392600.0
1993-08-16,-9.2475,-9.1655,-9.3296,-9.2475,768900.0
1993-08-17,-9.3072,-8.7028,-9.3072,-8.964,1340000.0
1993-08-18,-8.7924,-8.6207,-8.8744,-8.6207,1286700.0
1993-08-19,-8.6207,-8.4491,-8.7028,-8.6207,1207700.0
1993-08-20,-8.5312,-8.5312,-8.964,-8.7924,1693100.0
1993-08-23,-8.8744,-8.8744,-9.3072,-9.3072,986000.0
1993-08-24,-9.3072,-9.1356,-9.3072,-9.2177,1150000.0
1993-08-25,-9.1356,-8.964,-9.2177,-9.1356,1324700.0
1993-08-26,-9.1356,-8.8744,-9.2177,-8.8744,1592200.0
1993-08-27,-9.0461,-8.7924,-9.1356,-9.0461,1491700.0
1993-08-30,-9.1356,-8.964,-9.1356,-9.1356,710000.0
1993-08-31,-9.1356,-8.6207,-9.1356,-8.6207,1822800.0
1993-09-01,-8.7028,-8.7028,-8.8744,-8.7028,970900.0
1993-09-02,-8.7028,-8.2775,-8.7028,-8.3595,1467000.0
1993-09-03,-8.3595,-7.9342,-8.3595,-8.1879,1329300.0
1993-09-07,-8.1879,-8.0163,-8.2775,-8.1879,800800.0
1993-09-08,-8.2775,-8.1879,-8.4491,-8.2775,552800.0
1993-09-09,-8.4491,-8.2775,-8.4491,-8.3595,491900.0
1993-09-10,-8.5312,-8.1879,-8.5312,-8.2775,713600.0
1993-09-13,-8.2775,-8.1058,-8.2775,-8.1879,1525100.0
1993-09-14,-8.1879,-8.0163,-8.1879,-8.1058,725500.0
1993-09-15,-8.1058,-7.9342,-8.1879,-8.0163,884100.0
1993-09-16,-8.0163,-7.8447,-8.0163,-7.9342,754600.0
1993-09-17,-8.1879,-7.9342,-8.1879,-7.9342,1820600.0
1993-09-20,-8.0163,-7.8447,-8.1058,-8.0163,1111400.0
1993-09-21,-8.0163,-7.9342,-8.3595,-8.3595,1130300.0
1993-09-22,-8.2775,-8.1879,-8.5312,-8.5312,689900.0
1993-09-23,-8.5312,-8.5312,-8.6207,-8.5312,811300.0
1993-09-24,-8.5312,-8.5312,-8.7924,-8.6207,592600.0
1993-09-27,-8.6207,-8.4491,-8.7028,-8.4491,991000.0
1993-09-28,-8.5312,-8.5312,-8.964,-8.7924,1381600.0
1993-09-29,-8.964,-8.8744,-9.1356,-9.0461,1048100.0
1993-09-30,-9.0461,-8.964,-9.1356,-9.0461,922700.0
1993-10-01,-9.1356,-8.964,-9.1356,-9.0461,595600.0
1993-10-04,-9.1356,-9.0461,-9.3072,-9.2177,816900.0
1993-10-05,-9.2177,-9.0461,-9.2177,-9.1356,1339400.0
1993-10-06,-9.1356,-9.0461,-9.2177,-9.2177,758400.0
1993-10-07,-9.1356,-9.1356,-9.3072,-9.3072,1537800.0
1993-10-08,-9.1356,-9.0461,-9.2177,-9.1356,664400.0
1993-10-11,-9.0461,-8.7924,-9.0461,-8.8744,391000.0
1993-10-12,-8.7028,-8.6207,-8.964,-8.964,750800.0
1993-10-13,-8.7028,-8.7028,-8.964,-8.964,653500.0
1993-10-14,-9.1356,-8.6207,-9.2177,-8.964,1695600.0
1993-10-15,-8.7924,-8.6207,-9.3893,-8.964,1801700.0
1993-10-18,-9.0461,-9.0461,-9.3893,-9.2177,1839700.0
1993-10-19,-9.2177,-9.1356,-9.3072,-9.2177,1018300.0
1993-10-20,-9.1356,-9.1356,-9.4789,-9.2177,965100.0
1993-10-21,-9.3072,-9.0461,-9.3893,-9.3893,671400.0
1993-10-22,-9.2177,-9.0461,-9.561,-9.2177,858700.0
1993-10-25,-9.1356,-8.964,-9.3893,-9.2177,1118200.0
1993-10-26,-9.2177,-8.8744,-9.2177,-8.8744,874400.0
1993-10-27,-8.8744,-8.7924,-8.964,-8.7924,802200.0
1993-10-28,-8.7924,-8.6207,-8.964,-8.7028,950600.0
1993-10-29,-8.7924,-8.5312,-8.7924,-8.6207,1144000.0
1993-11-01,-8.6879,-8.6058,-8.9491,-8.9491,771500.0
1993-11-02,-8.9491,-8.3446,-9.1207,-9.1207,1324300.0
1993-11-03,-9.1207,-9.0311,-9.2923,-9.2028,744600.0
1993-11-04,-9.2923,-9.2923,-9.4639,-9.4639,1111200.0
1993-11-05,-9.4639,-9.1207,-9.4639,-9.2923,2974600.0
1993-11-08,-9.2923,-9.1207,-9.2923,-9.2923,1180200.0
1993-11-09,-9.1207,-9.1207,-9.3744,-9.3744,1070800.0
1993-11-10,-9.2923,-8.8595,-9.2923,-8.9491,2242300.0
1993-11-11,-8.9491,-8.7774,-9.0311,-8.9491,1430800.0
1993-11-12,-8.8595,-8.6879,-8.9491,-8.9491,787600.0
1993-11-15,-8.8595,-8.8595,-9.1207,-9.0311,917400.0
1993-11-16,-9.0311,-8.7774,-9.0311,-8.8595,1395600.0
1993-11-17,-8.8595,-8.8595,-9.0311,-9.0311,792800.0
1993-11-18,-8.9491,-8.7774,-9.0311,-8.9491,786000.0
1993-11-19,-8.9491,-8.8595,-9.0311,-8.8595,796800.0
1993-11-22,-8.7774,-8.7774,-9.0311,-8.9491,969900.0
1993-11-23,-9.0311,-8.9491,-9.1207,-9.0311,694900.0
1993-11-24,-9.0311,-8.9491,-9.1207,-9.1207,436400.0
1993-11-26,-9.1207,-8.9491,-9.1207,-9.0311,287000.0
1993-11-29,-8.9491,-8.7774,-9.1207,-9.0311,763500.0
1993-11-30,-9.1207,-8.9491,-9.2028,-9.1207,1343200.0
1993-12-01,-9.1207,-8.9491,-9.1207,-9.0311,945600.0
1993-12-02,-9.1207,-8.9491,-9.2028,-9.2028,1228200.0
1993-12-03,-9.0311,-9.0311,-9.2028,-9.1207,1011300.0
1993-12-06,-9.1207,-9.0311,-9.2028,-9.2028,1917100.0
1993-12-07,-9.2028,-9.0311,-9.2923,-9.0311,1261000.0
1993-12-08,-9.1207,-8.9491,-9.2028,-8.9491,1189600.0
1993-12-09,-8.8595,-8.7774,-9.0311,-8.9491,1170500.0
1993-12-10,-8.8595,-8.8595,-9.0311,-9.0311,814500.0
1993-12-13,-9.1207,-8.7774,-9.1207,-8.9491,832200.0
1993-12-14,-8.8595,-8.8595,-9.3744,-9.0311,3246600.0
1993-12-15,-8.5163,-7.9193,-8.6058,-8.173,4876400.0
1993-12-16,-8.0909,-8.0014,-8.3446,-8.2625,2012200.0
1993-12-17,-8.3446,-8.0014,-8.3446,-8.0909,1445300.0
1993-12-20,-8.0909,-7.9193,-8.3446,-8.3446,1222000.0
1993-12-21,-8.2625,-8.0909,-8.4342,-8.2625,1430600.0
1993-12-22,-8.2625,-8.0909,-8.3446,-8.2625,932100.0
1993-12-23,-8.173,-8.0909,-8.4342,-8.4342,933100.0
1993-12-27,-8.4342,-8.3446,-8.6879,-8.3446,994600.0
1993-12-28,-8.4342,-8.2625,-8.6058,-8.6058,946800.0
1993-12-29,-8.4342,-8.4342,-8.6058,-8.5163,709600.0
1993-12-30,-8.6058,-8.3446,-8.6058,-8.5163,810500.0
1993-12-31,-8.4342,-8.4342,-8.7774,-8.7774,886500.0
1994-01-03,-8.6879,-8.6058,-8.8595,-8.6058,874600.0
1994-01-04,-8.6879,-8.2625,-8.6879,-8.3446,925500.0
1994-01-05,-8.3446,-8.2625,-8.4342,-8.4342,861300.0
1994-01-06,-8.2625,-7.8297,-8.2625,-7.9193,1746400.0
1994-01-07,-7.8297,-7.7402,-7.9193,-7.9193,805500.0
1994-01-10,-7.8297,-7.3148,-7.8297,-7.3969,2229800.0
1994-01-11,-7.3969,-7.3969,-7.6581,-7.4865,1543800.0
1994-01-12,-7.4865,-7.4865,-7.8297,-7.8297,1151000.0
1994-01-13,-7.8297,-7.4865,-7.9193,-7.4865,1428000.0
1994-01-14,-7.4865,-7.3148,-7.5686,-7.5686,1406300.0
1994-01-17,-7.5686,-6.4567,-7.6581,-6.6283,3953700.0
1994-01-18,-6.8,-6.3672,-6.8,-6.5388,2919100.0
1994-01-19,-6.5388,-6.3672,-6.8,-6.8,1936800.0
1994-01-20,-6.8,-6.6283,-6.9716,-6.8,969100.0
1994-01-21,-6.7104,-6.2851,-6.7104,-6.3672,1455900.0
1994-01-24,-6.5388,-6.1955,-6.6283,-6.2851,2040300.0
1994-01-25,-6.1955,-6.1134,-6.4567,-6.1955,2105800.0
1994-01-26,-6.1955,-5.9418,-6.1955,-6.0239,1462400.0
1994-01-27,-5.9418,-5.509,-6.0239,-5.9418,4407000.0
1994-01-28,-6.0239,-5.8523,-6.2851,-6.1134,1643300.0
1994-01-31,-6.1806,-6.0985,-6.3522,-6.1806,886500.0
1994-02-01,-6.4418,-6.009,-6.5239,-6.1806,1587800.0
1994-02-02,-6.1806,-6.009,-6.2701,-6.1806,516800.0
1994-02-03,-6.2701,-6.0985,-6.5239,-6.2701,1406300.0
1994-02-04,-6.2701,-6.0985,-6.5239,-6.5239,1144400.0
1994-02-07,-6.6134,-6.4418,-6.6955,-6.5239,1356000.0
1994-02-08,-6.5239,-6.3522,-6.6134,-6.4418,756200.0
1994-02-09,-6.3522,-6.009,-6.3522,-6.0985,1444900.0
1994-02-10,-6.009,-5.9269,-6.1806,-6.0985,985000.0
1994-02-11,-6.2701,-6.1806,-6.3522,-6.2701,824800.0
1994-02-14,-6.2701,-6.0985,-6.2701,-6.1806,1096900.0
1994-02-15,-6.1806,-5.9269,-6.2701,-6.009,987800.0
1994-02-16,-5.9269,-5.9269,-6.0985,-6.009,877400.0
1994-02-17,-5.9269,-5.9269,-6.4418,-6.2701,1095100.0
1994-02-18,-6.2701,-6.2701,-6.4418,-6.2701,652300.0
1994-02-22,-6.3522,-6.1806,-6.3522,-6.1806,580100.0
1994-02-23,-6.1806,-5.9269,-6.2701,-5.9269,979700.0
1994-02-24,-6.009,-5.9269,-6.4418,-6.0985,1172100.0
1994-02-25,-6.1806,-6.1806,-6.6134,-6.5239,1129700.0
1994-02-28,-6.6134,-6.5239,-6.785,-6.785,999000.0
1994-03-01,-6.785,-6.6134,-6.8671,-6.785,1209700.0
1994-03-02,-7.2104,-6.9567,-7.382,-7.0387,2126900.0
1994-03-03,-7.0387,-6.9567,-7.1283,-7.1283,912400.0
1994-03-04,-7.1283,-6.785,-7.2999,-6.8671,743100.0
1994-03-07,-7.1283,-7.0387,-7.2999,-7.2104,1298600.0
1994-03-08,-7.1283,-6.9567,-7.2104,-7.1283,749600.0
1994-03-09,-7.1283,-7.1283,-7.382,-7.2104,839400.0
1994-03-10,-7.1283,-7.0387,-7.2999,-7.2999,846100.0
1994-03-11,-7.2999,-7.0387,-7.2999,-7.1283,1112600.0
1994-03-14,-6.9567,-6.6955,-7.0387,-6.6955,870400.0
1994-03-15,-6.6134,-6.4418,-7.0387,-6.9567,1038000.0
1994-03-16,-7.0387,-6.9567,-7.2104,-6.9567,767700.0
1994-03-17,-7.0387,-6.9567,-7.1283,-7.0387,626400.0
1994-03-18,-7.2999,-7.1283,-7.382,-7.2104,1927700.0
1994-03-21,-7.2104,-7.2104,-7.5536,-7.4716,901700.0
1994-03-22,-7.1283,-6.785,-7.1283,-6.9567,1459200.0
1994-03-23,-6.8671,-6.6955,-7.1283,-6.8671,878600.0
1994-03-24,-6.8671,-6.785,-7.1283,-7.0387,623300.0
1994-03-25,-7.1283,-6.9567,-7.1283,-7.1283,426800.0
1994-03-28,-7.0387,-6.9567,-7.2104,-7.0387,1083300.0
1994-03-29,-7.2104,-7.0387,-7.5536,-7.4716,2488200.0
1994-03-30,-7.4716,-7.4716,-8.2476,-7.9864,1785200.0
1994-03-31,-7.9864,-7.8148,-8.1581,-7.8969,925700.0
1994-04-04,-8.5013,-7.9864,-8.5909,-8.2476,1191400.0
1994-04-05,-7.9864,-7.8148,-8.1581,-7.9864,854300.0
1994-04-06,-7.8969,-7.7253,-8.0685,-7.8148,751200.0
1994-04-07,-7.8969,-7.8148,-7.9864,-7.9864,2660400.0
1994-04-08,-7.9864,-7.8969,-8.1581,-8.1581,681400.0
1994-04-11,-7.9864,-7.7253,-8.1581,-7.8969,984600.0
1994-04-12,-7.8969,-7.7253,-8.0685,-8.0685,1243700.0
1994-04-13,-8.0685,-7.7253,-8.0685,-7.8969,1807300.0
1994-04-14,-7.9864,-7.8148,-8.0685,-7.8969,1397400.0
1994-04-15,-7.8969,-7.8148,-7.9864,-7.8969,1800500.0
1994-04-18,-8.2476,-7.9864,-9.0162,-8.9341,2739000.0
1994-04-19,-8.8446,-8.5013,-8.8446,-8.5909,2239900.0
1994-04-20,-8.5013,-8.3297,-8.7625,-8.673,1129100.0
1994-04-21,-8.5909,-8.4192,-8.673,-8.4192,834600.0
1994-04-22,-8.4192,-8.4192,-8.7625,-8.5909,608300.0
1994-04-25,-8.673,-8.4192,-8.673,-8.5013,583900.0
1994-04-26,-8.5013,-8.5013,-8.673,-8.5909,868200.0
1994-04-28,-8.5909,-8.5909,-8.673,-8.673,1082500.0
1994-04-29,-8.5909,-8.3297,-8.5909,-8.5909,904600.0
1994-05-02,-8.658,-8.3969,-8.658,-8.658,1052700.0
1994-05-03,-8.658,-8.5685,-8.9117,-8.8297,753200.0
1994-05-04,-8.8297,-8.3969,-8.9117,-8.3969,1123300.0
1994-05-05,-8.4864,-8.3969,-8.5685,-8.4864,1119400.0
1994-05-06,-8.5685,-8.5685,-8.7401,-8.658,485600.0
1994-05-09,-8.7401,-8.658,-8.8297,-8.8297,610300.0
1994-05-10,-8.7401,-8.5685,-8.7401,-8.7401,786400.0
1994-05-11,-8.7401,-8.658,-8.8297,-8.8297,675400.0
1994-05-12,-8.8297,-8.3969,-8.8297,-8.3969,1009300.0
1994-05-13,-8.4864,-8.2252,-8.4864,-8.3969,744800.0
1994-05-16,-8.3148,-8.0536,-8.3969,-8.0536,691500.0
1994-05-17,-8.0536,-7.9715,-8.2252,-8.0536,529500.0
1994-05-18,-8.0536,-7.9715,-8.2252,-8.2252,439400.0
1994-05-19,-8.1431,-8.0536,-8.3148,-8.0536,738900.0
1994-05-20,-8.1431,-8.1431,-8.3969,-8.3969,763300.0
1994-05-23,-8.3969,-8.2252,-8.3969,-8.2252,678200.0
1994-05-24,-8.2252,-7.9715,-8.3148,-8.2252,784400.0
1994-05-25,-8.2252,-8.0536,-8.2252,-8.0536,575500.0
1994-05-26,-8.0536,-8.0536,-8.2252,-8.1431,396200.0
1994-05-27,-8.1431,-7.7924,-8.1431,-7.7924,833400.0
1994-05-31,-7.9715,-7.7103,-7.9715,-7.7924,480200.0
1994-06-01,-7.882,-7.7924,-7.9715,-7.882,556200.0
1994-06-02,-7.7924,-7.6208,-7.882,-7.7103,508600.0
1994-06-03,-7.7103,-7.2775,-7.7924,-7.2775,795800.0
1994-06-06,-7.2775,-7.1955,-7.5387,-7.5387,740900.0
1994-06-07,-7.5387,-7.3671,-7.5387,-7.3671,566100.0
1994-06-08,-7.3671,-7.1059,-7.3671,-7.2775,1370700.0
1994-06-09,-7.2775,-7.1955,-7.3671,-7.1955,451100.0
1994-06-10,-7.1955,-7.1955,-7.3671,-7.2775,544900.0
1994-06-13,-7.3671,-7.1955,-7.3671,-7.2775,545600.0
1994-06-14,-7.1955,-7.1955,-7.2775,-7.2775,423700.0
1994-06-15,-7.3671,-7.2775,-7.5387,-7.5387,516000.0
1994-06-16,-7.5387,-7.2775,-7.6208,-7.5387,425100.0
1994-06-17,-7.3671,-7.2775,-7.5387,-7.5387,1201500.0
1994-06-20,-7.6208,-7.5387,-7.7924,-7.7103,375700.0
1994-06-21,-7.7103,-7.7103,-8.0536,-7.7924,614500.0
1994-06-22,-7.882,-7.7103,-8.0536,-8.0536,476400.0
1994-06-23,-7.9715,-7.9715,-8.2252,-8.2252,370700.0
1994-06-24,-8.1431,-8.1431,-8.3969,-8.3148,462900.0
1994-06-27,-8.3148,-8.1431,-8.3969,-8.2252,443800.0
1994-06-28,-8.2252,-8.1431,-8.4864,-8.3969,423300.0
1994-06-29,-8.3148,-8.1431,-8.4864,-8.3148,546800.0
1994-06-30,-8.0536,-7.7924,-8.3969,-8.3148,968500.0
1994-07-01,-8.1431,-7.6208,-8.2252,-7.7924,880600.0
1994-07-05,-7.9715,-7.7103,-7.9715,-7.7924,456700.0
1994-07-06,-7.7924,-7.7924,-7.9715,-7.882,434000.0
1994-07-07,-7.882,-7.8521,-8.1431,-8.1431,508200.0
1994-07-08,-8.2252,-8.0536,-8.2252,-8.0536,334500.0
1994-07-11,-8.0536,-7.9715,-8.2252,-8.1431,412100.0
1994-07-12,-8.0536,-8.0536,-8.2252,-8.1431,517400.0
1994-07-13,-8.0536,-7.9715,-8.1431,-8.1431,598800.0
1994-07-14,-7.9715,-7.7924,-8.0536,-7.882,980500.0
1994-07-15,-7.882,-7.7103,-7.882,-7.7103,624800.0
1994-07-18,-7.6208,-7.2775,-7.6208,-7.3671,681600.0
1994-07-19,-7.3671,-7.1059,-7.4492,-7.4492,859500.0
1994-07-20,-7.3671,-7.3671,-7.6208,-7.5387,374100.0
1994-07-21,-7.5387,-7.5387,-7.7103,-7.7103,431200.0
1994-07-22,-7.5387,-7.4492,-7.7103,-7.6208,446100.0
1994-07-25,-7.5387,-7.1955,-7.5387,-7.1955,554800.0
1994-07-26,-7.2775,-7.1955,-7.4492,-7.3671,416100.0
1994-07-27,-7.3671,-7.3671,-7.6208,-7.3671,819500.0
1994-07-28,-7.4492,-7.3671,-7.6208,-7.5387,373500.0
1994-07-29,-7.4492,-7.2775,-7.4492,-7.4492,451500.0
1994-08-01,-7.3522,-7.2626,-7.867,-7.867,429000.0
1994-08-02,-7.2626,-7.1731,-7.4342,-7.4342,540100.0
1994-08-03,-7.4342,-7.3522,-7.5238,-7.4342,622500.0
1994-08-04,-7.2626,-7.091,-7.3522,-7.2626,1003500.0
1994-08-05,-7.4342,-7.3522,-7.5238,-7.4342,399400.0
1994-08-08,-7.4342,-7.3522,-7.6059,-7.5238,547200.0
1994-08-09,-7.4342,-7.1731,-7.5238,-7.1731,1714200.0
1994-08-10,-7.1731,-6.9194,-7.2626,-7.091,1309000.0
1994-08-11,-7.1731,-7.1731,-7.3522,-7.2626,1010700.0
1994-08-12,-7.2626,-7.1731,-7.3522,-7.2626,1257900.0
1994-08-15,-7.1731,-6.6582,-7.2626,-6.7477,1532100.0
1994-08-16,-7.4193,-7.1581,-7.4193,-7.1581,1581600.0
1994-08-17,-7.2477,-7.0761,-7.3372,-7.2477,848100.0
1994-08-18,-7.2477,-7.2477,-7.4193,-7.3372,799800.0
1994-08-19,-7.2477,-7.1581,-7.3372,-7.2477,747400.0
1994-08-22,-7.3372,-7.2477,-7.4193,-7.4193,355800.0
1994-08-23,-7.3372,-7.2477,-7.4193,-7.3372,613900.0
1994-08-24,-7.5089,-7.3372,-7.5089,-7.3372,457500.0
1994-08-25,-7.3372,-7.1581,-7.3372,-7.3372,516200.0
1994-08-26,-7.2477,-7.1581,-7.3372,-7.2477,984800.0
1994-08-29,-7.2477,-6.9044,-7.2477,-6.9044,1189800.0
1994-08-30,-6.9865,-6.7328,-6.9865,-6.8149,1067800.0
1994-08-31,-6.8149,-6.5612,-6.8149,-6.6433,690700.0
1994-09-01,-6.7328,-6.6433,-6.9044,-6.7328,480800.0
1994-09-02,-6.8149,-6.7328,-6.9044,-6.9044,416100.0
1994-09-06,-6.9044,-6.6433,-6.9865,-6.6433,613500.0
1994-09-07,-6.7328,-6.6433,-6.8149,-6.8149,556400.0
1994-09-08,-6.7328,-6.4716,-6.7328,-6.6433,598800.0
1994-09-09,-6.7328,-6.6433,-6.9044,-6.8149,758000.0
1994-09-12,-6.8149,-6.6433,-6.8149,-6.8149,602600.0
1994-09-13,-6.8149,-6.6433,-8.0237,-8.0237,2059200.0
1994-09-14,-7.6805,-7.1581,-7.6805,-7.2477,1594000.0
1994-09-15,-7.2477,-7.2477,-7.3372,-7.2477,971700.0
1994-09-16,-7.3372,-7.3372,-7.5089,-7.4193,1806900.0
1994-09-19,-7.3372,-7.2477,-7.5089,-7.5089,944800.0
1994-09-20,-7.5909,-7.1581,-7.5909,-7.4193,1477300.0
1994-09-21,-7.4193,-7.2477,-7.4193,-7.3372,1002300.0
1994-09-22,-7.2477,-6.7328,-7.2477,-7.0761,2113300.0
1994-09-23,-7.0761,-6.8149,-7.1581,-6.9044,1461800.0
1994-09-26,-6.7328,-6.3821,-6.8149,-6.4716,1539800.0
1994-09-27,-6.4716,-6.3821,-6.9865,-6.6433,1412100.0
1994-09-28,-6.6433,-6.3821,-6.7328,-6.6433,1012300.0
1994-09-29,-6.6433,-6.5612,-6.7328,-6.7328,1754900.0
1994-09-30,-6.5612,-6.3,-6.6433,-6.4716,1303000.0
1994-10-03,-6.6433,-6.3821,-6.6433,-6.4716,1036600.0
1994-10-04,-6.5612,-6.4716,-7.0761,-7.0761,1421600.0
1994-10-05,-6.9044,-6.7328,-7.2477,-6.7328,967100.0
1994-10-06,-6.6433,-6.3821,-6.6433,-6.6433,1056100.0
1994-10-07,-6.6433,-6.5612,-6.9865,-6.9044,920200.0
1994-10-10,-6.8149,-6.4716,-6.9865,-6.4716,560200.0
1994-10-11,-6.3821,-5.7851,-6.4716,-6.0388,1833400.0
1994-10-12,-6.2104,-5.9567,-6.3,-6.0388,1094700.0
1994-10-13,-5.7851,-5.6956,-6.0388,-5.8672,1594400.0
1994-10-14,-5.8672,-5.0911,-5.9567,-5.2628,2411600.0
1994-10-17,-5.4344,-4.9195,-5.5239,-5.3523,2184800.0
1994-10-18,-5.1807,-5.1807,-5.5239,-5.3523,2058200.0
1994-10-19,-5.4344,-5.3523,-5.5239,-5.4344,1134900.0
1994-10-20,-5.5239,-5.4344,-5.6956,-5.4344,1277600.0
1994-10-21,-5.4344,-5.3523,-5.6956,-5.6135,1001700.0
1994-10-24,-5.6135,-5.5239,-5.6956,-5.6956,693500.0
1994-10-25,-5.7851,-5.5239,-5.7851,-5.5239,1685300.0
1994-10-26,-5.4344,-5.009,-5.5239,-5.1807,1735000.0
1994-10-27,-5.009,-4.6583,-5.0911,-4.8374,2000300.0
1994-10-28,-4.8374,-4.3151,-4.9195,-4.4046,3397700.0
1994-10-31,-4.6359,-4.2927,-4.7255,-4.6359,2472500.0
1994-11-01,-4.7255,-4.6359,-5.0687,-5.0687,1775200.0
1994-11-02,-4.9792,-4.6359,-5.1508,-4.9792,1821600.0
1994-11-03,-4.9792,-4.8971,-5.1508,-5.0687,1104600.0
1994-11-04,-4.9792,-4.9792,-5.5015,-5.5015,1250300.0
1994-11-07,-5.5015,-5.1508,-5.5836,-5.2404,1296700.0
1994-11-08,-5.1508,-5.0687,-5.2404,-5.2404,693500.0
1994-11-09,-5.0687,-5.0687,-5.412,-5.3299,1642700.0
1994-11-10,-5.1508,-5.1508,-5.3299,-5.3299,1091500.0
1994-11-11,-5.2404,-4.9792,-5.3299,-5.0687,838600.0
1994-11-14,-5.1508,-4.8971,-5.3299,-5.0687,1256900.0
1994-11-15,-5.0687,-4.9792,-5.2404,-5.2404,1104400.0
1994-11-16,-5.0687,-4.8076,-5.1508,-4.8971,1968300.0
1994-11-17,-4.6359,-4.3748,-4.7255,-4.3748,1760500.0
1994-11-18,-4.3748,-4.2031,-4.5464,-4.5464,1950800.0
1994-11-21,-4.6359,-4.5464,-5.1508,-4.8971,1234000.0
1994-11-22,-4.8076,-4.6359,-5.1508,-5.1508,1018100.0
1994-11-23,-5.5015,-4.6359,-5.5015,-4.6359,2094000.0
1994-11-25,-4.8076,-4.6359,-4.8076,-4.7255,232400.0
1994-11-28,-4.8076,-4.7255,-5.1508,-5.0687,995200.0
1994-11-29,-5.0687,-5.0687,-5.3299,-5.3299,610100.0
1994-11-30,-5.3299,-5.0687,-5.3299,-5.3299,1392400.0
1994-12-01,-5.3299,-5.1508,-5.412,-5.1508,1012100.0
1994-12-02,-5.2404,-5.0687,-5.2404,-5.0687,649300.0
1994-12-05,-5.0687,-4.5464,-5.1508,-4.5464,1422600.0
1994-12-06,-11.1952,-10.8519,-11.1952,-10.934,1293300.0
1994-12-07,-11.0235,-10.8519,-11.1952,-11.1131,1154100.0
1994-12-08,-11.1131,-11.0235,-11.2847,-11.1952,1293600.0
1994-12-09,-11.1952,-10.934,-11.2847,-10.934,972100.0
1994-12-12,-10.934,-10.7624,-11.0235,-10.8519,753000.0
1994-12-13,-10.934,-10.8519,-11.1952,-11.0235,1165400.0
1994-12-14,-11.0235,-10.7624,-11.1131,-10.8519,2010200.0
1994-12-15,-10.8519,-10.6803,-10.934,-10.7624,1743700.0
1994-12-16,-10.6803,-10.4191,-10.7624,-10.5086,2683800.0
1994-12-19,-10.6803,-10.4191,-10.7176,-10.4191,1439300.0
1994-12-20,-10.5086,-10.3296,-10.5907,-10.5086,876400.0
1994-12-21,-10.4191,-10.2475,-10.5907,-10.3296,2025800.0
1994-12-22,-10.3296,-9.9863,-10.4191,-10.2475,1467800.0
1994-12-23,-10.2475,-9.9863,-10.3296,-10.0758,317700.0
1994-12-27,-9.9863,-9.8147,-10.0758,-9.9863,830500.0
1994-12-28,-9.9863,-9.9863,-10.1579,-9.9863,559100.0
1994-12-29,-9.9042,-9.9042,-10.2475,-10.2475,385500.0
1994-12-30,-10.2475,-10.0758,-10.2475,-10.1579,597600.0
1995-01-03,-10.3296,-10.2475,-10.5086,-10.4191,1372000.0
1995-01-04,-10.5086,-10.1579,-10.5086,-10.3296,1327200.0
1995-01-05,-10.3296,-10.3296,-10.5907,-10.5086,2185800.0
1995-01-06,-10.5907,-10.5086,-10.934,-10.6803,2384600.0
1995-01-09,-10.6803,-10.5907,-10.7624,-10.6803,1591000.0
1995-01-10,-10.5907,-10.5086,-10.6803,-10.5907,2154300.0
1995-01-11,-10.5086,-10.4191,-10.6803,-10.5086,1450700.0
1995-01-12,-10.5907,-10.4191,-10.6803,-10.5907,1379400.0
1995-01-13,-10.5086,-10.1579,-10.5907,-10.2475,1229700.0
1995-01-16,-10.1579,-9.9042,-10.5086,-10.2475,1772100.0
1995-01-17,-10.5907,-10.4191,-11.0235,-10.8519,2933500.0
1995-01-18,-10.934,-10.5907,-10.934,-10.7624,1734200.0
1995-01-19,-10.7624,-10.6803,-10.934,-10.8519,1419300.0
1995-01-20,-10.7624,-10.7624,-11.1131,-11.0235,1142200.0
1995-01-23,-10.934,-10.7624,-11.0235,-10.7624,1088300.0
1995-01-24,-10.8519,-10.6803,-10.934,-10.8519,902800.0
1995-01-25,-10.8519,-10.7624,-11.1131,-11.0235,1135200.0
1995-01-26,-11.0235,-10.6803,-11.0235,-10.6803,976700.0
1995-01-27,-10.7624,-10.5086,-10.7624,-10.6803,1222300.0
1995-01-30,-10.7474,-10.4042,-10.7474,-10.4863,904300.0
1995-01-31,-10.4863,-10.4042,-10.5758,-10.4863,902700.0
1995-02-01,-10.4863,-10.4042,-10.7474,-10.7474,1819600.0
1995-02-02,-10.6579,-10.4042,-10.7474,-10.4042,1255800.0
1995-02-03,-10.4042,-10.2251,-10.4863,-10.4042,1236500.0
1995-02-06,-10.4042,-10.4042,-10.7474,-10.6579,1088800.0
1995-02-07,-10.5758,-10.4863,-10.7474,-10.7474,2059700.0
1995-02-08,-10.5758,-10.3146,-10.5758,-10.3146,935000.0
1995-02-09,-10.3146,-10.3146,-10.4863,-10.4042,738700.0
1995-02-10,-10.4042,-10.3146,-10.6579,-10.6579,735700.0
1995-02-13,-10.6579,-10.4863,-10.6579,-10.6579,990500.0
1995-02-14,-10.5758,-10.4863,-10.7474,-10.6579,950900.0
1995-02-15,-10.5758,-10.4863,-10.9191,-10.837,1451900.0
1995-02-16,-10.837,-10.7474,-10.9191,-10.7474,1152800.0
1995-02-17,-10.7474,-10.6579,-10.837,-10.837,986300.0
1995-02-21,-10.7474,-10.7474,-11.3519,-11.0907,1645600.0
1995-02-22,-11.0907,-11.0086,-11.2623,-11.0086,749200.0
1995-02-23,-10.837,-10.837,-11.7847,-11.4414,3651200.0
1995-02-24,-11.613,-11.2623,-11.613,-11.3519,3484400.0
1995-02-27,-11.4414,-10.9191,-11.4414,-11.2623,1626700.0
1995-02-28,-11.1802,-11.0907,-11.3519,-11.3519,1478800.0
1995-03-01,-11.2623,-11.1802,-11.3519,-11.1802,1203300.0
1995-03-02,-11.2623,-11.1802,-11.3519,-11.2623,1636500.0
1995-03-03,-11.2623,-11.0086,-11.3519,-11.1802,1140300.0
1995-03-06,-11.2623,-11.0907,-11.3519,-11.1802,754700.0
1995-03-07,-11.1802,-11.0907,-11.3519,-11.2623,1216100.0
1995-03-08,-11.1802,-11.0907,-11.2623,-11.2623,1226600.0
1995-03-09,-11.1802,-11.1802,-11.3519,-11.3519,1066300.0
1995-03-10,-11.2623,-10.837,-11.2623,-10.9191,1104000.0
1995-03-13,-10.837,-10.4863,-10.837,-10.6579,1725900.0
1995-03-14,-10.7474,-10.6579,-10.9191,-10.837,1844200.0
1995-03-15,-10.837,-10.7474,-11.0086,-11.0086,1411700.0
1995-03-16,-11.0086,-10.837,-11.0086,-10.9191,1641100.0
1995-03-17,-10.837,-10.837,-11.0086,-10.9191,1692500.0
1995-03-20,-10.837,-10.7474,-11.0086,-10.837,1604900.0
1995-03-21,-10.9191,-10.9191,-11.4414,-11.3519,2254300.0
1995-03-22,-11.2623,-11.2623,-11.5235,-11.2623,1275600.0
1995-03-23,-11.4414,-11.2623,-11.4414,-11.2623,1787300.0
1995-03-24,-11.2623,-11.0086,-11.3519,-11.0907,1183200.0
1995-03-27,-10.9191,-10.9191,-11.0907,-11.0086,800300.0
1995-03-28,-11.0086,-11.0086,-11.2623,-11.1802,672100.0
1995-03-29,-11.0907,-11.0086,-11.3519,-11.2623,1171400.0
1995-03-30,-11.2623,-11.2623,-11.6951,-11.613,2924500.0
1995-03-31,-11.6951,-11.4414,-11.6951,-11.5235,1505900.0
1995-04-03,-11.5235,-11.5235,-11.6951,-11.6951,1248700.0
1995-04-04,-11.613,-11.5235,-11.6951,-11.5235,952300.0
1995-04-05,-11.4414,-11.3519,-11.5235,-11.4414,1029600.0
1995-04-06,-11.2623,-11.2623,-11.5235,-11.3519,1008200.0
1995-04-07,-11.3519,-11.3519,-11.613,-11.4414,754300.0
1995-04-10,-11.4414,-11.3519,-11.6951,-11.3519,971800.0
1995-04-11,-11.2623,-11.1802,-11.3519,-11.2623,609200.0
1995-04-12,-11.1802,-10.6579,-11.2623,-11.0086,1226200.0
1995-04-13,-11.0907,-11.0086,-11.2623,-11.2623,523400.0
1995-04-17,-11.0086,-10.9191,-11.6951,-11.5235,1769300.0
1995-04-18,-11.5235,-11.4414,-11.6951,-11.613,1618000.0
1995-04-19,-11.5235,-11.3519,-11.613,-11.4414,1406000.0
1995-04-20,-11.3519,-11.3519,-11.9563,-11.9563,2780600.0
1995-04-21,-11.7847,-11.613,-11.8742,-11.613,2915900.0
1995-04-24,-11.613,-11.613,-11.7847,-11.613,2653100.0
1995-04-25,-11.613,-11.5235,-11.8742,-11.6951,3151900.0
1995-04-26,-11.613,-11.2623,-11.613,-11.3519,1413700.0
1995-04-27,-11.3519,-11.2623,-11.6951,-11.6951,1711000.0
1995-04-28,-11.6951,-11.4414,-11.7847,-11.7847,1774300.0
1995-05-01,-11.7698,-11.6802,-11.9414,-11.6802,4935900.0
1995-05-02,-11.6802,-11.5907,-11.8518,-11.7698,1233700.0
1995-05-03,-11.6802,-11.6802,-11.8518,-11.7698,1464700.0
1995-05-04,-11.6802,-11.3369,-11.7698,-11.3369,3470600.0
1995-05-05,-11.3369,-11.1579,-11.419,-11.2474,1316000.0
1995-05-08,-11.419,-11.1579,-11.419,-11.1579,568900.0
1995-05-09,-11.1579,-11.0758,-11.5086,-11.3369,1615900.0
1995-05-10,-11.419,-11.419,-11.7698,-11.5907,2934000.0
1995-05-11,-11.5907,-11.5086,-11.7698,-11.7698,1573300.0
1995-05-12,-11.6802,-11.5086,-11.7698,-11.5086,1379600.0
1995-05-15,-11.5086,-11.5086,-11.6802,-11.6802,894200.0
1995-05-16,-11.5907,-11.419,-11.7698,-11.5086,1360900.0
1995-05-17,-11.5086,-11.2474,-11.5907,-11.3369,1234200.0
1995-05-18,-11.3369,-11.0758,-11.419,-11.3369,1723100.0
1995-05-19,-11.3369,-11.3369,-11.5086,-11.419,1265700.0
1995-05-22,-11.3369,-11.2474,-11.419,-11.3369,959000.0
1995-05-23,-11.3369,-11.2474,-11.5907,-11.5086,1264500.0
1995-05-24,-11.5907,-11.419,-11.6802,-11.5907,2483300.0
1995-05-25,-11.5907,-11.5907,-11.7698,-11.5907,2167500.0
1995-05-26,-11.5086,-11.5086,-11.7698,-11.5907,941300.0
1995-05-30,-11.5907,-11.5907,-11.7698,-11.5907,731400.0
1995-05-31,-11.5907,-11.5086,-11.7698,-11.5907,1736100.0
1995-06-01,-11.6802,-11.5086,-11.6802,-11.5907,2995900.0
1995-06-02,-11.6802,-11.5086,-11.7698,-11.5086,2399300.0
1995-06-05,-11.419,-11.419,-11.5907,-11.5086,845200.0
1995-06-06,-11.5086,-11.419,-11.5907,-11.419,533600.0
1995-06-07,-11.5086,-11.3369,-11.5907,-11.5086,726200.0
1995-06-08,-11.5086,-11.5086,-11.6802,-11.5086,1048900.0
1995-06-09,-11.5907,-11.419,-11.6802,-11.419,1751400.0
1995-06-12,-11.419,-11.1579,-11.5086,-11.1579,700700.0
1995-06-13,-11.0758,-11.0758,-11.2474,-11.1579,861800.0
1995-06-14,-11.1579,-11.1579,-11.2474,-11.1579,520400.0
1995-06-15,-11.1579,-11.0758,-11.2474,-11.0758,526500.0
1995-06-16,-11.0758,-10.9041,-11.2474,-10.9041,1746000.0
1995-06-19,-10.9862,-10.9041,-11.3369,-11.2474,893000.0
1995-06-20,-11.3369,-11.1579,-11.5086,-11.1579,645100.0
1995-06-21,-11.0758,-11.0758,-11.2474,-11.2474,520500.0
1995-06-22,-11.2474,-11.0758,-11.2474,-11.0758,853200.0
1995-06-23,-11.1579,-11.0758,-11.2474,-11.2474,741700.0
1995-06-26,-11.2474,-11.1579,-11.5086,-11.5086,1235800.0
1995-06-27,-11.5086,-11.2474,-11.5086,-11.419,1215600.0
1995-06-28,-11.419,-11.1579,-11.9414,-11.8518,2780300.0
1995-06-29,-11.9414,-11.6802,-11.9414,-11.7698,2150300.0
1995-06-30,-11.6802,-11.3369,-11.6802,-11.5086,1889400.0
1995-07-03,-11.419,-11.2474,-11.419,-11.3369,593800.0
1995-07-05,-11.3369,-11.3369,-11.5907,-11.5907,1111500.0
1995-07-06,-11.5086,-11.3369,-11.6802,-11.3369,1977200.0
1995-07-07,-12.2846,-11.419,-12.2846,-12.113,7541500.0
1995-07-10,-13.6726,-13.3219,-14.0159,-13.4114,27843100.0
1995-07-11,-13.4114,-13.3219,-13.6726,-13.501,10242400.0
1995-07-12,-13.501,-13.1502,-13.5831,-13.3219,6431100.0
1995-07-13,-13.2398,-12.8891,-13.3219,-12.9786,7074400.0
1995-07-14,-12.9786,-12.6354,-13.0682,-12.9786,5432000.0
1995-07-17,-12.8891,-12.6354,-13.0682,-12.807,3714800.0
1995-07-18,-12.7174,-12.6354,-12.8891,-12.7174,4453600.0
1995-07-19,-12.7174,-12.7174,-12.9786,-12.807,3366600.0
1995-07-20,-12.807,-12.6354,-12.9786,-12.7174,3886600.0
1995-07-21,-12.7174,-12.4563,-12.7174,-12.4563,2300800.0
1995-07-24,-12.4563,-12.3742,-12.8891,-12.807,3361200.0
1995-07-25,-12.7174,-12.4563,-12.807,-12.5458,2234200.0
1995-07-26,-12.6354,-12.6354,-12.807,-12.7174,2192100.0
1995-07-27,-12.7174,-12.4563,-13.3219,-13.1502,7327900.0
1995-07-28,-13.2398,-12.9786,-13.3219,-13.0682,6255300.0
1995-07-31,-13.1502,-12.807,-13.3219,-12.9786,2274400.0
1995-08-01,-12.9786,-12.807,-13.0682,-12.9786,1459800.0
1995-08-02,-12.9637,-12.8741,-13.1353,-13.0458,1670400.0
1995-08-03,-13.0458,-12.9637,-13.307,-13.2249,1829400.0
1995-08-04,-13.2249,-13.1353,-13.3965,-13.2249,4808000.0
1995-08-07,-13.1353,-13.0458,-13.307,-13.2249,3669700.0
1995-08-08,-13.0458,-12.7025,-13.1353,-12.7025,4716100.0
1995-08-09,-12.7025,-12.7025,-12.9637,-12.9637,2642900.0
1995-08-10,-12.8741,-12.8741,-13.0458,-12.9637,2269200.0
1995-08-11,-12.8741,-12.7846,-12.9637,-12.8741,2141900.0
1995-08-14,-12.5309,-12.3518,-12.7846,-12.5309,6402200.0
1995-08-15,-12.613,-12.4413,-12.7025,-12.4413,2194800.0
1995-08-16,-12.4413,-12.3518,-12.613,-12.3518,1951600.0
1995-08-17,-12.6876,-12.516,-12.8592,-12.7697,3450800.0
1995-08-18,-12.7697,-12.5981,-12.8592,-12.7697,1668400.0
1995-08-21,-12.8592,-12.6876,-12.8592,-12.8592,1261300.0
1995-08-22,-12.8592,-12.6876,-12.9488,-12.8592,1300300.0
1995-08-23,-12.8592,-12.7697,-12.9488,-12.8592,1712200.0
1995-08-24,-12.8592,-12.7697,-13.0309,-12.9488,1301400.0
1995-08-25,-12.9488,-12.9488,-13.292,-13.2099,2203800.0
1995-08-28,-13.1204,-12.8592,-13.2099,-12.8592,1760500.0
1995-08-29,-12.8592,-12.8592,-13.1204,-13.1204,758100.0
1995-08-30,-13.1204,-12.7697,-13.1204,-12.8592,3255200.0
1995-08-31,-12.9488,-12.7697,-13.0309,-12.8592,1850900.0
1995-09-01,-12.8592,-12.7697,-12.9488,-12.8592,1648300.0
1995-09-05,-12.8592,-12.8592,-13.1204,-12.9488,1414300.0
1995-09-06,-12.9488,-12.8592,-12.9488,-12.9488,1406700.0
1995-09-07,-12.9488,-12.8592,-13.1204,-13.0309,1696700.0
1995-09-08,-12.9488,-12.8592,-13.0309,-12.8592,1201000.0
1995-09-11,-12.8592,-12.8592,-13.1204,-13.1204,1252500.0
1995-09-12,-13.0309,-12.9488,-13.1204,-12.9488,900700.0
1995-09-13,-13.0309,-12.8592,-13.1204,-12.9488,1979200.0
1995-09-14,-12.9488,-12.8592,-13.0309,-12.9488,2462600.0
1995-09-15,-12.8592,-12.8592,-13.0309,-12.9488,2157400.0
1995-09-18,-13.0309,-12.9488,-13.0309,-12.9488,2283900.0
1995-09-19,-13.0309,-12.9488,-13.0309,-13.0309,986600.0
1995-09-20,-13.0309,-12.9488,-13.2099,-13.0309,2227100.0
1995-09-21,-13.0309,-12.9488,-13.1204,-13.0309,1390600.0
1995-09-22,-13.1204,-13.0309,-13.2099,-13.1204,1827500.0
1995-09-25,-13.2099,-13.0309,-13.2099,-13.0309,1242300.0
1995-09-26,-13.1204,-13.1204,-13.3816,-13.3816,3277500.0
1995-09-27,-13.4711,-13.3816,-13.6428,-13.5532,3980400.0
1995-09-28,-13.6428,-13.4711,-13.7248,-13.4711,3329600.0
1995-09-29,-13.4711,-13.292,-13.7248,-13.7248,2261400.0
1995-10-02,-13.6428,-13.5532,-13.8144,-13.6428,2327500.0
1995-10-03,-13.7248,-13.3368,-13.8144,-13.7696,2104900.0
1995-10-04,-13.8144,-13.7248,-13.986,-13.8144,2163100.0
1995-10-05,-13.9039,-13.6428,-13.9039,-13.7248,2070700.0
1995-10-06,-13.8144,-13.6428,-13.9039,-13.9039,2160400.0
1995-10-09,-13.8144,-13.8144,-13.986,-13.9039,1696200.0
1995-10-10,-13.986,-13.8144,-13.986,-13.9039,2055600.0
1995-10-11,-13.9039,-13.5532,-13.986,-13.9039,1700900.0
1995-10-12,-13.8144,-13.8144,-14.0756,-13.986,3891400.0
1995-10-13,-13.986,-13.4711,-13.986,-13.4711,3666600.0
1995-10-16,-13.5532,-13.3816,-13.6428,-13.5532,2326900.0
1995-10-17,-13.5532,-13.3816,-13.5532,-13.4711,3307100.0
1995-10-18,-13.3816,-13.1204,-13.4711,-13.2099,4539200.0
1995-10-19,-13.292,-12.8592,-13.292,-12.8592,4378500.0
1995-10-20,-12.9488,-12.9488,-13.2099,-13.1204,2397800.0
1995-10-23,-13.1204,-13.0309,-13.2099,-13.1204,1204900.0
1995-10-24,-13.1204,-12.9488,-13.1204,-13.0309,1043900.0
1995-10-25,-13.0309,-12.8592,-13.1204,-12.9488,1478000.0
1995-10-26,-13.0309,-12.9488,-13.1204,-13.0309,1510800.0
1995-10-27,-13.1204,-13.0309,-13.3816,-13.1204,2582900.0
1995-10-30,-13.2099,-13.1204,-13.2099,-13.1204,758500.0
1995-10-31,-13.1204,-13.0309,-13.292,-13.292,1161700.0
1995-11-01,-13.1726,-13.001,-13.2622,-13.2622,1921300.0
1995-11-02,-13.1726,-13.001,-13.2622,-13.0831,1471700.0
1995-11-03,-13.1726,-13.001,-13.1726,-13.0831,1878600.0
1995-11-06,-13.1726,-13.0831,-13.2622,-13.1279,1167800.0
1995-11-07,-13.0831,-13.001,-13.1726,-13.001,1023200.0
1995-11-08,-13.0831,-13.001,-13.0831,-13.0831,1005200.0
1995-11-09,-13.0831,-12.9115,-13.1726,-13.0831,2008800.0
1995-11-10,-13.0831,-13.001,-13.1726,-13.1726,1103600.0
1995-11-13,-13.0831,-13.001,-13.0831,-13.001,1267200.0
1995-11-14,-13.001,-12.8219,-13.0831,-12.9115,1612300.0
1995-11-15,-12.8219,-12.4787,-12.9115,-12.5607,2867100.0
1995-11-16,-12.5607,-12.4787,-12.6503,-12.5607,2205500.0
1995-11-17,-12.4787,-12.4787,-12.7398,-12.5607,967000.0
1995-11-20,-12.5607,-12.5607,-12.8219,-12.6503,1138400.0
1995-11-21,-12.6503,-12.4787,-12.6503,-12.4787,1655700.0
1995-11-22,-12.3891,-12.2175,-12.5607,-12.3891,2741300.0
1995-11-24,-12.2996,-12.2175,-12.3891,-12.3891,482600.0
1995-11-27,-12.2996,-12.2175,-12.5607,-12.5607,2153000.0
1995-11-28,-12.4787,-12.3891,-12.5607,-12.3891,719200.0
1995-11-29,-12.4787,-12.0384,-12.4787,-12.2175,1611300.0
1995-11-30,-12.1279,-12.0384,-12.4787,-12.3891,1474600.0
1995-12-01,-12.2996,-12.2175,-12.3891,-12.2175,1178500.0
1995-12-04,-12.3891,-12.1279,-12.3891,-12.2175,1015000.0
1995-12-05,-12.2175,-12.1279,-12.4787,-12.2996,2023300.0
1995-12-06,-12.2996,-12.2175,-12.2996,-12.2175,728700.0
1995-12-07,-12.2175,-12.2175,-12.3891,-12.3891,673400.0
1995-12-08,-12.3891,-12.2996,-12.4787,-12.3891,811800.0
1995-12-11,-12.3891,-12.2996,-12.4787,-12.2996,629600.0
1995-12-12,-12.3891,-12.2175,-12.4787,-12.2996,940800.0
1995-12-13,-12.2996,-12.2175,-12.3891,-12.2175,788000.0
1995-12-14,-12.2175,-12.2175,-12.3891,-12.2996,1361400.0
1995-12-15,-12.2996,-12.2175,-12.3891,-12.3891,2439100.0
1995-12-18,-12.3891,-12.2996,-12.4787,-12.4787,811700.0
1995-12-19,-12.4787,-12.2175,-12.4787,-12.2996,1366400.0
1995-12-20,-12.2996,-12.2996,-12.4787,-12.4787,848300.0
1995-12-21,-12.4787,-12.2175,-12.4787,-12.2175,1613100.0
1995-12-22,-12.2175,-12.0384,-12.2175,-12.0384,1279300.0
1995-12-26,-12.0384,-11.9563,-12.1279,-12.0384,784500.0
1995-12-27,-12.0384,-11.8668,-12.0384,-11.8668,886900.0
1995-12-28,-11.8668,-11.6056,-11.9563,-11.8668,1168400.0
1995-12-29,-11.8668,-11.7772,-11.9563,-11.8668,674600.0
1996-01-02,-11.8668,-11.6056,-11.9563,-11.6951,2378400.0
1996-01-03,-11.6951,-11.3444,-11.6951,-11.6056,1565200.0
1996-01-04,-11.516,-11.2549,-11.6056,-11.434,1984300.0
1996-01-05,-11.516,-11.3444,-11.6056,-11.434,2716100.0
1996-01-08,-11.434,-11.434,-11.6056,-11.6056,249900.0
1996-01-09,-11.516,-11.434,-11.8668,-11.7772,2147200.0
1996-01-10,-11.8668,-11.7772,-12.0384,-12.0384,2150300.0
1996-01-11,-12.0384,-11.9563,-12.4787,-12.3891,4509300.0
1996-01-12,-12.3891,-12.2996,-12.4787,-12.3891,2432400.0
1996-01-15,-12.4787,-12.3891,-12.7398,-12.5607,2988700.0
1996-01-16,-12.3891,-11.8668,-12.5607,-11.8668,4130100.0
1996-01-17,-11.8668,-11.6951,-12.0384,-11.9563,1473400.0
1996-01-18,-12.0384,-11.7772,-12.0384,-11.7772,2408300.0
1996-01-19,-11.7772,-11.516,-11.8668,-11.6056,1217500.0
1996-01-22,-11.6056,-11.434,-11.6951,-11.434,1260800.0
1996-01-23,-11.516,-11.434,-11.6951,-11.434,1047800.0
1996-01-24,-11.516,-11.3444,-11.6056,-11.434,1167600.0
1996-01-25,-11.434,-11.434,-11.6056,-11.6056,1374500.0
1996-01-26,-11.6056,-11.3444,-11.6056,-11.434,830500.0
1996-01-29,-11.434,-11.3444,-11.516,-11.3444,429100.0
1996-01-30,-11.3444,-10.9937,-11.434,-11.1728,2600100.0
1996-01-31,-11.225,-11.0459,-11.225,-11.1355,2114500.0
1996-02-01,-11.1355,-11.0459,-11.225,-11.1355,1595100.0
1996-02-02,-11.0459,-11.0459,-11.1355,-11.1355,578500.0
1996-02-05,-11.1355,-11.1355,-11.3966,-11.1355,938600.0
1996-02-06,-11.1355,-10.9638,-11.225,-11.0459,1264300.0
1996-02-07,-11.0459,-11.0459,-11.1355,-11.0459,836200.0
1996-02-08,-11.1355,-10.7847,-11.225,-10.7847,1168200.0
1996-02-09,-10.7847,-10.6952,-10.9638,-10.8743,1406400.0
1996-02-12,-10.8743,-10.6952,-11.1355,-11.0459,1504000.0
1996-02-13,-11.0459,-10.9638,-11.225,-11.0459,1521100.0
1996-02-14,-11.0459,-10.9638,-11.1355,-11.0459,958400.0
1996-02-15,-11.0459,-10.8743,-11.1355,-10.9638,1259600.0
1996-02-16,-10.9638,-10.8743,-11.1355,-10.8743,1908600.0
1996-02-20,-11.0459,-11.0459,-11.3071,-11.1355,1180000.0
1996-02-21,-11.225,-11.1355,-11.3071,-11.1355,1103000.0
1996-02-22,-11.1355,-10.9638,-11.225,-11.0459,1421800.0
1996-02-23,-10.9638,-10.8743,-11.0459,-10.9638,974300.0
1996-02-26,-10.9638,-10.7847,-10.9638,-10.8743,1476100.0
1996-02-27,-10.8743,-10.7847,-11.0459,-11.0459,1033400.0
1996-02-28,-10.9638,-10.6952,-11.0459,-10.6952,1691300.0
1996-02-29,-10.8743,-10.7847,-10.9638,-10.9638,1207600.0
1996-03-01,-10.8743,-10.7847,-10.9638,-10.8743,841200.0
1996-03-04,-10.8743,-10.7847,-10.9638,-10.8743,1244100.0
1996-03-05,-10.8743,-10.8743,-11.0459,-11.0459,1256100.0
1996-03-06,-11.0459,-10.8743,-11.0459,-10.9638,716600.0
1996-03-07,-11.0459,-10.8743,-11.0459,-11.0459,590000.0
1996-03-08,-11.1355,-11.1355,-11.5683,-11.5683,1325400.0
1996-03-11,-11.5683,-11.3071,-11.8294,-11.5683,1322100.0
1996-03-12,-11.6578,-11.3071,-11.6578,-11.3071,1055300.0
1996-03-13,-11.3071,-11.225,-11.5683,-11.3071,921700.0
1996-03-14,-11.3966,-11.1355,-11.3966,-11.3071,679700.0
1996-03-15,-11.4862,-11.3966,-11.4862,-11.3966,1135500.0
1996-03-18,-11.3966,-11.3966,-11.6578,-11.5683,994900.0
1996-03-19,-11.5683,-11.3966,-11.8294,-11.8294,1185300.0
1996-03-20,-11.7474,-11.3966,-11.7474,-11.3966,1140200.0
1996-03-21,-11.3966,-11.3966,-11.5683,-11.3966,712800.0
1996-03-22,-11.3071,-11.3071,-11.5683,-11.3966,787700.0
1996-03-25,-11.225,-11.0459,-11.3966,-11.225,1172300.0
1996-03-26,-11.3071,-11.225,-11.613,-11.4862,1257400.0
1996-03-27,-11.4862,-11.3071,-11.5683,-11.3966,705000.0
1996-03-28,-11.4862,-11.3966,-11.4862,-11.4862,420900.0
1996-03-29,-11.3966,-11.3071,-11.5683,-11.5683,1247900.0
1996-04-01,-11.4862,-11.3966,-11.8294,-11.7474,1875300.0
1996-04-02,-11.6578,-11.3966,-11.8294,-11.3966,1072800.0
1996-04-03,-11.5683,-11.1355,-11.5683,-11.225,1174100.0
1996-04-04,-11.1355,-10.9638,-11.225,-11.0459,1272600.0
1996-04-08,-11.225,-11.225,-11.4862,-11.4862,721200.0
1996-04-09,-11.4862,-11.3966,-11.7474,-11.6578,1204300.0
1996-04-10,-11.6578,-11.5683,-11.8294,-11.8294,860500.0
1996-04-11,-11.7474,-11.6578,-11.919,-11.7474,1339600.0
1996-04-12,-11.4862,-11.1355,-11.4862,-11.1355,1688700.0
1996-04-15,-11.4862,-11.225,-11.5683,-11.3071,1208100.0
1996-04-16,-11.3966,-11.3071,-11.5683,-11.3966,1226300.0
1996-04-17,-11.3966,-11.225,-11.4862,-11.225,1218000.0
1996-04-18,-11.225,-10.9638,-11.3071,-11.1355,1008300.0
1996-04-19,-10.9638,-10.7847,-11.1355,-10.8743,1193400.0
1996-04-22,-10.9638,-10.8743,-11.1355,-11.1355,622300.0
1996-04-23,-11.225,-11.0459,-11.225,-11.0459,842700.0
1996-04-24,-11.1355,-11.0459,-11.225,-11.1355,494500.0
1996-04-25,-11.1355,-11.0459,-11.225,-11.0459,707800.0
1996-04-26,-11.1355,-11.0459,-11.225,-11.1355,961700.0
1996-04-29,-11.225,-11.0459,-11.225,-11.0459,802200.0
1996-04-30,-11.1355,-11.0459,-11.225,-11.225,629300.0
1996-05-01,-11.1506,-10.9715,-11.1506,-10.9715,889600.0
1996-05-02,-11.1506,-11.0611,-11.2401,-11.1506,891400.0
1996-05-03,-11.1506,-11.1506,-11.2401,-11.2401,808800.0
1996-05-06,-11.2401,-11.0611,-11.3222,-11.0611,1151700.0
1996-05-07,-11.0611,-11.0611,-11.4118,-11.4118,977900.0
1996-05-08,-11.4118,-11.3222,-11.5013,-11.5013,1886300.0
1996-05-09,-11.5013,-11.2401,-11.5013,-11.2401,1190300.0
1996-05-10,-11.1506,-11.0611,-11.3222,-11.1506,476500.0
1996-05-13,-11.1506,-11.0611,-11.3222,-11.1506,915300.0
1996-05-14,-11.1506,-11.1506,-11.3222,-11.2401,784900.0
1996-05-15,-11.1506,-10.9715,-11.2401,-10.9715,1604000.0
1996-05-16,-11.1506,-10.8894,-11.1506,-10.9715,934900.0
1996-05-17,-10.7999,-10.7103,-10.8894,-10.7999,879600.0
1996-05-20,-10.7999,-10.7999,-10.9715,-10.8894,505200.0
1996-05-21,-10.9715,-10.7103,-10.9715,-10.7103,912300.0
1996-05-22,-10.8894,-10.7103,-10.8894,-10.7103,953500.0
1996-05-23,-10.7999,-10.7103,-10.8894,-10.7103,1630200.0
1996-05-24,-10.6283,-10.188,-10.7103,-10.188,1769600.0
1996-05-28,-10.3596,-10.2775,-10.6283,-10.5387,1795100.0
1996-05-29,-10.5387,-10.5387,-10.7103,-10.6283,1062300.0
1996-05-30,-10.7103,-10.4492,-10.8894,-10.6283,869600.0
1996-05-31,-10.6283,-10.4492,-10.8894,-10.7103,1079500.0
1996-06-03,-10.7999,-10.7999,-10.9715,-10.7999,530100.0
1996-06-04,-10.7103,-10.7103,-10.8894,-10.7999,620900.0
1996-06-05,-10.7999,-10.6283,-10.8894,-10.6283,538700.0
1996-06-06,-10.6283,-10.5387,-10.8894,-10.8894,605700.0
1996-06-07,-11.1506,-10.5387,-11.3222,-10.6283,889600.0
1996-06-10,-10.5387,-10.4492,-10.7103,-10.5387,639200.0
1996-06-11,-10.5387,-10.4492,-10.6283,-10.5387,818900.0
1996-06-12,-10.5387,-10.4492,-10.7103,-10.7103,579100.0
1996-06-13,-10.6283,-10.6283,-10.9715,-10.8894,818700.0
1996-06-14,-10.7999,-10.7103,-10.9715,-10.7999,509800.0
1996-06-17,-10.8894,-10.8894,-11.0611,-10.9715,670900.0
1996-06-18,-10.9715,-10.7999,-11.0611,-10.7999,848300.0
1996-06-19,-10.9715,-10.8894,-11.1506,-10.9715,808600.0
1996-06-20,-11.0611,-10.6283,-11.0611,-10.7103,2740800.0
1996-06-21,-10.7103,-10.5387,-10.7999,-10.6283,1586400.0
1996-06-24,-10.5387,-10.4492,-10.7103,-10.5387,1149900.0
1996-06-25,-10.5387,-10.4492,-10.7103,-10.6283,1076500.0
1996-06-26,-10.7103,-10.6283,-10.8894,-10.8894,1572600.0
1996-06-27,-10.8894,-10.8894,-11.0611,-10.9715,872500.0
1996-06-28,-10.9715,-10.7999,-10.9715,-10.9715,786800.0
1996-07-01,-10.9715,-10.7999,-11.0611,-10.9715,1047800.0
1996-07-02,-10.9715,-10.9715,-11.2401,-11.0611,805800.0
1996-07-03,-11.1506,-11.0611,-11.2401,-11.1506,841300.0
1996-07-05,-11.3222,-11.2401,-11.4118,-11.4118,328100.0
1996-07-08,-11.4118,-11.3222,-11.673,-11.5013,1068100.0
1996-07-09,-11.4118,-11.4118,-11.5909,-11.4118,837600.0
1996-07-10,-11.5013,-11.0611,-11.5013,-11.2401,924000.0
1996-07-11,-11.2401,-11.2401,-11.5909,-11.3222,653200.0
1996-07-12,-11.5013,-11.4118,-11.9341,-11.9341,1148500.0
1996-07-15,-11.9341,-11.673,-12.2028,-12.2028,843900.0
1996-07-16,-12.2848,-12.1132,-12.8967,-12.2848,2134800.0
1996-07-17,-12.2848,-12.1132,-12.7251,-12.7251,1230100.0
1996-07-18,-12.4639,-12.2848,-12.5535,-12.3744,972400.0
1996-07-19,-12.3744,-12.3744,-12.6356,-12.5535,764800.0
1996-07-22,-12.5535,-12.4639,-12.6356,-12.6356,909300.0
1996-07-23,-12.6356,-12.5535,-12.6356,-12.5535,1325500.0
1996-07-24,-12.6356,-12.5535,-12.7251,-12.5535,717500.0
1996-07-25,-12.4639,-12.3744,-12.6356,-12.6356,806900.0
1996-07-26,-12.5535,-12.2848,-12.6356,-12.3744,1049300.0
1996-07-29,-12.4639,-12.2848,-12.5535,-12.4639,730100.0
1996-07-30,-12.4639,-12.1132,-12.4639,-12.1132,1120200.0
1996-07-31,-12.2028,-11.9341,-12.2028,-11.9341,1062400.0
1996-08-01,-12.0237,-11.7625,-12.1132,-11.9341,966700.0
1996-08-02,-11.7625,-11.673,-11.9341,-11.7625,1308700.0
1996-08-05,-11.7625,-11.5909,-11.7625,-11.673,549300.0
1996-08-06,-11.7625,-11.5909,-11.852,-11.673,566100.0
1996-08-07,-11.606,-11.3374,-11.6881,-11.4269,892600.0
1996-08-08,-11.4269,-11.3374,-11.606,-11.5165,614000.0
1996-08-09,-11.606,-11.4269,-11.6881,-11.606,795200.0
1996-08-12,-11.6881,-11.606,-11.7776,-11.7776,823000.0
1996-08-13,-11.7776,-11.5165,-11.8672,-11.6881,749800.0
1996-08-14,-11.6881,-11.5165,-11.6881,-11.606,736900.0
1996-08-15,-11.5183,-11.2441,-11.5183,-11.4243,652700.0
1996-08-16,-11.3381,-11.2441,-11.4243,-11.2441,721100.0
1996-08-19,-11.1501,-10.9699,-11.2441,-10.9699,1542900.0
1996-08-20,-11.056,-10.8758,-11.056,-10.9699,1579800.0
1996-08-21,-10.9699,-10.8758,-10.9699,-10.9699,1068200.0
1996-08-22,-10.8758,-10.7818,-10.9699,-10.7818,2140300.0
1996-08-23,-10.8758,-10.7818,-10.9699,-10.8758,1232900.0
1996-08-26,-10.9699,-10.7818,-10.9699,-10.8758,572000.0
1996-08-27,-10.8758,-10.7818,-10.9699,-10.9699,874200.0
1996-08-28,-11.056,-11.056,-11.3381,-11.3381,1218300.0
1996-08-29,-11.2441,-10.8758,-11.3381,-10.9699,2657300.0
1996-08-30,-10.9699,-10.9699,-11.3381,-11.2441,704800.0
1996-09-03,-11.4243,-11.1501,-11.5183,-11.2441,916000.0
1996-09-04,-11.1501,-11.1501,-11.3381,-11.3381,940000.0
1996-09-05,-11.3381,-11.2441,-11.3381,-11.2441,882300.0
1996-09-06,-11.3381,-11.1501,-11.4243,-11.2441,792100.0
1996-09-09,-11.056,-11.056,-11.3381,-11.056,918000.0
1996-09-10,-11.056,-11.056,-11.2441,-11.056,1326900.0
1996-09-11,-11.1501,-11.056,-11.2441,-11.1501,627500.0
1996-09-12,-11.1501,-10.8758,-11.2441,-10.8758,1483800.0
1996-09-13,-10.9699,-10.8758,-11.056,-10.9699,1501500.0
1996-09-16,-11.056,-10.7818,-11.056,-10.8758,1678300.0
1996-09-17,-10.9699,-10.7818,-11.056,-10.9699,1742200.0
1996-09-18,-10.9699,-10.6878,-10.9699,-10.7818,1487600.0
1996-09-19,-10.8758,-10.5076,-10.8758,-10.5076,1498700.0
1996-09-20,-10.5076,-10.5076,-10.6878,-10.6016,2408700.0
1996-09-23,-10.6878,-10.6016,-10.7818,-10.6878,1129500.0
1996-09-24,-10.6878,-10.5076,-10.6878,-10.6016,1926100.0
1996-09-25,-10.5076,-10.4135,-10.6878,-10.4135,1338400.0
1996-09-26,-10.5076,-10.1393,-10.6016,-10.3195,1279800.0
1996-09-27,-10.3195,-10.1393,-10.5076,-10.4135,890500.0
1996-09-30,-10.3195,-10.1393,-10.3195,-10.1393,1125900.0
1996-10-01,-10.2333,-10.1393,-10.3195,-10.2333,880900.0
1996-10-02,-10.2333,-9.7711,-10.2333,-9.8572,1502200.0
1996-10-03,-9.8572,-9.7711,-10.0453,-9.8572,1430600.0
1996-10-04,-9.7711,-9.583,-9.7711,-9.583,1565300.0
1996-10-07,-9.677,-9.4028,-9.7711,-9.4028,1903000.0
1996-10-08,-9.489,-9.4028,-9.8572,-9.7711,1424800.0
1996-10-09,-9.7711,-9.677,-9.9513,-9.7711,1194700.0
1996-10-10,-9.7711,-9.3088,-9.8572,-9.3088,1324300.0
1996-10-11,-9.3088,-9.1207,-9.489,-9.1207,1344000.0
1996-10-14,-9.0345,-8.016,-9.0345,-8.298,3010200.0
1996-10-15,-8.11,-7.8357,-8.4782,-8.3842,4162000.0
1996-10-16,-8.4782,-8.4782,-8.9405,-8.7525,2287200.0
1996-10-17,-8.6663,-8.5723,-8.9405,-8.9405,1320200.0
1996-10-18,-8.8465,-8.3842,-9.0345,-8.4782,1276000.0
1996-10-21,-8.3842,-8.016,-8.4782,-8.11,1019700.0
1996-10-22,-8.204,-7.9219,-8.5723,-8.204,1570200.0
1996-10-23,-8.298,-8.204,-8.3842,-8.298,1012100.0
1996-10-24,-8.3842,-8.3842,-8.8465,-8.8465,936000.0
1996-10-25,-8.8465,-8.7525,-9.0345,-8.8465,1159400.0
1996-10-28,-8.8465,-8.5723,-9.0345,-9.0345,858300.0
1996-10-29,-8.9405,-8.3842,-9.2148,-8.4782,976900.0
1996-10-30,-8.4782,-8.3842,-8.6663,-8.4782,951200.0
1996-10-31,-8.5723,-8.11,-8.6663,-8.204,1495800.0
1996-11-01,-8.298,-8.11,-8.3842,-8.204,725700.0
1996-11-04,-8.204,-8.016,-8.3842,-8.298,1144800.0
1996-11-05,-8.11,-7.5537,-8.298,-7.6477,1783200.0
1996-11-06,-7.7576,-7.6636,-8.3139,-8.0318,1329900.0
1996-11-07,-8.0318,-8.0318,-8.3139,-8.1258,684600.0
1996-11-08,-8.1258,-8.1258,-8.4079,-8.2199,516600.0
1996-11-11,-8.1258,-8.0318,-8.2199,-8.2199,597200.0
1996-11-12,-8.1258,-8.1258,-8.3139,-8.1258,1042700.0
1996-11-13,-8.2199,-8.0318,-8.2199,-8.1258,793300.0
1996-11-14,-8.2199,-8.0318,-8.2199,-8.1258,515500.0
1996-11-15,-8.0318,-7.7576,-8.1258,-7.7576,1818700.0
1996-11-18,-7.7576,-7.7576,-8.0318,-7.7576,754700.0
1996-11-19,-7.7576,-7.5695,-7.8516,-7.5695,674900.0
1996-11-20,-7.6636,-7.2953,-7.8516,-7.8516,1786900.0
1996-11-21,-7.7576,-7.7576,-8.0318,-8.0318,1190000.0
1996-11-22,-7.9456,-7.9456,-8.2199,-8.0318,978500.0
1996-11-25,-8.0318,-7.8516,-8.2199,-7.9456,2100100.0
1996-11-26,-7.9456,-7.7576,-8.4941,-8.3139,2493800.0
1996-11-27,-8.1258,-7.9456,-8.3139,-8.0318,1406800.0
1996-11-29,-7.9456,-7.9456,-8.1258,-8.0318,383400.0
1996-12-02,-8.1258,-8.1258,-8.6821,-8.4941,1565300.0
1996-12-03,-8.4941,-8.1258,-8.4941,-8.4079,850300.0
1996-12-04,-8.4941,-8.4079,-8.6821,-8.5881,1678900.0
1996-12-05,-8.5881,-8.4941,-9.0504,-8.7762,1694600.0
1996-12-06,-8.9564,-8.5881,-9.1444,-8.7762,1615400.0
1996-12-09,-8.6821,-8.5881,-8.7762,-8.5881,744800.0
1996-12-10,-8.6821,-8.1258,-8.6821,-8.2199,1474700.0
1996-12-11,-8.3139,-8.1258,-8.4941,-8.1258,1437300.0
1996-12-12,-8.1258,-7.9456,-8.3139,-8.2199,1109100.0
1996-12-13,-8.3139,-8.3139,-8.6821,-8.4941,979400.0
1996-12-16,-8.4079,-8.2199,-8.7762,-8.7762,1474100.0
1996-12-17,-8.6821,-7.7576,-8.8702,-8.0318,2586200.0
1996-12-18,-8.0318,-7.7576,-8.0318,-8.0318,1697800.0
1996-12-19,-7.9456,-7.6636,-7.9456,-7.7576,1474700.0
1996-12-20,-7.3893,-7.3893,-7.8516,-7.8516,1811800.0
1996-12-23,-7.7576,-7.3893,-7.8516,-7.3893,783900.0
1996-12-24,-7.4833,-7.3893,-7.5695,-7.3893,350100.0
1996-12-26,-7.3893,-7.2013,-7.4833,-7.2953,593200.0
1996-12-27,-7.2953,-7.2953,-7.6636,-7.4833,254000.0
1996-12-30,-7.3893,-7.3893,-7.6636,-7.5695,679000.0
1996-12-31,-7.6636,-7.5695,-8.0318,-8.0318,580100.0
1997-01-02,-8.0318,-7.8516,-8.4079,-8.0318,1146600.0
1997-01-03,-8.0318,-8.0318,-8.2199,-8.0318,1108100.0
1997-01-06,-8.0318,-7.9456,-8.2199,-8.2199,1634400.0
1997-01-07,-8.0318,-7.8516,-8.3139,-7.8516,858800.0
1997-01-08,-7.7576,-7.5695,-7.9456,-7.8516,767500.0
1997-01-09,-7.9456,-7.8516,-8.1258,-8.0318,537900.0
1997-01-10,-8.2199,-7.8516,-8.2199,-7.8516,852500.0
1997-01-13,-7.7576,-7.7576,-7.9456,-7.8516,1065700.0
1997-01-14,-7.7576,-7.2953,-7.8516,-7.2953,992300.0
1997-01-15,-7.2953,-7.2953,-7.6636,-7.6636,1492600.0
1997-01-16,-7.6636,-7.6636,-8.5881,-8.1258,3321500.0
1997-01-17,-8.1258,-8.1258,-8.5881,-8.4941,2927800.0
1997-01-20,-8.4079,-8.4079,-8.5881,-8.5881,857000.0
1997-01-21,-8.5881,-8.5881,-8.8702,-8.7762,1558300.0
1997-01-22,-8.7762,-8.5881,-8.9564,-8.7762,1659500.0
1997-01-23,-8.8702,-8.7762,-9.7007,-9.7007,5435100.0
1997-01-24,-9.6067,-9.5127,-9.7869,-9.6067,2244700.0
1997-01-27,-9.5127,-9.5127,-10.069,-10.069,2413300.0
1997-01-28,-9.7869,-9.5127,-10.069,-9.5127,2058500.0
1997-01-29,-9.6067,-9.4187,-9.7007,-9.6067,1084800.0
1997-01-30,-9.6067,-9.4187,-9.6067,-9.5127,802100.0
1997-01-31,-9.4187,-9.3246,-9.7007,-9.7007,933200.0
1997-02-03,-9.6067,-9.6067,-9.7869,-9.7007,947800.0
1997-02-04,-9.7869,-9.7869,-10.069,-9.975,1411800.0
1997-02-05,-9.8028,-9.8028,-10.1789,-9.9908,2147600.0
1997-02-06,-9.9908,-9.9908,-10.1789,-9.9908,740200.0
1997-02-07,-9.9908,-9.8968,-10.1789,-10.0848,840400.0
1997-02-10,-9.9908,-9.9908,-10.3591,-10.1789,1666000.0
1997-02-11,-10.0848,-9.9908,-10.1789,-10.1789,824100.0
1997-02-12,-10.0848,-9.9908,-10.1789,-10.0848,1621100.0
1997-02-13,-9.9908,-9.8968,-10.2729,-10.1789,2139000.0
1997-02-14,-10.1789,-10.1789,-10.2729,-10.1789,1744800.0
1997-02-18,-10.1789,-9.9908,-10.2729,-10.1789,1768400.0
1997-02-19,-10.2729,-10.1789,-10.4531,-10.3591,1371000.0
1997-02-20,-10.4531,-10.2729,-10.5471,-10.4531,1573900.0
1997-02-21,-10.3591,-10.0848,-10.3591,-10.1789,1625800.0
1997-02-24,-10.0848,-9.8028,-10.1789,-9.8968,2534200.0
1997-02-25,-9.8968,-9.8028,-9.9908,-9.9908,1854900.0
1997-02-26,-9.9908,-9.8968,-10.4531,-10.2729,1559200.0
1997-02-27,-10.1789,-10.1789,-10.3591,-10.3591,993400.0
1997-02-28,-10.3591,-10.2729,-10.5471,-10.5471,1353900.0
1997-03-03,-10.6411,-10.4531,-10.6411,-10.5471,1513500.0
1997-03-04,-10.5471,-10.5471,-10.8213,-10.6411,1580800.0
1997-03-05,-10.7352,-10.6411,-11.0094,-10.7352,2191500.0
1997-03-06,-10.6411,-10.6411,-10.9154,-10.8213,1465400.0
1997-03-07,-10.7352,-10.3591,-10.7352,-10.4531,1654900.0
1997-03-10,-10.3591,-10.2729,-10.6411,-10.2729,1336600.0
1997-03-11,-10.1789,-10.0848,-10.3591,-10.3591,1651500.0
1997-03-12,-10.3591,-10.2729,-10.6411,-10.4531,2020100.0
1997-03-13,-10.4531,-10.4531,-10.8213,-10.8213,1854400.0
1997-03-14,-10.5471,-10.5471,-10.8213,-10.7352,955900.0
1997-03-17,-10.8213,-10.6411,-11.0094,-10.6411,1698200.0
1997-03-18,-10.6411,-10.5471,-10.8213,-10.7352,1298100.0
1997-03-19,-10.8213,-10.7352,-11.2915,-11.1034,4195200.0
1997-03-20,-11.0094,-10.9154,-11.2915,-11.1974,1951000.0
1997-03-21,-11.2915,-11.1974,-11.3776,-11.1974,3130800.0
1997-03-24,-11.1034,-10.8213,-11.1034,-10.9154,1640000.0
1997-03-25,-10.8213,-10.7352,-10.9154,-10.9154,1253800.0
1997-03-26,-10.9154,-10.6411,-10.9154,-10.7352,1411400.0
1997-03-27,-10.6411,-10.6411,-10.9154,-10.7352,1172100.0
1997-03-31,-10.7352,-10.7352,-11.1034,-11.0094,1206700.0
1997-04-01,-11.0094,-10.9154,-11.1974,-11.1034,1526900.0
1997-04-02,-11.2915,-11.1034,-11.3776,-11.3776,1875500.0
1997-04-03,-11.4717,-11.1034,-11.6597,-11.1974,2671400.0
1997-04-04,-11.4717,-11.2915,-11.6597,-11.4717,1620600.0
1997-04-07,-11.4717,-11.0094,-11.4717,-11.1974,1805900.0
1997-04-08,-11.1974,-11.1034,-11.5657,-11.2915,3489200.0
1997-04-09,-11.0094,-10.9154,-11.1034,-11.1034,1569700.0
1997-04-10,-11.0094,-10.8213,-11.1034,-10.9154,791900.0
1997-04-11,-11.0094,-11.0094,-11.2915,-11.1974,889900.0
1997-04-14,-11.2915,-11.1974,-11.6597,-11.4717,999600.0
1997-04-15,-11.2915,-11.1974,-11.5657,-11.3776,1437600.0
1997-04-16,-11.6597,-11.1974,-11.6597,-11.2915,1869400.0
1997-04-17,-11.2915,-11.1034,-11.5187,-11.1974,2010500.0
1997-04-18,-11.1974,-10.8213,-11.2915,-10.9154,1233000.0
1997-04-21,-10.9154,-10.7352,-11.0094,-10.9154,753800.0
1997-04-22,-10.8213,-10.7352,-10.9154,-10.7352,977500.0
1997-04-23,-10.7352,-10.4531,-10.8213,-10.6411,1507800.0
1997-04-24,-10.6411,-10.5471,-10.6411,-10.6411,1476300.0
1997-04-25,-10.7352,-10.6411,-10.8213,-10.6411,691400.0
1997-04-28,-10.6411,-10.6411,-11.0094,-11.0094,1737300.0
1997-04-29,-10.9154,-10.8213,-11.0094,-10.9154,1638200.0
1997-04-30,-10.9154,-10.6411,-10.9154,-10.6411,1697600.0
1997-05-01,-10.6411,-10.6411,-11.0094,-10.8213,1939200.0
1997-05-02,-10.8213,-10.7352,-11.0094,-10.8213,1057900.0
1997-05-05,-10.8213,-10.6411,-10.9154,-10.6411,1881200.0
1997-05-06,-10.6411,-10.3591,-10.7352,-10.4531,2886500.0
1997-05-07,-10.563,-9.8264,-10.563,-10.1947,1998800.0
1997-05-08,-10.3827,-10.1947,-10.4689,-10.4689,1342500.0
1997-05-09,-10.2887,-10.1947,-10.845,-10.563,1800100.0
1997-05-12,-10.563,-10.4689,-10.845,-10.657,1804900.0
1997-05-13,-10.563,-10.1007,-10.657,-10.1947,3373900.0
1997-05-14,-9.9126,-9.6384,-10.0067,-9.8264,2489900.0
1997-05-15,-9.8264,-9.6384,-9.9126,-9.6384,1358300.0
1997-05-16,-9.7324,-9.2623,-9.7324,-9.5444,2380500.0
1997-05-19,-9.5444,-9.5444,-9.7324,-9.6384,1515700.0
1997-05-20,-9.8264,-9.6384,-9.9126,-9.6384,1147200.0
1997-05-21,-9.5444,-9.4504,-9.6384,-9.4504,1251300.0
1997-05-22,-9.4504,-9.4504,-9.6384,-9.5444,1215600.0
1997-05-23,-9.4504,-9.1761,-9.4504,-9.2623,961800.0
1997-05-27,-9.3563,-9.2623,-9.4504,-9.3563,1174300.0
1997-05-28,-9.4504,-9.3563,-9.6384,-9.4504,796800.0
1997-05-29,-9.4504,-9.3563,-9.6384,-9.3563,1462000.0
1997-05-30,-9.5444,-9.3563,-9.8264,-9.3563,2120900.0
1997-06-02,-9.3563,-9.2623,-9.6384,-9.5444,1156600.0
1997-06-03,-9.6384,-9.4504,-9.6384,-9.4504,899100.0
1997-06-04,-9.5444,-9.4504,-9.6384,-9.5444,508600.0
1997-06-05,-9.4504,-8.4318,-9.5444,-8.9881,3837500.0
1997-06-06,-8.894,-8.706,-8.9881,-8.8,1538200.0
1997-06-09,-8.8,-8.612,-8.894,-8.706,1192800.0
1997-06-10,-8.8,-7.5934,-8.8,-7.9695,2906600.0
1997-06-11,-8.3377,-8.1497,-8.894,-8.612,3139900.0
1997-06-12,-8.8,-8.612,-9.2623,-8.894,1947100.0
1997-06-13,-8.8,-8.706,-9.2623,-9.0821,1781800.0
1997-06-16,-8.9881,-8.894,-9.2623,-9.2623,1255000.0
1997-06-17,-9.2623,-8.8,-9.2623,-8.8,2004300.0
1997-06-18,-8.894,-7.8755,-8.9881,-7.8755,3225100.0
1997-06-19,-7.8755,-7.8755,-8.4318,-8.1497,1663600.0
1997-06-20,-8.1497,-7.7814,-8.3377,-7.8755,4483300.0
1997-06-23,-7.9695,-7.5934,-7.9695,-7.7814,3140600.0
1997-06-24,-7.6874,-7.6404,-7.7814,-7.6874,1825200.0
1997-06-25,-7.7344,-6.8961,-7.9225,-7.3192,4120200.0
1997-06-26,-7.3192,-7.0371,-7.8285,-7.6874,3127800.0
1997-06-27,-7.3192,-6.3868,-7.4053,-6.6688,5305300.0
1997-06-30,-7.1311,-6.5278,-7.2251,-6.7629,2788500.0
1997-07-01,-6.9431,-6.6688,-7.1311,-6.9901,1567500.0
1997-07-02,-6.9901,-6.7629,-7.1311,-6.7629,1962600.0
1997-07-03,-6.5748,-6.4808,-6.7629,-6.5278,1267700.0
1997-07-07,-6.5748,-6.5748,-7.0371,-6.9431,2486600.0
1997-07-08,-6.9431,-6.7158,-7.1311,-6.849,2999900.0
1997-07-09,-6.849,-6.849,-7.7344,-6.9431,2161900.0
1997-07-10,-6.9431,-6.6688,-6.9431,-6.802,1277900.0
1997-07-11,-6.802,-6.7158,-6.8961,-6.7158,1048500.0
1997-07-14,-6.6688,-6.6688,-6.9431,-6.849,821400.0
1997-07-15,-7.1311,-7.0371,-7.3662,-7.0371,1589800.0
1997-07-16,-7.1311,-6.5278,-7.5464,-6.7629,3378200.0
1997-07-17,-6.802,-6.802,-7.3662,-7.3662,2715800.0
1997-07-18,-7.4524,-7.4053,-7.9695,-7.7814,2164600.0
1997-07-21,-7.7814,-7.4994,-7.8285,-7.5934,1275500.0
1997-07-22,-7.4994,-6.9901,-7.4994,-7.1311,1596700.0
1997-07-23,-6.9901,-6.9431,-7.1311,-6.9901,1448100.0
1997-07-24,-6.9901,-6.9431,-7.1781,-7.0371,1126800.0
1997-07-25,-7.1311,-7.0841,-7.3192,-7.1781,1052200.0
1997-07-28,-7.3192,-7.2722,-7.7344,-7.5934,1470100.0
1997-07-29,-7.5934,-7.4524,-7.6404,-7.4994,2452200.0
1997-07-30,-7.4994,-7.4524,-7.7814,-7.4994,1484300.0
1997-07-31,-7.4994,-7.4053,-7.5934,-7.4994,844400.0
1997-08-01,-7.5934,-7.4994,-7.7814,-7.5464,944100.0
1997-08-04,-7.6874,-7.4053,-7.7344,-7.4524,1388200.0
1997-08-05,-7.4994,-7.3192,-7.4994,-7.4524,1071400.0
1997-08-06,-7.4682,-7.429,-7.7973,-7.5152,3723900.0
1997-08-07,-7.241,-6.9119,-7.429,-7.335,1673600.0
1997-08-08,-7.429,-6.7239,-7.429,-7.241,2663400.0
1997-08-11,-7.288,-7.194,-7.5152,-7.241,1450100.0
1997-08-12,-7.194,-7.1,-7.5152,-7.4682,1540300.0
1997-08-13,-7.429,-7.429,-8.3066,-7.8913,4071800.0
1997-08-14,-7.7107,-7.324,-7.7107,-7.5133,1821500.0
1997-08-15,-7.5626,-7.4639,-8.1056,-7.9082,2358300.0
1997-08-18,-7.9082,-7.8094,-8.155,-8.0562,1907100.0
1997-08-19,-7.7601,-7.7107,-8.0562,-7.8588,1481700.0
1997-08-20,-7.8094,-7.612,-7.8094,-7.6614,701300.0
1997-08-21,-7.5626,-7.5626,-7.9082,-7.8094,1309200.0
1997-08-22,-7.9575,-7.0772,-8.0069,-7.0772,2357500.0
1997-08-25,-7.1266,-6.9785,-7.324,-6.9785,1615600.0
1997-08-26,-7.0279,-6.9785,-7.176,-7.1266,961700.0
1997-08-27,-7.176,-6.9785,-7.5133,-7.0279,1142400.0
1997-08-28,-7.0772,-6.8798,-7.3734,-7.2253,1090900.0
1997-08-29,-7.176,-6.9785,-7.324,-7.2747,1377500.0
1997-09-02,-7.2253,-6.8798,-7.2747,-6.9291,1924700.0
1997-09-03,-6.8304,-6.6823,-7.0772,-6.9785,1400400.0
1997-09-04,-6.9785,-6.9785,-7.2253,-6.9785,1083700.0
1997-09-05,-7.0279,-6.9785,-7.324,-7.2253,1532100.0
1997-09-08,-7.176,-6.7317,-7.2253,-6.7811,1547000.0
1997-09-09,-6.8798,-6.3944,-6.9785,-6.5425,1960400.0
1997-09-10,-6.4931,-6.1476,-6.5918,-6.4438,1868800.0
1997-09-11,-6.6823,-6.4438,-6.7317,-6.4931,1303600.0
1997-09-12,-6.3944,-5.6128,-6.4438,-5.8103,2702800.0
1997-09-15,-6.0982,-5.9008,-6.2957,-6.0489,1741800.0
1997-09-16,-6.0489,-5.7115,-6.0982,-5.7609,2169100.0
1997-09-17,-5.7609,-5.7609,-6.1476,-6.0982,836500.0
1997-09-18,-6.0489,-5.7609,-6.0489,-5.8514,1321000.0
1997-09-19,-5.7609,-5.4647,-5.7609,-5.5635,1797500.0
1997-09-22,-5.4647,-5.4154,-5.8514,-5.8514,1308200.0
1997-09-23,-5.8514,-5.5635,-5.9501,-5.6128,1604000.0
1997-09-24,-5.4154,-4.93,-5.5635,-5.366,3082800.0
1997-09-25,-5.366,-5.2179,-5.4647,-5.3166,1617800.0
1997-09-26,-5.1192,-5.1192,-5.6622,-5.5635,2065900.0
1997-09-29,-5.7115,-5.366,-5.8514,-5.4647,921700.0
1997-09-30,-5.5141,-5.4154,-5.6622,-5.4647,825900.0
1997-10-01,-5.4647,-5.3166,-5.5635,-5.5141,1389200.0
1997-10-02,-5.5141,-5.4154,-5.6128,-5.5141,1089600.0
1997-10-03,-5.366,-5.2179,-5.7609,-5.5141,1321400.0
1997-10-06,-5.4154,-5.2673,-5.4647,-5.366,1176600.0
1997-10-07,-5.2179,-5.0698,-5.366,-5.2673,1148200.0
1997-10-08,-5.2673,-5.2673,-5.5635,-5.4154,1112400.0
1997-10-09,-5.4647,-5.3166,-5.5141,-5.4647,1003600.0
1997-10-10,-5.6128,-5.0698,-5.6128,-5.5141,1480500.0
1997-10-13,-5.4647,-5.366,-5.5635,-5.5141,753900.0
1997-10-14,-5.4647,-5.4647,-5.7115,-5.5635,763500.0
1997-10-15,-5.6128,-5.4647,-5.9501,-5.9008,1066600.0
1997-10-16,-5.8103,-5.5635,-5.9995,-5.7609,1678700.0
1997-10-17,-5.8514,-5.7609,-6.0489,-5.9501,1590700.0
1997-10-20,-6.0489,-5.8514,-6.0982,-5.9008,1559600.0
1997-10-21,-6.0489,-5.7115,-6.0489,-5.7609,1836700.0
1997-10-22,-5.7609,-5.5141,-5.9008,-5.5635,1381800.0
1997-10-23,-5.8514,-5.6128,-6.1476,-5.7609,1577800.0
1997-10-24,-5.7609,-5.6128,-5.9995,-5.9995,1161200.0
1997-10-27,-6.4438,-6.2957,-7.9575,-7.5626,2334500.0
1997-10-28,-8.2455,-6.2463,-10.1048,-6.2463,2535900.0
1997-10-29,-6.2957,-6.1969,-7.1266,-6.8798,1179600.0
1997-10-30,-7.176,-6.7317,-7.176,-6.9785,812900.0
1997-10-31,-6.7811,-6.7317,-7.0772,-6.7811,868500.0
1997-11-03,-6.8798,-6.2957,-7.2253,-6.4438,1265300.0
1997-11-04,-6.4438,-6.4438,-6.9785,-6.4931,1018200.0
1997-11-05,-6.1477,-5.5965,-6.2464,-5.8515,1072100.0
1997-11-06,-6.049,-5.9996,-6.4521,-6.0983,1663500.0
1997-11-07,-6.4521,-6.1971,-6.6002,-6.2958,1255600.0
1997-11-10,-6.3534,-6.049,-6.5508,-6.4521,913300.0
1997-11-11,-6.4027,-6.2958,-6.8964,-6.847,1310200.0
1997-11-12,-7.102,-6.3534,-7.102,-6.8964,1598600.0
1997-11-13,-6.7483,-6.6002,-7.0527,-6.8964,1092400.0
1997-11-14,-6.8964,-6.847,-7.2008,-6.9457,881000.0
1997-11-17,-6.7483,-6.3534,-6.7483,-6.6496,1204600.0
1997-11-18,-6.7483,-6.6496,-7.0527,-6.7976,1328200.0
1997-11-19,-6.7976,-6.5508,-6.8964,-6.5508,973900.0
1997-11-20,-6.6496,-6.5508,-6.6989,-6.6496,1314600.0
1997-11-21,-6.6496,-6.5508,-6.7483,-6.6496,1425800.0
1997-11-24,-6.6989,-6.5015,-6.9457,-6.8964,978800.0
1997-11-25,-6.8964,-6.7976,-7.2008,-7.2008,919900.0
1997-11-26,-7.102,-6.9457,-7.5957,-7.3489,1227000.0
1997-11-28,-7.2501,-7.0527,-7.3489,-7.0527,937800.0
1997-12-01,-7.0527,-6.847,-7.102,-6.9457,1069800.0
1997-12-02,-6.9457,-6.8964,-7.2501,-7.2008,1075500.0
1997-12-03,-7.102,-7.102,-7.4969,-7.3982,1206100.0
1997-12-04,-7.3489,-7.0527,-7.4476,-7.3982,1944600.0
1997-12-05,-7.2995,-6.7483,-7.3489,-7.0527,1163700.0
1997-12-08,-6.9951,-6.8964,-7.3489,-7.1514,1032200.0
1997-12-09,-7.2995,-7.0527,-7.5463,-7.4969,1375900.0
1997-12-10,-7.3982,-7.2995,-8.1469,-7.6944,2550400.0
1997-12-11,-7.8013,-7.4476,-7.8013,-7.5463,1190200.0
1997-12-12,-7.5957,-7.0527,-7.645,-7.645,2281700.0
1997-12-15,-7.645,-6.7976,-7.645,-6.9457,2064200.0
1997-12-16,-6.7976,-6.7976,-6.9951,-6.847,1076000.0
1997-12-17,-6.7483,-6.6496,-6.847,-6.7483,1009200.0
1997-12-18,-6.6989,-6.6989,-6.9457,-6.7976,832700.0
1997-12-19,-7.0527,-6.7976,-7.102,-6.8964,1644700.0
1997-12-22,-6.9951,-6.7976,-7.0527,-6.9457,850800.0
1997-12-23,-6.9457,-6.9457,-7.4969,-7.4969,737100.0
1997-12-24,-7.5463,-7.2501,-7.6944,-7.5463,404800.0
1997-12-26,-7.4476,-7.2008,-7.4476,-7.3489,271800.0
1997-12-29,-7.2008,-6.9457,-7.2995,-7.2008,519900.0
1997-12-30,-7.1514,-6.9951,-7.2008,-7.0527,607000.0
1997-12-31,-7.0527,-6.6002,-7.1514,-6.7976,845700.0
1998-01-02,-6.6989,-6.6496,-7.102,-6.7976,412100.0
1998-01-05,-6.847,-6.6002,-6.8964,-6.7483,794900.0
1998-01-06,-6.8964,-6.847,-7.2501,-7.1514,752900.0
1998-01-07,-7.3489,-6.049,-7.5463,-6.0983,1771500.0
1998-01-08,-6.049,-5.8022,-6.4521,-6.1971,1589000.0
1998-01-09,-6.3534,-6.2958,-6.6496,-6.6496,1193500.0
1998-01-12,-6.8964,-6.2958,-6.8964,-6.3534,1124300.0
1998-01-13,-6.3534,-6.1971,-6.6002,-6.4027,1293300.0
1998-01-14,-6.2958,-6.2958,-6.9457,-6.5015,1137200.0
1998-01-15,-6.5508,-6.3534,-6.6002,-6.5508,567500.0
1998-01-16,-6.5508,-6.4027,-6.9457,-6.6002,2571900.0
1998-01-20,-6.6989,-6.5015,-6.6989,-6.5508,1246000.0
1998-01-21,-6.6002,-6.5508,-6.847,-6.6002,1683500.0
1998-01-22,-6.6989,-6.4027,-6.7483,-6.5015,1066000.0
1998-01-23,-6.4027,-6.2464,-6.7976,-6.5015,1170400.0
1998-01-26,-6.6002,-6.4027,-6.6989,-6.5015,1110200.0
1998-01-27,-6.5508,-6.4521,-6.8964,-6.8964,1103300.0
1998-01-28,-6.7976,-6.7483,-7.1514,-6.9951,1508600.0
1998-01-29,-7.102,-6.5508,-7.102,-6.7976,2125100.0
1998-01-30,-6.847,-6.7483,-7.2995,-7.2995,1103600.0
1998-02-02,-7.2008,-6.7976,-7.2008,-6.8964,1120300.0
1998-02-03,-6.847,-6.5508,-6.8964,-6.6989,1406500.0
1998-02-04,-6.7649,-6.5181,-6.8718,-6.5181,846000.0
1998-02-05,-6.5674,-6.5181,-6.8142,-6.5674,1163100.0
1998-02-06,-6.5181,-6.37,-6.6168,-6.4193,1134700.0
1998-02-09,-6.4687,-5.9668,-6.5181,-6.0656,1154800.0
1998-02-10,-5.9668,-5.7694,-6.1643,-6.1149,1271700.0
1998-02-11,-6.1643,-5.9668,-6.3206,-6.0162,916700.0
1998-02-12,-6.1643,-5.7694,-6.2137,-5.9175,1008300.0
1998-02-13,-6.0162,-5.9175,-6.2137,-6.1149,735400.0
1998-02-17,-5.8188,-5.8188,-6.2712,-6.2137,1125900.0
1998-02-18,-6.2137,-6.0162,-6.2712,-6.0162,1135400.0
1998-02-19,-6.0656,-6.0162,-6.2712,-6.1149,897400.0
1998-02-20,-6.1149,-6.0162,-6.2712,-6.0656,803000.0
1998-02-23,-6.0162,-6.0162,-6.4687,-6.37,757900.0
1998-02-24,-6.4193,-6.1643,-6.4687,-6.2712,884200.0
1998-02-25,-6.3206,-6.1149,-6.37,-6.1643,441300.0
1998-02-26,-6.1149,-6.1149,-6.3206,-6.1149,504700.0
1998-02-27,-6.2712,-6.0656,-6.2712,-6.1149,416100.0
1998-03-02,-6.1149,-5.8188,-6.2137,-5.9668,907100.0
1998-03-03,-5.9668,-5.8188,-6.0656,-5.8188,685100.0
1998-03-04,-5.8681,-5.5637,-5.9668,-5.5637,1162600.0
1998-03-05,-5.7694,-5.6131,-6.0162,-5.9175,945300.0
1998-03-06,-5.8681,-5.5144,-5.8681,-5.5637,543800.0
1998-03-09,-5.6131,-5.3663,-5.6131,-5.6131,640200.0
1998-03-10,-5.6707,-5.4156,-5.9175,-5.4156,895500.0
1998-03-11,-5.5144,-5.3169,-5.72,-5.3663,919600.0
1998-03-12,-5.4156,-5.2182,-5.5144,-5.2182,961600.0
1998-03-13,-5.2676,-5.1688,-5.3169,-5.2676,898500.0
1998-03-16,-5.6707,-5.6707,-6.1643,-5.9668,1375000.0
1998-03-17,-6.2137,-6.1149,-6.4687,-6.4687,1473700.0
1998-03-18,-6.4687,-6.3206,-6.5181,-6.37,1412900.0
1998-03-19,-6.3206,-6.3206,-6.6168,-6.37,863400.0
1998-03-20,-6.1643,-6.1643,-6.5181,-6.5181,1252900.0
1998-03-23,-6.5674,-6.4193,-6.7649,-6.4193,1494900.0
1998-03-24,-6.2712,-6.2137,-6.4193,-6.3206,1154100.0
1998-03-25,-6.3206,-6.2137,-6.8718,-6.5674,1103300.0
1998-03-26,-6.5181,-6.4687,-6.7649,-6.7649,1033400.0
1998-03-27,-6.5674,-6.5674,-6.9212,-6.7649,948000.0
1998-03-30,-6.4687,-6.4687,-6.9705,-6.7649,1241800.0
1998-03-31,-6.5674,-6.5181,-6.8718,-6.5181,1898400.0
1998-04-01,-6.4687,-6.2137,-6.6661,-6.37,1598600.0
1998-04-02,-6.37,-5.8681,-6.5181,-6.0162,1610300.0
1998-04-03,-5.9175,-5.9175,-6.2137,-6.1643,1806000.0
1998-04-06,-6.1643,-6.0656,-6.6168,-6.6168,1158200.0
1998-04-07,-6.6168,-6.5674,-6.8718,-6.7649,960200.0
1998-04-08,-6.7649,-6.6661,-6.9705,-6.8718,805300.0
1998-04-09,-6.8718,-6.6661,-6.9705,-6.8142,1598400.0
1998-04-13,-6.5674,-6.5181,-6.9212,-6.8718,1288400.0
1998-04-14,-6.7649,-6.7155,-6.9212,-6.7155,1324300.0
1998-04-15,-6.6168,-6.4687,-6.7649,-6.4687,1278700.0
1998-04-16,-6.5181,-6.1643,-6.6168,-6.4193,2707600.0
1998-04-17,-6.4193,-6.3206,-6.5181,-6.37,1185400.0
1998-04-20,-6.4687,-6.4687,-6.7649,-6.6661,884000.0
1998-04-21,-6.6661,-6.4193,-6.8142,-6.4687,1679100.0
1998-04-22,-6.5674,-6.5674,-6.8718,-6.8142,1325300.0
1998-04-23,-6.8718,-6.5181,-6.8718,-6.8142,1066800.0
1998-04-24,-6.8142,-6.6661,-7.0693,-6.7649,1400000.0
1998-04-27,-6.8718,-6.8142,-7.0693,-7.0693,919900.0
1998-04-28,-6.8718,-6.7649,-7.0199,-6.7649,1557700.0
1998-04-29,-6.8718,-6.7649,-6.9705,-6.8718,2022500.0
1998-04-30,-6.7155,-6.5674,-6.9212,-6.8718,1716200.0
1998-05-01,-6.8718,-6.8142,-7.0693,-7.0199,1251000.0
1998-05-04,-6.9705,-6.9212,-7.2174,-7.0693,1590500.0
1998-05-05,-7.0693,-7.0693,-7.2174,-7.168,1447700.0
1998-05-06,-7.1846,-7.0859,-7.1846,-7.1352,2387000.0
1998-05-07,-7.1846,-7.1352,-7.2915,-7.2422,1419800.0
1998-05-08,-7.0859,-7.0365,-7.4396,-7.2422,1257100.0
1998-05-11,-7.1846,-7.1846,-7.4396,-7.3903,613700.0
1998-05-12,-7.4396,-7.3409,-7.5877,-7.4396,974200.0
1998-05-13,-7.5877,-7.5383,-7.8427,-7.7934,1594200.0
1998-05-14,-7.6864,-7.5877,-7.8921,-7.8427,1003600.0
1998-05-15,-7.7934,-7.744,-8.0402,-7.9908,1629000.0
1998-05-18,-7.9908,-7.9908,-8.2952,-8.1389,1156300.0
1998-05-19,-8.0896,-7.8921,-8.1883,-8.1389,1180300.0
1998-05-20,-8.1389,-7.9908,-8.1389,-7.9908,1128100.0
1998-05-21,-7.9908,-7.8921,-8.394,-8.0402,1811700.0
1998-05-22,-8.2952,-8.1389,-8.4433,-8.394,1790900.0
1998-05-26,-8.2952,-8.1883,-8.542,-8.542,1374100.0
1998-05-27,-8.5914,-8.542,-9.192,-8.9452,2115500.0
1998-05-28,-8.8464,-8.394,-8.9452,-8.5914,2431000.0
1998-05-29,-8.394,-8.394,-8.8958,-8.8464,1540000.0
1998-06-01,-8.8958,-8.2459,-8.9452,-8.394,2062300.0
1998-06-02,-8.4433,-8.1883,-8.5914,-8.542,1790900.0
1998-06-03,-8.4927,-8.394,-8.7971,-8.6408,2251000.0
1998-06-04,-8.7971,-8.7477,-9.1426,-9.0932,1987600.0
1998-06-05,-8.8958,-6.3866,-8.9452,-6.9871,6503700.0
1998-06-08,-7.5383,-7.3409,-8.0402,-7.9908,3622600.0
1998-06-09,-7.9908,-7.744,-8.0896,-8.0402,2196900.0
1998-06-10,-8.3446,-7.9415,-8.3446,-8.0402,2212200.0
1998-06-11,-8.1389,-7.7934,-8.2459,-7.7934,1450700.0
1998-06-12,-7.8427,-7.8427,-8.2952,-7.9415,1170600.0
1998-06-15,-8.2459,-8.0402,-8.4433,-8.4433,1226900.0
1998-06-16,-8.3446,-8.2459,-8.6408,-8.2952,1470300.0
1998-06-17,-8.2952,-7.4396,-8.2952,-7.4396,1894600.0
1998-06-18,-7.5877,-7.2915,-7.9908,-7.6371,1261100.0
1998-06-19,-7.6371,-7.5383,-7.9415,-7.6371,1462200.0
1998-06-22,-7.8427,-7.744,-8.1389,-8.0402,936700.0
1998-06-23,-7.9908,-7.8921,-8.0896,-7.8921,1167000.0
1998-06-24,-7.9908,-7.489,-7.9908,-7.6864,1393400.0
1998-06-25,-7.7934,-7.6371,-8.2459,-7.9908,2173600.0
1998-06-26,-7.9415,-7.9415,-8.394,-8.1883,823400.0
1998-06-29,-8.1389,-8.0402,-8.7477,-8.4433,1244400.0
1998-06-30,-8.4433,-8.2952,-8.7477,-8.4927,1492000.0
1998-07-01,-8.542,-8.2459,-8.6901,-8.2459,1319300.0
1998-07-02,-8.394,-8.3446,-8.6408,-8.4433,810000.0
1998-07-06,-8.6408,-8.0896,-8.7148,-8.1883,1676100.0
1998-07-07,-8.2952,-8.2459,-8.7971,-8.7971,1182400.0
1998-07-08,-8.7971,-8.6901,-9.0932,-8.8958,2547100.0
1998-07-09,-8.9945,-8.9945,-9.447,-9.447,1903400.0
1998-07-10,-9.447,-8.9945,-9.4964,-9.447,1474200.0
1998-07-13,-9.447,-9.3976,-9.8008,-9.7514,954900.0
1998-07-14,-9.3483,-9.3483,-9.8995,-9.6938,1289300.0
1998-07-15,-9.6445,-9.4964,-9.8501,-9.7514,1579700.0
1998-07-16,-9.7514,-9.5457,-10.3026,-9.8501,1708600.0
1998-07-17,-9.6445,-9.5951,-9.9982,-9.8995,1928000.0
1998-07-20,-9.8008,-9.6938,-10.0969,-10.0476,1219900.0
1998-07-21,-9.9489,-9.8995,-10.1957,-10.1463,1144300.0
1998-07-22,-10.1957,-9.9982,-10.1957,-10.0476,635900.0
1998-07-23,-10.1463,-9.9982,-10.3026,-10.3026,1205000.0
1998-07-24,-10.3026,-10.1957,-10.4013,-10.1957,1399900.0
1998-07-27,-10.352,-10.2533,-10.8538,-10.7551,1817500.0
1998-07-28,-10.8045,-10.5001,-10.9032,-10.5988,2204300.0
1998-07-29,-10.4013,-10.1957,-10.4507,-10.3026,2467500.0
1998-07-30,-10.352,-9.8995,-10.352,-9.9489,1511800.0
1998-07-31,-9.9982,-9.8995,-10.352,-10.3026,987400.0
1998-08-03,-10.352,-10.1957,-10.5494,-10.4013,1779400.0
1998-08-04,-10.4013,-10.4013,-10.8538,-10.8045,2576600.0
1998-08-05,-10.7223,-10.3686,-10.7717,-10.566,1583400.0
1998-08-06,-10.566,-10.4179,-10.8211,-10.673,1180300.0
1998-08-07,-10.7223,-10.4673,-10.7717,-10.6154,1238100.0
1998-08-10,-10.5167,-9.5623,-10.5167,-9.661,1974700.0
1998-08-11,-9.9161,-9.6117,-10.1629,-9.7104,1310700.0
1998-08-12,-9.7598,-9.4142,-10.1135,-9.7104,1144200.0
1998-08-13,-9.8667,-9.7598,-10.1629,-9.9654,770000.0
1998-08-14,-9.9654,-9.9161,-10.5167,-10.3192,627300.0
1998-08-17,-10.3192,-10.1135,-10.4673,-10.4673,530600.0
1998-08-18,-10.3192,-10.0148,-10.4179,-10.1629,692600.0
1998-08-19,-10.0148,-9.9654,-10.3192,-10.2698,832400.0
1998-08-20,-10.2653,-9.8939,-10.2653,-9.9457,996000.0
1998-08-21,-10.058,-10.0062,-10.2653,-10.058,1144400.0
1998-08-24,-10.058,-9.9457,-10.2653,-10.2135,830100.0
1998-08-25,-10.2135,-10.058,-10.4294,-10.3171,1744400.0
1998-08-26,-10.369,-10.3171,-10.6368,-10.6368,1365900.0
1998-08-27,-10.6886,-10.5331,-11.1637,-11.1637,1877400.0
1998-08-28,-10.9046,-10.4813,-11.1119,-10.7923,1806400.0
1998-08-31,-10.9046,-10.6886,-11.4315,-11.3278,1640700.0
1998-09-01,-11.3278,-10.4813,-11.4315,-10.5331,1676600.0
1998-09-02,-10.7404,-10.4813,-10.8441,-10.8441,1331100.0
1998-09-03,-11.0601,-11.0082,-11.4315,-11.1637,1310900.0
1998-09-04,-11.1637,-11.1637,-11.4833,-11.3278,1198300.0
1998-09-08,-11.3278,-11.1119,-11.4833,-11.3278,1666600.0
1998-09-09,-11.3278,-10.6368,-11.4315,-10.9046,1178600.0
1998-09-10,-11.0082,-10.2135,-11.1119,-10.369,1814200.0
1998-09-11,-10.5849,-10.1617,-10.6368,-10.2653,1401800.0
1998-09-14,-10.2653,-9.5829,-10.2653,-9.842,1317500.0
1998-09-15,-9.842,-9.6865,-9.9457,-9.7902,410800.0
1998-09-16,-9.8939,-9.7384,-10.369,-10.2653,1105800.0
1998-09-17,-10.7923,-10.5331,-11.1119,-10.8441,1558200.0
1998-09-18,-10.9046,-10.5331,-10.9564,-10.5331,2078000.0
1998-09-21,-10.7923,-10.2653,-11.2155,-10.4294,817700.0
1998-09-22,-10.4294,-10.2653,-10.4813,-10.369,654600.0
1998-09-23,-10.2653,-9.7384,-10.3171,-9.8939,874600.0
1998-09-24,-9.9457,-9.2633,-9.9457,-9.6865,2111700.0
1998-09-25,-9.6347,-9.5829,-10.4813,-9.7902,1277200.0
1998-09-28,-9.6347,-9.2633,-9.6347,-9.3151,837300.0
1998-09-29,-9.3151,-8.84,-9.3669,-9.2114,1273200.0
1998-09-30,-9.4706,-9.4706,-10.1617,-9.842,837200.0
1998-10-01,-10.1098,-9.8939,-10.4294,-10.369,824600.0
1998-10-02,-10.2653,-9.4188,-10.4294,-9.5829,1274700.0
1998-10-05,-9.4706,-9.3151,-10.1098,-9.5829,964900.0
1998-10-06,-9.4706,-9.4188,-9.842,-9.6865,657600.0
1998-10-07,-9.6865,-9.6865,-10.1098,-9.842,895500.0
1998-10-08,-10.4813,-9.8939,-10.4813,-10.0062,1111000.0
1998-10-09,-9.9457,-9.7384,-10.1617,-10.058,1077400.0
1998-10-12,-10.058,-9.7902,-10.1617,-10.0062,689800.0
1998-10-13,-9.9457,-9.842,-10.1617,-10.1098,831300.0
1998-10-14,-10.0062,-9.842,-10.2135,-10.1617,793900.0
1998-10-15,-10.2135,-9.842,-10.4813,-9.8939,1247700.0
1998-10-16,-9.7384,-9.6347,-10.1617,-9.7902,2855800.0
1998-10-19,-9.7902,-9.7384,-10.4294,-10.1617,1430700.0
1998-10-20,-9.842,-9.7384,-10.3171,-10.058,1789600.0
1998-10-21,-9.842,-9.842,-10.4294,-10.2653,1554600.0
1998-10-22,-10.1617,-9.9457,-10.1617,-10.1617,1089900.0
1998-10-23,-9.7902,-9.3669,-10.058,-9.3669,1749600.0
1998-10-26,-9.5311,-9.4706,-10.0062,-9.9457,1045400.0
1998-10-27,-9.9457,-9.8939,-10.058,-9.9457,1271200.0
1998-10-28,-9.842,-9.4188,-10.058,-9.5829,1012600.0
1998-10-29,-9.4188,-9.2633,-10.0062,-9.842,833300.0
1998-10-30,-9.842,-9.6865,-10.0062,-9.8939,1103900.0
1998-11-02,-9.7902,-9.4706,-10.0062,-9.6347,1253200.0
1998-11-03,-9.2633,-9.2633,-9.8939,-9.7384,1250000.0
1998-11-04,-9.7039,-9.3843,-9.7039,-9.4966,1133400.0
1998-11-05,-9.3843,-9.1251,-9.6521,-9.2288,915700.0
1998-11-06,-9.2288,-9.2288,-9.4966,-9.3325,594000.0
1998-11-09,-9.3843,-9.3325,-9.6003,-9.3843,632200.0
1998-11-10,-9.4966,-9.3843,-9.7558,-9.5484,809900.0
1998-11-11,-9.6003,-9.4448,-9.6521,-9.5484,579300.0
1998-11-12,-9.6521,-9.5484,-9.9199,-9.6521,837100.0
1998-11-13,-9.7039,-9.6003,-9.9717,-9.9717,532500.0
1998-11-16,-9.7558,-9.4966,-9.868,-9.8162,1277700.0
1998-11-17,-9.7039,-9.6003,-9.868,-9.7039,972200.0
1998-11-18,-9.7039,-9.6003,-9.8162,-9.7039,849900.0
1998-11-19,-9.7039,-9.6003,-9.8162,-9.7039,816100.0
1998-11-20,-9.6521,-9.177,-9.7558,-9.2288,1053500.0
1998-11-23,-9.2288,-8.8574,-9.2288,-8.9092,1139900.0
1998-11-24,-8.7537,-8.3304,-8.8574,-8.7019,2092600.0
1998-11-25,-8.7019,-7.5357,-9.0733,-8.1145,2225600.0
1998-11-27,-8.2786,-8.2181,-8.65,-8.5896,428900.0
1998-11-30,-8.5896,-8.3304,-9.0733,-8.3822,1658900.0
1998-12-01,-8.4859,-7.8467,-8.7019,-8.5377,2642800.0
1998-12-02,-8.5896,-8.3822,-8.8574,-8.7019,905100.0
1998-12-03,-8.7537,-8.5377,-9.2288,-9.0733,1279700.0
1998-12-04,-8.961,-8.8055,-9.2806,-9.1251,1022100.0
1998-12-07,-9.0128,-9.0128,-9.2806,-9.2806,917800.0
1998-12-08,-9.2806,-9.1251,-9.4448,-9.1251,898500.0
1998-12-09,-9.1251,-9.0128,-9.6003,-9.4966,1336600.0
1998-12-10,-9.5484,-9.4966,-10.1272,-10.0235,1570900.0
1998-12-11,-10.0235,-9.7039,-10.179,-9.7039,819100.0
1998-12-14,-9.9199,-9.8162,-10.2395,-10.2395,1132300.0
1998-12-15,-10.179,-10.179,-10.395,-10.2913,1391600.0
1998-12-16,-10.2395,-10.1272,-10.3432,-10.2913,834600.0
1998-12-17,-10.2913,-10.0754,-10.3432,-10.1272,735100.0
1998-12-18,-10.2395,-10.0235,-10.6109,-10.5505,1520800.0
1998-12-21,-10.4468,-10.179,-10.4987,-10.4987,1148200.0
1998-12-22,-10.395,-9.7558,-10.5505,-9.7558,1362100.0
1998-12-23,-9.7039,-9.2806,-9.7558,-9.2806,1420600.0
1998-12-24,-9.3325,-9.177,-9.3843,-9.177,416200.0
1998-12-28,-9.177,-8.8055,-9.3843,-8.8055,1023000.0
1998-12-29,-9.1251,-9.1251,-9.5484,-9.5484,713300.0
1998-12-30,-9.4448,-9.3325,-9.7039,-9.4448,773300.0
1998-12-31,-9.6003,-9.3843,-9.8162,-9.4448,1086400.0
1999-01-04,-9.4966,-9.4966,-9.9717,-9.868,1134800.0
1999-01-05,-9.7039,-9.6003,-9.8162,-9.8162,638300.0
1999-01-06,-9.7558,-9.6003,-9.9199,-9.7039,1428200.0
1999-01-07,-9.8162,-9.6003,-9.9199,-9.7558,757900.0
1999-01-08,-9.7039,-9.6521,-9.9717,-9.868,856600.0
1999-01-11,-9.9199,-9.868,-10.0754,-9.9199,1106200.0
1999-01-12,-9.9717,-9.9199,-10.179,-10.179,776100.0
1999-01-13,-10.2395,-9.868,-10.395,-9.9199,1049500.0
1999-01-14,-10.0754,-9.868,-10.2395,-10.2395,929000.0
1999-01-15,-10.179,-9.9717,-10.3432,-9.9717,943800.0
1999-01-19,-10.1272,-10.0754,-10.395,-10.2395,1256100.0
1999-01-20,-10.3432,-10.0235,-10.8183,-10.8183,2777100.0
1999-01-21,-10.7146,-10.395,-10.8183,-10.6109,1305700.0
1999-01-22,-10.395,-10.2395,-10.8183,-10.7664,2918500.0
1999-01-25,-10.6109,-10.179,-10.7146,-10.6109,1322500.0
1999-01-26,-10.6109,-10.5505,-10.9824,-10.9219,2617800.0
1999-01-27,-10.9219,-10.5505,-11.0342,-10.8701,1746600.0
1999-01-28,-10.7146,-10.6109,-11.0861,-10.9824,2910100.0
1999-01-29,-10.8183,-10.8183,-11.1897,-11.1379,1895900.0
1999-02-01,-11.0342,-10.8183,-11.0861,-10.8183,2532500.0
1999-02-02,-10.7146,-10.7146,-11.0342,-11.0342,1267600.0
1999-02-03,-10.9998,-10.8356,-11.0516,-10.9479,1226500.0
1999-02-04,-10.8356,-10.6802,-10.9479,-10.7838,1222000.0
1999-02-05,-10.8356,-10.3087,-10.8356,-10.3087,1932200.0
1999-02-08,-10.3087,-10.205,-10.6802,-10.516,1061500.0
1999-02-09,-10.6283,-10.516,-10.732,-10.732,1022100.0
1999-02-10,-10.8961,-10.732,-10.9479,-10.8356,864700.0
1999-02-11,-10.8961,-10.6802,-10.8961,-10.7838,890400.0
1999-02-12,-10.732,-10.4642,-10.7838,-10.732,1515800.0
1999-02-16,-10.732,-10.3605,-10.732,-10.6283,1132400.0
1999-02-17,-10.6802,-10.4642,-10.6802,-10.6283,1020000.0
1999-02-18,-10.516,-10.205,-10.5765,-10.3087,1345600.0
1999-02-19,-10.4124,-10.2569,-10.6283,-10.3087,1432400.0
1999-02-22,-10.3605,-10.3087,-10.4642,-10.3087,1127500.0
1999-02-23,-10.3087,-10.3087,-10.6283,-10.6283,1121700.0
1999-02-24,-10.516,-10.4642,-10.8961,-10.7838,1117700.0
1999-02-25,-10.8356,-10.7838,-11.1034,-11.0516,1333800.0
1999-02-26,-10.8356,-10.8356,-11.0516,-11.0516,733900.0
1999-03-01,-11.0516,-10.7838,-11.2157,-10.7838,1211600.0
1999-03-02,-10.732,-10.732,-11.2157,-11.2157,1162100.0
1999-03-03,-11.1553,-11.1034,-11.5267,-11.1553,1493600.0
1999-03-04,-11.1553,-10.9479,-11.1553,-11.0516,925400.0
1999-03-05,-10.9479,-10.8961,-11.2157,-10.9998,1052400.0
1999-03-08,-11.1034,-10.9479,-11.2157,-11.1553,870200.0
1999-03-09,-11.2676,-11.1553,-11.3712,-11.3712,689200.0
1999-03-10,-11.3712,-11.2157,-11.5872,-11.5267,1168700.0
1999-03-11,-11.5267,-11.1034,-11.5872,-11.1553,1089300.0
1999-03-12,-11.1034,-10.9479,-11.1553,-11.0516,1001300.0
1999-03-15,-11.1553,-11.0516,-11.3712,-11.2676,825800.0
1999-03-16,-11.3712,-11.1553,-11.3712,-11.2676,794400.0
1999-03-17,-11.2676,-11.1553,-11.3712,-11.1553,766100.0
1999-03-18,-11.2157,-10.7838,-11.2157,-10.8961,1344200.0
1999-03-19,-10.6802,-10.5765,-11.2157,-11.1553,2383000.0
1999-03-22,-11.2157,-11.1034,-11.3194,-11.2676,965500.0
1999-03-23,-11.3194,-11.2676,-11.4749,-11.4231,1138900.0
1999-03-24,-11.4231,-11.3712,-11.5872,-11.5267,860500.0
1999-03-25,-11.5872,-11.3712,-11.639,-11.4231,908500.0
1999-03-26,-11.4749,-11.3712,-11.5267,-11.5267,711500.0
1999-03-29,-11.3712,-11.1553,-11.4231,-11.3194,1006000.0
1999-03-30,-11.3194,-11.0516,-11.4231,-11.3194,1253100.0
1999-03-31,-11.2157,-11.1553,-11.5267,-11.4231,1147100.0
1999-04-01,-11.4749,-11.4231,-11.7945,-11.639,1088300.0
1999-04-05,-11.7427,-11.5872,-11.9586,-11.7945,842400.0
1999-04-06,-11.9068,-11.7945,-12.2783,-12.1141,1229600.0
1999-04-07,-12.2178,-11.7427,-12.4337,-11.8463,1405700.0
1999-04-08,-11.6908,-11.6908,-12.166,-12.0105,815300.0
1999-04-09,-12.0623,-11.8463,-12.1141,-11.9068,993400.0
1999-04-12,-11.9068,-11.7945,-12.1141,-12.0623,1003100.0
1999-04-13,-12.166,-11.9068,-12.2178,-12.1141,912200.0
1999-04-14,-12.166,-11.639,-12.3301,-11.8463,1228800.0
1999-04-15,-11.8463,-11.3712,-12.0105,-11.5267,1177400.0
1999-04-16,-11.4749,-10.8961,-11.4749,-11.1553,2208000.0
1999-04-19,-11.1553,-10.9479,-11.3194,-11.0516,1755900.0
1999-04-20,-11.1034,-11.1034,-11.4231,-11.1553,1416300.0
1999-04-21,-11.1034,-11.0516,-11.5267,-11.0516,1046400.0
1999-04-22,-11.1034,-10.9998,-11.1553,-11.0516,945500.0
1999-04-23,-11.1034,-10.9998,-11.2676,-11.1553,722700.0
1999-04-26,-11.2676,-10.7838,-11.3194,-10.8961,1815600.0
1999-04-27,-10.732,-9.9373,-10.7838,-10.205,2879100.0
1999-04-28,-10.3087,-10.3087,-10.4642,-10.4124,1500500.0
1999-04-29,-10.4124,-9.9373,-10.516,-10.516,1284000.0
1999-04-30,-10.516,-10.2569,-11.3712,-11.1553,2071900.0
1999-05-03,-10.9998,-10.1446,-11.0516,-10.1446,1860500.0
1999-05-04,-10.2569,-10.205,-10.4642,-10.4642,1235300.0
1999-05-05,-10.3779,-9.7905,-10.3779,-9.7905,1312900.0
1999-05-06,-9.7905,-9.5832,-10.0065,-9.9546,1485200.0
1999-05-07,-9.9546,-9.635,-10.1101,-9.9546,1014800.0
1999-05-10,-9.851,-9.5832,-9.9028,-9.635,856600.0
1999-05-11,-9.635,-9.635,-9.9546,-9.9028,1272200.0
1999-05-12,-9.9546,-9.851,-10.4384,-10.3261,3607600.0
1999-05-13,-10.2742,-9.851,-10.3779,-10.1706,1268100.0
1999-05-14,-10.2224,-10.0065,-10.3779,-10.1101,834300.0
1999-05-17,-10.2224,-10.1706,-10.4384,-10.2742,1234600.0
1999-05-18,-10.3261,-10.3261,-10.6457,-10.4902,1088300.0
1999-05-19,-10.3779,-10.3779,-10.542,-10.4384,427200.0
1999-05-20,-10.542,-10.3779,-10.5939,-10.4384,617100.0
1999-05-21,-10.4384,-10.3261,-10.542,-10.542,567900.0
1999-05-24,-10.4384,-10.2742,-10.6457,-10.6457,896800.0
1999-05-25,-10.9135,-10.542,-10.9135,-10.758,977600.0
1999-05-26,-10.758,-10.758,-11.2331,-11.0776,1677300.0
1999-05-27,-11.1813,-11.1294,-11.5009,-11.1813,1634400.0
1999-05-28,-11.2331,-10.8617,-11.2331,-11.0776,1204700.0
1999-06-01,-11.0776,-10.9653,-11.2849,-11.0776,1264200.0
1999-06-02,-11.0171,-10.9653,-11.1813,-11.0776,816900.0
1999-06-03,-11.0171,-10.8617,-11.1294,-10.9135,1286800.0
1999-06-04,-10.8098,-10.6975,-11.1294,-10.9653,1156500.0
1999-06-07,-10.8617,-10.6975,-11.0171,-10.758,727800.0
1999-06-08,-10.8617,-10.6975,-10.8617,-10.8098,647800.0
1999-06-09,-10.8098,-10.542,-10.8098,-10.5939,687500.0
1999-06-10,-10.6457,-10.4902,-10.6457,-10.5939,665900.0
1999-06-11,-10.5939,-10.4902,-10.9135,-10.8098,682300.0
1999-06-14,-10.758,-10.6975,-11.0776,-10.8098,848800.0
1999-06-15,-10.8098,-10.6457,-10.9135,-10.9135,1034200.0
1999-06-16,-10.8098,-10.6975,-11.0776,-10.9653,517100.0
1999-06-17,-11.0171,-10.6457,-11.0776,-10.9135,989100.0
1999-06-18,-11.0171,-10.542,-11.0171,-10.6975,1320400.0
1999-06-21,-10.758,-10.758,-11.0171,-10.9653,666600.0
1999-06-22,-11.0776,-10.9135,-11.0776,-11.0171,780200.0
1999-06-23,-11.0171,-11.0171,-11.2331,-11.2331,749900.0
1999-06-24,-11.2849,-11.0171,-11.3454,-11.1294,752100.0
1999-06-25,-11.0171,-10.9653,-11.0776,-11.0171,622100.0
1999-06-28,-11.0171,-10.9135,-11.0776,-11.0171,587800.0
1999-06-29,-11.0171,-10.9135,-11.0776,-11.0171,998100.0
1999-06-30,-11.0776,-10.6457,-11.0776,-10.6975,1831800.0
1999-07-01,-10.8098,-10.758,-11.1813,-11.1294,3077000.0
1999-07-02,-11.2331,-11.0776,-11.2331,-11.0776,600500.0
1999-07-06,-11.1294,-11.0171,-11.1813,-11.0776,918800.0
1999-07-07,-11.0776,-10.8617,-11.1294,-11.0171,1219200.0
1999-07-08,-11.1813,-11.0776,-11.1813,-11.0776,816100.0
1999-07-09,-11.1294,-11.0171,-11.1813,-11.0171,790500.0
1999-07-12,-10.9653,-10.9135,-11.1294,-10.9653,704100.0
1999-07-13,-11.0776,-10.9653,-11.2849,-11.2331,1525000.0
1999-07-14,-11.2849,-11.2331,-11.5009,-11.5009,1242900.0
1999-07-15,-11.2849,-11.2331,-11.7687,-11.5009,1188900.0
1999-07-16,-11.6046,-11.2849,-11.7169,-11.5009,1482300.0
1999-07-19,-11.5009,-11.4491,-11.665,-11.5527,974100.0
1999-07-20,-11.665,-11.4491,-11.8205,-11.665,1490700.0
1999-07-21,-11.7169,-11.5527,-11.7169,-11.665,586700.0
1999-07-22,-11.6046,-11.6046,-11.7169,-11.665,974600.0
1999-07-23,-11.7169,-11.5527,-11.7687,-11.7169,967300.0
1999-07-26,-11.7687,-11.3972,-11.7687,-11.5527,735100.0
1999-07-27,-11.5009,-11.3972,-11.5527,-11.5009,1131500.0
1999-07-28,-11.5009,-11.2849,-11.6046,-11.3972,1154500.0
1999-07-29,-11.6046,-11.5009,-11.9242,-11.8205,1194700.0
1999-07-30,-11.7687,-11.7687,-12.192,-11.9846,1792900.0
1999-08-02,-11.9242,-11.8723,-11.9846,-11.9242,1012700.0
1999-08-03,-11.9242,-11.8723,-12.0365,-11.9242,538900.0
1999-08-04,-11.9502,-11.4146,-11.9502,-11.4146,1659200.0
1999-08-05,-11.4664,-11.4664,-11.7342,-11.5183,1263100.0
1999-08-06,-11.5787,-11.5183,-11.8465,-11.6824,1664100.0
1999-08-09,-11.7861,-11.4664,-11.7861,-11.4664,788900.0
1999-08-10,-11.6824,-11.3628,-11.6824,-11.5183,1820000.0
1999-08-11,-11.5183,-11.3628,-11.6306,-11.4146,1728200.0
1999-08-12,-11.4146,-11.3628,-11.6306,-11.5787,1108800.0
1999-08-13,-11.4664,-11.3628,-11.6306,-11.4664,1301500.0
1999-08-16,-11.6306,-11.0432,-11.6306,-11.4146,1887500.0
1999-08-17,-11.3109,-11.2505,-11.5183,-11.4146,868200.0
1999-08-18,-11.4146,-11.3628,-11.5183,-11.3628,836400.0
1999-08-19,-11.4103,-11.3014,-11.637,-11.4647,1241200.0
1999-08-20,-11.4647,-11.4647,-11.6915,-11.5826,794000.0
1999-08-23,-11.5826,-11.5282,-11.7459,-11.6915,1358700.0
1999-08-24,-11.6915,-11.6915,-11.8638,-11.8638,1230900.0
1999-08-25,-11.8094,-11.7459,-11.8638,-11.8094,1685300.0
1999-08-26,-11.8094,-11.7459,-11.8638,-11.7459,1628900.0
1999-08-27,-11.8094,-11.7459,-11.9726,-11.9182,1624000.0
1999-08-30,-11.9182,-11.9182,-12.3082,-12.3082,1361500.0
1999-08-31,-12.1994,-12.0271,-12.3082,-12.145,1963100.0
1999-09-01,-12.145,-12.0271,-12.2538,-12.0271,1376600.0
1999-09-02,-12.0271,-12.0271,-12.4806,-12.3627,1511500.0
1999-09-03,-12.3082,-11.9182,-12.3082,-12.0271,965500.0
1999-09-07,-12.0906,-11.8094,-12.145,-12.0906,852900.0
1999-09-08,-12.0271,-11.9182,-12.0906,-11.9182,669500.0
1999-09-09,-11.8638,-11.7459,-11.9726,-11.7459,868200.0
1999-09-10,-11.6915,-11.6915,-12.0271,-11.9726,676900.0
1999-09-13,-11.9182,-11.8638,-12.2538,-12.0906,691900.0
1999-09-14,-12.0906,-12.0271,-12.1994,-12.0906,742400.0
1999-09-15,-11.9726,-11.7459,-12.0271,-11.9726,795700.0
1999-09-16,-11.9182,-11.9182,-12.1994,-12.0271,459100.0
1999-09-17,-12.145,-12.145,-12.4262,-12.3627,664800.0
1999-09-20,-12.4262,-12.2538,-12.535,-12.2538,623400.0
1999-09-21,-12.4262,-12.3082,-12.925,-12.925,1813100.0
1999-09-22,-12.2538,-12.2538,-12.535,-12.535,1758900.0
1999-09-23,-12.6438,-12.535,-12.8706,-12.7618,1147800.0
1999-09-24,-12.7618,-12.5894,-12.9885,-12.9885,1044100.0
1999-09-27,-12.8706,-12.5894,-12.925,-12.7618,991500.0
1999-09-28,-12.8706,-12.7073,-13.2062,-12.9885,1476100.0
1999-09-29,-12.925,-12.8706,-13.2062,-13.0974,1138000.0
1999-09-30,-12.9885,-12.8162,-13.1518,-12.925,1621900.0
1999-10-01,-12.8706,-12.4806,-12.8706,-12.8706,1940400.0
1999-10-04,-12.7618,-12.3627,-13.2062,-13.0429,2235300.0
1999-10-05,-13.0429,-12.8706,-13.1518,-13.0974,1151500.0
1999-10-06,-13.0429,-12.7618,-13.0974,-12.8162,812000.0
1999-10-07,-12.8162,-12.7073,-12.8706,-12.8706,881000.0
1999-10-08,-12.9885,-12.535,-12.9885,-12.5894,843400.0
1999-10-11,-12.7073,-12.6438,-12.9885,-12.8706,562800.0
1999-10-12,-12.9885,-12.7073,-13.0429,-12.925,1212400.0
1999-10-13,-12.8162,-12.4806,-12.9885,-12.7073,969400.0
1999-10-14,-12.7073,-12.3627,-12.8162,-12.4262,1092500.0
1999-10-15,-12.4806,-12.4806,-13.3785,-13.3241,1636800.0
1999-10-18,-12.9885,-12.8706,-13.3785,-12.9885,1112000.0
1999-10-19,-13.0429,-12.9885,-13.2697,-13.1518,842900.0
1999-10-20,-13.0974,-13.0429,-13.2062,-13.1518,791300.0
1999-10-21,-13.2697,-13.0974,-13.2697,-13.2062,1292200.0
1999-10-22,-13.2062,-12.925,-13.2697,-12.9885,1263800.0
1999-10-25,-12.9885,-12.9885,-13.2062,-13.2062,1258200.0
1999-10-26,-13.2062,-13.1518,-13.3785,-13.3785,1128500.0
1999-10-27,-13.433,-13.2697,-13.5509,-13.3241,1777500.0
1999-10-28,-13.0974,-12.8162,-13.1518,-12.8706,1355300.0
1999-10-29,-12.8162,-12.5894,-12.8706,-12.8162,1032900.0
1999-11-01,-12.8162,-12.7618,-13.2062,-13.0429,744500.0
1999-11-02,-13.0429,-12.8162,-13.1518,-12.8162,885100.0
1999-11-03,-12.9523,-12.8979,-13.0611,-13.0067,1007000.0
1999-11-04,-13.0067,-13.0067,-13.2879,-13.179,1257600.0
1999-11-05,-13.0611,-12.9523,-13.2335,-13.2335,962800.0
1999-11-08,-13.2335,-13.0067,-13.2879,-13.0611,1041900.0
1999-11-09,-13.179,-13.0611,-13.4058,-13.179,1591100.0
1999-11-10,-13.0611,-12.8979,-13.179,-12.9523,998000.0
1999-11-11,-13.0611,-12.8434,-13.0611,-12.8434,1106800.0
1999-11-12,-12.4988,-12.272,-12.5532,-12.3355,2183200.0
1999-11-15,-12.4444,-12.272,-12.4988,-12.3355,1761800.0
1999-11-16,-12.2176,-11.9364,-12.3355,-11.9908,2304400.0
1999-11-17,-11.882,-10.975,-11.9364,-11.0294,2859800.0
1999-11-18,-11.1473,-11.0294,-11.4285,-11.3741,1562100.0
1999-11-19,-11.3196,-11.2017,-11.6008,-11.3741,1567600.0
1999-11-22,-11.6008,-11.5373,-11.8276,-11.7097,1099200.0
1999-11-23,-11.8276,-11.8276,-12.3355,-12.1632,1287400.0
1999-11-24,-12.2176,-12.0453,-12.3899,-12.1088,1070500.0
1999-11-26,-12.2176,-12.1632,-12.3355,-12.3355,274000.0
1999-11-29,-12.4444,-12.272,-12.78,-12.4444,898500.0
1999-11-30,-12.4444,-12.2176,-12.7255,-12.6167,1569500.0
1999-12-01,-12.6711,-12.6167,-12.8434,-12.8434,1073800.0
1999-12-02,-12.8434,-12.272,-12.8434,-12.4444,1247800.0
1999-12-03,-12.4988,-12.1088,-12.5532,-12.5532,960300.0
1999-12-06,-12.8434,-12.5532,-12.8434,-12.8434,1141400.0
1999-12-07,-12.6167,-11.9908,-12.7255,-11.9908,2759700.0
1999-12-08,-11.9908,-11.7641,-12.1088,-12.1088,1446300.0
1999-12-09,-12.0453,-11.9364,-12.1632,-11.9908,1482300.0
1999-12-10,-11.9908,-11.9364,-12.0453,-12.0453,976900.0
1999-12-13,-12.0453,-11.9908,-12.1632,-12.0453,1631000.0
1999-12-14,-12.1632,-11.9364,-12.1632,-11.9908,995200.0
1999-12-15,-12.1088,-12.0453,-12.3355,-12.2176,1471900.0
1999-12-16,-12.3355,-12.272,-12.6711,-12.5532,2171900.0
1999-12-17,-12.4988,-12.3899,-12.7255,-12.4988,2458000.0
1999-12-20,-12.6167,-12.4444,-12.6711,-12.6167,1327700.0
1999-12-21,-12.6167,-12.4988,-13.2335,-13.179,2590300.0
1999-12-22,-12.9523,-12.7255,-13.0611,-12.8979,1370800.0
1999-12-23,-12.8979,-12.6167,-12.9523,-12.78,1469900.0
1999-12-27,-12.8434,-12.6711,-12.9523,-12.8979,1033400.0
1999-12-28,-12.8979,-12.7255,-13.1246,-13.0067,1191000.0
1999-12-29,-13.0067,-12.78,-13.0611,-13.0611,946600.0
1999-12-30,-13.0067,-12.7255,-13.1246,-12.8434,1071000.0
1999-12-31,-12.9523,-12.7255,-12.9523,-12.8434,628900.0
2000-01-03,-12.9523,-12.8979,-13.0611,-12.9523,893200.0
2000-01-04,-13.1246,-12.78,-13.1246,-13.0611,986800.0
2000-01-05,-13.0611,-13.0611,-13.2879,-13.2335,986700.0
2000-01-06,-13.2879,-13.0611,-13.3514,-13.179,816300.0
2000-01-07,-13.0611,-12.9523,-13.1246,-13.0067,1076000.0
2000-01-10,-12.9523,-12.78,-13.0067,-13.0067,1346500.0
2000-01-11,-13.0067,-13.0067,-13.179,-13.179,991400.0
2000-01-12,-13.1246,-12.8434,-13.179,-12.8979,1231300.0
2000-01-13,-12.9523,-12.6711,-13.0067,-12.9523,2666700.0
2000-01-14,-12.8434,-12.4444,-13.0067,-12.4988,2544700.0
2000-01-18,-12.4444,-11.8276,-12.4444,-11.9908,2713300.0
2000-01-19,-11.9908,-11.6552,-12.0453,-11.7097,2250100.0
2000-01-20,-11.7097,-11.6552,-12.272,-11.9908,1385100.0
2000-01-21,-11.6552,-11.6552,-12.2176,-12.0453,1019800.0
2000-01-24,-12.0453,-11.9908,-12.7255,-12.6167,952000.0
2000-01-25,-12.7255,-12.6711,-12.8434,-12.7255,1045600.0
2000-01-26,-12.8979,-12.7255,-12.8979,-12.78,1136900.0
2000-01-27,-12.8434,-12.78,-13.0611,-12.9523,1139400.0
2000-01-28,-12.8979,-12.78,-13.179,-13.1246,1116900.0
2000-01-31,-13.0611,-12.9523,-13.2879,-13.179,1344300.0
2000-02-01,-13.179,-12.78,-13.2879,-12.9523,1171600.0
2000-02-02,-12.9796,-12.9161,-13.1428,-13.0884,737400.0
2000-02-03,-13.034,-12.9796,-13.1428,-13.0884,662100.0
2000-02-04,-12.9796,-12.7437,-13.0884,-13.0884,880300.0
2000-02-07,-13.0884,-12.9161,-13.1428,-13.0884,561200.0
2000-02-08,-13.0884,-12.9796,-13.1428,-13.1428,580700.0
2000-02-09,-13.1428,-13.1428,-13.7142,-13.5419,2198800.0
2000-02-10,-13.4875,-13.2607,-13.8866,-13.8231,1716200.0
2000-02-11,-13.7142,-13.3696,-13.8231,-13.8231,1149100.0
2000-02-14,-13.6598,-13.424,-13.7687,-13.6598,1102900.0
2000-02-15,-13.6598,-13.424,-13.7142,-13.5963,926900.0
2000-02-16,-13.6598,-13.424,-13.7142,-13.4875,652300.0
2000-02-17,-13.424,-13.3152,-13.5419,-13.3696,869700.0
2000-02-18,-13.424,-13.3152,-13.424,-13.3696,1081400.0
2000-02-22,-13.424,-13.2607,-13.5419,-13.3696,1019500.0
2000-02-24,-13.7142,-13.7142,-13.9954,-13.7687,1038300.0
2000-02-25,-13.7687,-13.5963,-14.0498,-14.0498,1878500.0
2000-02-28,-14.0498,-13.4875,-14.2222,-14.1678,1843400.0
2000-02-29,-14.1678,-13.9954,-14.6213,-14.6213,2377900.0
2000-03-01,-14.7301,-14.3401,-14.7301,-14.3945,1882700.0
2000-03-02,-14.5034,-14.4489,-14.7845,-14.7301,1510300.0
2000-03-03,-14.7301,-14.2222,-14.7845,-14.3401,1865200.0
2000-03-06,-14.6213,-14.3945,-14.7845,-14.7845,1341400.0
2000-03-07,-14.7845,-14.7845,-15.0748,-15.0748,1178600.0
2000-03-08,-15.0204,-14.7845,-15.1292,-15.0204,864100.0
2000-03-09,-15.0204,-14.9025,-15.1836,-15.1292,1237600.0
2000-03-10,-14.9025,-14.7301,-15.1292,-15.0204,1190800.0
2000-03-13,-15.0748,-15.0204,-15.2471,-15.1292,1239900.0
2000-03-14,-15.1836,-15.1292,-15.5283,-15.5283,2415700.0
2000-03-15,-15.5827,-15.0748,-15.7551,-15.356,4765900.0
2000-03-16,-15.0748,-14.2222,-15.1836,-14.4489,2779300.0
2000-03-17,-14.3401,-14.1678,-14.5034,-14.1678,2316200.0
2000-03-20,-14.2766,-14.1043,-14.5578,-14.4489,988800.0
2000-03-21,-14.4489,-14.0498,-14.5578,-14.4489,1711500.0
2000-03-22,-14.2766,-14.2222,-14.5578,-14.2222,1655600.0
2000-03-23,-14.2222,-13.9954,-14.3945,-14.1678,1822700.0
2000-03-24,-14.1678,-14.0498,-14.6213,-14.4489,1196100.0
2000-03-27,-14.5578,-14.4489,-14.6757,-14.4489,769700.0
2000-03-28,-14.5034,-14.3945,-14.6757,-14.6757,1099200.0
2000-03-29,-14.4489,-14.4489,-14.7301,-14.6213,1014500.0
2000-03-30,-14.5578,-14.2766,-14.6213,-14.3401,1597500.0
2000-03-31,-14.3401,-13.8866,-14.4489,-14.3945,1238800.0
2000-04-03,-14.1678,-13.9954,-14.6213,-14.2222,1044200.0
2000-04-04,-14.5578,-14.1043,-14.5578,-14.1678,1214200.0
2000-04-05,-14.3945,-14.0498,-14.4489,-14.1043,1303000.0
2000-04-06,-14.0498,-13.8866,-14.1678,-13.9954,1353600.0
2000-04-07,-14.1043,-13.8866,-14.2766,-14.2222,933200.0
2000-04-10,-14.1043,-13.5419,-14.1678,-13.6598,1966900.0
2000-04-11,-13.8231,-13.4875,-13.941,-13.7687,1574700.0
2000-04-12,-13.7142,-13.4875,-13.8866,-13.8866,1145100.0
2000-04-13,-13.8866,-13.5419,-13.9954,-13.7142,1347000.0
2000-04-14,-14.1678,-13.7142,-14.3945,-14.3401,1229700.0
2000-04-17,-14.2766,-13.8231,-14.5578,-14.1678,1259800.0
2000-04-18,-14.2766,-14.2222,-14.7301,-14.6213,1742800.0
2000-04-19,-14.6213,-14.2222,-14.9025,-14.6757,1504700.0
2000-04-20,-14.7845,-14.5034,-14.9569,-14.9025,2665100.0
2000-04-24,-14.9025,-14.5578,-15.1292,-14.7301,1809900.0
2000-04-25,-14.9569,-14.7301,-14.9569,-14.848,963400.0
2000-04-26,-14.7845,-14.6757,-14.9025,-14.7845,1249700.0
2000-04-27,-14.7845,-14.5034,-14.848,-14.7301,1660000.0
2000-04-28,-14.7845,-14.5578,-14.848,-14.7301,1206200.0
2000-05-01,-14.5578,-14.3401,-14.6757,-14.4489,1011400.0
2000-05-02,-14.5578,-14.2766,-14.6757,-14.3945,1324400.0
2000-05-03,-14.3492,-14.059,-14.5125,-14.4581,1419400.0
2000-05-04,-14.5125,-14.2948,-14.6848,-14.6848,1258600.0
2000-05-05,-14.6848,-14.4581,-14.7392,-14.576,722100.0
2000-05-08,-14.6304,-14.4581,-14.6304,-14.4581,409900.0
2000-05-09,-14.4581,-14.4581,-14.6848,-14.5125,883700.0
2000-05-10,-14.4036,-14.2313,-14.5125,-14.3492,1222000.0
2000-05-11,-14.2948,-14.1225,-14.3492,-14.1769,875100.0
2000-05-12,-14.1225,-14.059,-14.3492,-14.2313,1128800.0
2000-05-15,-14.1769,-14.0046,-14.2313,-14.1769,1158800.0
2000-05-16,-14.1769,-14.1225,-14.3492,-14.2313,1273200.0
2000-05-17,-14.2313,-14.0046,-14.2948,-14.059,890700.0
2000-05-18,-14.1225,-13.8957,-14.1769,-14.059,1244700.0
2000-05-19,-14.1225,-13.9501,-14.2948,-14.1769,1168100.0
2000-05-22,-14.1225,-13.4966,-14.2313,-13.6145,1856800.0
2000-05-23,-13.669,-13.669,-14.1225,-13.8413,1945100.0
2000-05-24,-13.7778,-13.0431,-13.8413,-13.0431,3548200.0
2000-05-25,-12.8163,-12.644,-12.9887,-12.8163,3221800.0
2000-05-26,-12.8708,-12.7619,-12.9343,-12.8708,1978400.0
2000-05-30,-12.8163,-12.644,-12.8708,-12.6984,1994800.0
2000-05-31,-12.6984,-12.644,-13.0975,-12.8708,1435300.0
2000-06-01,-12.8163,-12.3628,-12.8708,-12.5896,1116200.0
2000-06-05,-12.8163,-12.8163,-13.0431,-12.9343,866200.0
2000-06-06,-13.1519,-13.0431,-13.551,-13.3243,1418300.0
2000-06-07,-12.8708,-12.7619,-12.9343,-12.8708,2423000.0
2000-06-08,-12.8708,-12.8163,-13.0975,-12.8708,1101100.0
2000-06-12,-13.1519,-13.1519,-13.6145,-13.6145,1917900.0
2000-06-13,-13.6145,-13.551,-14.0046,-13.7234,1997800.0
2000-06-14,-13.8413,-13.8413,-14.059,-14.0046,1413100.0
2000-06-15,-13.7778,-13.7778,-14.1225,-14.1225,1160800.0
2000-06-16,-13.5782,-13.5238,-13.8231,-13.7597,1666800.0
2000-06-19,-14.2313,-14.2313,-14.576,-14.5125,1722000.0
2000-06-20,-14.5125,-14.3492,-14.6304,-14.576,2587900.0
2000-06-21,-14.6304,-14.576,-14.7483,-14.6304,1340900.0
2000-06-22,-14.6304,-14.6304,-14.7483,-14.7483,1066700.0
2000-06-23,-14.6848,-14.576,-14.7483,-14.7483,798500.0
2000-06-26,-14.6304,-14.2313,-14.6848,-14.4581,1190900.0
2000-06-27,-14.4581,-14.4581,-14.6304,-14.576,949600.0
2000-06-28,-14.6304,-14.4581,-14.7483,-14.6123,945600.0
2000-06-29,-14.6304,-14.576,-14.7483,-14.6304,1711000.0
2000-06-30,-14.7483,-14.6304,-14.8572,-14.8027,1723600.0
2000-07-03,-14.8572,-14.6304,-14.8572,-14.6304,482200.0
2000-07-05,-14.6304,-14.576,-14.7483,-14.6304,1784500.0
2000-07-06,-14.6304,-14.576,-14.8027,-14.7483,2378800.0
2000-07-07,-14.7483,-14.1225,-14.7483,-14.2313,1696100.0
2000-07-10,-14.4036,-14.1769,-14.5125,-14.3492,984100.0
2000-07-11,-14.2948,-13.9501,-14.3492,-13.9501,1624000.0
2000-07-12,-14.059,-14.0046,-14.3492,-14.0046,1223600.0
2000-07-13,-14.2313,-14.059,-14.4036,-14.3492,1152600.0
2000-07-14,-14.2948,-14.2313,-14.4036,-14.2313,1351400.0
2000-07-17,-14.2313,-14.2313,-14.7483,-14.6304,1337000.0
2000-07-18,-14.6848,-14.6304,-14.8027,-14.6848,1355600.0
2000-07-19,-14.6848,-14.4581,-14.7483,-14.6848,1317800.0
2000-07-20,-14.576,-14.5125,-14.7483,-14.7483,1422800.0
2000-07-21,-14.6848,-14.6304,-15.0295,-14.966,1206000.0
2000-07-24,-14.9116,-14.5125,-14.966,-14.9116,1210200.0
2000-07-25,-14.9116,-14.8027,-15.0295,-14.8572,1452300.0
2000-07-26,-14.8572,-14.8572,-15.1383,-15.0295,1709300.0
2000-07-27,-15.0295,-14.2313,-15.0839,-14.9116,1436900.0
2000-07-28,-14.966,-14.2313,-15.0295,-15.0295,1179000.0
2000-07-31,-14.966,-14.8027,-15.2563,-15.2018,1463800.0
2000-08-01,-15.0839,-14.6848,-15.2018,-14.8027,1680200.0
2000-08-02,-14.7483,-14.5125,-14.8027,-14.6304,3445300.0
2000-08-03,-14.7483,-14.576,-14.7483,-14.6848,1911000.0
2000-08-04,-14.576,-14.5125,-14.7483,-14.6848,1277000.0
2000-08-07,-14.7483,-14.6848,-14.8572,-14.8027,998500.0
2000-08-08,-14.8027,-14.6848,-14.9116,-14.8027,1837900.0
2000-08-09,-14.8119,-14.8119,-15.093,-15.0386,1435500.0
2000-08-10,-15.0386,-14.7574,-15.0386,-14.9842,1389400.0
2000-08-11,-14.8119,-14.7574,-15.0386,-15.0386,1603900.0
2000-08-14,-15.0386,-14.9842,-15.1565,-15.1565,1655300.0
2000-08-15,-15.0386,-15.0386,-15.2654,-15.0386,3108800.0
2000-08-16,-15.093,-14.9842,-15.093,-15.0386,1949800.0
2000-08-17,-14.9207,-14.8663,-15.211,-15.1565,1304000.0
2000-08-18,-15.1565,-14.9842,-15.211,-15.093,772000.0
2000-08-21,-15.0386,-14.7574,-15.093,-14.9207,2587300.0
2000-08-22,-14.8119,-14.8119,-15.0386,-15.0386,1215200.0
2000-08-23,-14.9207,-14.9207,-15.1565,-15.0386,1822400.0
2000-08-24,-14.6649,-14.6078,-15.084,-15.0268,1807400.0
2000-08-25,-15.0268,-14.9602,-15.2649,-15.1411,2916700.0
2000-08-30,-15.4364,-15.1411,-15.5602,-15.503,1449900.0
2000-08-31,-15.503,-15.1411,-15.503,-15.2459,1668300.0
2000-09-01,-15.2649,-15.2649,-15.3792,-15.3221,1370600.0
2000-09-05,-15.3221,-15.2649,-15.3792,-15.3221,1830000.0
2000-09-06,-15.2649,-15.1411,-15.3221,-15.3221,1989000.0
2000-09-07,-15.3221,-15.2649,-15.4364,-15.2649,2127800.0
2000-09-08,-15.3221,-15.2649,-15.3792,-15.3221,2225500.0
2000-09-11,-15.2078,-15.2078,-15.4364,-15.3221,3641600.0
2000-09-12,-15.3792,-15.2649,-15.4364,-15.2649,2145100.0
2000-09-13,-15.2649,-15.1411,-15.2649,-15.2078,1607800.0
2000-09-14,-15.2078,-15.2078,-15.3792,-15.2649,1353300.0
2000-09-15,-15.2078,-14.9602,-15.2649,-15.1411,2988400.0
2000-09-18,-15.1411,-15.084,-15.3221,-15.2649,1347500.0
2000-09-19,-15.1411,-15.084,-15.3221,-15.3221,1305300.0
2000-09-20,-15.2649,-15.2078,-15.6173,-15.6173,9904200.0
2000-09-21,-15.6173,-15.503,-15.684,-15.5602,2895700.0
2000-09-22,-15.5602,-15.503,-15.684,-15.5602,1684700.0
2000-09-25,-15.5602,-15.503,-15.8554,-15.7411,1360700.0
2000-09-26,-15.6173,-15.5602,-15.7983,-15.6173,4262100.0
2000-09-27,-15.6173,-15.4364,-15.684,-15.4364,1782100.0
2000-09-28,-15.4364,-15.3792,-15.8554,-15.684,3606500.0
2000-09-29,-15.6173,-15.2649,-15.6173,-15.4364,2477600.0
2000-10-02,-15.2649,-14.9602,-15.4364,-14.9602,3115300.0
2000-10-03,-14.9602,-14.7316,-15.1411,-14.9602,2568300.0
2000-10-04,-15.0268,-14.9602,-15.1411,-15.1411,1949300.0
2000-10-05,-15.084,-14.7887,-15.1411,-14.903,2687300.0
2000-10-06,-14.7316,-14.6649,-14.903,-14.7316,2534400.0
2000-10-09,-14.6649,-14.5506,-14.6649,-14.6649,2129500.0
2000-10-10,-14.6078,-14.484,-14.6649,-14.6078,1831300.0
2000-10-11,-14.484,-14.4268,-14.6649,-14.5506,1464500.0
2000-10-12,-14.4268,-14.4268,-15.084,-14.8459,2159500.0
2000-10-13,-14.903,-14.5506,-14.9602,-14.5506,1219000.0
2000-10-16,-14.2554,-14.1316,-14.3697,-14.2554,2403600.0
2000-10-17,-14.1887,-14.1887,-14.3125,-14.2554,1762900.0
2000-10-18,-14.3125,-14.2554,-14.6649,-14.484,1615900.0
2000-10-19,-14.3697,-14.2554,-14.7316,-14.6078,1999300.0
2000-10-20,-14.6078,-14.4268,-14.6649,-14.484,1313800.0
2000-10-23,-14.484,-14.3125,-14.6078,-14.484,795600.0
2000-10-24,-14.484,-14.1316,-14.5506,-14.1887,1654700.0
2000-10-25,-13.5316,-13.5316,-14.0744,-13.7792,2015500.0
2000-10-26,-13.6554,-13.5983,-14.0744,-13.7125,1216200.0
2000-10-27,-13.7792,-13.6554,-14.0078,-13.6554,1073800.0
2000-10-30,-13.6554,-13.1792,-13.7792,-13.303,1463700.0
2000-10-31,-13.303,-13.1792,-13.5983,-13.1792,1614500.0
2000-11-01,-13.2364,-12.9983,-13.303,-13.0554,1585200.0
2000-11-02,-13.1221,-13.0554,-13.303,-13.2364,929500.0
2000-11-03,-13.303,-13.1792,-13.4173,-13.3602,1041700.0
2000-11-06,-13.3602,-13.2364,-13.4173,-13.303,1471600.0
2000-11-07,-13.2364,-13.0554,-13.3602,-13.2364,1242900.0
2000-11-08,-13.1888,-13.1316,-13.3126,-13.1316,948600.0
2000-11-09,-13.2554,-13.1316,-13.3697,-13.1316,1630500.0
2000-11-10,-13.2554,-12.7792,-13.2554,-12.8935,1309300.0
2000-11-13,-12.8935,-12.6554,-13.0078,-12.6554,1571200.0
2000-11-14,-12.8364,-12.5983,-13.0745,-12.7126,1326700.0
2000-11-15,-12.7792,-12.4745,-12.8935,-12.4745,1069400.0
2000-11-16,-12.5316,-12.4173,-12.6554,-12.5316,883300.0
2000-11-17,-12.4745,-12.303,-12.5316,-12.4173,1256700.0
2000-11-20,-12.4745,-12.3602,-12.8364,-12.5983,1592400.0
2000-11-21,-12.5983,-12.5316,-12.9507,-12.7126,1507400.0
2000-11-22,-12.7126,-12.6554,-13.0745,-12.7792,962300.0
2000-11-24,-12.8935,-12.7792,-12.9507,-12.7792,370500.0
2000-11-27,-12.5983,-12.4745,-12.6554,-12.4745,1130400.0
2000-11-28,-12.6554,-12.4173,-12.8364,-12.4173,2228100.0
2000-11-29,-12.5316,-12.2364,-12.6554,-12.303,1271000.0
2000-11-30,-12.2364,-11.3507,-12.303,-11.4649,5151000.0
2000-12-01,-11.4649,-11.4649,-11.8268,-11.4649,1249000.0
2000-12-04,-11.3507,-11.2268,-11.4649,-11.3507,1462300.0
2000-12-05,-11.284,-10.9316,-11.3507,-10.9888,2611000.0
2000-12-06,-10.9888,-10.8078,-11.1126,-10.9888,1568300.0
2000-12-07,-10.9888,-10.8649,-11.4078,-11.1697,1306800.0
2000-12-08,-11.2268,-11.0459,-11.5792,-11.4078,1448500.0
2000-12-11,-11.5221,-11.2268,-11.703,-11.6459,1353100.0
2000-12-12,-11.5221,-11.5221,-11.9411,-11.8268,1630800.0
2000-12-13,-11.7602,-11.703,-11.9983,-11.7602,1952300.0
2000-12-14,-11.7602,-11.4649,-11.884,-11.6459,995600.0
2000-12-15,-11.2268,-10.9888,-11.4649,-11.3507,4323900.0
2000-12-18,-11.2268,-10.6364,-11.3507,-10.8649,2069900.0
2000-12-19,-10.6935,-10.5697,-10.8078,-10.6364,1435300.0
2000-12-20,-10.7507,-10.6364,-11.0459,-10.8649,1191400.0
2000-12-21,-10.8649,-10.3316,-11.1126,-10.3316,2030900.0
2000-12-22,-10.3888,-10.3316,-10.7507,-10.4554,1369000.0
2000-12-26,-10.4554,-10.1602,-10.4554,-10.2745,1835100.0
2000-12-27,-10.2173,-9.8554,-10.2173,-9.9792,960700.0
2000-12-28,-9.8554,-9.684,-10.0364,-9.684,1484700.0
2000-12-29,-9.3792,-9.1411,-9.6173,-9.3221,1716700.0
2001-01-02,-10.0078,-10.0078,-10.3507,-10.3507,1559200.0
2001-01-03,-10.4649,-10.2935,-11.3697,-10.9126,2508600.0
2001-01-04,-11.084,-10.7983,-11.3697,-10.8554,2967800.0
2001-01-05,-10.8554,-10.8554,-11.3697,-11.084,1309700.0
2001-01-08,-10.9697,-10.2364,-11.084,-10.2935,1929300.0
2001-01-09,-10.3507,-10.2364,-10.5792,-10.2935,1692900.0
2001-01-10,-10.684,-10.2935,-10.8554,-10.2935,1310400.0
2001-01-11,-10.3507,-10.3507,-10.7983,-10.5792,1258300.0
2001-01-12,-10.5221,-10.3507,-10.9126,-10.6268,1371900.0
2001-01-16,-10.7411,-10.1792,-10.7411,-10.2364,1294100.0
2001-01-17,-10.3507,-10.0649,-10.4078,-10.1792,1117400.0
2001-01-18,-10.4649,-10.4078,-11.1983,-10.9126,1624700.0
2001-01-19,-11.0268,-10.9126,-11.4268,-11.1983,2482400.0
2001-01-22,-11.1411,-10.9126,-11.484,-11.084,2514200.0
2001-01-23,-11.084,-10.3507,-11.1411,-10.5221,2140300.0
2001-01-24,-10.5792,-10.4649,-11.1411,-10.9697,1691000.0
2001-01-25,-10.9126,-10.9126,-11.1983,-11.084,2092900.0
2001-01-26,-11.0268,-10.5221,-11.1411,-10.6268,1999100.0
2001-01-29,-10.6459,-10.5888,-10.7316,-10.6459,2412600.0
2001-01-30,-10.5507,-10.0078,-10.684,-10.0554,3227900.0
2001-01-31,-10.0554,-9.9602,-10.284,-10.0269,1587100.0
2001-02-01,-10.065,-10.0554,-10.4554,-10.1983,843500.0
2001-02-02,-9.9888,-9.6459,-10.3792,-9.6745,2433500.0
2001-02-05,-9.7316,-9.1221,-9.7983,-9.2935,2838700.0
2001-02-06,-9.665,-9.5983,-10.0554,-9.9792,1934800.0
2001-02-07,-9.9602,-9.1888,-10.0459,-9.2745,2685900.0
2001-02-08,-9.1792,-9.065,-9.684,-9.0935,2436700.0
2001-02-09,-9.7316,-9.3221,-9.884,-9.5983,2182200.0
2001-02-12,-9.5983,-9.265,-9.6173,-9.265,1333800.0
2001-02-13,-9.265,-9.265,-9.5697,-9.465,1314700.0
2001-02-14,-9.6459,-9.3221,-9.865,-9.684,1896000.0
2001-02-15,-9.865,-9.684,-10.2745,-10.2364,2791200.0
2001-02-16,-10.2935,-9.8269,-10.2935,-9.9031,1993800.0
2001-02-20,-9.6459,-9.5983,-9.7792,-9.6078,1533100.0
2001-02-21,-9.6459,-9.5697,-10.0554,-9.865,994500.0
2001-02-22,-9.9602,-9.3888,-10.265,-9.3888,2570700.0
2001-02-23,-9.5031,-9.5031,-10.1031,-10.0078,1370400.0
2001-02-26,-10.0935,-9.465,-10.1507,-9.4745,1309500.0
2001-02-27,-9.5602,-9.5507,-9.9507,-9.7983,1390700.0
2001-02-28,-9.865,-9.8554,-10.1792,-9.9126,993200.0
2001-03-01,-9.8269,-9.8269,-10.1792,-9.9792,1242100.0
2001-03-02,-9.9602,-9.7412,-9.9983,-9.8364,1147600.0
2001-03-05,-9.9221,-9.7507,-10.1221,-9.7983,996400.0
2001-03-06,-9.8269,-9.7316,-10.0554,-9.7697,877000.0
2001-03-07,-9.9602,-9.884,-10.0364,-9.9316,813300.0
2001-03-08,-10.0078,-9.4935,-10.065,-9.5316,1475700.0
2001-03-09,-9.8554,-9.7412,-9.9983,-9.8745,907700.0
2001-03-12,-9.865,-9.7792,-10.4173,-10.1412,1544400.0
2001-03-13,-10.2364,-10.2078,-10.5983,-10.3316,1166300.0
2001-03-14,-10.6078,-10.4459,-10.6745,-10.5697,1200300.0
2001-03-15,-10.6554,-10.3221,-10.8554,-10.3792,1217600.0
2001-03-16,-11.1031,-10.5126,-11.1031,-10.9126,2254500.0
2001-03-19,-10.6364,-10.5126,-10.865,-10.5697,1444000.0
2001-03-20,-10.3983,-10.3983,-11.0269,-11.0078,1414200.0
2001-03-21,-10.865,-10.865,-11.5031,-11.2173,1070300.0
2001-03-22,-11.2269,-11.0935,-11.9507,-11.4745,2193900.0
2001-03-23,-11.5602,-11.0935,-11.8459,-11.1602,1401700.0
2001-03-26,-11.2459,-11.2269,-11.684,-11.5507,1492200.0
2001-03-27,-11.5221,-11.1888,-11.5412,-11.2459,1409100.0
2001-03-28,-11.3031,-11.2364,-11.684,-11.3888,1104900.0
2001-03-29,-11.484,-11.284,-11.5888,-11.3983,1107400.0
2001-03-30,-11.7697,-11.6364,-12.1792,-11.6364,3678100.0
2001-04-02,-11.6459,-11.465,-11.9983,-11.7792,2014100.0
2001-04-03,-11.8935,-11.7983,-12.2173,-11.9983,1718300.0
2001-04-04,-12.2269,-11.9316,-12.2269,-12.0364,1933700.0
2001-04-05,-12.0554,-12.0554,-12.4459,-12.1792,2229100.0
2001-04-06,-12.1792,-12.1792,-12.5888,-12.5888,1922000.0
2001-04-09,-12.3221,-12.0364,-12.4078,-12.3221,1293900.0
2001-04-10,-12.2269,-12.1316,-12.4554,-12.3031,1596100.0
2001-04-11,-12.5888,-12.3602,-12.6269,-12.4745,1413400.0
2001-04-12,-12.4269,-12.3126,-12.7031,-12.684,1729900.0
2001-04-16,-12.684,-12.5412,-12.7697,-12.684,1609500.0
2001-04-17,-12.4173,-12.4173,-12.7602,-12.684,1907600.0
2001-04-18,-12.684,-12.6173,-12.7983,-12.7697,2407100.0
2001-04-19,-12.7697,-12.684,-12.8554,-12.7983,1541600.0
2001-04-20,-12.865,-12.8173,-13.0554,-12.9888,2182400.0
2001-04-23,-12.8935,-12.7792,-13.8173,-13.5888,4104200.0
2001-04-24,-13.4935,-13.2554,-13.5697,-13.3983,2200000.0
2001-04-25,-13.3983,-13.1792,-13.4935,-13.265,2204200.0
2001-04-26,-13.2078,-12.5412,-13.265,-12.9031,2838100.0
2001-04-27,-12.684,-12.5031,-12.7507,-12.6364,1428700.0
2001-04-30,-12.5412,-12.4554,-12.7697,-12.7602,2300500.0
2001-05-01,-12.6745,-12.6459,-12.8554,-12.7221,1106800.0
2001-05-02,-12.684,-12.6364,-12.8173,-12.7792,1178000.0
2001-05-03,-12.8173,-12.8078,-13.1602,-12.9983,1821400.0
2001-05-04,-12.9507,-12.4078,-12.9983,-12.4554,2929700.0
2001-05-07,-12.3602,-12.1221,-12.4554,-12.1697,2795300.0
2001-05-08,-11.9507,-11.684,-12.1221,-11.7697,3004400.0
2001-05-09,-11.7602,-11.7602,-12.0459,-12.0459,1930700.0
2001-05-10,-11.9507,-11.8174,-12.065,-11.9983,812200.0
2001-05-11,-11.7697,-11.7412,-12.1316,-12.0174,722800.0
2001-05-14,-12.0174,-11.8745,-12.2555,-12.2364,1414300.0
2001-05-15,-12.2269,-12.0269,-12.3602,-12.2269,1191100.0
2001-05-16,-12.3126,-12.0459,-12.4555,-12.0459,3550500.0
2001-05-17,-12.2459,-11.9888,-12.2459,-12.2269,1315600.0
2001-05-18,-12.1793,-11.865,-12.2269,-11.865,1835800.0
2001-05-21,-11.865,-11.5602,-12.0459,-11.5888,1452600.0
2001-05-22,-11.5888,-11.5888,-11.7697,-11.7031,1401900.0
2001-05-23,-11.7031,-11.4555,-11.7126,-11.5126,1106300.0
2001-05-24,-11.5031,-11.4459,-11.7221,-11.5031,994600.0
2001-05-25,-11.5126,-11.3602,-11.6364,-11.5412,1211200.0
2001-05-29,-11.6364,-11.5221,-11.7983,-11.684,1640800.0
2001-05-30,-11.5031,-11.2745,-11.5031,-11.4936,1493400.0
2001-05-31,-11.4936,-11.2269,-11.4936,-11.2745,1031500.0
2001-06-01,-11.4078,-11.3031,-11.4745,-11.3983,975200.0
2001-06-04,-11.3983,-11.3221,-11.5221,-11.4459,1031600.0
2001-06-05,-11.4459,-11.2269,-11.5793,-11.284,877600.0
2001-06-06,-11.5031,-11.1793,-11.5031,-11.3126,1078300.0
2001-06-07,-11.2269,-10.9126,-11.3031,-11.1221,1398500.0
2001-06-08,-11.1126,-10.9507,-11.1888,-11.1697,875400.0
2001-06-11,-10.865,-10.6745,-11.1031,-11.1031,1788400.0
2001-06-12,-10.8174,-10.6555,-10.9031,-10.8174,1603700.0
2001-06-13,-10.684,-10.6364,-10.8174,-10.8078,1251200.0
2001-06-14,-10.865,-10.8364,-11.0745,-10.9983,938900.0
2001-06-15,-10.9983,-10.6364,-11.0174,-10.9126,1591100.0
2001-06-18,-10.9126,-10.7983,-11.1793,-11.1793,1233100.0
2001-06-19,-11.2745,-11.0555,-11.4078,-11.2936,1559600.0
2001-06-20,-11.3221,-11.084,-11.3888,-11.2364,1929500.0
2001-06-21,-11.2745,-10.9126,-11.3888,-10.9126,2420500.0
2001-06-22,-10.9126,-10.9126,-11.2745,-11.2269,1576000.0
2001-06-25,-11.4364,-11.0459,-11.4364,-11.1412,938800.0
2001-06-26,-11.3602,-11.0459,-11.4745,-11.0459,1244800.0
2001-06-27,-11.0936,-10.8174,-11.2745,-10.9983,1370600.0
2001-06-28,-11.0459,-10.7412,-11.0459,-10.884,1475400.0
2001-06-29,-10.8459,-10.7316,-11.7221,-11.684,2337800.0
2001-07-02,-11.4555,-11.1031,-11.5031,-11.2555,2011500.0
2001-07-03,-11.4078,-11.0745,-11.4078,-11.1316,813900.0
2001-07-05,-11.1793,-10.9507,-11.2745,-10.9602,1009700.0
2001-07-06,-11.0555,-10.9316,-11.065,-10.9697,785000.0
2001-07-09,-11.0174,-10.865,-11.1316,-10.9507,1022900.0
2001-07-10,-10.9126,-10.865,-11.0936,-10.9507,2952000.0
2001-07-11,-10.8555,-10.7602,-11.0459,-10.884,1932900.0
2001-07-12,-10.8174,-10.8174,-11.0936,-10.865,2104100.0
2001-07-13,-10.865,-10.6555,-10.8745,-10.6745,1101000.0
2001-07-16,-10.684,-10.6745,-11.0174,-11.0174,960700.0
2001-07-17,-10.9316,-10.865,-11.0459,-10.9983,1192300.0
2001-07-18,-11.0174,-10.9697,-11.1126,-11.0269,1064200.0
2001-07-19,-10.9507,-10.8174,-11.0364,-10.9221,1162000.0
2001-07-20,-10.865,-10.8459,-10.9793,-10.9507,1083900.0
2001-07-23,-10.9507,-10.9507,-11.5031,-11.5031,1980000.0
2001-07-24,-11.5126,-11.3983,-11.7221,-11.6459,1171100.0
2001-07-25,-11.7221,-11.4555,-11.7412,-11.5602,1294000.0
2001-07-26,-11.5793,-11.5793,-11.7697,-11.684,1025200.0
2001-07-27,-11.665,-11.5983,-11.7793,-11.7221,979600.0
2001-07-30,-11.684,-11.4269,-11.7031,-11.4269,1341500.0
2001-07-31,-11.5412,-11.284,-11.5412,-11.3697,1141700.0
2001-08-01,-11.4078,-11.2555,-11.6269,-11.5602,1210800.0
2001-08-02,-11.5031,-11.4936,-11.6745,-11.5793,782000.0
2001-08-03,-11.4078,-11.2936,-11.665,-11.5602,629100.0
2001-08-06,-11.5602,-11.5031,-11.7221,-11.5888,969700.0
2001-08-07,-11.5888,-11.5793,-11.7221,-11.5793,608200.0
2001-08-08,-11.5888,-11.3412,-11.6936,-11.5412,974200.0
2001-08-09,-11.5888,-11.2364,-11.5888,-11.284,774900.0
2001-08-10,-11.3126,-11.2364,-11.4555,-11.4555,609100.0
2001-08-13,-11.3888,-11.2745,-11.4936,-11.3031,491300.0
2001-08-14,-11.2555,-11.1793,-11.3317,-11.2174,817900.0
2001-08-15,-11.2174,-11.046,-11.3126,-11.3126,2372700.0
2001-08-16,-11.3126,-11.084,-11.3317,-11.1793,807200.0
2001-08-17,-11.2745,-11.0174,-11.2936,-11.084,2731200.0
2001-08-20,-11.065,-10.7317,-11.0936,-10.7698,2442100.0
2001-08-21,-10.7983,-10.7126,-10.9983,-10.7221,1568100.0
2001-08-22,-10.6079,-10.2745,-10.6364,-10.3602,2497900.0
2001-08-23,-10.3507,-10.3317,-10.4555,-10.4079,1413900.0
2001-08-24,-10.5412,-10.4364,-10.7793,-10.7412,1330600.0
2001-08-27,-10.5888,-10.4555,-10.6936,-10.4555,2248700.0
2001-08-28,-10.6745,-10.5412,-10.684,-10.5888,1414600.0
2001-08-29,-10.684,-10.5412,-10.7317,-10.6364,1050700.0
2001-08-30,-9.365,-9.365,-9.775,-9.625,1733300.0
2001-08-31,-9.625,-9.625,-10.065,-10.035,1311500.0
2001-09-04,-9.815,-9.565,-9.895,-9.665,1087300.0
2001-09-05,-9.515,-9.405,-9.735,-9.415,1371900.0
2001-09-06,-9.465,-9.465,-9.825,-9.815,1346700.0
2001-09-07,-9.815,-9.815,-10.345,-10.255,1216500.0
2001-09-10,-10.355,-10.175,-10.645,-10.215,2400000.0
2001-09-17,-10.515,-10.475,-10.985,-10.945,1569900.0
2001-09-18,-10.945,-10.735,-11.085,-10.765,1458900.0
2001-09-19,-10.815,-10.615,-11.305,-11.055,1559100.0
2001-09-20,-11.215,-10.965,-11.365,-11.035,1644400.0
2001-09-21,-11.865,-11.165,-11.865,-11.415,2067100.0
2001-09-24,-11.165,-10.995,-11.335,-11.275,1633000.0
2001-09-25,-11.015,-10.805,-11.365,-11.215,1758300.0
2001-09-26,-11.235,-11.045,-11.465,-11.285,1403800.0
2001-09-27,-11.115,-11.115,-11.415,-11.225,1032800.0
2001-09-28,-11.115,-10.875,-11.365,-10.875,1579600.0
2001-10-01,-11.115,-10.915,-11.125,-10.965,1340500.0
2001-10-02,-10.915,-10.885,-11.055,-10.965,883100.0
2001-10-03,-10.965,-10.735,-11.035,-10.995,954300.0
2001-10-04,-10.885,-10.885,-11.125,-11.035,1306300.0
2001-10-05,-11.115,-11.035,-11.365,-11.175,1347500.0
2001-10-08,-11.175,-11.125,-11.285,-11.225,642900.0
2001-10-09,-11.125,-11.125,-11.495,-11.465,1085100.0
2001-10-10,-11.365,-11.335,-11.525,-11.425,1321700.0
2001-10-11,-11.485,-11.395,-11.555,-11.415,1289800.0
2001-10-12,-11.415,-11.365,-11.665,-11.415,4170800.0
2001-10-15,-11.365,-11.225,-11.455,-11.315,847600.0
2001-10-16,-11.265,-11.075,-11.285,-11.105,1153600.0
2001-10-17,-10.995,-10.995,-11.465,-11.455,1045400.0
2001-10-18,-11.115,-11.115,-11.335,-11.275,970700.0
2001-10-19,-11.205,-11.165,-11.385,-11.235,1261300.0
2001-10-22,-11.065,-10.325,-11.115,-10.325,3122000.0
2001-10-23,-10.325,-10.215,-10.735,-10.715,3232800.0
2001-10-24,-10.515,-10.515,-10.715,-10.715,3314500.0
2001-10-25,-10.705,-10.335,-10.845,-10.335,1077200.0
2001-10-26,-10.365,-10.115,-10.415,-10.135,1357200.0
2001-10-29,-10.135,-10.005,-10.365,-10.325,1289900.0
2001-10-30,-10.325,-9.995,-10.425,-10.045,1513200.0
2001-10-31,-10.015,-9.315,-10.045,-9.535,2509600.0
2001-11-01,-9.735,-8.715,-9.735,-8.775,2868400.0
2001-11-02,-8.815,-8.505,-8.955,-8.765,1937200.0
2001-11-05,-8.785,-8.475,-8.785,-8.545,1257200.0
2001-11-06,-8.615,-8.485,-9.265,-8.545,1613300.0
2001-11-07,-8.655,-8.455,-8.925,-8.875,1296700.0
2001-11-08,-8.875,-8.675,-9.015,-9.015,1250500.0
2001-11-09,-9.135,-8.945,-9.415,-8.945,1882800.0
2001-11-12,-8.865,-8.565,-9.085,-8.585,1053900.0
2001-11-13,-8.565,-8.465,-8.665,-8.465,1063400.0
2001-11-14,-8.425,-8.315,-8.665,-8.365,1514100.0
2001-11-15,-8.315,-8.025,-8.515,-8.355,1205000.0
2001-11-16,-8.245,-8.165,-8.525,-8.375,748400.0
2001-11-19,-8.415,-8.175,-8.515,-8.285,1241600.0
2001-11-20,-8.295,-8.295,-8.615,-8.415,1035200.0
2001-11-21,-8.515,-8.455,-8.865,-8.705,767300.0
2001-11-23,-8.625,-8.465,-8.715,-8.565,427600.0
2001-11-26,-8.425,-8.175,-8.665,-8.175,1836900.0
2001-11-27,-8.415,-8.345,-8.715,-8.375,1694300.0
2001-11-28,-8.395,-7.885,-8.605,-7.975,2587300.0
2001-11-29,-8.005,-7.775,-8.235,-8.215,2517400.0
2001-11-30,-8.115,-7.955,-8.425,-8.025,2310400.0
2001-12-03,-8.175,-7.615,-8.215,-7.955,1732100.0
2001-12-04,-7.855,-7.715,-7.965,-7.815,1408000.0
2001-12-05,-7.775,-7.765,-7.995,-7.925,2351800.0
2001-12-06,-7.935,-7.895,-8.065,-7.945,1450300.0
2001-12-07,-7.955,-7.815,-7.965,-7.815,1135100.0
2001-12-10,-7.875,-7.615,-7.965,-7.855,1720800.0
2001-12-11,-7.915,-7.905,-8.145,-8.135,1266000.0
2001-12-12,-8.115,-8.115,-8.655,-8.545,1844200.0
2001-12-13,-8.505,-8.315,-8.565,-8.415,1259000.0
2001-12-14,-8.645,-8.515,-8.785,-8.595,2074400.0
2001-12-17,-8.455,-8.455,-8.795,-8.625,987900.0
2001-12-18,-8.615,-8.575,-8.815,-8.715,1480600.0
2001-12-19,-8.715,-8.715,-9.015,-8.915,2366400.0
2001-12-20,-8.935,-8.835,-9.185,-8.935,1807700.0
2001-12-21,-8.765,-8.765,-9.165,-9.155,2217800.0
2001-12-24,-8.965,-8.715,-8.995,-8.845,607000.0
2001-12-26,-8.745,-8.745,-9.045,-9.015,739300.0
2001-12-27,-8.715,-8.695,-8.955,-8.745,1118000.0
2001-12-28,-8.815,-8.805,-9.195,-9.085,1320700.0
2001-12-31,-9.065,-9.035,-9.255,-9.065,1319200.0
2002-01-02,-9.195,-9.185,-9.665,-9.245,1247400.0
2002-01-03,-9.215,-9.175,-9.565,-9.395,1533100.0
2002-01-04,-9.295,-9.265,-10.025,-9.915,2797500.0
2002-01-07,-9.615,-9.615,-10.295,-9.985,2487100.0
2002-01-08,-10.085,-9.675,-10.095,-9.685,1432700.0
2002-01-09,-9.705,-9.285,-9.795,-9.645,2664800.0
2002-01-10,-9.745,-9.285,-9.745,-9.475,1214400.0
2002-01-11,-9.375,-9.305,-9.635,-9.505,1161600.0
2002-01-14,-9.455,-9.235,-9.555,-9.375,1412200.0
2002-01-15,-9.215,-9.035,-9.285,-9.105,1468400.0
2002-01-16,-9.095,-9.075,-9.715,-9.605,1491000.0
2002-01-17,-9.665,-9.555,-9.915,-9.785,1983900.0
2002-01-18,-9.865,-9.645,-10.075,-9.935,1570300.0
2002-01-22,-9.765,-9.675,-9.915,-9.765,821100.0
2002-01-23,-9.735,-9.565,-9.775,-9.695,1271000.0
2002-01-24,-9.665,-9.635,-9.865,-9.775,2100400.0
2002-01-25,-9.715,-9.715,-10.015,-9.935,1126300.0
2002-01-28,-9.915,-9.725,-10.115,-9.795,920000.0
2002-01-29,-9.665,-9.615,-9.965,-9.875,1017500.0
2002-01-30,-9.955,-9.615,-9.955,-9.825,1272500.0
2002-01-31,-9.615,-9.465,-9.795,-9.475,1623400.0
2002-02-01,-9.475,-9.475,-10.025,-9.855,1679800.0
2002-02-04,-9.815,-9.815,-10.085,-10.005,1145600.0
2002-02-05,-9.965,-9.915,-10.085,-9.995,856400.0
2002-02-06,-9.985,-9.985,-10.415,-10.195,1893500.0
2002-02-07,-10.215,-9.825,-10.215,-9.875,998300.0
2002-02-08,-9.875,-9.815,-10.205,-10.035,956800.0
2002-02-11,-10.015,-9.645,-10.015,-9.755,1036100.0
2002-02-12,-9.855,-9.535,-9.935,-9.765,1340000.0
2002-02-13,-9.565,-9.395,-9.725,-9.525,689000.0
2002-02-14,-9.415,-9.305,-9.585,-9.365,956300.0
2002-02-15,-9.365,-9.265,-9.475,-9.405,817600.0
2002-02-19,-9.565,-9.515,-9.795,-9.665,1202700.0
2002-02-20,-9.535,-9.405,-9.765,-9.435,1290800.0
2002-02-21,-9.485,-9.365,-9.715,-9.715,841400.0
2002-02-22,-9.765,-9.195,-9.765,-9.375,1325900.0
2002-02-25,-9.275,-9.165,-9.515,-9.375,1290100.0
2002-02-26,-9.455,-9.135,-9.515,-9.295,1103900.0
2002-02-27,-9.295,-9.285,-9.585,-9.315,1224000.0
2002-02-28,-9.285,-9.235,-9.515,-9.515,847000.0
2002-03-01,-9.465,-9.385,-9.665,-9.555,1526800.0
2002-03-04,-9.265,-9.265,-9.465,-9.365,1412000.0
2002-03-05,-9.365,-9.285,-9.435,-9.365,1323800.0
2002-03-06,-9.265,-8.905,-9.335,-8.955,1603600.0
2002-03-07,-9.015,-8.915,-9.185,-8.975,1112600.0
2002-03-08,-8.975,-8.815,-9.105,-9.025,839400.0
2002-03-11,-9.015,-8.865,-9.105,-8.995,1014100.0
2002-03-12,-9.165,-9.045,-9.265,-9.185,1194800.0
2002-03-13,-9.215,-9.045,-9.405,-9.395,1523300.0
2002-03-14,-9.295,-8.965,-9.345,-9.055,1035700.0
2002-03-15,-8.925,-8.515,-9.105,-8.715,2366100.0
2002-03-18,-8.765,-8.765,-10.065,-9.965,4198200.0
2002-03-19,-9.895,-9.565,-9.895,-9.575,1699700.0
2002-03-20,-9.585,-9.495,-9.735,-9.725,955400.0
2002-03-21,-9.715,-9.535,-9.775,-9.635,808400.0
2002-03-22,-9.685,-9.465,-9.725,-9.465,1207500.0
2002-03-25,-9.485,-9.305,-9.665,-9.385,1214700.0
2002-03-26,-9.385,-9.145,-9.455,-9.355,816200.0
2002-03-27,-9.355,-9.295,-9.465,-9.365,611400.0
2002-03-28,-9.365,-9.265,-9.515,-9.435,603600.0
2002-04-01,-9.435,-9.195,-9.615,-9.285,997200.0
2002-04-02,-9.365,-9.205,-9.435,-9.295,1227800.0
2002-04-03,-9.265,-9.265,-9.755,-9.625,1112900.0
2002-04-04,-9.445,-9.195,-9.525,-9.205,1147400.0
2002-04-05,-9.205,-9.175,-9.375,-9.345,641200.0
2002-04-08,-9.245,-9.115,-9.305,-9.115,924700.0
2002-04-09,-9.085,-9.025,-9.295,-9.235,1224400.0
2002-04-10,-9.135,-8.815,-9.225,-8.905,1393600.0
2002-04-11,-8.805,-8.805,-9.365,-9.365,1190200.0
2002-04-12,-9.415,-9.245,-9.535,-9.335,1088000.0
2002-04-15,-9.285,-9.275,-9.565,-9.555,733300.0
2002-04-16,-9.365,-9.335,-9.545,-9.485,1529900.0
2002-04-17,-9.435,-9.435,-9.635,-9.565,1356000.0
2002-04-18,-9.475,-9.305,-9.545,-9.335,1040900.0
2002-04-19,-9.115,-9.075,-9.365,-9.295,902400.0
2002-04-22,-9.265,-8.995,-9.385,-9.175,924700.0
2002-04-23,-8.965,-8.945,-9.155,-9.055,1048400.0
2002-04-24,-9.165,-9.165,-9.495,-9.355,1523200.0
2002-04-25,-9.615,-9.385,-10.195,-10.125,2345400.0
2002-04-26,-9.865,-9.865,-10.285,-10.085,1957100.0
2002-04-29,-10.085,-10.085,-10.375,-10.235,1775100.0
2002-04-30,-10.335,-10.055,-10.375,-10.095,1428400.0
2002-05-01,-10.015,-9.605,-10.165,-9.825,1344200.0
2002-05-02,-9.865,-9.445,-9.935,-9.465,1430800.0
2002-05-03,-9.385,-9.375,-9.755,-9.385,1230900.0
2002-05-06,-9.375,-9.325,-9.645,-9.455,1524200.0
2002-05-07,-9.585,-9.575,-9.955,-9.815,5929500.0
2002-05-08,-9.865,-9.415,-9.965,-9.515,1780300.0
2002-05-09,-9.565,-9.265,-9.565,-9.295,1443500.0
2002-05-10,-9.295,-9.215,-9.465,-9.255,1221600.0
2002-05-13,-9.295,-9.115,-9.295,-9.175,785500.0
2002-05-14,-9.165,-9.125,-9.375,-9.175,1588400.0
2002-05-15,-9.345,-9.175,-9.365,-9.225,783400.0
2002-05-16,-9.165,-9.035,-9.255,-9.095,1127700.0
2002-05-17,-9.105,-9.005,-9.205,-9.045,806800.0
2002-05-20,-9.065,-9.055,-9.255,-9.165,599500.0
2002-05-21,-9.065,-9.035,-9.245,-9.165,970200.0
2002-05-22,-9.215,-9.025,-9.255,-9.035,1059800.0
2002-05-23,-9.065,-9.005,-9.255,-9.125,931200.0
2002-05-24,-9.025,-8.975,-9.175,-9.175,758900.0
2002-05-28,-9.275,-9.115,-9.315,-9.195,730900.0
2002-05-29,-9.195,-9.055,-9.355,-9.185,824700.0
2002-05-30,-9.235,-8.805,-9.235,-8.815,1579100.0
2002-05-31,-8.765,-8.685,-8.885,-8.765,1751600.0
2002-06-03,-8.765,-8.645,-9.205,-9.205,1138500.0
2002-06-04,-9.205,-8.845,-9.215,-8.985,906700.0
2002-06-05,-8.965,-8.735,-9.065,-8.755,1527900.0
2002-06-06,-8.675,-8.675,-9.205,-9.115,1089900.0
2002-06-07,-9.115,-8.865,-9.155,-8.975,747500.0
2002-06-10,-8.955,-8.925,-9.055,-8.985,863700.0
2002-06-11,-8.955,-8.875,-9.155,-9.055,1282300.0
2002-06-12,-9.115,-8.995,-9.295,-9.225,1098900.0
2002-06-13,-9.295,-9.235,-9.565,-9.465,1423300.0
2002-06-14,-9.595,-9.435,-9.955,-9.535,2211800.0
2002-06-17,-9.565,-9.365,-9.585,-9.425,1258100.0
2002-06-18,-9.525,-9.465,-9.695,-9.575,1256700.0
2002-06-19,-9.665,-9.615,-9.895,-9.895,1344700.0
2002-06-20,-9.865,-9.765,-9.905,-9.855,1941900.0
2002-06-21,-10.315,-10.025,-10.315,-10.135,2623900.0
2002-06-24,-10.165,-10.075,-10.545,-10.415,2526200.0
2002-06-25,-10.415,-10.415,-10.545,-10.465,3755300.0
2002-06-26,-10.815,-10.665,-10.845,-10.665,2584300.0
2002-06-27,-10.645,-10.515,-10.815,-10.515,1990400.0
2002-06-28,-10.685,-10.465,-10.685,-10.525,2174900.0
2002-07-01,-10.715,-10.525,-10.755,-10.615,1799700.0
2002-07-02,-10.695,-10.635,-10.915,-10.865,1605900.0
2002-07-03,-11.055,-10.995,-11.315,-11.285,1814000.0
2002-07-05,-11.385,-11.035,-11.485,-11.085,780300.0
2002-07-08,-10.995,-10.935,-11.165,-10.985,1443200.0
2002-07-09,-10.965,-10.965,-11.225,-11.185,1830400.0
2002-07-10,-11.115,-11.075,-11.515,-11.345,1926100.0
2002-07-11,-11.335,-11.315,-11.665,-11.465,1447000.0
2002-07-12,-11.515,-11.465,-11.855,-11.505,2223100.0
2002-07-15,-11.715,-11.495,-12.035,-11.555,2859000.0
2002-07-16,-11.615,-11.525,-11.765,-11.695,1802000.0
2002-07-17,-11.615,-11.405,-11.615,-11.425,1913900.0
2002-07-18,-11.385,-11.365,-11.615,-11.605,1790700.0
2002-07-19,-11.705,-11.665,-12.315,-12.195,1616000.0
2002-07-22,-12.195,-11.825,-12.505,-12.175,2400300.0
2002-07-23,-12.115,-11.965,-12.405,-12.135,2363200.0
2002-07-24,-13.115,-11.385,-13.315,-11.705,3597200.0
2002-07-25,-11.915,-11.625,-12.215,-11.695,1990900.0
2002-07-26,-11.965,-11.765,-12.115,-11.845,1461000.0
2002-07-29,-11.615,-11.565,-11.915,-11.565,1344100.0
2002-07-30,-11.665,-11.665,-11.915,-11.815,1323700.0
2002-07-31,-11.815,-11.605,-11.865,-11.615,1638000.0
2002-08-01,-11.715,-11.575,-11.805,-11.715,1577900.0
2002-08-02,-11.815,-11.575,-12.085,-11.995,1523200.0
2002-08-05,-11.975,-11.975,-12.375,-12.295,1456100.0
2002-08-06,-12.255,-11.995,-12.395,-12.395,1225000.0
2002-08-07,-12.165,-12.015,-12.305,-12.015,1267200.0
2002-08-08,-11.965,-11.825,-12.065,-11.845,1039300.0
2002-08-09,-12.015,-11.465,-12.015,-11.655,873000.0
2002-08-12,-11.915,-11.505,-11.965,-11.555,1880300.0
2002-08-13,-11.615,-11.075,-11.635,-11.435,1653200.0
2002-08-14,-11.215,-11.165,-11.525,-11.305,1342200.0
2002-08-15,-11.205,-11.085,-11.455,-11.415,1246100.0
2002-08-16,-11.415,-11.215,-11.505,-11.475,1086400.0
2002-08-19,-11.475,-11.475,-11.875,-11.795,1827600.0
2002-08-20,-11.935,-11.705,-12.255,-11.825,2309400.0
2002-08-21,-11.825,-11.575,-12.025,-11.725,1253400.0
2002-08-22,-11.655,-11.115,-11.725,-11.145,1916800.0
2002-08-23,-11.055,-10.665,-11.095,-10.935,1745200.0
2002-08-26,-10.945,-10.785,-10.995,-10.945,1700900.0
2002-08-27,-10.925,-10.915,-11.385,-11.245,2135300.0
2002-08-28,-11.235,-11.145,-11.265,-11.165,1374700.0
2002-08-29,-11.265,-10.965,-11.315,-11.015,1363600.0
2002-08-30,-11.015,-10.805,-11.165,-11.065,1130200.0
2002-09-03,-11.305,-11.155,-11.405,-11.175,1421400.0
2002-09-04,-11.175,-10.925,-11.285,-10.965,1402000.0
2002-09-05,-11.055,-10.995,-11.395,-11.055,1306900.0
2002-09-06,-11.055,-10.935,-11.205,-11.105,965300.0
2002-09-09,-11.035,-11.035,-11.295,-11.205,1089400.0
2002-09-10,-11.255,-11.065,-11.325,-11.125,1435900.0
2002-09-11,-10.855,-10.845,-11.155,-11.015,1339200.0
2002-09-12,-11.005,-10.935,-11.325,-11.265,1024100.0
2002-09-13,-11.275,-11.085,-11.395,-11.185,1193000.0
2002-09-16,-11.285,-11.055,-11.295,-11.065,1151300.0
2002-09-17,-10.965,-10.825,-11.155,-11.005,1297100.0
2002-09-18,-11.005,-10.835,-11.155,-10.985,1607600.0
2002-09-19,-11.255,-11.005,-11.255,-11.145,980200.0
2002-09-20,-11.135,-11.055,-11.215,-11.105,2210200.0
2002-09-23,-11.185,-11.025,-11.285,-11.175,1663300.0
2002-09-24,-11.275,-11.075,-11.345,-11.155,1705900.0
2002-09-25,-11.155,-10.825,-11.235,-10.945,1322200.0
2002-09-26,-10.875,-10.775,-11.125,-10.785,1469600.0
2002-09-27,-10.775,-10.365,-10.855,-10.665,1590500.0
2002-09-30,-10.765,-10.605,-11.015,-10.745,1915900.0
2002-10-01,-10.715,-10.505,-10.865,-10.585,2148600.0
2002-10-02,-10.755,-10.355,-10.785,-10.775,1487700.0
2002-10-03,-11.105,-10.365,-11.105,-10.705,1880200.0
2002-10-04,-10.635,-10.395,-10.885,-10.775,1926000.0
2002-10-07,-10.705,-10.455,-10.885,-10.815,1259000.0
2002-10-08,-10.915,-10.555,-11.035,-10.985,1865600.0
2002-10-09,-11.055,-10.915,-11.235,-11.165,1952800.0
2002-10-10,-11.305,-10.875,-11.305,-11.005,1700900.0
2002-10-11,-11.005,-10.785,-11.065,-10.925,1006500.0
2002-10-14,-10.955,-10.735,-10.995,-10.765,977600.0
2002-10-15,-10.665,-10.605,-10.935,-10.605,1253100.0
2002-10-16,-10.555,-10.365,-10.755,-10.695,859900.0
2002-10-17,-10.605,-10.415,-10.755,-10.715,1026200.0
2002-10-18,-10.675,-10.255,-10.705,-10.255,1576000.0
2002-10-21,-10.355,-9.815,-10.375,-10.055,1909800.0
2002-10-22,-10.205,-10.055,-10.535,-10.455,2494100.0
2002-10-23,-10.255,-9.935,-10.585,-10.025,2089400.0
2002-10-24,-10.065,-9.795,-10.105,-9.935,1129600.0
2002-10-25,-10.035,-9.795,-10.145,-9.835,992100.0
2002-10-28,-9.785,-9.765,-10.105,-9.965,1455600.0
2002-10-29,-10.065,-9.725,-10.065,-9.725,1176100.0
2002-10-30,-9.765,-9.535,-9.805,-9.665,1486800.0
2002-10-31,-9.705,-9.545,-9.875,-9.635,1016200.0
2002-11-01,-9.585,-9.215,-9.645,-9.255,1737400.0
2002-11-04,-9.335,-9.265,-9.435,-9.335,1153400.0
2002-11-05,-9.335,-9.175,-9.555,-9.485,1595500.0
2002-11-06,-9.405,-9.225,-9.655,-9.275,1405700.0
2002-11-07,-9.355,-8.965,-9.355,-8.985,2144700.0
2002-11-08,-9.035,-8.805,-9.125,-8.975,1813200.0
2002-11-11,-9.075,-9.045,-9.315,-9.265,1707700.0
2002-11-12,-9.245,-9.115,-9.425,-9.415,1550200.0
2002-11-13,-9.515,-9.265,-9.575,-9.515,2230800.0
2002-11-14,-9.465,-9.365,-9.625,-9.505,1277600.0
2002-11-15,-9.495,-9.425,-9.535,-9.445,1235900.0
2002-11-18,-9.445,-9.355,-9.695,-9.515,950000.0
2002-11-19,-9.565,-9.425,-9.625,-9.565,1131600.0
2002-11-20,-9.605,-9.545,-9.795,-9.565,1839200.0
2002-11-21,-9.565,-9.555,-9.815,-9.695,1959200.0
2002-11-22,-9.735,-9.595,-9.865,-9.745,1526500.0
2002-11-25,-9.805,-9.635,-9.885,-9.735,1716300.0
2002-11-26,-9.765,-9.675,-10.035,-9.795,1360400.0
2002-11-27,-9.805,-9.665,-9.895,-9.695,882300.0
2002-11-29,-9.675,-9.665,-9.925,-9.865,889300.0
2002-12-02,-9.865,-9.865,-10.195,-10.055,1332500.0
2002-12-03,-10.055,-9.995,-10.195,-10.145,1663800.0
2002-12-04,-10.065,-9.925,-10.165,-9.995,1460200.0
2002-12-05,-9.975,-9.945,-10.255,-10.195,1083400.0
2002-12-06,-10.295,-10.015,-10.305,-10.095,919500.0
2002-12-09,-10.145,-10.045,-10.345,-10.205,1181200.0
2002-12-10,-10.175,-10.075,-10.295,-10.075,863000.0
2002-12-11,-10.615,-10.235,-10.975,-10.685,2523200.0
2002-12-12,-10.645,-10.565,-10.855,-10.795,1182600.0
2002-12-13,-10.725,-10.595,-10.955,-10.655,1686500.0
2002-12-16,-10.735,-10.405,-10.835,-10.465,1702100.0
2002-12-17,-10.625,-10.475,-10.795,-10.765,1282900.0
2002-12-18,-10.795,-10.705,-11.065,-10.975,1378700.0
2002-12-19,-11.075,-10.845,-11.075,-10.985,1024700.0
2002-12-20,-10.985,-10.785,-11.055,-10.785,2559800.0
2002-12-23,-10.785,-10.785,-11.045,-10.955,1492800.0
2002-12-24,-10.975,-10.885,-11.055,-10.945,547000.0
2002-12-26,-11.045,-10.805,-11.045,-10.925,691900.0
2002-12-27,-10.935,-10.905,-11.055,-10.995,1061200.0
2002-12-30,-10.995,-10.815,-11.045,-10.975,1743300.0
2002-12-31,-10.985,-10.765,-11.055,-10.795,1330100.0
2003-01-02,-10.695,-10.625,-10.825,-10.675,1129600.0
2003-01-03,-10.745,-10.565,-10.785,-10.595,887600.0
2003-01-06,-10.645,-10.495,-10.675,-10.575,965300.0
2003-01-07,-10.625,-10.585,-10.915,-10.755,1493400.0
2003-01-08,-10.805,-10.695,-10.905,-10.845,970300.0
2003-01-09,-10.825,-10.665,-10.895,-10.685,848800.0
2003-01-10,-10.715,-10.715,-10.955,-10.795,1123600.0
2003-01-13,-10.785,-10.405,-10.845,-10.435,1741200.0
2003-01-14,-10.535,-10.255,-10.705,-10.585,898300.0
2003-01-15,-10.685,-10.565,-10.805,-10.755,851000.0
2003-01-16,-10.675,-10.535,-10.725,-10.585,922100.0
2003-01-17,-10.455,-10.425,-10.625,-10.525,1223400.0
2003-01-21,-10.425,-10.415,-10.645,-10.575,1212700.0
2003-01-22,-10.555,-10.365,-10.695,-10.545,1503800.0
2003-01-23,-10.545,-10.495,-10.665,-10.595,1123200.0
2003-01-24,-10.795,-10.515,-10.905,-10.835,1551500.0
2003-01-27,-10.835,-10.835,-11.025,-10.895,1805500.0
2003-01-28,-10.925,-10.905,-11.005,-10.945,1495200.0
2003-01-29,-10.995,-10.945,-11.175,-11.025,1198900.0
2003-01-30,-11.065,-11.045,-11.265,-11.235,1575200.0
2003-01-31,-11.335,-11.145,-11.415,-11.145,1511700.0
2003-02-03,-11.165,-11.045,-11.285,-11.075,1243400.0
2003-02-04,-11.095,-11.045,-11.215,-11.105,1285800.0
2003-02-05,-11.005,-10.805,-11.115,-10.975,1034900.0
2003-02-06,-11.035,-10.985,-11.165,-11.085,924200.0
2003-02-07,-11.015,-10.955,-11.155,-11.055,685200.0
2003-02-10,-11.005,-10.995,-11.135,-11.025,772700.0
2003-02-11,-11.045,-11.025,-11.285,-11.255,919500.0
2003-02-12,-11.195,-11.065,-11.375,-11.375,1017000.0
2003-02-13,-11.415,-11.095,-11.495,-11.215,1084000.0
2003-02-14,-11.185,-10.915,-11.285,-11.185,901200.0
2003-02-18,-11.235,-11.055,-11.455,-11.405,1703600.0
2003-02-19,-11.425,-11.425,-11.855,-11.845,2425100.0
2003-02-20,-11.885,-11.865,-12.085,-12.065,1463200.0
2003-02-21,-12.015,-11.935,-12.235,-11.995,1410000.0
2003-02-24,-11.905,-11.905,-12.445,-12.305,2032400.0
2003-02-25,-12.365,-12.205,-12.535,-12.265,1797000.0
2003-02-26,-12.295,-12.265,-12.625,-12.565,2084500.0
2003-02-27,-12.335,-12.035,-12.385,-12.145,1861700.0
2003-02-28,-12.255,-12.185,-12.415,-12.235,2299300.0
2003-03-03,-11.785,-11.785,-12.335,-12.235,2779500.0
2003-03-04,-12.185,-12.175,-12.505,-12.435,1466900.0
2003-03-05,-12.465,-12.275,-12.545,-12.275,2410800.0
2003-03-06,-12.305,-12.215,-12.475,-12.335,1377600.0
2003-03-07,-12.435,-12.215,-12.525,-12.235,1419600.0
2003-03-10,-12.365,-12.305,-12.485,-12.385,1735900.0
2003-03-11,-12.485,-12.275,-12.565,-12.545,1545900.0
2003-03-12,-12.575,-12.485,-12.635,-12.595,1426600.0
2003-03-13,-12.515,-12.395,-12.585,-12.455,2000600.0
2003-03-14,-12.435,-12.285,-12.495,-12.475,1962400.0
2003-03-17,-12.475,-12.145,-12.535,-12.195,1848400.0
2003-03-18,-12.135,-11.855,-12.135,-11.945,1874000.0
2003-03-19,-11.785,-11.765,-11.995,-11.985,2051000.0
2003-03-20,-11.985,-11.935,-12.115,-12.055,1167700.0
2003-03-21,-12.055,-11.875,-12.135,-11.935,1930200.0
2003-03-24,-11.985,-11.955,-12.195,-12.165,1358800.0
2003-03-25,-12.145,-11.885,-12.195,-12.005,1653100.0
2003-03-26,-11.995,-11.985,-12.205,-12.195,1020900.0
2003-03-27,-12.255,-11.935,-12.275,-12.005,1076400.0
2003-03-28,-12.075,-12.065,-12.295,-12.095,1348400.0
2003-03-31,-12.165,-12.155,-12.355,-12.335,2089200.0
2003-04-01,-12.295,-12.275,-12.455,-12.355,1763200.0
2003-04-02,-12.265,-11.925,-12.305,-12.045,1589100.0
2003-04-03,-11.945,-11.915,-12.135,-11.985,1982900.0
2003-04-04,-12.035,-11.795,-12.065,-11.805,1463300.0
2003-04-07,-11.635,-11.485,-11.895,-11.845,1565300.0
2003-04-08,-11.845,-11.675,-11.915,-11.735,1330200.0
2003-04-09,-11.575,-11.575,-11.945,-11.935,1177900.0
2003-04-10,-11.785,-11.625,-11.815,-11.645,1602700.0
2003-04-11,-11.625,-11.485,-11.815,-11.815,1035300.0
2003-04-14,-11.615,-11.595,-11.755,-11.595,1162000.0
2003-04-15,-11.695,-11.425,-11.695,-11.425,1443700.0
2003-04-16,-11.405,-11.405,-11.595,-11.585,1207200.0
2003-04-17,-11.685,-11.325,-11.685,-11.325,1308000.0
2003-04-21,-11.425,-11.375,-11.735,-11.735,1660100.0
2003-04-22,-11.735,-11.565,-11.785,-11.665,1474500.0
2003-04-23,-11.765,-11.685,-11.925,-11.705,2082500.0
2003-04-24,-11.705,-11.675,-11.885,-11.755,1354400.0
2003-04-25,-11.825,-11.765,-12.105,-12.035,1574100.0
2003-04-28,-11.985,-11.895,-12.025,-11.965,1192700.0
2003-04-29,-11.905,-11.825,-12.135,-11.985,1734300.0
2003-04-30,-11.945,-11.945,-12.135,-12.055,2062800.0
2003-05-01,-12.005,-12.005,-12.225,-12.135,1792600.0
2003-05-02,-12.095,-12.075,-12.165,-12.155,1637700.0
2003-05-05,-12.085,-12.075,-12.285,-12.245,1394500.0
2003-05-06,-12.205,-12.135,-12.365,-12.245,2233100.0
2003-05-07,-12.245,-12.095,-12.285,-12.225,1395300.0
2003-05-08,-12.265,-12.055,-12.275,-12.115,1502500.0
2003-05-09,-11.955,-11.815,-12.045,-11.815,4449600.0
2003-05-12,-11.875,-11.665,-11.905,-11.695,1913900.0
2003-05-13,-11.725,-11.525,-11.745,-11.585,1838300.0
2003-05-14,-11.565,-11.455,-11.575,-11.495,1228200.0
2003-05-15,-11.475,-11.385,-11.525,-11.455,937000.0
2003-05-16,-11.525,-11.335,-11.525,-11.395,1143000.0
2003-05-19,-11.415,-11.355,-11.455,-11.445,1188900.0
2003-05-20,-11.375,-11.285,-11.435,-11.385,1329700.0
2003-05-21,-11.395,-11.365,-11.445,-11.405,1556100.0
2003-05-22,-11.385,-11.095,-11.395,-11.125,1826300.0
2003-05-23,-11.155,-11.025,-11.155,-11.085,1226100.0
2003-05-27,-11.175,-11.095,-11.275,-11.245,1294500.0
2003-05-28,-11.125,-11.125,-11.255,-11.225,1772300.0
2003-05-29,-11.185,-11.185,-11.445,-11.445,2307000.0
2003-05-30,-11.425,-11.065,-11.465,-11.105,5271700.0
2003-06-02,-10.875,-10.855,-11.045,-10.915,1447300.0
2003-06-03,-10.845,-10.845,-11.015,-10.915,851300.0
2003-06-04,-10.885,-10.505,-10.885,-10.605,1335200.0
2003-06-05,-10.645,-10.585,-10.745,-10.725,1296300.0
2003-06-06,-10.225,-10.225,-10.635,-10.575,2174300.0
2003-06-09,-10.585,-10.575,-10.725,-10.715,1089500.0
2003-06-10,-10.705,-10.655,-10.805,-10.755,1048300.0
2003-06-11,-10.685,-10.455,-10.735,-10.455,1306400.0
2003-06-12,-10.305,-10.305,-10.575,-10.425,1442200.0
2003-06-13,-10.375,-10.235,-10.485,-10.245,1957500.0
2003-06-16,-10.175,-9.975,-10.275,-9.975,1621800.0
2003-06-17,-9.975,-9.935,-10.145,-9.955,1693900.0
2003-06-18,-9.975,-9.965,-10.115,-10.065,1526700.0
2003-06-19,-10.045,-9.975,-10.425,-10.315,2370200.0
2003-06-20,-10.215,-10.215,-10.395,-10.305,2127200.0
2003-06-23,-10.355,-10.325,-10.505,-10.405,936600.0
2003-06-24,-10.385,-9.925,-10.405,-10.025,1934400.0
2003-06-25,-9.905,-9.905,-10.375,-10.375,1266200.0
2003-06-26,-10.425,-10.255,-10.495,-10.315,1162500.0
2003-06-27,-10.275,-10.195,-10.355,-10.275,1177500.0
2003-06-30,-10.105,-10.075,-10.275,-10.205,3016600.0
2003-07-01,-10.255,-9.995,-10.275,-10.055,1269400.0
2003-07-02,-10.115,-9.985,-10.155,-10.025,1270800.0
2003-07-03,-10.065,-9.945,-10.115,-10.105,659600.0
2003-07-07,-10.005,-9.735,-10.025,-9.735,1787900.0
2003-07-08,-9.835,-9.775,-9.985,-9.875,1016700.0
2003-07-09,-10.025,-9.885,-10.105,-10.025,1085000.0
2003-07-10,-10.125,-10.115,-10.425,-10.395,2450300.0
2003-07-11,-10.325,-10.225,-10.345,-10.225,1038000.0
2003-07-14,-10.155,-10.105,-10.425,-10.375,1432600.0
2003-07-15,-10.295,-10.265,-10.465,-10.345,1205300.0
2003-07-16,-10.435,-10.305,-10.645,-10.335,1333000.0
2003-07-17,-10.505,-10.405,-10.535,-10.465,1362800.0
2003-07-18,-10.565,-10.495,-10.895,-10.685,2395600.0
2003-07-21,-10.685,-10.665,-11.125,-10.995,2318200.0
2003-07-22,-10.935,-10.675,-11.075,-10.795,2071300.0
2003-07-23,-10.795,-10.675,-10.885,-10.695,1205200.0
2003-07-24,-10.625,-10.075,-10.775,-10.265,2698200.0
2003-07-25,-10.075,-9.825,-10.205,-9.875,1937000.0
2003-07-28,-9.925,-9.865,-10.055,-10.015,1391500.0
2003-07-29,-9.935,-9.885,-10.135,-10.015,2141000.0
2003-07-30,-9.825,-9.825,-10.085,-9.925,1333500.0
2003-07-31,-9.845,-9.745,-10.045,-9.935,2221200.0
2003-08-01,-9.935,-9.875,-10.255,-10.115,1443400.0
2003-08-04,-10.075,-10.005,-10.295,-10.075,1417600.0
2003-08-05,-10.045,-9.985,-10.215,-10.155,1042100.0
2003-08-06,-10.205,-9.995,-10.275,-10.035,1306300.0
2003-08-07,-10.125,-9.925,-10.155,-9.955,1310700.0
2003-08-08,-9.925,-9.715,-9.975,-9.735,1452100.0
2003-08-11,-9.755,-9.705,-9.935,-9.715,1429900.0
2003-08-12,-9.745,-9.625,-9.805,-9.625,1328900.0
2003-08-13,-9.595,-9.575,-9.725,-9.715,1196500.0
2003-08-14,-9.595,-9.425,-9.665,-9.465,1024500.0
2003-08-15,-9.525,-9.475,-9.595,-9.495,482100.0
2003-08-18,-9.495,-9.425,-9.575,-9.575,780100.0
2003-08-19,-9.485,-9.445,-9.575,-9.465,949300.0
2003-08-20,-9.465,-9.385,-9.555,-9.525,732100.0
2003-08-21,-9.525,-9.485,-9.625,-9.525,1234300.0
2003-08-22,-9.465,-9.435,-9.805,-9.775,1244200.0
2003-08-25,-9.775,-9.655,-9.805,-9.715,787800.0
2003-08-26,-9.715,-9.495,-9.935,-9.505,1436200.0
2003-08-27,-9.565,-9.395,-9.615,-9.435,1001100.0
2003-08-28,-9.435,-9.355,-9.485,-9.415,2561900.0
2003-08-29,-9.415,-9.065,-9.715,-9.145,1648900.0
2003-09-02,-9.145,-8.875,-9.155,-8.955,2158600.0
2003-09-03,-9.415,-9.175,-9.495,-9.255,3601200.0
2003-09-04,-9.315,-9.295,-9.715,-9.655,2622300.0
2003-09-05,-9.515,-9.515,-10.065,-9.945,2477900.0
2003-09-08,-9.875,-9.705,-9.915,-9.905,1707900.0
2003-09-09,-9.975,-9.915,-10.065,-10.015,1657600.0
2003-09-10,-9.975,-9.745,-9.995,-9.835,1629800.0
2003-09-11,-9.665,-9.465,-9.745,-9.485,1775300.0
2003-09-12,-9.555,-9.415,-9.705,-9.465,1078500.0
2003-09-15,-9.545,-9.435,-9.855,-9.815,1967400.0
2003-09-16,-9.865,-9.865,-10.065,-9.975,2739400.0
2003-09-17,-10.015,-9.875,-10.035,-10.015,1366700.0
2003-09-18,-9.985,-9.845,-10.025,-10.025,2027600.0
2003-09-19,-9.985,-9.875,-10.045,-9.945,1961100.0
2003-09-22,-9.965,-9.965,-10.145,-10.015,1234000.0
2003-09-23,-9.915,-9.815,-10.025,-9.945,1432900.0
2003-09-24,-10.025,-9.885,-10.025,-9.965,1262300.0
2003-09-25,-9.965,-9.845,-10.025,-10.025,1127900.0
2003-09-26,-10.065,-9.975,-10.165,-10.115,815200.0
2003-09-29,-10.065,-9.815,-10.105,-9.845,1063200.0
2003-09-30,-9.925,-9.775,-10.035,-9.905,1330700.0
2003-10-01,-9.865,-9.685,-9.905,-9.705,1454100.0
2003-10-02,-9.665,-9.515,-9.705,-9.535,809600.0
2003-10-03,-9.535,-9.315,-9.625,-9.575,986700.0
2003-10-06,-9.645,-9.495,-9.645,-9.555,617900.0
2003-10-07,-9.565,-9.415,-9.685,-9.425,806300.0
2003-10-08,-9.425,-9.425,-9.605,-9.545,676900.0
2003-10-09,-9.515,-9.385,-9.685,-9.575,874100.0
2003-10-10,-9.665,-9.555,-9.735,-9.635,697100.0
2003-10-13,-9.615,-9.365,-9.635,-9.385,628700.0
2003-10-14,-9.365,-9.355,-9.645,-9.365,1240300.0
2003-10-15,-9.385,-9.365,-9.655,-9.525,1710700.0
2003-10-16,-9.525,-9.235,-9.565,-9.235,881400.0
2003-10-17,-9.015,-9.015,-9.405,-9.325,1084400.0
2003-10-20,-9.315,-9.205,-9.435,-9.215,843100.0
2003-10-21,-9.215,-9.055,-9.315,-9.255,1250300.0
2003-10-22,-9.255,-9.175,-9.405,-9.315,1415300.0
2003-10-23,-9.395,-9.205,-9.565,-9.205,790400.0
2003-10-24,-9.355,-9.305,-9.695,-9.475,1416300.0
2003-10-27,-9.535,-9.435,-9.715,-9.695,1171500.0
2003-10-28,-9.695,-9.315,-9.695,-9.325,1028900.0
2003-10-29,-9.425,-9.365,-9.725,-9.515,1160700.0
2003-10-30,-9.565,-9.375,-9.685,-9.445,962100.0
2003-10-31,-8.725,-8.075,-9.115,-8.665,4307600.0
2003-11-03,-8.665,-8.365,-8.805,-8.475,1881000.0
2003-11-04,-8.475,-8.425,-8.625,-8.595,2563100.0
2003-11-05,-8.545,-8.535,-8.785,-8.665,1170300.0
2003-11-06,-8.725,-8.665,-8.875,-8.665,1221000.0
2003-11-07,-8.665,-8.515,-8.815,-8.735,1504500.0
2003-11-10,-8.765,-8.685,-8.845,-8.835,1227500.0
2003-11-11,-8.835,-8.715,-8.865,-8.755,997400.0
2003-11-12,-8.795,-8.515,-8.795,-8.575,1409400.0
2003-11-13,-8.655,-8.645,-8.795,-8.715,2773700.0
2003-11-14,-8.705,-8.625,-8.765,-8.715,1581300.0
2003-11-17,-8.655,-8.655,-8.805,-8.705,1763500.0
2003-11-18,-8.695,-8.655,-8.745,-8.735,2036100.0
2003-11-19,-8.705,-8.665,-8.795,-8.715,1227200.0
2003-11-20,-8.705,-8.555,-8.785,-8.635,2683500.0
2003-11-21,-8.615,-8.615,-8.905,-8.825,1614300.0
2003-11-24,-8.725,-8.585,-8.805,-8.615,2789400.0
2003-11-25,-8.585,-8.585,-8.845,-8.815,3262000.0
2003-11-26,-8.785,-8.755,-8.835,-8.795,1299000.0
2003-11-28,-8.775,-8.655,-8.805,-8.665,1177600.0
2003-12-01,-8.655,-8.645,-8.905,-8.825,3050700.0
2003-12-02,-8.815,-8.615,-8.815,-8.655,2389000.0
2003-12-03,-8.655,-8.425,-8.785,-8.525,2920200.0
2003-12-04,-8.455,-8.265,-8.525,-8.305,1739700.0
2003-12-05,-8.335,-8.265,-8.455,-8.355,1431600.0
2003-12-08,-8.355,-8.105,-8.415,-8.125,1494700.0
2003-12-09,-8.065,-7.985,-8.205,-8.085,1819900.0
2003-12-10,-7.985,-7.745,-8.095,-8.005,2720600.0
2003-12-11,-8.005,-7.945,-8.095,-8.025,1535400.0
2003-12-12,-8.035,-7.955,-8.135,-8.015,1478300.0
2003-12-15,-7.905,-7.895,-8.155,-8.085,2494600.0
2003-12-16,-7.985,-7.915,-8.075,-7.985,1931400.0
2003-12-17,-7.955,-7.785,-8.005,-7.855,2523900.0
2003-12-18,-7.855,-7.725,-7.925,-7.755,2519700.0
2003-12-19,-7.755,-7.715,-7.935,-7.835,2265800.0
2003-12-22,-7.855,-7.775,-7.905,-7.835,1599400.0
2003-12-23,-7.785,-7.755,-7.895,-7.775,1508000.0
2003-12-24,-6.955,-6.955,-7.865,-7.755,2522900.0
2003-12-26,-7.725,-7.715,-7.815,-7.785,574200.0
2003-12-29,-7.725,-7.715,-7.825,-7.755,1500300.0
2003-12-30,-7.805,-7.715,-7.805,-7.755,1379800.0
2003-12-31,-7.785,-7.715,-7.835,-7.735,1368100.0
2004-01-02,-7.725,-7.665,-7.805,-7.685,1742400.0
2004-01-05,-7.655,-7.455,-7.655,-7.545,2906100.0
2004-01-06,-7.525,-7.425,-7.575,-7.505,2169900.0
2004-01-07,-7.465,-7.465,-7.745,-7.705,2219800.0
2004-01-08,-7.715,-7.655,-7.775,-7.755,1769400.0
2004-01-09,-7.685,-7.655,-7.975,-7.975,1686800.0
2004-01-12,-8.005,-7.955,-8.055,-8.005,2186600.0
2004-01-13,-7.955,-7.855,-8.035,-7.905,2483100.0
2004-01-14,-7.775,-7.575,-7.775,-7.605,5622100.0
2004-01-15,-7.555,-7.455,-7.685,-7.555,4219500.0
2004-01-16,-7.515,-7.505,-7.705,-7.605,4427600.0
2004-01-20,-7.555,-7.425,-7.575,-7.505,4558900.0
2004-01-21,-7.405,-7.215,-7.415,-7.325,2878700.0
2004-01-22,-7.205,-7.165,-7.325,-7.275,2858600.0
2004-01-23,-7.125,-7.115,-7.295,-7.285,3612300.0
2004-01-26,-7.235,-7.205,-7.345,-7.325,3869400.0
2004-01-27,-7.255,-7.085,-7.305,-7.145,4369100.0
2004-01-28,-7.035,-6.945,-7.135,-7.035,4302400.0
2004-01-29,-7.015,-6.975,-7.385,-7.265,3268000.0
2004-01-30,-6.805,-6.595,-7.495,-7.295,9925000.0
2004-02-02,-6.975,-6.975,-7.205,-7.105,4580400.0
2004-02-03,-6.955,-6.585,-6.995,-6.655,8661200.0
2004-02-04,-6.535,-6.205,-8.065,-6.355,6514100.0
2004-02-05,-6.305,-5.795,-6.305,-5.795,8126200.0
2004-02-06,-5.785,-5.645,-5.905,-5.755,4549800.0
2004-02-09,-5.555,-5.515,-6.055,-6.015,3786100.0
2004-02-10,-6.015,-6.015,-6.375,-6.105,3118700.0
2004-02-11,-6.11,-5.91,-6.27,-5.98,3368900.0
2004-02-12,-5.98,-5.9,-6.09,-6.06,2128000.0
2004-02-13,-6.01,-5.89,-6.09,-5.98,2149400.0
2004-02-17,-5.73,-5.31,-5.78,-5.36,4206800.0
2004-02-18,-5.26,-5.05,-5.66,-5.29,4382400.0
2004-02-19,-5.36,-5.28,-5.63,-5.6,2507700.0
2004-02-20,-5.6,-5.58,-5.83,-5.72,2212400.0
2004-02-23,-5.56,-5.41,-5.59,-5.45,2593400.0
2004-02-24,-5.44,-5.43,-5.93,-5.86,3001800.0
2004-02-25,-5.85,-5.72,-6.07,-5.84,3702300.0
2004-02-26,-5.84,-5.67,-6.04,-5.7,3346900.0
2004-02-27,-6.38,-5.49,-6.38,-5.68,2595900.0
2004-03-01,-5.63,-5.36,-5.68,-5.57,2511600.0
2004-03-02,-5.55,-5.46,-5.68,-5.65,1675400.0
2004-03-03,-5.67,-5.4,-5.67,-5.56,1905200.0
2004-03-04,-5.53,-5.45,-5.67,-5.63,1930300.0
2004-03-05,-6.18,-5.75,-6.24,-5.82,3502400.0
2004-03-08,-5.87,-5.8,-6.05,-6.04,1541700.0
2004-03-09,-6.04,-6.02,-6.57,-6.27,3267000.0
2004-03-10,-5.98,-5.47,-6.51,-6.46,2654000.0
2004-03-11,-6.56,-6.47,-6.78,-6.73,3084400.0
2004-03-12,-6.53,-6.14,-6.56,-6.31,3007200.0
2004-03-15,-6.38,-6.25,-6.57,-6.49,2313400.0
2004-03-16,-6.3,-6.0,-6.42,-6.08,3128800.0
2004-03-17,-6.08,-5.91,-6.23,-5.93,4672100.0
2004-03-18,-6.0,-5.87,-6.11,-5.95,2360700.0
2004-03-19,-6.04,-5.78,-6.04,-5.98,3966500.0
2004-03-22,-5.98,-5.98,-6.45,-6.39,1668500.0
2004-03-23,-6.39,-6.39,-6.72,-6.68,2415600.0
2004-03-24,-6.66,-6.52,-6.81,-6.63,1620600.0
2004-03-25,-6.58,-6.34,-6.58,-6.43,1602300.0
2004-03-26,-6.41,-6.07,-6.48,-6.2,1697100.0
2004-03-29,-5.99,-5.69,-5.99,-5.78,2826300.0
2004-03-30,-5.8,-5.79,-5.95,-5.9,1724000.0
2004-03-31,-5.93,-5.89,-6.24,-6.01,2139500.0
2004-04-01,-6.09,-5.78,-6.09,-6.04,2992800.0
2004-04-02,-5.93,-5.8,-6.15,-5.83,1783700.0
2004-04-05,-5.81,-5.57,-5.84,-5.59,2121500.0
2004-04-06,-5.59,-5.57,-5.67,-5.63,2405500.0
2004-04-07,-5.63,-5.59,-5.8,-5.69,2157500.0
2004-04-08,-5.68,-5.58,-5.84,-5.8,1467200.0
2004-04-12,-5.78,-5.56,-5.78,-5.57,1742400.0
2004-04-13,-5.56,-5.56,-5.86,-5.85,1751900.0
2004-04-14,-6.05,-5.95,-6.27,-6.06,1625400.0
2004-04-15,-6.06,-6.0,-6.34,-6.3,1592800.0
2004-04-16,-6.18,-6.02,-6.32,-6.16,1620900.0
2004-04-19,-6.13,-5.77,-6.26,-5.82,1714500.0
2004-04-20,-5.83,-5.67,-5.92,-5.88,1833500.0
2004-04-21,-5.88,-5.84,-6.05,-5.98,1633000.0
2004-04-22,-6.06,-5.6,-6.1,-5.7,2347200.0
2004-04-23,-5.68,-5.39,-5.84,-5.48,1753900.0
2004-04-26,-5.48,-5.44,-5.71,-5.71,1680600.0
2004-04-27,-5.67,-5.46,-5.76,-5.75,2567500.0
2004-04-28,-5.74,-5.65,-6.08,-5.84,2544300.0
2004-04-29,-5.88,-5.74,-5.98,-5.85,2692600.0
2004-04-30,-5.38,-4.93,-5.86,-5.32,4943100.0
2004-05-03,-5.21,-4.98,-5.59,-5.34,3905900.0
2004-05-04,-5.42,-5.37,-5.59,-5.52,3055700.0
2004-05-05,-5.51,-5.41,-5.6,-5.55,1600300.0
2004-05-06,-5.55,-5.54,-5.75,-5.61,1463500.0
2004-05-07,-5.75,-5.53,-5.75,-5.74,1922600.0
2004-05-10,-5.73,-5.6,-6.44,-6.38,3878100.0
2004-05-11,-6.31,-5.86,-6.37,-5.86,2805300.0
2004-05-12,-5.63,-5.63,-5.94,-5.74,3611300.0
2004-05-13,-5.73,-5.73,-6.1,-5.96,2707800.0
2004-05-14,-5.955,-5.585,-6.005,-5.735,1484000.0
2004-05-17,-5.805,-5.565,-5.855,-5.805,2587000.0
2004-05-18,-5.725,-5.655,-6.155,-6.155,3082400.0
2004-05-19,-6.105,-5.975,-6.285,-6.255,1607300.0
2004-05-20,-6.295,-6.155,-6.475,-6.355,1689100.0
2004-05-21,-6.305,-6.305,-6.615,-6.465,2031900.0
2004-05-24,-6.335,-6.335,-6.615,-6.485,1539300.0
2004-05-25,-6.535,-6.225,-6.585,-6.375,1694900.0
2004-05-26,-6.365,-6.055,-6.385,-6.175,1508000.0
2004-05-27,-6.075,-5.955,-6.985,-6.055,1279000.0
2004-05-28,-6.105,-5.955,-6.185,-6.175,2901200.0
2004-06-01,-6.175,-6.105,-6.295,-6.165,2607200.0
2004-06-02,-6.205,-6.115,-6.285,-6.235,1831400.0
2004-06-03,-6.165,-5.935,-6.255,-6.095,3018600.0
2004-06-04,-5.995,-5.915,-6.025,-5.945,1605500.0
2004-06-07,-5.785,-5.765,-5.885,-5.795,1307000.0
2004-06-08,-5.885,-5.825,-6.045,-5.855,2035700.0
2004-06-09,-5.915,-5.675,-5.955,-5.765,1780200.0
2004-06-10,-5.785,-5.765,-6.035,-6.005,1968700.0
2004-06-14,-6.055,-6.015,-6.315,-6.155,2790200.0
2004-06-15,-5.955,-5.855,-6.185,-6.105,2228300.0
2004-06-16,-6.105,-6.095,-6.425,-6.295,2060200.0
2004-06-17,-6.305,-6.305,-6.725,-6.595,5398800.0
2004-06-18,-6.755,-6.315,-6.755,-6.525,3457300.0
2004-06-21,-6.555,-6.135,-6.605,-6.275,2034300.0
2004-06-22,-6.305,-6.145,-6.475,-6.235,2745200.0
2004-06-23,-6.135,-6.125,-6.425,-6.335,3424900.0
2004-06-24,-6.425,-6.315,-6.525,-6.475,3691700.0
2004-06-25,-6.425,-6.335,-6.475,-6.405,3119500.0
2004-06-28,-6.335,-6.075,-6.335,-6.215,2632300.0
2004-06-29,-6.305,-6.255,-6.375,-6.275,1854200.0
2004-06-30,-6.255,-6.015,-6.385,-6.025,1792500.0
2004-07-01,-6.075,-5.945,-6.155,-6.095,1946800.0
2004-07-02,-6.175,-6.105,-6.335,-6.225,1028300.0
2004-07-06,-6.285,-6.065,-6.305,-6.255,1460600.0
2004-07-07,-6.265,-6.215,-6.365,-6.325,2077600.0
2004-07-08,-6.375,-6.325,-6.465,-6.455,1915900.0
2004-07-09,-6.355,-6.355,-6.535,-6.445,1325900.0
2004-07-12,-6.375,-6.365,-6.645,-6.485,1170700.0
2004-07-13,-6.535,-6.455,-6.645,-6.455,1257800.0
2004-07-14,-6.525,-6.395,-6.625,-6.565,1460300.0
2004-07-15,-6.575,-6.505,-6.715,-6.655,1423500.0
2004-07-16,-6.425,-6.375,-6.675,-6.655,2045000.0
2004-07-19,-6.565,-6.335,-6.675,-6.405,1487300.0
2004-07-20,-6.205,-5.835,-6.255,-5.925,3785200.0
2004-07-21,-5.805,-5.805,-6.345,-6.305,2978300.0
2004-07-22,-6.325,-6.205,-6.505,-6.355,2588500.0
2004-07-23,-6.445,-6.355,-6.745,-6.675,2588000.0
2004-07-26,-6.705,-6.605,-7.105,-6.855,2883700.0
2004-07-27,-6.895,-6.845,-7.145,-6.935,2005400.0
2004-07-28,-7.005,-6.805,-7.005,-6.885,1562700.0
2004-07-29,-6.755,-6.635,-6.865,-6.755,2061800.0
2004-07-30,-7.205,-7.005,-7.855,-7.375,5900200.0
2004-08-02,-7.285,-6.665,-7.295,-6.665,3477500.0
2004-08-03,-6.685,-6.625,-6.835,-6.795,2186000.0
2004-08-04,-6.795,-6.655,-6.885,-6.755,1770700.0
2004-08-05,-6.755,-6.675,-6.875,-6.815,1775700.0
2004-08-06,-6.905,-6.795,-7.205,-7.195,1763500.0
2004-08-09,-7.305,-6.955,-7.355,-7.055,1668800.0
2004-08-10,-7.055,-7.035,-7.305,-7.155,1642000.0
2004-08-11,-7.255,-6.875,-7.385,-6.905,1971300.0
2004-08-12,-6.845,-6.765,-7.015,-6.935,2259200.0
2004-08-13,-6.935,-6.895,-7.105,-7.075,2150000.0
2004-08-16,-7.175,-6.805,-7.175,-6.885,1705500.0
2004-08-17,-6.955,-6.765,-6.995,-6.835,1940700.0
2004-08-18,-6.77,-6.74,-6.9,-6.76,1184900.0
2004-08-19,-6.82,-6.69,-6.91,-6.73,1812500.0
2004-08-20,-6.73,-6.73,-6.87,-6.8,910600.0
2004-08-23,-6.75,-6.68,-6.97,-6.94,1161800.0
2004-08-24,-6.8,-6.68,-6.85,-6.73,1212000.0
2004-08-25,-6.73,-6.7,-6.89,-6.89,1016900.0
2004-08-26,-6.89,-6.77,-6.93,-6.9,2021900.0
2004-08-27,-6.94,-6.8,-7.01,-6.97,1666300.0
2004-08-30,-7.06,-6.86,-7.12,-6.99,1848300.0
2004-08-31,-6.92,-6.76,-7.0,-6.76,1050000.0
2004-09-01,-6.75,-6.47,-6.88,-6.54,1594400.0
2004-09-02,-6.49,-6.26,-6.64,-6.26,1428800.0
2004-09-03,-6.25,-6.15,-6.27,-6.21,1267100.0
2004-09-07,-6.07,-5.99,-6.18,-6.05,1888000.0
2004-09-08,-6.0,-5.98,-6.19,-6.06,2994100.0
2004-09-09,-6.12,-5.94,-6.21,-6.02,1482900.0
2004-09-10,-6.07,-6.03,-6.25,-6.11,1014100.0
2004-09-13,-6.05,-5.96,-6.18,-5.98,1581000.0
2004-09-14,-6.03,-5.94,-6.16,-6.11,1083200.0
2004-09-15,-6.07,-6.07,-6.32,-6.3,1089700.0
2004-09-16,-6.29,-6.14,-6.47,-6.31,1507400.0
2004-09-17,-6.31,-6.01,-6.38,-6.06,1622500.0
2004-09-20,-6.16,-6.05,-6.36,-6.26,1155900.0
2004-09-21,-6.22,-6.03,-6.34,-6.05,1275000.0
2004-09-22,-6.17,-6.03,-6.29,-6.2,1039600.0
2004-09-23,-6.17,-6.12,-6.26,-6.24,1389000.0
2004-09-24,-6.25,-6.2,-6.43,-6.34,841800.0
2004-09-27,-6.46,-6.28,-6.62,-6.62,1517000.0
2004-09-28,-6.68,-6.54,-6.68,-6.61,1072400.0
2004-09-29,-6.61,-6.1,-6.65,-6.1,2358900.0
2004-09-30,-6.13,-5.73,-6.13,-5.75,3369100.0
2004-10-01,-5.73,-5.5,-5.95,-5.9,3064300.0
2004-10-04,-5.78,-5.49,-5.81,-5.53,2105300.0
2004-10-05,-5.48,-5.48,-5.69,-5.69,1862800.0
2004-10-06,-5.68,-5.61,-5.73,-5.66,1246800.0
2004-10-07,-5.71,-5.6,-5.89,-5.85,727700.0
2004-10-08,-5.86,-5.58,-5.97,-5.69,1800400.0
2004-10-11,-5.75,-5.58,-5.77,-5.64,1199200.0
2004-10-12,-5.81,-5.73,-5.99,-5.87,2547000.0
2004-10-13,-5.58,-5.53,-5.8,-5.63,1776200.0
2004-10-14,-5.55,-5.55,-5.75,-5.65,1707100.0
2004-10-15,-5.65,-5.65,-5.79,-5.76,2130200.0
2004-10-18,-5.75,-5.55,-5.81,-5.56,2575500.0
2004-10-19,-5.58,-5.44,-5.67,-5.66,1792900.0
2004-10-20,-5.61,-5.54,-5.88,-5.81,2153400.0
2004-10-21,-5.87,-5.73,-6.0,-5.75,2238200.0
2004-10-22,-5.73,-5.73,-5.96,-5.93,1682100.0
2004-10-25,-6.01,-5.76,-6.01,-5.78,1179000.0
2004-10-26,-5.58,-5.56,-5.71,-5.61,1910200.0
2004-10-27,-5.66,-5.38,-5.72,-5.43,2741800.0
2004-10-28,-5.48,-4.89,-5.53,-4.92,3274700.0
2004-10-29,-4.13,-3.15,-4.21,-3.36,9960400.0
2004-11-01,-3.56,-3.34,-3.97,-3.86,5774500.0
2004-11-02,-3.86,-3.68,-4.1,-3.97,5226500.0
2004-11-03,-3.87,-3.57,-3.95,-3.58,5474400.0
2004-11-04,-3.5,-3.15,-3.59,-3.22,4528600.0
2004-11-05,-3.22,-2.79,-3.22,-2.89,3574100.0
2004-11-08,-2.8,-2.78,-3.11,-2.81,2035400.0
2004-11-09,-2.81,-2.72,-2.93,-2.77,3050000.0
2004-11-10,-2.73,-2.21,-2.78,-2.23,4436900.0
2004-11-11,-2.22,-2.18,-2.41,-2.25,3303900.0
2004-11-12,-2.25,-2.0,-2.44,-2.19,4824600.0
2004-11-15,-1.95,-1.74,-2.34,-2.05,6093600.0
2004-11-16,-2.08,-2.0,-2.28,-2.13,2824200.0
2004-11-17,-2.025,-1.855,-2.165,-1.975,2397900.0
2004-11-18,-1.955,-1.785,-2.055,-1.805,1989200.0
2004-11-19,-1.825,-1.815,-1.985,-1.855,2059700.0
2004-11-22,-1.795,-1.765,-1.965,-1.765,2287500.0
2004-11-23,-1.705,-1.655,-1.905,-1.655,2808000.0
2004-11-24,-1.605,-1.455,-1.655,-1.485,1880200.0
2004-11-26,-1.455,-1.395,-1.535,-1.435,1055400.0
2004-11-29,-1.355,-1.305,-1.455,-1.425,1878400.0
2004-11-30,-1.455,-1.365,-1.585,-1.455,2290800.0
2004-12-01,-1.405,-0.765,-1.445,-0.815,3450500.0
2004-12-02,-0.855,-0.675,-0.925,-0.815,2585000.0
2004-12-03,-0.815,-0.755,-0.955,-0.805,2104500.0
2004-12-06,-0.935,-0.935,-1.805,-1.505,3125800.0
2004-12-07,-1.425,-1.235,-1.485,-1.425,2451900.0
2004-12-08,-1.485,-1.215,-1.485,-1.375,1592000.0
2004-12-09,-1.525,-1.225,-1.655,-1.305,2641400.0
2004-12-10,-1.445,-1.265,-1.685,-1.355,2676800.0
2004-12-13,-1.055,-0.735,-1.195,-0.795,2913500.0
2004-12-14,-0.755,-0.715,-0.875,-0.795,2503000.0
2004-12-15,-0.885,-0.885,-1.335,-0.975,2646900.0
2004-12-16,-1.025,-0.565,-1.105,-0.625,3315800.0
2004-12-17,-0.865,-0.675,-1.045,-0.895,2473900.0
2004-12-20,-0.705,-0.705,-1.135,-0.905,1653100.0
2004-12-21,-0.805,-0.735,-1.085,-0.805,1708400.0
2004-12-22,-0.705,-0.575,-0.985,-0.685,1690500.0
2004-12-23,-0.675,-0.415,-0.695,-0.465,1026400.0
2004-12-27,-0.465,-0.465,-0.905,-0.785,1019000.0
2004-12-28,-0.625,-0.345,-0.845,-0.355,1327700.0
2004-12-29,-0.455,-0.415,-0.775,-0.725,1095100.0
2004-12-30,-0.675,-0.265,-0.735,-0.295,1267400.0
2004-12-31,-0.255,-0.105,-0.425,-0.345,1109200.0
2007-09-17,10.73,10.93,10.48,10.66,3872300.0
2007-09-18,10.69,10.92,10.48,10.88,6632500.0
2007-09-19,11.03,11.86,11.03,11.48,6558200.0
2007-09-20,11.49,11.53,10.85,11.1,4764600.0
2007-09-21,11.38,11.62,11.1,11.55,5651500.0
2007-09-24,11.55,11.58,11.02,11.13,5162400.0
2007-09-25,10.87,11.4,10.67,11.23,4455700.0
2007-09-26,11.42,11.89,11.24,11.79,5012200.0
2007-09-27,11.93,12.29,11.63,12.08,4627300.0
2007-09-28,12.08,12.13,11.33,11.51,7293503.0
2007-10-01,11.51,11.98,11.2,11.6,6006800.0
2007-10-02,11.69,12.05,11.29,11.67,5233433.0
2007-10-03,11.48,11.58,10.93,11.13,6003000.0
2007-10-04,11.04,11.49,10.86,11.26,4673200.0
2007-10-05,11.58,11.77,10.98,11.54,4975000.0
2007-10-08,11.7,11.74,11.06,11.3,2633100.0
2007-10-09,11.43,12.03,11.34,11.96,4447800.0
2007-10-10,11.97,12.43,11.87,12.36,5794900.0
2007-10-11,12.68,13.94,12.44,13.33,10789891.0
2007-10-12,13.7,14.02,13.34,13.91,6974485.0
2007-10-15,13.86,13.9,12.89,13.34,5164800.0
2007-10-16,13.34,13.52,13.12,13.28,4605500.0
2007-10-17,13.52,13.85,13.27,13.78,5466900.0
2007-10-18,13.87,14.2,13.73,13.93,3658100.0
2007-10-19,13.78,14.13,13.17,13.33,11402800.0
2007-10-22,12.97,13.43,12.91,13.39,3628100.0
2007-10-23,13.39,13.52,13.08,13.44,3449100.0
2007-10-24,13.21,13.56,12.12,12.75,7343500.0
2007-10-25,12.94,13.26,12.74,13.14,7526400.0
2007-10-26,13.55,13.68,13.07,13.49,3718200.0
2007-10-29,13.53,14.32,13.52,14.09,5027600.0
2007-10-30,14.13,14.18,13.72,13.81,5551900.0
2007-10-31,13.84,14.32,13.81,14.21,5156900.0
2007-11-01,13.93,14.23,13.34,13.43,7846000.0
2007-11-02,13.43,13.57,12.63,13.27,6337700.0
2007-11-05,13.28,13.36,12.64,12.95,6028636.0
2007-11-06,14.94,16.1,14.78,15.32,15781394.0
2007-11-07,14.93,15.43,14.7,14.9,8448949.0
2007-11-08,14.95,16.52,14.95,15.69,10922676.0
2007-11-09,15.33,15.83,15.2,15.36,6603140.0
2007-11-12,15.22,15.77,14.43,14.53,4885460.0
2007-11-13,14.91,15.87,14.44,15.8,6089128.0
2007-11-14,16.03,16.97,15.9,16.18,7286725.0
2007-11-15,16.03,16.04,15.26,15.46,4646814.0
2007-11-16,15.7,16.43,15.59,16.32,7132690.0
2007-11-19,14.93,15.89,14.67,14.82,8924550.0
2007-11-20,14.925,15.335,13.825,14.955,7438848.0
2007-11-21,14.585,14.935,13.605,13.675,5732716.0
2007-11-23,13.835,14.135,13.305,14.135,2336371.0
2007-11-26,14.205,15.045,13.945,13.975,3821278.0
2007-11-27,14.085,15.485,13.875,14.245,4245506.0
2007-11-28,14.445,14.775,13.925,14.515,4564265.0
2007-11-29,14.475,15.225,14.345,14.705,3578995.0
2007-11-30,15.065,15.515,14.595,14.895,4867361.0
2007-12-03,15.145,15.245,14.465,14.645,3446779.0
2007-12-04,14.445,15.835,14.345,15.575,5239566.0
2007-12-05,15.775,15.775,14.895,15.375,4612961.0
2007-12-06,15.365,16.665,15.305,16.425,6206875.0
2007-12-07,16.415,17.545,16.245,17.095,5380853.0
2007-12-10,17.245,17.545,16.885,17.155,3513290.0
2007-12-11,17.135,17.475,15.655,15.815,4976450.0
2007-12-12,16.575,17.525,16.575,17.275,5673278.0
2007-12-13,17.095,17.615,16.365,16.835,3828073.0
2007-12-14,16.775,18.705,16.505,17.615,7725406.0
2007-12-17,17.525,19.145,17.425,18.295,7649563.0
2007-12-18,18.505,19.285,17.825,18.725,6600593.0
2007-12-19,18.745,20.245,18.445,19.925,8467957.0
2007-12-20,20.145,21.915,20.055,21.835,12584098.0
2007-12-21,22.145,22.895,21.435,22.815,11248628.0
2007-12-24,22.825,23.845,22.455,23.535,3318100.0
2007-12-26,23.535,24.535,23.495,24.295,5671939.0
2007-12-27,23.585,24.845,23.565,24.585,6757832.0
2007-12-28,24.485,25.835,24.485,25.635,6023183.0
2007-12-31,25.575,25.875,24.265,24.975,6340316.0
2008-01-02,7.315,7.555,7.145,7.375,4250112.0
2008-01-03,23.965,24.845,23.645,24.275,5944480.0
2008-01-04,23.845,25.335,23.695,24.395,6932261.0
2008-01-07,24.585,24.715,23.745,24.405,8137066.0
2008-01-08,24.695,24.795,23.445,23.565,8630412.0
2008-01-09,23.285,23.805,22.265,23.735,10227625.0
2008-01-10,23.485,23.595,22.855,23.125,9440622.0
2008-01-11,22.805,23.455,21.985,22.185,8905056.0
2008-01-14,22.555,24.515,22.195,23.685,7839217.0
2008-01-15,23.095,23.735,23.085,23.545,10240736.0
2008-01-16,23.045,23.495,20.735,20.915,11797189.0
2008-01-17,20.515,20.895,19.575,19.705,12541659.0
2008-01-18,19.905,20.545,18.255,19.445,9179810.0
2008-01-22,16.655,19.145,16.655,18.735,8746558.0
2008-01-23,17.055,19.535,17.045,19.395,8017673.0
2008-01-24,19.575,21.055,19.395,20.815,6749875.0
2008-01-25,21.235,21.815,20.575,20.655,7167682.0
2008-01-28,20.625,22.035,20.135,21.845,6740895.0
2008-01-29,22.195,22.195,21.305,21.485,5689992.0
2008-01-30,21.225,22.395,21.055,21.535,4862105.0
2008-01-31,21.355,23.025,21.355,22.525,8156906.0
2008-02-01,22.785,24.135,22.165,24.045,6847035.0
2008-02-04,24.545,24.545,21.995,22.745,7867422.0
2008-02-05,22.055,23.415,20.515,20.575,6828746.0
2008-02-06,20.725,21.025,19.645,19.805,4932479.0
2008-02-07,19.495,20.325,18.745,19.855,5181490.0
2008-02-08,19.715,20.825,19.715,19.955,5962345.0
2008-02-11,20.025,21.575,20.025,21.495,6333172.0
2008-02-12,21.835,23.105,21.795,22.125,6105765.0
2008-02-13,22.535,23.115,21.905,22.505,5215690.0
2008-02-14,22.735,23.245,21.835,22.205,4750772.0
2008-02-15,22.055,22.825,21.455,22.805,3524112.0
2008-02-19,23.215,24.445,23.215,24.035,5906258.0
2008-02-20,23.685,24.155,22.925,24.015,4350082.0
2008-02-21,24.265,25.545,23.945,24.095,8828257.0
2008-02-22,24.365,24.365,22.695,23.255,6132525.0
2008-02-25,23.195,23.755,22.875,23.505,5203676.0
2008-02-26,23.375,24.825,23.275,24.595,5103303.0
2008-02-27,24.405,24.555,23.795,23.905,4489022.0
2008-02-28,23.665,25.625,23.665,25.145,6494726.0
2008-02-29,24.975,25.095,23.425,23.775,3945320.0
2008-03-03,23.675,24.745,23.425,24.415,4205686.0
2008-03-04,24.085,24.895,23.815,24.675,5800636.0
2008-03-05,24.425,25.855,24.425,25.255,7164785.0
2008-03-06,25.125,25.555,24.755,24.945,5952658.0
2008-03-07,24.065,24.545,23.425,23.685,4250711.0
2008-03-10,23.635,23.845,21.385,21.565,7357860.0
2008-03-11,21.945,23.235,21.235,23.195,6664905.0
2008-03-12,23.375,23.975,22.645,22.805,4219551.0
2008-03-13,22.225,23.205,21.665,22.955,4163164.0
2008-03-14,23.345,24.185,22.065,22.525,5411026.0
2008-03-17,21.405,22.125,20.465,20.745,7287863.0
2008-03-18,21.445,22.215,21.135,22.195,5463496.0
2008-03-19,22.695,22.695,20.725,20.865,5650745.0
2008-03-20,20.865,20.875,18.665,18.855,12480598.0
2008-03-24,18.975,20.625,18.975,20.465,5741815.0
2008-03-25,20.985,21.675,20.745,21.375,5292380.0
2008-03-26,21.235,21.435,20.715,21.055,2593269.0
2008-03-27,20.055,21.225,19.975,20.615,4505351.0
2008-03-28,20.735,21.675,20.535,20.955,3674934.0
2008-03-31,20.855,20.945,18.945,19.835,7689088.0
2008-04-01,19.735,20.675,19.355,20.595,4876112.0
2008-04-02,20.585,20.975,20.105,20.445,3645012.0
2008-04-03,20.175,20.645,19.685,19.915,6110221.0
2008-04-04,20.175,21.495,20.085,21.205,4425563.0
2008-04-07,21.445,22.205,21.235,21.825,4392434.0
2008-04-08,21.605,22.215,21.315,21.905,2941088.0
2008-04-09,21.845,23.285,21.845,22.295,4604007.0
2008-04-10,22.295,22.395,21.485,21.635,4243582.0
2008-04-11,21.635,22.175,21.395,21.705,2762182.0
2008-04-14,21.605,21.845,21.085,21.625,2034791.0
2008-04-15,21.815,23.065,21.765,22.835,3470501.0
2008-04-16,23.255,24.225,23.245,23.875,4306672.0
2008-04-17,24.115,24.595,23.425,24.215,3558152.0
2008-04-18,24.595,25.565,24.045,25.145,6012320.0
2008-04-21,24.865,27.025,24.695,26.855,6738489.0
2008-04-22,26.605,27.625,25.515,25.955,5782086.0
2008-04-23,26.045,27.005,25.565,26.005,4001256.0
2008-04-24,26.165,26.165,24.265,24.805,6719990.0
2008-04-25,24.985,26.115,24.655,25.985,3298394.0
2008-04-28,25.975,26.145,25.215,26.095,3928051.0
2008-04-29,26.115,26.115,23.485,24.255,8693341.0
2008-04-30,23.535,24.255,22.295,22.735,9756498.0
2008-05-01,22.755,22.755,21.375,21.865,6344732.0
2008-05-02,21.815,23.075,21.815,22.615,3824973.0
2008-05-05,22.875,23.425,22.495,22.765,3875434.0
2008-05-06,22.755,23.495,22.685,23.395,4138749.0
2008-05-07,23.665,23.675,22.265,22.405,4276763.0
2008-05-08,22.655,23.275,22.405,23.235,3926663.0
2008-05-09,22.695,22.805,20.845,21.355,6327406.0
2008-05-12,21.555,22.155,21.355,21.955,2875154.0
2008-05-13,22.115,22.305,21.715,21.995,3789616.0
2008-05-14,22.065,22.445,21.735,21.875,3583507.0
2008-05-15,22.015,22.645,22.005,22.185,4668765.0
2008-05-16,22.185,22.545,21.865,22.155,4867533.0
2008-05-19,22.255,23.305,22.255,22.715,6201777.0
2008-05-20,22.705,23.205,22.435,22.765,3335414.0
2008-05-21,22.925,23.645,22.275,22.505,4721733.0
2008-05-22,22.505,22.825,21.885,22.085,5496691.0
2008-05-23,21.865,22.485,21.825,21.975,6237958.0
2008-05-27,21.915,22.105,20.385,20.755,7490962.0
2008-05-28,19.635,19.715,18.665,18.665,24683823.0
2008-05-29,18.105,18.655,17.875,18.305,29156603.0
2008-05-30,18.615,18.765,18.115,18.505,12478598.0
2008-06-02,18.525,19.085,18.025,18.305,10086122.0
2008-06-03,18.525,18.595,16.865,17.225,12615073.0
2008-06-04,17.195,17.495,16.815,16.915,9676370.0
2008-06-05,16.975,17.345,16.295,17.265,13930508.0
2008-06-06,17.055,17.185,15.955,16.005,9132885.0
2008-06-09,16.175,16.505,15.555,16.355,6780439.0
2008-06-10,16.095,16.205,15.385,15.925,8030285.0
2008-06-11,16.125,16.745,15.675,16.085,11273108.0
2008-06-12,15.135,15.405,12.145,12.325,25577017.0
2008-06-13,11.805,12.305,10.455,11.415,21644803.0
2008-06-16,11.235,11.955,10.965,11.415,10522700.0
2008-06-17,11.515,12.225,11.475,11.925,10260765.0
2008-06-18,11.785,12.435,11.595,11.625,10942798.0
2008-06-19,11.585,12.155,11.585,11.925,6599012.0
2008-06-20,11.615,12.025,11.115,11.475,7801696.0
2008-06-23,12.205,12.905,11.915,12.305,8107374.0
2008-06-24,12.585,12.585,11.855,11.965,7114630.0
2008-06-25,11.835,12.665,11.515,12.135,9474237.0
2008-06-26,11.945,12.175,11.205,11.315,7687063.0
2008-06-27,11.525,12.055,11.055,11.725,6704209.0
2008-06-30,12.145,12.945,11.725,12.555,8384203.0
2008-07-01,12.105,12.295,11.505,12.105,7094368.0
2008-07-02,12.285,12.715,10.965,10.965,6972105.0
2008-07-03,11.165,11.395,9.815,9.975,6425860.0
2008-07-07,10.085,11.115,10.015,10.715,7894174.0
2008-07-08,10.695,10.955,10.085,10.835,5046170.0
2008-07-09,10.935,11.085,10.165,10.305,6182200.0
2008-07-10,10.335,10.555,9.605,10.055,6604489.0
2008-07-11,9.685,10.005,8.945,9.095,9038885.0
2008-07-14,9.425,9.525,8.505,8.605,7965797.0
2008-07-15,8.425,8.425,5.945,7.175,14441992.0
2008-07-16,6.705,7.735,6.325,7.655,8024830.0
2008-07-17,7.805,7.905,7.135,7.445,7344933.0
2008-07-18,7.525,8.865,7.525,8.725,8803898.0
2008-07-21,8.905,9.005,7.995,8.335,5075865.0
2008-07-22,8.105,8.805,7.905,8.775,6016336.0
2008-07-23,8.755,9.125,8.515,8.885,6295296.0
2008-07-24,9.175,9.835,8.585,8.695,7084228.0
2008-07-25,8.525,8.905,8.365,8.465,4130235.0
2008-07-28,8.365,8.585,7.485,7.575,7481436.0
2008-07-29,7.635,7.755,7.055,7.685,7107253.0
2008-07-30,7.755,7.975,7.445,7.785,8662126.0
2008-07-31,7.665,8.195,7.095,7.435,8148350.0
2008-08-01,7.605,7.635,6.965,6.965,3594306.0
2008-08-04,7.075,7.165,6.125,6.205,7291045.0
2008-08-05,6.745,6.745,4.205,4.675,18435984.0
2008-08-06,4.715,6.345,4.305,6.165,13743810.0
2008-08-07,6.045,6.105,4.765,4.835,6951280.0
2008-08-08,5.025,5.365,4.325,5.295,7822628.0
2008-08-11,5.305,5.305,4.975,5.145,6827994.0
2008-08-12,5.145,6.055,4.845,5.715,9402778.0
2008-08-13,5.705,6.215,5.485,5.685,6906879.0
2008-08-14,5.625,5.965,5.265,5.425,4591944.0
2008-08-15,5.345,5.565,4.885,5.005,3840788.0
2008-08-18,5.015,5.525,4.235,4.275,6838890.0
2008-08-19,4.255,4.375,3.335,4.275,8431901.0
2008-08-20,4.285,4.995,3.985,4.995,6741817.0
2008-08-21,5.075,5.535,4.685,5.485,8016994.0
2008-08-22,5.545,5.655,4.955,5.145,4057098.0
2008-08-25,5.065,5.295,4.235,4.345,4443300.0
2008-08-26,4.285,4.685,4.025,4.175,6066549.0
2008-08-27,4.205,4.685,4.155,4.635,3919046.0
2008-08-28,4.735,4.885,4.345,4.865,3935865.0
2008-08-29,4.845,5.295,4.345,4.395,6119190.0
2008-09-02,4.455,4.475,3.795,3.845,7149585.0
2008-09-03,3.825,4.055,3.365,3.475,6023629.0
2008-09-04,3.425,3.775,1.815,1.905,12985920.0
2008-09-05,1.895,2.435,1.075,2.345,12710140.0
2008-09-08,2.825,2.915,1.925,2.355,8478540.0
2008-09-09,2.285,2.555,1.015,1.065,8113264.0
2008-09-10,1.145,1.295,0.445,1.035,9827366.0
2008-09-11,0.915,1.615,0.535,1.545,7338548.0
2008-09-12,1.385,2.985,1.085,2.915,8584828.0
2008-09-15,2.215,2.695,1.505,1.695,5773172.0
2008-09-16,1.335,2.085,0.495,1.935,9678920.0
2008-09-17,1.335,1.655,0.245,0.245,8285267.0
2008-09-18,0.305,0.915,-1.365,0.475,13542599.0
2008-09-19,1.585,2.895,-1.155,2.615,16764753.0
2008-09-22,1.955,2.935,1.955,2.225,8812484.0
2008-09-23,2.235,3.575,2.095,2.835,10836853.0
2008-09-24,3.025,3.155,2.385,2.595,10928757.0
2008-09-25,2.735,2.885,2.035,2.545,9447219.0
2008-09-26,2.225,2.225,1.595,1.815,6449256.0
2008-09-29,1.545,1.805,-0.725,-0.575,8633342.0
2008-09-30,0.115,0.985,-0.695,0.845,8016000.0
2008-10-01,0.685,1.805,0.145,0.345,7257893.0
2008-10-02,-0.055,0.195,-2.955,-2.345,15914474.0
2008-10-03,-2.065,-0.865,-2.595,-2.545,9613427.0
2008-10-06,-3.045,-2.695,-4.515,-2.695,16429939.0
2008-10-07,-2.215,-2.215,-4.125,-4.025,10142855.0
2008-10-08,-4.585,-3.325,-5.855,-4.035,11956656.0
2008-10-09,-3.735,-3.385,-5.775,-5.775,10565317.0
2008-10-10,-6.425,-4.375,-7.535,-5.615,18586411.0
2008-10-13,-4.715,-2.825,-5.315,-2.965,10138722.0
2008-10-14,-1.705,-1.325,-3.315,-2.965,7826348.0
2008-10-15,-3.185,-3.185,-5.185,-4.975,8672165.0
2008-10-16,-3.915,-3.175,-4.755,-3.225,13513161.0
2008-10-17,-2.935,-1.835,-4.265,-2.745,14198159.0
2008-10-20,-2.265,-1.085,-2.415,-1.185,10116153.0
2008-10-21,-1.715,-0.935,-2.015,-1.595,6583203.0
2008-10-22,-1.915,-1.915,-3.675,-3.145,8779228.0
2008-10-23,-2.825,-1.845,-3.955,-2.925,10163102.0
2008-10-24,-4.215,-3.065,-5.065,-3.535,9059404.0
2008-10-27,-3.945,-1.495,-4.155,-3.185,8959227.0
2008-10-28,-2.065,-0.065,-2.605,-0.085,9442714.0
2008-10-29,-0.365,1.755,-0.855,0.355,10334929.0
2008-10-30,1.125,1.725,0.475,1.475,8010009.0
2008-10-31,1.305,1.785,-0.435,-0.335,12480366.0
2008-11-03,-0.065,0.885,-0.335,0.045,6144178.0
2008-11-04,2.885,4.715,2.585,3.265,19284093.0
2008-11-05,3.115,4.765,2.485,2.645,10525492.0
2008-11-06,2.355,2.905,-1.065,-0.775,14596330.0
2008-11-07,-0.075,1.835,-0.175,1.515,8435145.0
2008-11-10,2.535,3.555,2.075,2.505,8149806.0
2008-11-11,2.235,3.755,1.205,3.095,9528807.0
2008-11-12,2.545,3.935,2.435,3.495,9864595.0
2008-11-13,3.985,4.485,2.435,4.205,13687786.0
2008-11-14,3.995,6.175,3.625,4.855,11873415.0
2008-11-17,4.495,5.415,3.525,4.565,7760067.0
2008-11-18,4.685,5.515,3.825,4.855,9482819.0
2008-11-19,4.955,5.255,0.865,1.205,14080770.0
2008-11-20,0.745,3.185,0.095,0.985,14492113.0
2008-11-21,1.755,4.085,1.275,3.895,12228295.0
2008-11-24,4.565,6.285,3.665,5.765,10820236.0
2008-11-25,6.395,6.955,5.365,6.105,10058461.0
2008-11-26,5.355,6.455,4.665,6.225,9031319.0
2008-11-28,5.135,6.465,5.055,6.445,2870624.0
2008-12-01,5.345,5.615,4.605,4.615,8539929.0
2008-12-02,5.045,5.815,4.385,5.185,8699140.0
2008-12-03,3.795,4.375,3.265,4.165,10822802.0
2008-12-04,3.955,5.175,3.325,3.675,7676151.0
2008-12-05,2.715,5.055,2.495,4.895,7745918.0
2008-12-08,5.655,6.305,5.305,5.875,8369488.0
2008-12-09,5.695,6.955,5.165,6.205,7289760.0
2008-12-10,6.645,7.205,6.405,7.115,5439874.0
2008-12-11,7.025,7.905,6.265,6.515,6093764.0
2008-12-12,5.605,5.925,4.925,5.665,6487218.0
2008-12-15,6.055,6.565,5.035,5.375,6230269.0
2008-12-16,5.525,7.775,5.445,7.715,7933786.0
2008-12-17,7.405,8.115,7.065,7.415,6646287.0
2008-12-18,7.615,7.785,6.845,7.205,6295914.0
2008-12-19,7.815,8.035,6.765,7.105,7824480.0
2008-12-22,7.315,8.005,5.865,6.365,5604393.0
2008-12-23,6.415,7.025,5.695,6.135,4672029.0
2008-12-24,6.225,7.035,6.225,6.815,1762125.0
2008-12-26,7.055,7.525,6.965,7.415,2082500.0
2008-12-29,7.705,7.855,7.005,7.765,4467436.0
2008-12-30,7.985,8.145,7.535,7.785,4195908.0
2008-12-31,7.835,8.075,7.665,7.895,4250112.0
2009-01-02,7.995,8.295,7.585,8.255,5817692.0
2009-01-05,7.985,8.565,7.675,8.145,8457661.0
2009-01-06,8.325,8.325,7.265,7.355,13135467.0
2009-01-07,7.115,7.775,6.935,7.405,13275868.0
2009-01-08,7.195,7.375,6.635,6.825,7361123.0
2009-01-09,6.835,7.235,6.735,7.025,7071093.0
2009-01-12,6.565,7.065,5.805,5.965,7366298.0
2009-01-13,5.905,7.145,5.595,6.945,8892444.0
2009-01-14,5.335,5.455,3.145,3.315,15080421.0
2009-01-15,3.645,4.725,3.415,4.365,11835441.0
2009-01-16,4.855,4.945,3.945,4.685,8184015.0
2009-01-20,4.445,5.165,4.105,4.185,9942869.0
2009-01-21,4.685,6.245,4.575,6.185,9023709.0
2009-01-22,5.715,6.705,5.455,5.925,9289049.0
2009-01-23,5.375,6.305,4.745,5.995,7875181.0
2009-01-26,6.115,6.905,6.005,6.565,6900958.0
2009-01-27,6.715,6.995,6.325,6.855,10391303.0
2009-01-28,7.075,7.295,6.795,7.155,8872136.0
2009-01-29,6.255,6.685,5.935,6.495,10723513.0
2009-01-30,6.375,7.035,5.955,6.445,10496506.0
2009-02-02,5.765,6.875,5.575,6.565,11728482.0
2009-02-03,7.415,7.815,5.225,6.715,12462031.0
2009-02-04,6.065,6.165,4.055,4.605,15783796.0
2009-02-05,4.565,5.985,4.495,5.725,10090672.0
2009-02-06,5.695,6.835,5.645,6.675,7194636.0
2009-02-09,6.495,8.325,6.415,8.095,12519990.0
2009-02-10,7.415,8.095,7.165,7.585,13438437.0
2009-02-11,7.715,7.835,6.545,7.055,7815302.0
2009-02-12,6.475,7.635,6.195,7.605,7182653.0
2009-02-13,7.545,8.055,7.315,7.625,4819596.0
2009-02-17,6.955,7.185,6.025,6.265,8224786.0
2009-02-18,6.245,6.985,5.935,6.745,7966305.0
2009-02-19,7.105,7.645,6.705,7.045,5366760.0
2009-02-20,5.665,7.275,5.665,6.885,8139806.0
2009-02-23,7.045,7.375,6.455,6.575,10438230.0
2009-02-24,6.905,7.665,6.595,7.185,8899319.0
2009-02-25,7.055,7.415,6.485,6.745,9862938.0
2009-02-26,7.135,7.375,6.265,6.315,6216717.0
2009-02-27,5.955,6.785,5.845,5.865,7929796.0
2009-03-02,5.515,5.655,4.365,4.445,7366266.0
2009-03-03,4.795,5.205,4.165,4.685,8859882.0
2009-03-04,5.095,6.195,4.885,5.625,7353072.0
2009-03-05,5.015,5.845,4.635,5.115,8452589.0
2009-03-06,5.355,6.305,4.495,5.165,6760202.0
2009-03-09,4.725,5.985,4.435,5.035,5190786.0
2009-03-10,5.455,7.735,5.295,6.705,13940493.0
2009-03-11,6.985,7.425,6.315,6.655,7251738.0
2009-03-12,6.635,7.345,6.325,7.135,7926263.0
2009-03-13,7.325,7.525,6.545,7.015,4788885.0
2009-03-16,7.225,7.985,7.135,7.345,5727201.0
2009-03-17,7.415,7.775,7.025,7.775,4017281.0
2009-03-18,7.525,8.165,7.405,7.705,7460021.0
2009-03-19,8.055,8.055,7.105,7.345,4751879.0
2009-03-20,7.395,7.495,6.565,6.645,5357859.0
2009-03-23,7.225,8.385,6.965,8.365,6823663.0
2009-03-24,7.965,8.675,7.805,8.275,4957686.0
2009-03-25,8.475,8.675,7.325,7.985,5599717.0
2009-03-26,8.215,8.355,7.745,8.145,4530130.0
2009-03-27,7.715,8.035,7.325,7.735,3560174.0
2009-03-30,7.105,7.515,6.205,6.585,5215211.0
2009-03-31,6.625,7.425,6.555,6.985,5085301.0
2009-04-01,6.555,7.645,6.355,7.555,4611054.0
2009-04-02,8.195,8.415,7.735,7.865,4202316.0
2009-04-03,7.835,8.195,7.565,8.105,3645347.0
2009-04-06,7.745,8.175,7.405,7.915,3167059.0
2009-04-07,5.815,6.255,4.655,4.865,9382745.0
2009-04-08,4.925,5.395,4.685,4.985,5807704.0
2009-04-09,5.275,5.585,4.875,5.055,5211277.0
2009-04-13,4.875,6.335,4.495,6.115,8528459.0
2009-04-14,5.795,6.105,4.695,4.735,7850166.0
2009-04-15,4.875,5.275,4.705,5.095,5272848.0
2009-04-16,5.325,5.505,4.905,5.285,6995747.0
2009-04-17,5.325,5.615,5.205,5.385,5593728.0
2009-04-20,4.975,5.165,3.775,3.825,6458310.0
2009-04-21,3.705,4.075,3.475,3.855,6349622.0
2009-04-22,3.705,4.675,3.655,4.185,6382437.0
2009-04-23,4.185,4.185,2.335,2.935,9640204.0
2009-04-24,2.415,3.485,2.355,2.975,5844223.0
2009-04-27,2.545,3.705,2.505,3.405,6917622.0
2009-04-28,3.055,4.015,2.905,3.405,6298782.0
2009-04-29,3.555,3.855,3.165,3.685,4989064.0
2009-04-30,3.895,4.155,3.695,3.825,5468500.0
2009-05-01,3.865,4.795,3.755,4.715,5080526.0
2009-05-04,4.885,5.415,4.225,5.375,6713211.0
2009-05-05,3.705,5.445,2.585,3.045,11489912.0
2009-05-06,3.135,3.575,2.705,3.445,8554368.0
2009-05-07,3.715,4.255,3.455,4.175,8080056.0
2009-05-08,4.235,6.325,4.235,6.175,9849667.0
2009-05-11,5.645,6.005,4.765,4.885,6906307.0
2009-05-12,5.035,5.855,4.715,5.095,5835882.0
2009-05-13,4.755,5.695,3.955,4.055,5451478.0
2009-05-14,4.115,4.545,3.815,4.415,4260598.0
2009-05-15,4.405,4.755,4.215,4.375,4026501.0
2009-05-18,4.675,4.865,3.695,4.135,6878114.0
2009-05-19,4.105,5.385,4.105,5.095,5815780.0
2009-05-20,5.325,6.325,5.235,5.865,8401405.0
2009-05-21,5.545,5.735,4.945,5.195,5173810.0
2009-05-22,5.755,7.445,5.195,6.515,8357948.0
2009-05-26,6.325,6.745,5.815,6.365,5722657.0
2009-05-27,6.205,6.485,5.995,6.045,5270824.0
2009-05-28,5.855,6.685,5.855,6.535,4416205.0
2009-05-29,6.705,6.945,6.385,6.865,4525592.0
2009-06-01,7.215,7.795,7.155,7.735,5535928.0
2009-06-02,7.595,8.315,7.275,7.705,6207473.0
2009-06-03,7.455,7.485,6.755,7.145,4992257.0
2009-06-04,7.175,7.835,7.075,7.725,4554078.0
2009-06-05,7.785,8.035,7.055,7.255,2820832.0
2009-06-08,6.855,7.475,6.855,7.255,3265124.0
2009-06-09,7.415,7.905,7.415,7.595,4014042.0
2009-06-10,7.825,8.345,7.595,8.145,7006224.0
2009-06-11,8.115,8.745,8.115,8.315,5437051.0
2009-06-12,8.185,8.195,7.785,8.055,3115122.0
2009-06-15,7.745,7.945,7.075,7.245,3630324.0
2009-06-16,7.355,7.605,6.355,6.455,4608245.0
2009-06-17,6.265,6.405,5.645,5.915,4137571.0
2009-06-18,6.005,6.745,5.605,6.605,4611255.0
2009-06-19,6.885,7.315,6.595,6.625,6056879.0
2009-06-22,6.385,6.525,5.985,6.095,4481038.0
2009-06-23,6.175,6.175,5.115,5.355,7673929.0
2009-06-24,5.565,6.085,5.395,5.845,4799863.0
2009-06-25,5.845,6.495,5.405,6.325,6001558.0
2009-06-26,6.215,6.395,5.955,6.035,8636482.0
2009-06-29,6.155,6.695,6.055,6.595,4656817.0
2009-06-30,6.645,6.725,5.915,6.115,6613248.0
2009-07-01,6.325,7.275,6.075,6.895,4723640.0
2009-07-02,6.465,6.775,5.885,5.885,3977895.0
2009-07-06,5.615,6.155,5.345,6.095,3514047.0
2009-07-07,5.915,6.805,5.815,6.575,7651758.0
2009-07-08,6.285,6.345,5.605,5.885,5089133.0
2009-07-09,6.305,6.655,5.895,6.375,4408146.0
2009-07-10,6.135,6.505,5.825,6.005,3455434.0
2009-07-13,6.045,6.475,5.745,6.425,4234584.0
2009-07-14,6.515,6.835,6.305,6.605,3927233.0
2009-07-15,6.885,7.475,6.655,7.285,6304324.0
2009-07-16,7.225,7.935,7.225,7.815,4516003.0
2009-07-17,7.875,8.275,7.575,7.975,3689534.0
2009-07-20,8.185,8.485,7.975,8.335,4584595.0
2009-07-21,8.595,9.025,8.185,8.605,4794607.0
2009-07-22,8.335,9.025,7.845,8.815,6954829.0
2009-07-23,8.875,10.485,8.845,10.075,7444161.0
2009-07-24,9.325,10.235,9.325,9.735,4538186.0
2009-07-27,9.915,11.475,9.755,11.285,7805764.0
2009-07-28,10.995,11.085,10.165,10.465,6569747.0
2009-07-29,10.305,10.465,9.855,10.075,5263226.0
2009-07-30,10.395,10.495,9.535,9.565,7372781.0
2009-07-31,9.515,10.245,9.325,9.465,7460291.0
2009-08-03,10.005,10.245,9.535,9.735,5596319.0
2009-08-04,8.245,9.345,7.995,8.155,12221687.0
2009-08-05,7.495,8.145,7.115,8.105,7211880.0
2009-08-06,8.195,8.325,7.705,8.005,4303953.0
2009-08-07,8.365,8.425,7.785,8.045,4295113.0
2009-08-10,7.975,8.125,7.575,8.025,4728786.0
2009-08-11,7.885,8.025,7.645,7.835,4026992.0
2009-08-12,7.995,7.995,7.055,7.325,8928573.0
2009-08-13,7.505,7.845,7.315,7.535,6895064.0
2009-08-14,7.565,7.735,6.925,7.215,4690486.0
2009-08-17,6.785,7.015,6.375,6.395,5043626.0
2009-08-18,6.545,7.095,6.545,6.935,4239249.0
2009-08-19,6.615,7.265,6.615,7.165,4285200.0
2009-08-20,7.125,7.525,7.125,7.455,2935807.0
2009-08-21,7.605,8.235,7.555,8.155,4047271.0
2009-08-24,8.285,8.985,7.685,7.875,5927904.0
2009-08-25,7.855,8.115,7.185,7.225,5804200.0
2009-08-26,7.115,7.665,7.055,7.385,7200210.0
2009-08-27,7.235,7.815,7.085,7.695,4146073.0
2009-08-28,8.025,8.465,7.815,8.105,6280760.0
2009-08-31,7.885,8.375,7.625,8.315,5644688.0
2009-09-01,8.155,8.535,7.415,7.515,5139542.0
2009-09-02,7.455,7.655,7.005,7.045,5598572.0
2009-09-03,7.225,7.555,6.995,7.505,4404845.0
2009-09-04,7.435,8.395,7.385,8.395,5462632.0
2009-09-08,8.525,8.785,7.935,8.225,5671802.0
2009-09-09,8.275,8.405,7.935,8.185,4001798.0
2009-09-10,7.985,8.525,7.795,8.495,3931018.0
2009-09-11,8.315,8.795,8.315,8.505,3768433.0
2009-09-14,8.205,8.445,8.045,8.135,3865250.0
2009-09-15,8.165,8.755,7.905,8.645,5289103.0
2009-09-16,8.275,8.405,7.935,8.185,4001798.0
2009-09-17,8.275,8.405,7.935,8.185,4001798.0
2009-09-18,8.275,8.405,7.935,8.185,4001798.0
2009-09-21,8.235,8.455,7.725,8.335,5039687.0
2009-09-22,8.465,8.485,8.085,8.385,3011207.0
2009-09-23,8.505,8.505,7.975,8.005,3392024.0
2009-09-24,8.035,8.185,7.375,7.455,4236064.0
2009-09-25,7.475,7.495,6.845,6.905,2436873.0
2009-09-28,7.475,7.495,6.845,6.905,2436873.0
2009-09-29,7.255,7.815,7.075,7.685,5616688.0
2009-09-30,8.375,8.785,8.025,8.705,9963859.0
2009-10-01,8.535,8.695,8.165,8.345,5212203.0
2009-10-02,8.205,8.265,7.145,7.915,3854352.0
2009-10-05,7.905,8.275,7.365,8.245,4112930.0
2009-10-06,8.375,8.985,8.325,8.955,5410252.0
2009-10-07,8.905,8.985,8.605,8.985,2886666.0
2009-10-08,9.115,9.305,8.795,9.205,4154277.0
2009-10-09,9.175,9.375,8.745,9.225,3182480.0
2009-10-12,9.245,9.485,9.155,9.335,2668507.0
2009-10-13,9.175,9.475,8.895,9.435,3419616.0
2009-10-14,9.575,9.665,9.365,9.395,4355877.0
2009-10-15,9.235,9.545,9.025,9.145,5293174.0
2009-10-16,8.985,9.635,8.515,9.475,5641607.0
2009-10-19,9.565,10.315,9.435,10.175,4018585.0
2009-10-20,10.155,10.405,9.785,10.095,5280813.0
2009-10-21,9.955,11.115,9.955,10.835,6148974.0
2009-10-22,10.805,10.815,10.015,10.565,5258294.0
2009-10-23,10.635,10.815,9.825,10.145,3857643.0
2009-10-26,10.115,10.645,9.795,9.865,4119869.0
2009-10-27,10.045,10.525,9.415,9.585,4120986.0
2009-10-28,9.195,9.965,9.065,9.065,4180018.0
2009-10-29,9.255,10.415,9.255,10.405,5079731.0
2009-10-30,10.285,10.445,9.185,9.605,6755960.0
2009-11-02,9.635,10.475,9.615,9.965,4164505.0
2009-11-03,10.635,11.815,10.485,11.375,8472033.0
2009-11-04,11.425,12.105,11.175,11.665,5321267.0
2009-11-05,11.765,12.225,11.765,11.885,4399783.0
2009-11-06,11.645,12.135,11.535,11.855,3860114.0
2009-11-09,12.115,12.425,11.755,11.825,5007316.0
2009-11-10,11.785,12.485,11.725,12.165,4421032.0
2009-11-11,12.275,12.345,11.445,11.575,4782599.0
2009-11-12,11.595,12.085,11.555,11.765,4393644.0
2009-11-13,11.755,12.135,11.665,12.065,3006844.0
2009-11-16,12.185,12.455,11.395,11.405,5472377.0
2009-11-17,11.435,11.975,11.265,11.795,4011064.0
2009-11-18,11.865,12.175,11.545,11.545,3776171.0
2009-11-19,11.405,11.565,10.975,11.185,3943046.0
2009-11-20,11.055,11.375,10.885,11.275,2860068.0
2009-11-23,11.545,11.795,11.395,11.455,3406046.0
2009-11-24,11.475,11.675,10.825,10.835,3328671.0
2009-11-25,10.975,11.155,10.855,11.015,2121342.0
2009-11-27,10.135,10.485,9.775,10.275,2703406.0
2009-11-30,10.135,10.405,9.655,10.405,3745053.0
2009-12-01,10.875,11.585,10.705,11.305,5598752.0
2009-12-02,10.625,11.555,10.525,11.205,3066808.0
2009-12-03,11.195,11.445,10.895,11.025,2802121.0
2009-12-04,11.275,11.605,10.815,11.135,3558750.0
2009-12-07,11.135,11.315,10.625,10.725,2883198.0
2009-12-08,10.415,10.665,10.035,10.475,4665584.0
2009-12-09,10.345,10.475,9.935,10.125,3062070.0
2009-12-10,10.185,10.605,9.815,10.115,3818439.0
2009-12-11,10.335,10.655,10.025,10.185,3583013.0
2009-12-14,10.325,10.435,9.535,9.785,4872386.0
2009-12-15,9.945,10.625,9.825,10.195,4016790.0
2009-12-16,10.655,11.325,10.345,10.915,3985528.0
2009-12-17,10.675,10.855,10.125,10.235,2986843.0
2009-12-18,10.475,10.475,9.855,10.045,3497723.0
2009-12-21,10.375,10.865,10.325,10.365,2704533.0
2009-12-22,10.485,10.755,10.295,10.405,2204681.0
2009-12-23,10.445,11.095,10.425,10.945,2273079.0
2009-12-24,11.055,11.305,10.895,11.195,1025237.0
2009-12-28,11.185,11.375,11.065,11.215,1256542.0
2009-12-29,11.275,11.515,11.105,11.265,1636752.0
2009-12-30,11.055,11.385,10.875,11.315,1411290.0
2009-12-31,11.335,11.465,11.025,11.055,1250398.0
2010-01-04,11.105,11.465,10.955,11.045,2834966.0
2010-01-05,11.175,11.395,11.025,11.235,2783141.0
2010-01-06,11.225,11.515,11.055,11.115,3123710.0
2010-01-07,11.175,11.325,10.675,10.815,6439105.0
2010-01-08,10.745,10.815,10.145,10.415,5155631.0
2010-01-11,10.595,10.945,10.225,10.585,4222406.0
2010-01-12,10.305,10.485,9.945,10.075,2834131.0
2010-01-13,10.265,10.455,10.005,10.275,2830228.0
2010-01-14,10.205,10.595,10.125,10.295,2223175.0
2010-01-15,10.395,10.595,9.925,10.185,2967755.0
2010-01-19,10.125,10.505,10.055,10.165,2890312.0
2010-01-20,10.655,10.815,10.275,10.565,6796445.0
2010-01-21,10.565,10.605,10.035,10.085,6336991.0
2010-01-22,9.955,10.525,9.695,10.195,5333526.0
2010-01-25,10.335,10.335,9.325,9.375,5468065.0
2010-01-26,9.275,9.395,9.155,9.275,4000830.0
2010-01-27,9.235,9.515,9.145,9.355,4680022.0
2010-01-28,9.415,9.815,9.375,9.635,6460228.0
2010-01-29,9.745,9.935,9.275,9.605,5292910.0
2010-02-01,9.695,9.805,9.275,9.665,4763197.0
2010-02-04,10.525,10.595,9.655,9.685,6900139.0
2010-02-05,9.925,10.455,9.705,10.235,7456422.0
2010-02-08,10.235,10.365,9.475,9.515,6586156.0
2010-02-09,9.785,9.905,9.195,9.535,8227378.0
2010-02-10,9.585,9.735,9.375,9.615,4787023.0
2010-02-11,9.505,9.995,9.125,9.655,5737353.0
2010-02-12,9.305,9.555,9.085,9.395,5090854.0
2010-02-16,9.665,9.775,9.025,9.255,7347939.0
2010-02-17,9.395,9.665,9.335,9.655,4578680.0
2010-02-18,9.495,9.815,9.455,9.745,3678353.0
2010-02-19,9.635,9.825,9.355,9.725,3897498.0
2010-02-22,9.605,9.825,9.425,9.585,3581195.0
2010-02-23,9.585,9.595,9.235,9.395,5805737.0
2010-02-24,9.395,9.635,9.205,9.345,4562819.0
2010-02-25,8.975,9.245,8.855,9.245,4675311.0
2010-02-26,9.275,9.345,8.925,9.135,3477283.0
2010-03-01,9.265,9.525,9.215,9.435,2723368.0
2010-03-02,9.505,10.025,9.435,9.625,4422199.0
2010-03-03,9.765,9.835,9.435,9.555,3891050.0
2010-03-04,9.615,9.785,9.445,9.775,3472647.0
2010-03-05,9.775,10.475,9.735,10.395,4939140.0
2010-03-08,10.445,10.575,10.115,10.345,2760870.0
2010-03-09,10.245,10.455,10.165,10.285,4475857.0
2010-03-10,10.335,10.405,9.835,10.015,4428785.0
2010-03-11,9.845,9.945,9.105,9.215,8520529.0
2010-03-12,9.515,9.535,8.335,8.435,7688373.0
2010-03-15,8.555,8.605,8.225,8.385,4943865.0
2010-03-16,8.765,8.765,8.085,8.365,4808542.0
2010-03-17,8.375,8.875,8.315,8.875,5374715.0
2010-03-18,8.955,9.025,8.585,9.015,5874087.0
2010-03-19,9.015,9.175,8.405,8.865,6951939.0
2010-03-22,8.655,9.105,8.535,9.105,4070613.0
2010-03-23,9.055,9.135,8.745,9.095,4818206.0
2010-03-24,8.965,8.965,7.895,8.275,8886074.0
2010-03-25,8.435,8.515,8.015,8.035,6052956.0
2010-03-26,8.225,8.335,7.835,8.195,6430212.0
2010-03-29,8.855,8.905,8.465,8.805,7412430.0
2010-03-30,8.775,8.865,8.415,8.705,5522716.0
2010-03-31,8.685,8.795,8.295,8.675,4655596.0
2010-04-01,8.745,8.975,8.665,8.885,3726056.0
2010-04-05,9.035,9.035,8.095,8.235,7334153.0
2010-04-06,8.235,8.255,7.895,8.005,7643897.0
2010-04-07,7.885,8.115,7.805,8.025,6386557.0
2010-04-08,7.905,8.065,7.745,7.835,6438317.0
2010-04-09,7.865,8.075,7.815,8.035,4126434.0
2010-04-12,7.845,8.145,7.825,8.145,3865999.0
2010-04-13,8.135,8.275,7.805,7.955,4786707.0
2010-04-14,8.135,8.135,7.855,8.085,6167645.0
2010-04-19,7.965,8.175,7.825,8.035,3596362.0
2010-04-20,8.085,8.795,7.965,8.695,7683106.0
2010-04-21,8.775,8.875,8.425,8.545,5123072.0
2010-04-22,8.405,8.405,8.035,8.235,4966391.0
2010-04-23,8.205,8.295,7.975,8.275,4034428.0
2010-04-26,8.365,8.475,8.165,8.215,3819056.0
2010-04-27,8.055,8.275,7.625,7.655,6724864.0
2010-04-28,7.725,7.935,7.655,7.785,7609305.0
2010-04-29,7.965,8.085,7.745,7.895,8896315.0
2010-04-30,7.965,8.155,7.705,7.715,6924878.0
2010-05-03,8.005,8.025,7.425,7.495,8665467.0
2010-05-04,7.315,7.425,5.805,5.995,16167477.0
2010-05-05,5.965,6.405,5.535,6.225,11066580.0
2010-05-06,6.135,6.205,4.545,5.475,9225592.0
2010-05-07,5.665,6.045,5.335,5.715,11861356.0
2010-05-10,6.465,6.635,6.155,6.385,6170078.0
2010-05-11,6.235,6.975,6.025,6.795,7629187.0
2010-05-12,6.805,7.325,6.695,7.275,5962863.0
2010-05-13,7.175,7.355,6.765,6.925,4560205.0
2010-05-14,6.775,6.895,6.445,6.545,4800521.0
2010-05-17,6.615,7.015,6.385,6.945,5934947.0
2010-05-18,7.175,7.345,6.615,6.635,5305905.0
2010-05-19,6.525,6.715,6.325,6.595,4367949.0
2010-05-20,6.095,6.095,5.275,5.305,8073004.0
2010-05-21,4.795,5.555,4.775,5.335,7830000.0
2010-05-24,5.205,5.205,4.835,4.845,6152114.0
2010-05-25,4.445,4.655,4.145,4.625,8623000.0
2010-05-26,4.825,4.995,4.645,4.795,9436310.0
2010-05-27,5.005,5.365,4.905,5.355,5363325.0
2010-05-28,5.345,5.475,5.125,5.195,6349578.0
2010-06-01,4.975,5.405,4.745,4.925,4612031.0
2010-06-02,5.045,5.495,4.945,5.485,4959754.0
2010-06-03,5.465,5.545,5.265,5.455,2960549.0
2010-06-04,5.175,5.225,4.725,4.745,5935167.0
2010-06-07,4.725,4.925,4.425,4.435,4026879.0
2010-06-08,4.505,4.825,4.345,4.815,4769186.0
2010-06-09,4.975,5.365,4.765,4.855,4731723.0
2010-06-10,5.165,5.555,5.015,5.315,4318285.0
2010-06-11,5.115,5.585,4.935,5.565,4325808.0
2010-06-14,5.665,5.835,5.535,5.575,3197520.0
2010-06-15,5.785,6.645,5.725,6.635,6194645.0
2010-06-16,6.465,6.705,6.385,6.705,5829387.0
2010-06-17,6.785,7.585,6.775,7.435,12109148.0
2010-06-18,7.395,7.555,7.095,7.115,6744214.0
2010-06-21,7.415,7.505,6.915,7.085,5118513.0
2010-06-22,7.065,7.065,6.515,6.575,5974135.0
2010-06-23,6.365,7.115,6.365,6.915,4927706.0
2010-06-24,6.785,7.025,6.205,6.385,7517549.0
2010-06-25,6.395,6.535,6.195,6.265,9209814.0
2010-06-28,6.265,6.795,6.205,6.575,4228259.0
2010-06-29,6.215,6.405,5.815,5.935,7408991.0
2010-06-30,5.955,6.035,5.595,5.745,6584485.0
2010-07-01,5.955,6.115,5.435,5.685,5300924.0
2010-07-02,5.725,5.865,4.945,5.425,6209715.0
2010-07-06,5.645,5.985,5.505,5.705,4475380.0
2010-07-07,5.865,6.305,5.685,6.265,5591322.0
2010-07-08,6.555,6.685,6.405,6.635,3929679.0
2010-07-09,6.635,6.725,6.135,6.645,4767900.0
2010-07-12,6.535,6.645,6.415,6.605,2721939.0
2010-07-13,6.795,7.175,6.725,6.905,4663419.0
2010-07-14,6.765,7.045,6.605,6.825,3173758.0
2010-07-15,6.565,6.915,6.465,6.795,3616433.0
2010-07-16,6.975,7.425,6.655,6.665,7020880.0
2010-07-19,6.875,6.875,6.525,6.705,3728608.0
2010-07-20,6.525,7.345,6.495,7.305,3604775.0
2010-07-21,7.365,7.365,6.865,7.015,4337008.0
2010-07-22,7.135,7.635,7.135,7.375,3846382.0
2010-07-23,7.385,7.635,7.255,7.555,5187827.0
2010-07-26,7.525,7.905,7.515,7.725,3825397.0
2010-07-27,7.885,8.135,7.705,7.765,5460251.0
2010-07-28,7.795,7.915,7.525,7.585,3528332.0
2010-07-29,7.205,7.375,6.765,6.925,11574929.0
2010-07-30,6.825,7.465,6.425,7.285,6619303.0
2010-08-02,7.565,8.315,7.505,8.245,7383203.0
2010-08-03,8.525,9.095,8.335,8.415,7165373.0
2010-08-04,8.435,8.675,8.185,8.535,4531415.0
2010-08-05,8.685,10.325,8.685,10.175,17121530.0
2010-08-06,10.335,10.905,9.895,10.105,12834544.0
2010-08-09,10.025,10.565,9.755,10.555,6570719.0
2010-08-10,10.185,10.715,10.165,10.565,4469025.0
2010-08-11,9.955,10.215,9.715,9.765,5150813.0
2010-08-12,9.575,10.545,9.515,10.525,6260001.0
2010-08-13,10.515,10.705,9.915,9.975,6022112.0
2010-08-16,9.815,10.155,9.615,9.965,5064069.0
2010-08-17,10.495,11.035,10.145,10.855,6141770.0
2010-08-18,11.075,11.165,10.655,10.785,4686086.0
2010-08-19,10.845,10.935,10.295,10.305,5349915.0
2010-08-20,10.245,10.805,10.205,10.595,5688566.0
2010-08-23,10.845,11.075,10.385,10.405,3919910.0
2010-08-24,10.025,10.175,9.835,9.955,4459947.0
2010-08-25,9.825,10.205,9.715,10.185,6268301.0
2010-08-26,10.295,10.505,10.005,10.045,4510623.0
2010-08-27,10.275,10.715,9.935,10.605,5992882.0
2010-08-30,10.555,10.975,10.235,10.625,3556974.0
2010-08-31,10.595,10.965,10.405,10.885,6718671.0
2010-09-01,11.325,12.015,11.235,11.425,5866599.0
2010-09-02,11.415,11.745,11.315,11.615,3858569.0
2010-09-03,11.895,12.075,11.655,12.075,4176786.0
2010-09-07,11.905,12.075,11.445,11.465,4761886.0
2010-09-08,11.475,12.275,11.475,12.025,5094886.0
2010-09-09,12.265,12.265,11.775,11.925,4105699.0
2010-09-10,12.405,12.815,12.295,12.795,6107063.0
2010-09-13,12.915,13.225,12.755,12.755,5293801.0
2010-09-14,12.685,12.765,12.225,12.235,5706851.0
2010-09-15,12.245,12.655,12.175,12.615,4172511.0
2010-09-16,12.375,13.395,12.275,13.285,7676253.0
2010-09-17,13.465,13.525,12.445,12.455,8972907.0
2010-09-20,12.675,13.075,12.475,13.025,3586743.0
2010-09-21,13.325,13.385,12.695,12.925,4283289.0
2010-09-22,13.035,13.625,12.995,13.465,5168827.0
2010-09-23,13.145,13.345,12.825,13.085,3760196.0
2010-09-24,13.345,13.425,12.085,12.345,10317391.0
2010-09-27,12.525,12.835,12.335,12.715,6677778.0
2010-09-28,12.845,12.995,12.355,12.965,3827672.0
2010-09-29,12.935,13.045,12.605,12.645,3575145.0
2010-09-30,12.755,12.875,11.825,11.995,7175234.0
2010-10-01,11.965,12.015,11.435,11.995,6611827.0
2010-10-04,12.005,12.115,11.515,11.685,5047856.0
2010-10-05,11.875,12.525,11.865,12.455,4561103.0
2010-10-06,12.495,12.725,12.295,12.375,3852460.0
2010-10-07,12.975,13.555,12.975,13.525,819757.0
2010-10-08,12.975,13.575,12.925,12.935,7192558.0
2010-10-11,12.705,12.815,12.235,12.635,5116737.0
2010-10-12,12.525,12.865,12.275,12.785,3591847.0
2010-10-13,12.525,12.865,12.275,12.785,3591847.0
2010-10-14,12.525,12.865,12.275,12.785,3591847.0
2010-10-15,13.575,13.575,13.045,13.345,4585521.0
2010-10-18,13.415,13.685,13.155,13.655,4047508.0
2010-10-19,13.425,13.425,12.915,13.035,3922205.0
2010-10-20,13.145,13.635,13.095,13.505,5428957.0
2010-10-21,13.525,13.795,13.325,13.505,2673564.0
2010-10-22,13.495,13.775,13.275,13.615,2314104.0
2010-10-25,13.785,14.105,13.695,13.785,3483008.0
2010-10-26,13.615,13.755,13.225,13.445,3687556.0
2010-10-27,13.215,13.305,12.785,13.295,3799115.0
2010-10-28,13.665,13.935,13.245,13.525,3062081.0
2010-10-29,13.205,13.485,12.575,13.395,9133307.0
2010-11-01,13.505,13.955,13.355,13.465,5321420.0
2010-11-02,12.165,12.335,10.575,11.265,19739933.0
2010-11-03,11.305,11.325,10.785,11.125,7958430.0
2010-11-04,11.445,11.695,10.845,11.635,9708158.0
2010-11-05,11.995,12.075,11.295,11.425,4751576.0
2010-11-08,11.375,11.375,11.095,11.265,3343775.0
2010-11-09,11.235,11.255,10.755,10.925,6044886.0
2010-11-10,10.895,10.955,10.625,10.855,4043783.0
2010-11-11,10.605,10.795,10.575,10.755,4027154.0
2010-11-12,10.685,10.685,10.115,10.305,5436514.0
2010-11-15,10.425,10.585,10.215,10.265,3920912.0
2010-11-16,10.195,10.415,9.595,9.805,5346371.0
2010-11-17,9.755,10.035,9.585,9.745,4968754.0
2010-11-18,10.055,10.245,9.765,10.015,3895845.0
2010-11-19,10.045,10.095,9.845,9.885,4068964.0
2010-11-22,9.825,10.025,9.715,9.895,3840339.0
2010-11-23,9.685,9.745,9.235,9.315,5329262.0
2010-11-24,9.545,9.705,9.345,9.705,3450118.0
2010-11-26,9.495,9.825,9.415,9.435,2051210.0
2010-11-29,9.135,9.325,8.755,9.105,6236416.0
2010-11-30,8.905,9.435,8.755,9.215,5570248.0
2010-12-01,9.585,9.735,9.225,9.715,4766309.0
2010-12-02,9.545,10.345,9.475,10.345,6623361.0
2010-12-03,10.235,10.755,10.085,10.615,6136891.0
2010-12-06,10.605,10.655,10.235,10.375,4369612.0
2010-12-07,10.355,10.575,10.035,10.035,1097383.0
2010-12-08,10.355,10.575,10.025,10.175,5013361.0
2010-12-09,10.395,10.715,10.325,10.665,7553151.0
2010-12-10,10.775,11.325,10.625,11.295,7577739.0
2010-12-13,11.515,11.705,10.855,10.915,5862225.0
2010-12-14,10.905,11.005,10.685,10.785,3679957.0
2010-12-15,10.725,10.865,10.405,10.445,4284603.0
2010-12-16,10.415,10.725,10.365,10.575,3325301.0
2010-12-17,10.435,10.575,10.145,10.255,6355997.0
2010-12-20,10.465,10.575,10.285,10.475,3848630.0
2010-12-21,10.585,10.875,10.305,10.375,4246393.0
2010-12-22,10.425,10.905,10.155,10.815,5802687.0
2010-12-23,10.725,10.835,10.385,10.435,4456990.0
2010-12-27,10.435,10.585,10.235,10.315,2761041.0
2010-12-28,10.405,10.475,9.865,10.005,4966984.0
2010-12-29,10.005,10.175,9.875,9.975,5764727.0
2010-12-30,9.975,10.215,9.895,10.125,3810003.0
2010-12-31,10.105,10.385,9.975,10.305,2843670.0
2011-01-03,10.615,10.775,10.355,10.625,5088780.0
2011-01-04,10.665,11.095,10.515,10.605,8156434.0
2011-01-05,10.725,11.115,10.575,10.745,5471046.0
2011-01-06,11.295,12.105,11.275,11.915,12027611.0
2011-01-07,12.175,12.255,11.585,12.175,8929306.0
2011-01-10,11.835,12.505,11.835,12.315,6286418.0
2011-01-11,12.445,12.595,12.265,12.435,4652149.0
2011-01-12,12.645,13.005,12.535,12.785,6275941.0
2011-01-13,12.975,13.485,12.865,13.455,6993628.0
2011-01-14,13.695,13.735,13.265,13.735,4814025.0
2011-01-18,13.895,14.725,13.825,13.945,7756241.0
2011-01-19,14.535,14.805,13.925,14.155,9544477.0
2011-01-20,13.975,14.095,12.455,13.615,10937510.0
2011-01-21,13.905,14.185,13.515,13.675,6257377.0
2011-01-24,13.635,13.855,13.505,13.645,4430597.0
2011-01-25,13.955,14.055,13.445,13.645,4876993.0
2011-01-26,13.955,14.055,13.445,13.645,4849977.0
2011-01-27,13.835,13.985,13.455,13.655,4944486.0
2011-01-28,13.805,13.925,12.865,12.985,5747875.0
2011-01-31,13.335,13.525,12.855,12.895,7451088.0
2011-02-01,15.075,15.425,14.655,14.925,19481719.0
2011-02-02,15.095,15.625,14.985,15.555,13230723.0
2011-02-03,15.485,15.825,15.035,15.675,6686693.0
2011-02-04,15.835,16.315,15.435,16.315,6951180.0
2011-02-07,16.375,16.515,16.135,16.175,6819551.0
2011-02-08,16.235,16.315,15.855,16.305,6228445.0
2011-02-09,16.405,16.725,15.905,16.245,6117054.0
2011-02-10,16.185,16.415,15.275,15.675,9225864.0
2011-02-11,15.605,16.485,15.425,16.445,8721101.0
2011-02-14,16.355,16.955,16.355,16.875,6185647.0
2011-02-15,16.965,16.985,16.525,16.845,7965174.0
2011-02-16,17.425,17.695,17.065,17.505,7070503.0
2011-02-17,17.275,17.875,16.975,17.865,5166056.0
2011-02-18,17.795,18.345,17.485,18.035,6852099.0
2011-02-22,17.615,18.405,17.285,17.365,7165187.0
2011-02-23,17.255,17.335,15.855,16.255,10403216.0
2011-02-24,16.335,16.945,16.335,16.815,7202951.0
2011-02-25,16.945,17.415,16.945,17.265,4536317.0
2011-02-28,17.445,18.015,17.415,17.565,5594275.0
2011-03-01,17.885,17.995,16.975,17.005,4872288.0
2011-03-02,16.755,17.355,16.625,17.155,4650575.0
2011-03-03,17.345,17.735,17.325,17.675,3455374.0
2011-03-04,17.875,18.095,17.135,17.335,5196441.0
2011-03-07,17.425,17.525,16.885,17.125,5788756.0
2011-03-08,17.255,17.475,17.085,17.375,4268338.0
2011-03-09,17.355,17.355,16.845,16.985,5748468.0
2011-03-10,16.555,16.855,15.835,15.835,7077624.0
2011-03-11,15.735,16.665,15.545,16.475,4779317.0
2011-03-14,16.055,16.565,15.765,16.185,4226772.0
2011-03-15,15.285,16.075,15.085,15.885,5087897.0
2011-03-16,15.765,15.785,14.505,14.825,7528849.0
2011-03-17,15.685,15.735,15.055,15.135,4720257.0
2011-03-18,15.545,15.675,15.195,15.345,5148592.0
2011-03-21,15.715,16.355,15.555,16.265,5080946.0
2011-03-22,16.515,16.635,16.125,16.425,5966224.0
2011-03-23,16.405,16.655,16.295,16.495,4422920.0
2011-03-24,16.495,16.755,16.175,16.455,4398323.0
2011-03-25,15.975,16.135,15.505,15.685,8156757.0
2011-03-28,15.815,16.185,15.675,15.735,3343828.0
2011-03-29,15.615,16.105,15.605,16.105,3251544.0
2011-03-30,16.345,16.505,16.085,16.325,3525443.0
2011-03-31,16.405,16.945,16.285,16.395,6955792.0
2011-04-01,17.065,17.135,16.485,16.865,4870381.0
2011-04-04,17.285,17.285,16.865,17.105,3784234.0
2011-04-05,17.145,17.535,16.975,17.405,4761741.0
2011-04-06,17.465,17.545,16.855,16.945,5773872.0
2011-04-07,16.895,17.015,16.525,16.855,3813311.0
2011-04-08,16.705,16.735,15.605,15.655,6771970.0
2011-04-11,15.825,16.215,15.775,15.955,3908439.0
2011-04-12,15.765,16.045,15.735,15.925,3799222.0
2011-04-13,15.985,16.155,15.495,15.525,3753419.0
2011-04-14,15.565,15.695,15.355,15.425,4165314.0
2011-04-15,15.565,15.745,15.195,15.215,5400561.0
2011-04-18,14.825,15.075,14.595,14.835,5033953.0
2011-04-19,14.855,15.365,14.775,15.345,4974155.0
2011-04-20,15.805,16.235,15.755,16.195,4502983.0
2011-04-21,16.325,16.485,16.175,16.435,2837319.0
2011-04-25,16.465,16.465,15.925,16.075,2630627.0
2011-04-26,16.315,16.785,16.135,16.735,3648352.0
2011-04-27,16.795,16.815,16.155,16.695,4354998.0
2011-04-28,16.745,17.025,16.385,16.725,4103614.0
2011-04-29,17.025,17.475,16.685,17.405,5560779.0
2011-05-02,17.665,17.665,17.245,17.385,6772822.0
2011-05-03,16.505,16.535,14.835,14.895,13432508.0
2011-05-04,15.195,15.455,14.785,15.105,9834141.0
2011-05-05,14.915,15.045,14.405,14.465,8992097.0
2011-05-06,14.695,14.825,14.095,14.355,5732364.0
2011-05-09,14.515,14.575,14.245,14.495,4649627.0
2011-05-10,14.115,14.305,13.455,13.795,11518969.0
2011-05-11,12.765,13.625,12.735,12.965,11057798.0
2011-05-12,13.025,13.035,12.415,12.685,9555644.0
2011-05-13,12.635,12.855,12.485,12.585,8575238.0
2011-05-16,12.565,12.695,12.385,12.395,5698614.0
2011-05-17,12.415,12.525,12.205,12.355,6810916.0
2011-05-18,12.365,12.515,12.195,12.305,8017106.0
2011-05-19,12.445,12.445,11.655,12.035,11245201.0
2011-05-20,12.005,12.105,11.645,11.805,6394346.0
2011-05-23,11.485,11.685,11.325,11.515,7390987.0
2011-05-24,11.695,11.815,11.495,11.505,4257196.0
2011-05-25,11.375,11.735,11.265,11.575,5517866.0
2011-05-26,11.675,12.065,11.495,11.885,5911426.0
2011-05-27,12.205,12.825,12.145,12.755,7077459.0
2011-05-31,13.895,13.895,12.655,12.955,6856846.0
2011-06-01,13.035,13.065,11.565,11.655,9140970.0
2011-06-02,11.405,11.715,11.195,11.405,6990900.0
2011-06-03,10.905,11.205,10.815,10.935,6364657.0
2011-06-06,10.875,11.085,10.755,10.805,6112646.0
2011-06-07,11.015,11.015,10.625,10.675,6861641.0
2011-06-08,10.565,10.635,10.195,10.295,14949556.0
2011-06-09,10.365,10.775,10.145,10.635,6806670.0
2011-06-10,10.545,10.585,10.075,10.085,4527341.0
2011-06-13,10.355,10.465,10.065,10.345,5752576.0
2011-06-14,10.565,10.835,10.425,10.835,6580993.0
2011-06-15,10.595,10.605,10.005,10.125,5536743.0
2011-06-16,10.215,10.465,9.525,10.065,9941466.0
2011-06-17,10.405,10.745,10.295,10.715,9946988.0
2011-06-20,10.585,11.205,10.425,10.985,5849842.0
2011-06-21,11.335,11.465,11.045,11.115,5380381.0
2011-06-22,11.005,11.275,10.815,10.845,3664845.0
2011-06-23,10.465,10.495,9.845,10.055,7750568.0
2011-06-24,10.105,10.245,9.845,9.845,6820139.0
2011-06-27,10.065,10.285,9.955,10.165,4264607.0
2011-06-28,10.325,10.325,10.015,10.145,4301810.0
2011-06-29,10.405,10.925,10.205,10.855,4755415.0
2011-06-30,10.895,10.985,10.535,10.695,6464601.0
2011-07-01,10.975,11.435,10.635,11.375,4919086.0
2011-07-05,11.425,11.575,11.045,11.555,5727722.0
2011-07-06,11.455,11.545,10.995,11.295,4494189.0
2011-07-07,11.665,11.665,10.925,10.995,7498900.0
2011-07-08,10.995,11.605,10.855,11.585,10766108.0
2011-07-11,11.315,11.385,10.925,11.055,4778178.0
2011-07-12,10.935,11.545,10.935,11.335,5797390.0
2011-07-13,11.475,11.675,10.965,10.985,6545399.0
2011-07-14,11.115,11.335,10.355,10.435,6927186.0
2011-07-15,10.485,10.885,10.485,10.845,4699920.0
2011-07-18,10.635,10.745,10.075,10.175,5649927.0
2011-07-19,10.255,11.175,10.145,11.105,4832503.0
2011-07-20,11.415,12.105,11.265,11.845,7428274.0
2011-07-21,12.295,12.955,12.025,12.815,6979076.0
2011-07-22,12.905,12.925,12.275,12.665,4013642.0
2011-07-25,12.385,12.615,12.215,12.375,3761433.0
2011-07-26,12.445,12.595,12.055,12.145,4214708.0
2011-07-27,12.015,12.135,11.375,11.555,5362536.0
2011-07-28,11.595,11.905,11.165,11.355,5605264.0
2011-07-29,11.055,11.695,10.915,10.925,6866007.0
2011-08-01,11.455,11.495,10.645,11.025,6078991.0
2011-08-02,9.845,10.085,9.135,9.145,14206612.0
2011-08-03,9.135,10.305,9.135,10.185,12248954.0
2011-08-04,9.785,9.945,8.605,8.595,11978777.0
2011-08-05,8.865,9.445,8.195,9.185,13224848.0
2011-08-08,8.215,8.415,6.825,6.835,13704915.0
2011-08-09,7.505,8.245,6.545,8.255,10350263.0
2011-08-10,7.715,7.845,6.665,6.715,11048669.0
2011-08-11,7.115,8.485,7.025,8.075,9158632.0
2011-08-12,8.165,8.335,7.795,7.825,7089658.0
2011-08-15,7.975,8.995,7.915,8.835,6464916.0
2011-08-16,8.635,8.975,8.385,8.745,5508933.0
2011-08-17,8.945,9.415,8.825,9.035,4913955.0
2011-08-18,8.315,8.495,7.725,8.215,7863039.0
2011-08-19,7.805,8.835,7.785,8.225,7494988.0
2011-08-22,8.825,9.015,7.865,7.975,7876667.0
2011-08-23,8.205,8.955,8.025,8.955,6726749.0
2011-08-24,8.825,9.155,8.645,9.135,4238471.0
2011-08-25,9.205,9.205,8.275,8.355,4904275.0
2011-08-26,8.125,8.865,7.705,8.505,5646742.0
2011-08-29,8.855,9.565,8.805,9.445,5556377.0
2011-08-30,9.285,9.555,9.065,9.435,5288003.0
2011-08-31,9.625,9.665,8.975,9.185,7749806.0
2011-09-01,9.205,9.445,8.925,8.965,4646580.0
2011-09-02,8.425,8.745,8.065,8.135,4755556.0
2011-09-06,7.375,7.895,7.305,7.805,5296339.0
2011-09-07,8.225,8.805,8.095,8.625,5013634.0
2011-09-08,8.455,8.705,8.205,8.255,4913031.0
2011-09-09,8.005,8.015,7.485,7.785,3777494.0
2011-09-12,7.355,7.775,7.205,7.725,5612429.0
2011-09-13,7.735,7.935,7.505,7.805,3793011.0
2011-09-14,7.865,8.425,7.505,8.115,4507298.0
2011-09-15,8.375,8.895,8.105,8.895,6013398.0
2011-09-16,9.255,9.545,9.025,9.325,7026983.0
2011-09-19,8.685,8.705,8.165,8.515,4830192.0
2011-09-20,8.745,9.045,8.575,8.735,4949304.0
2011-09-21,8.855,8.925,7.895,7.885,6010424.0
2011-09-22,7.025,7.095,5.805,6.115,13099638.0
2011-09-23,5.895,6.305,5.715,5.895,6838135.0
2011-09-26,6.235,6.235,5.125,6.235,7893425.0
2011-09-27,6.925,7.125,6.325,6.475,7591252.0
2011-09-28,6.415,6.565,5.805,5.815,5314837.0
2011-09-29,6.255,6.505,5.995,6.475,5645402.0
2011-09-30,6.125,6.375,5.515,5.515,7059498.0
2011-10-03,5.325,5.845,4.845,4.865,6073630.0
2011-10-04,4.585,5.345,4.395,5.315,8516815.0
2011-10-05,5.375,5.925,5.015,5.875,5868026.0
2011-10-06,5.795,6.635,5.545,6.615,5105247.0
2011-10-07,6.785,6.905,6.045,6.155,4724669.0
2011-10-10,6.655,6.985,6.405,6.715,3459667.0
2011-10-11,6.585,7.215,6.585,7.065,4188263.0
2011-10-12,7.285,8.175,7.195,7.785,6037493.0
2011-10-13,7.645,7.875,7.335,7.815,4430275.0
2011-10-14,8.065,8.485,8.015,8.455,3310242.0
2011-10-17,8.165,8.305,7.565,7.725,3874645.0
2011-10-18,7.705,8.795,7.605,8.615,4401703.0
2011-10-19,8.475,8.645,8.025,8.125,3991520.0
2011-10-20,8.255,8.535,7.865,8.475,2754371.0
2011-10-21,8.755,9.295,8.655,9.295,4924833.0
2011-10-24,9.525,9.805,9.205,9.645,3940005.0
2011-10-25,9.455,9.495,8.815,8.855,3782681.0
2011-10-26,9.185,9.725,8.755,9.605,3968304.0
2011-10-27,10.155,11.165,10.035,10.905,6674288.0
2011-10-28,10.715,11.115,10.455,11.045,4119293.0
2011-10-31,10.405,10.595,9.645,9.645,5874231.0
2011-11-01,8.255,9.145,7.955,8.445,7963913.0
2011-11-02,9.005,9.405,8.775,9.245,4973574.0
2011-11-03,9.485,10.175,9.215,10.075,4631793.0
2011-11-04,9.785,9.885,9.355,9.745,3594566.0
2011-11-07,9.525,10.115,9.355,10.095,3843693.0
2011-11-08,10.215,10.595,9.905,10.555,4469564.0
2011-11-09,9.685,9.885,9.075,9.225,4937036.0
2011-11-10,9.755,9.905,9.255,9.585,3581679.0
2011-11-11,10.005,10.445,10.005,10.395,3457655.0
2011-11-14,10.195,10.565,10.105,10.485,3752244.0
2011-11-15,10.34,10.66,10.04,10.52,3430583.0
2011-11-16,10.17,10.38,9.76,9.82,4557660.0
2011-11-17,9.73,9.93,9.33,9.59,5587722.0
2011-11-18,9.83,10.04,9.68,9.78,3379829.0
2011-11-21,9.33,9.36,8.8,9.17,4854168.0
2011-11-22,9.19,9.77,9.13,9.29,4554875.0
2011-11-23,8.87,8.97,8.53,8.67,4201537.0
2011-11-25,8.6,9.1,8.55,8.78,1552153.0
2011-11-28,9.66,9.87,9.46,9.78,4485814.0
2011-11-29,9.88,10.09,9.68,9.94,4020415.0
2011-11-30,10.84,11.14,10.68,11.0,8957807.0
2011-12-01,11.05,11.43,10.96,11.1,4434347.0
2011-12-02,11.37,11.38,10.75,10.87,3593616.0
2011-12-05,11.0,11.22,10.54,10.84,4011398.0
2011-12-06,10.79,10.89,10.46,10.48,4443079.0
2011-12-07,10.26,10.56,10.01,10.43,5344413.0
2011-12-08,10.2,10.26,9.55,9.62,4923303.0
2011-12-09,9.72,10.08,9.63,10.0,2938033.0
2011-12-12,9.69,9.77,9.01,9.22,3749278.0
2011-12-13,9.29,9.65,8.59,8.72,7100864.0
2011-12-14,8.52,8.64,8.28,8.31,4107862.0
2011-12-15,8.67,8.95,8.39,8.84,5050514.0
2011-12-16,9.17,9.17,8.53,8.58,5690324.0
2011-12-19,8.64,8.76,8.07,8.15,3922127.0
2011-12-20,8.58,9.33,8.48,9.23,4269458.0
2011-12-21,9.16,9.57,9.04,9.55,3078704.0
2011-12-22,9.56,9.78,9.44,9.58,2943882.0
2011-12-23,9.68,10.1,9.62,9.94,2316842.0
2011-12-27,9.87,10.05,9.62,9.92,1745821.0
2011-12-28,9.97,9.98,9.56,9.58,332577.0
2011-12-29,9.97,9.98,9.56,9.58,332577.0
2011-12-30,9.63,9.68,9.44,9.52,1179581.0
2012-01-03,10.07,10.2,9.76,9.77,3833127.0
2012-01-04,9.91,10.31,9.75,10.25,4031158.0
2012-01-05,10.02,10.32,9.78,10.12,3174212.0
2012-01-06,10.04,10.18,9.81,9.95,2299203.0
2012-01-09,9.98,10.09,9.74,9.79,3030930.0
2012-01-10,9.98,10.02,9.49,9.66,6641822.0
2012-01-11,9.55,10.06,9.48,9.81,4216801.0
2012-01-12,9.81,10.1,9.57,10.02,3661107.0
2012-01-13,9.82,10.12,9.6,10.05,3912780.0
2012-01-17,10.38,10.44,9.63,9.66,5966709.0
2012-01-18,9.63,10.13,9.34,10.1,3633582.0
2012-01-19,10.13,10.37,10.08,10.3,3357037.0
2012-01-20,10.28,11.03,10.09,10.92,6430913.0
2012-01-23,10.9,10.98,10.58,10.77,3754086.0
2012-01-24,10.61,10.8,10.53,10.7,2782512.0
2012-01-25,10.54,11.06,10.38,10.96,3164936.0
2012-01-26,11.11,11.22,10.54,10.72,3309789.0
2012-01-27,10.67,10.88,10.42,10.7,3093623.0
2012-01-30,10.42,10.84,10.2,10.59,4435984.0
2012-01-31,9.72,10.0,8.99,9.51,13940680.0
2012-02-01,10.14,10.39,9.78,10.07,9760800.0
2012-02-02,10.26,10.32,9.68,10.05,6092125.0
2012-02-03,10.32,10.46,10.11,10.43,5267244.0
2012-02-06,10.21,10.49,10.17,10.48,4536023.0
2012-02-07,10.46,10.78,10.38,10.68,6466183.0
2012-02-08,10.77,11.42,10.75,11.3,7396755.0
2012-02-09,11.4,11.97,11.23,11.63,8214278.0
2012-02-10,11.15,11.61,11.09,11.45,4656843.0
2012-02-13,11.61,11.95,11.44,11.81,4738155.0
2012-02-14,11.785,12.275,11.635,12.205,6293009.0
2012-02-15,12.265,12.595,12.015,12.095,4220355.0
2012-02-16,12.235,12.505,12.105,12.365,2853683.0
2012-02-17,12.535,12.555,12.135,12.405,3322106.0
2012-02-21,12.365,12.595,12.205,12.425,4578474.0
2012-02-22,12.265,12.685,12.265,12.605,4441374.0
2012-02-23,12.615,12.895,12.555,12.795,4111133.0
2012-02-24,12.865,13.105,12.775,13.015,4435759.0
2012-02-27,12.845,12.875,12.545,12.765,3855459.0
2012-02-28,12.655,12.725,12.415,12.635,3858373.0
2012-02-29,12.665,12.835,12.225,12.255,5088352.0
2012-03-01,12.465,12.865,12.325,12.575,5975570.0
2012-03-02,12.625,12.865,12.475,12.695,3486551.0
2012-03-05,12.515,12.875,12.515,12.705,2944191.0
2012-03-06,12.235,12.315,11.435,11.445,6298574.0
2012-03-07,11.485,12.235,11.465,12.105,4846761.0
2012-03-08,12.355,12.495,11.675,12.165,4157626.0
2012-03-09,12.155,12.455,12.005,12.185,2496043.0
2012-03-12,12.265,12.495,12.185,12.385,3193348.0
2012-03-13,12.505,13.275,12.505,13.215,4416970.0
2012-03-14,13.195,13.245,12.595,12.705,4204672.0
2012-03-15,12.825,12.875,12.455,12.875,3125538.0
2012-03-16,12.795,12.995,12.685,12.865,2479597.0
2012-03-19,12.815,12.925,12.645,12.745,3285581.0
2012-03-20,12.545,12.995,12.545,12.925,3440002.0
2012-03-21,12.865,13.095,12.755,12.985,3069577.0
2012-03-22,12.755,13.025,12.545,12.795,2705969.0
2012-03-23,12.105,12.905,12.045,12.905,755789.0
2012-03-26,13.145,13.415,13.055,13.135,2260974.0
2012-03-27,13.015,13.235,12.905,12.925,3047737.0
2012-03-28,12.855,12.945,12.095,12.325,4666889.0
2012-03-29,12.155,12.415,11.935,12.315,3776117.0
2012-03-30,12.545,12.825,12.315,12.715,3905723.0
2012-04-02,12.725,13.545,12.645,13.385,4957822.0
2012-04-03,13.205,13.225,12.715,13.035,3740723.0
2012-04-04,12.685,12.905,12.485,12.485,4431368.0
2012-04-05,12.375,12.605,12.235,12.375,2885101.0
2012-04-09,11.965,11.965,11.655,11.895,3937571.0
2012-04-10,11.875,12.185,11.765,11.875,4380219.0
2012-04-11,12.255,12.375,11.875,12.045,3013482.0
2012-04-12,12.015,12.165,11.785,12.155,2595153.0
2012-04-13,12.055,12.195,11.785,11.805,3539201.0
2012-04-16,11.995,12.155,11.805,11.845,3944684.0
2012-04-17,12.055,12.385,11.815,12.255,3570634.0
2012-04-18,12.065,12.065,11.695,11.985,3709847.0
2012-04-19,11.945,12.035,11.565,11.725,3139491.0
2012-04-20,11.805,11.945,11.585,11.765,4850889.0
2012-04-23,11.475,11.525,11.195,11.475,4515551.0
2012-04-24,11.535,12.165,11.425,11.995,3690352.0
2012-04-25,12.235,12.235,11.835,11.945,3028372.0
2012-04-26,11.795,12.115,11.575,12.085,3694177.0
2012-04-27,12.225,12.295,11.945,12.135,2459448.0
2012-04-30,12.135,12.135,11.745,11.885,3731007.0
2012-05-01,12.395,14.355,12.035,14.075,13133359.0
2012-05-02,14.135,14.175,13.875,14.005,5209854.0
2012-05-03,14.015,14.145,13.525,13.615,3600436.0
2012-05-04,13.455,13.705,13.075,13.345,3119492.0
2012-05-07,13.055,13.735,13.045,13.645,4136786.0
2012-05-08,13.525,14.135,13.495,14.035,7518713.0
2012-05-09,13.695,14.055,13.425,13.715,5231536.0
2012-05-10,14.045,15.035,13.825,14.555,8681111.0
2012-05-11,14.185,14.295,13.865,13.905,5096837.0
2012-05-14,13.665,14.345,13.495,14.105,4690422.0
2012-05-15,13.99,14.47,13.61,13.7,5352206.0
2012-05-16,13.84,14.0,13.41,13.53,3917162.0
2012-05-17,13.54,13.67,13.3,13.44,3926162.0
2012-05-18,13.5,13.64,12.95,13.05,5282766.0
2012-05-21,13.25,13.6,13.04,13.43,2858745.0
2012-05-22,13.44,13.73,13.25,13.39,2842581.0
2012-05-23,13.11,13.34,12.81,13.15,3639406.0
2012-05-24,13.25,13.47,13.12,13.33,3459647.0
2012-05-25,13.48,13.65,13.34,13.48,1822679.0
2012-05-29,13.64,13.96,13.54,13.73,2977471.0
2012-05-30,13.53,13.81,13.17,13.38,2967876.0
2012-05-31,13.38,13.64,12.97,13.11,7012485.0
2012-06-01,12.58,12.7,12.09,12.15,4580297.0
2012-06-04,12.12,12.24,11.8,12.11,3796026.0
2012-06-05,11.89,12.62,11.89,12.54,3398444.0
2012-06-06,12.73,13.42,12.61,13.4,4024271.0
2012-06-07,13.8,13.93,13.32,13.36,6180306.0
2012-06-08,13.33,13.36,12.95,13.08,3911800.0
2012-06-11,13.29,13.38,12.9,12.92,3282647.0
2012-06-12,13.06,13.39,12.9,13.16,4790816.0
2012-06-13,13.1,13.13,12.39,12.49,4771075.0
2012-06-14,12.55,12.74,12.31,12.49,5125378.0
2012-06-15,12.57,12.87,12.15,12.68,5813267.0
2012-06-18,12.47,12.7,12.38,12.52,3693590.0
2012-06-19,12.65,12.65,11.3,11.38,11360038.0
2012-06-20,11.45,11.59,10.56,11.11,12219870.0
2012-06-21,11.14,11.22,10.55,10.61,5867569.0
2012-06-22,10.66,10.76,10.33,10.51,4911017.0
2012-06-25,10.27,10.27,9.83,10.02,4958386.0
2012-06-26,10.01,10.23,9.78,9.86,4693716.0
2012-06-27,9.83,10.29,9.83,10.1,3940908.0
2012-06-28,9.95,10.4,9.84,10.37,4953573.0
2012-07-02,10.18,10.56,9.95,10.27,3675533.0
2012-07-03,10.3,10.45,9.98,10.22,3292594.0
2012-07-05,10.25,10.25,9.51,9.73,6898109.0
2012-07-06,9.49,9.71,9.33,9.62,4275269.0
2012-07-09,9.35,9.46,8.67,8.78,6506834.0
2012-07-10,8.81,8.97,8.62,8.8,7699245.0
2012-07-11,8.9,9.09,8.71,8.89,5283802.0
2012-07-12,8.55,8.73,8.32,8.54,5642344.0
2012-07-13,8.5,8.83,8.43,8.62,4158851.0
2012-07-16,8.47,8.59,8.11,8.14,5607459.0
2012-07-17,8.23,8.62,8.15,8.48,5797658.0
2012-07-18,8.36,8.87,8.28,8.83,4333769.0
2012-07-19,8.87,8.97,8.43,8.52,4247678.0
2012-07-20,8.37,8.56,8.12,8.23,4941069.0
2012-07-23,7.77,8.17,7.77,8.1,3996233.0
2012-07-24,8.06,8.16,7.8,7.92,4242869.0
2012-07-25,8.04,8.08,7.72,7.94,3632331.0
2012-07-26,8.27,8.49,8.03,8.41,4325390.0
2012-07-27,8.56,8.93,8.29,8.77,4097507.0
2012-07-30,8.83,8.84,8.35,8.72,4434207.0
2012-07-31,7.28,7.95,7.19,7.32,11698908.0
2012-08-01,7.42,7.42,6.83,6.91,8941185.0
2012-08-02,6.67,6.84,6.25,6.36,8040697.0
2012-08-03,6.58,6.83,6.57,6.77,5510020.0
2012-08-06,6.87,7.02,6.69,6.86,5089694.0
2012-08-07,6.93,7.13,6.84,6.94,7052756.0
2012-08-08,6.91,7.74,6.89,7.71,7631909.0
2012-08-09,7.7,7.76,7.41,7.7,5433107.0
2012-08-10,7.61,7.67,6.98,7.17,5683506.0
2012-08-13,7.19,7.42,7.13,7.16,4214062.0
2012-08-14,7.335,7.355,7.035,7.225,3686067.0
2012-08-15,7.165,7.745,7.065,7.655,4673321.0
2012-08-16,7.635,7.865,7.535,7.725,5900681.0
2012-08-17,7.735,7.815,7.485,7.575,4587374.0
2012-08-20,7.555,7.955,7.465,7.915,4579274.0
2012-08-21,7.975,8.175,7.675,7.725,3921259.0
2012-08-22,7.725,7.805,7.505,7.675,3615924.0
2012-08-23,7.655,7.725,7.535,7.615,2973230.0
2012-08-24,7.595,7.845,7.405,7.785,2905693.0
2012-08-27,7.785,7.925,7.635,7.825,3210211.0
2012-08-28,7.765,8.165,7.745,7.775,3731661.0
2012-08-29,7.905,8.065,7.825,7.985,3070159.0
2012-08-30,7.815,8.005,7.755,7.935,3269161.0
2012-08-31,8.035,8.465,8.005,8.155,4362051.0
2012-09-04,8.205,8.385,8.005,8.285,4700016.0
2012-09-05,8.345,8.345,7.895,8.035,4531830.0
2012-09-06,8.235,8.825,8.185,8.765,5319039.0
2012-09-07,8.785,8.915,8.555,8.695,3248722.0
2012-09-10,8.705,8.825,8.565,8.645,3926848.0
2012-09-11,8.755,8.985,8.645,8.735,3875734.0
2012-09-12,8.825,8.955,8.525,8.595,3010617.0
2012-09-13,8.565,8.835,8.175,8.795,4902393.0
2012-09-14,8.805,8.875,8.455,8.595,4259302.0
2012-09-17,8.615,8.995,8.525,8.605,4280325.0
2012-09-18,8.555,8.755,8.455,8.635,4351039.0
2012-09-19,8.635,8.795,8.545,8.575,3559833.0
2012-09-20,8.465,8.665,8.405,8.425,4142510.0
2012-09-21,8.445,8.565,8.385,8.435,5501103.0
2012-09-24,8.535,8.995,8.455,8.915,4640500.0
2012-09-25,8.955,9.205,8.855,9.065,6706788.0
2012-09-26,9.025,9.195,8.665,8.885,5624628.0
2012-09-27,8.985,9.125,8.655,8.965,3884029.0
2012-09-28,8.945,8.955,8.505,8.585,5417846.0
2012-10-01,8.715,9.335,8.635,9.175,4848363.0
2012-10-02,9.305,9.375,9.015,9.285,2961629.0
2012-10-03,9.355,9.505,9.085,9.365,4766475.0
2012-10-04,9.415,9.655,9.295,9.555,4070845.0
2012-10-05,9.615,9.765,9.505,9.615,3481035.0
2012-10-08,9.615,9.795,9.525,9.725,2379372.0
2012-10-09,9.655,9.805,9.465,9.705,3539616.0
2012-10-10,9.625,9.675,9.455,9.495,3245667.0
2012-10-11,9.605,9.605,9.355,9.435,3957458.0
2012-10-12,9.425,9.595,9.375,9.455,4551461.0
2012-10-15,9.515,9.625,9.385,9.505,4579216.0
2012-10-16,9.605,10.195,9.585,10.135,4916423.0
2012-10-17,10.225,10.545,10.185,10.505,4174207.0
2012-10-18,10.435,10.635,10.355,10.475,5553763.0
2012-10-19,10.405,10.475,9.775,9.925,7160856.0
2012-10-22,9.755,9.975,9.185,9.445,5297707.0
2012-10-23,9.145,9.255,8.585,8.695,7012338.0
2012-10-24,8.745,9.115,8.305,8.335,4702224.0
2012-10-25,8.525,8.635,8.305,8.395,4172817.0
2012-10-26,8.435,8.585,8.305,8.455,5802397.0
2012-10-31,8.645,9.105,7.925,8.245,8144565.0
2012-11-01,8.385,8.685,8.125,8.505,5553578.0
2012-11-02,8.655,8.745,8.205,8.255,4929435.0
2012-11-05,8.185,8.245,7.895,8.005,7852410.0
2012-11-06,8.025,8.195,7.885,8.035,7031125.0
2012-11-07,7.815,7.865,7.285,7.405,7701680.0
2012-11-08,7.445,7.655,6.875,6.875,7023993.0
2012-11-09,6.755,7.065,6.685,6.795,9110319.0
2012-11-12,6.775,6.875,6.655,6.665,5633237.0
2012-11-13,6.66,6.87,6.46,6.47,6408427.0
2012-11-14,6.62,6.62,6.07,6.11,6263319.0
2012-11-15,6.08,6.32,5.96,6.06,5670397.0
2012-11-16,6.19,6.57,6.09,6.54,6980153.0
2012-11-19,6.79,7.19,6.63,7.13,6939219.0
2012-11-20,7.37,7.95,7.3,7.92,7970385.0
2012-11-21,7.92,8.01,7.68,7.97,3585848.0
2012-11-23,8.1,8.32,7.94,8.32,2457379.0
2012-11-26,8.21,8.3,8.07,8.29,3669817.0
2012-11-27,8.13,8.47,8.01,8.01,4336605.0
2012-11-28,7.9,8.19,7.79,8.18,4332984.0
2012-11-29,8.15,8.37,8.07,8.34,3511532.0
2012-11-30,8.41,8.47,8.12,8.28,4002788.0
2012-12-03,8.36,8.48,8.26,8.37,4156376.0
2012-12-04,8.34,8.48,8.2,8.29,4295956.0
2012-12-05,8.34,8.66,8.26,8.3,4240617.0
2012-12-06,8.4,8.41,7.95,8.3,5749203.0
2012-12-07,8.39,8.78,8.26,8.76,4523478.0
2012-12-10,8.7,8.8,8.48,8.55,3222650.0
2012-12-11,8.58,8.88,8.48,8.75,4235625.0
2012-12-12,8.85,9.01,8.74,8.8,4426392.0
2012-12-13,8.8,8.94,8.65,8.73,4815365.0
2012-12-14,8.66,8.76,8.6,8.67,5126085.0
2012-12-17,8.63,9.03,8.63,8.97,4793552.0
2012-12-18,8.99,9.68,8.86,9.66,7216602.0
2012-12-19,9.65,9.7,9.41,9.47,5428594.0
2012-12-20,9.6,9.62,9.43,9.61,4221356.0
2012-12-21,9.42,9.45,9.04,9.36,5724072.0
2012-12-24,9.26,9.6,9.17,9.32,1428989.0
2012-12-26,9.3,9.37,9.02,9.05,3748432.0
2012-12-27,9.02,9.14,8.84,9.07,4899774.0
2012-12-28,8.93,9.13,8.63,8.64,4168994.0
2012-12-31,8.58,8.98,8.48,8.97,4585464.0
2013-01-02,9.72,10.26,9.63,10.25,6647035.0
2013-01-03,10.34,10.34,9.88,10.02,3944456.0
2013-01-04,10.08,10.87,10.04,10.8,5813383.0
2013-01-07,10.68,10.68,9.51,9.59,8324187.0
2013-01-08,9.51,9.94,9.48,9.92,3861478.0
2013-01-09,9.99,10.25,9.71,10.06,3790045.0
2013-01-10,10.15,10.2,9.84,9.92,3457700.0
2013-01-11,9.96,9.97,9.58,9.92,2840069.0
2013-01-14,9.93,10.18,9.79,10.14,2417132.0
2013-01-15,9.96,10.03,9.76,10.0,3010625.0
2013-01-16,9.91,10.03,9.78,9.97,2577168.0
2013-01-17,10.1,10.5,10.03,10.36,3910280.0
2013-01-18,10.42,10.42,9.99,10.22,2937069.0
2013-01-22,10.23,10.69,10.22,10.69,3922748.0
2013-01-23,10.52,10.68,10.21,10.24,2024209.0
2013-01-24,10.27,10.66,10.27,10.61,3171642.0
2013-01-25,10.66,10.77,10.26,10.55,2967508.0
2013-01-28,10.51,10.51,9.77,10.22,4168410.0
2013-01-29,10.23,10.4,10.01,10.2,4420485.0
2013-01-30,10.32,10.52,10.08,10.27,5388751.0
2013-01-31,10.2,10.37,10.02,10.11,5346251.0
2013-02-01,10.38,10.55,10.04,10.25,4701332.0
2013-02-04,10.16,10.22,9.89,10.02,8128501.0
2013-02-05,10.72,11.5,10.46,10.96,8770919.0
2013-02-06,10.93,12.03,10.85,11.95,8254760.0
2013-02-07,11.89,12.42,11.68,11.86,7463998.0
2013-02-08,11.89,12.06,11.74,11.8,4754846.0
2013-02-11,11.84,12.02,11.71,11.86,4356789.0
2013-02-12,11.8,12.41,11.66,12.39,5497464.0
2013-02-13,12.49,12.74,12.24,12.74,6737530.0
2013-02-14,12.61,13.12,12.54,12.98,7220967.0
2013-02-15,13.49,14.34,13.49,14.34,15720040.0
2013-02-19,14.35,14.87,14.28,14.85,7306183.0
2013-02-20,14.86,14.86,14.2,14.27,7669512.0
2013-02-21,14.09,14.2,13.74,13.88,6431636.0
2013-02-22,14.17,14.23,13.81,13.87,4790607.0
2013-02-25,14.05,14.2,13.47,13.47,5588663.0
2013-02-26,13.43,13.64,12.98,13.6,4820696.0
2013-02-27,13.59,13.87,13.38,13.77,4732676.0
2013-02-28,13.82,13.93,13.63,13.63,5440816.0
2013-03-01,13.47,13.76,13.16,13.74,3669783.0
2013-03-04,13.68,13.89,13.48,13.79,3905386.0
2013-03-05,13.91,14.14,13.83,13.98,4099071.0
2013-03-06,14.01,14.18,13.93,14.09,3840108.0
2013-03-07,14.22,14.39,14.09,14.34,2975455.0
2013-03-08,14.25,14.54,14.15,14.31,4414147.0
2013-03-11,14.18,14.43,14.0,14.23,2965612.0
2013-03-12,14.18,14.45,14.07,14.33,3548751.0
2013-03-13,14.32,14.72,14.19,14.7,4822976.0
2013-03-14,14.76,14.76,14.55,14.68,3586707.0
2013-03-15,14.57,14.78,14.37,14.77,5268368.0
2013-03-18,14.49,14.77,14.32,14.46,3024901.0
2013-03-19,14.52,14.67,14.29,14.47,3494796.0
2013-03-20,14.64,14.9,14.59,14.78,2779636.0
2013-03-21,14.63,14.74,14.26,14.38,2429961.0
2013-03-22,14.42,14.59,14.39,14.55,2052642.0
2013-03-25,14.69,14.77,14.27,14.34,2729447.0
2013-03-26,14.48,14.72,14.45,14.6,1933422.0
2013-03-27,14.42,14.75,14.34,14.74,3330640.0
2013-03-28,14.7,15.54,14.64,15.5,5766936.0
2013-04-01,15.5,15.57,15.03,15.46,3432529.0
2013-04-02,15.52,16.05,15.38,15.88,6826986.0
2013-04-03,15.82,15.87,14.84,15.0,6534467.0
2013-04-04,14.99,15.36,14.87,15.36,3922390.0
2013-04-05,14.97,15.02,14.61,14.94,3270111.0
2013-04-08,14.86,15.09,14.75,15.09,2708325.0
2013-04-09,15.02,15.02,14.13,14.5,6110438.0
2013-04-10,14.56,14.99,14.39,14.94,3986587.0
2013-04-11,14.88,14.97,14.64,14.75,3249333.0
2013-04-12,14.66,14.87,14.22,14.41,5394120.0
2013-04-15,14.25,14.37,13.27,13.29,6816584.0
2013-04-16,13.39,14.04,13.28,13.95,4177936.0
2013-04-17,13.67,13.93,13.29,13.84,5074157.0
2013-04-18,13.84,13.94,13.46,13.68,4389523.0
2013-04-19,13.78,14.04,13.72,13.95,6058741.0
2013-04-22,13.93,14.08,13.67,13.99,3316231.0
2013-04-23,14.1,14.33,13.8,14.32,3805343.0
2013-04-24,14.38,14.59,14.12,14.16,2886577.0
2013-04-25,14.39,15.0,14.13,14.95,4904706.0
2013-04-26,15.17,15.64,15.01,15.24,5754507.0
2013-04-29,15.32,15.96,15.28,15.8,5166141.0
2013-04-30,15.77,15.8,15.42,15.71,4177251.0
2013-05-01,15.56,15.76,15.28,15.35,5058496.0
2013-05-02,14.62,15.68,14.5,15.37,6082879.0
2013-05-03,15.6,16.01,15.42,15.97,3935884.0
2013-05-06,15.88,15.93,15.46,15.65,2790546.0
2013-05-07,15.78,16.11,15.56,16.11,3349538.0
2013-05-08,16.0,16.17,15.68,16.17,3436850.0
2013-05-09,16.11,16.26,15.63,15.68,3793275.0
2013-05-10,15.63,15.95,15.58,15.83,3571597.0
2013-05-13,15.82,15.88,15.51,15.76,3460935.0
2013-05-14,15.7,16.05,15.1,16.02,3753012.0
2013-05-15,15.93,16.8,15.84,16.67,5243876.0
2013-05-16,16.34,16.54,15.98,16.12,4959689.0
2013-05-17,16.16,17.0,15.98,16.96,6253521.0
2013-05-20,16.91,16.96,16.3,16.36,4712885.0
2013-05-21,16.26,16.77,16.15,16.67,3626357.0
2013-05-22,16.64,16.97,16.0,16.1,5328165.0
2013-05-23,15.66,16.22,15.54,16.12,3122472.0
2013-05-24,16.02,16.08,15.73,15.84,2087982.0
2013-05-28,16.13,16.27,15.94,16.1,3086250.0
2013-05-29,15.95,15.96,15.24,15.39,4294587.0
2013-05-30,15.49,15.57,15.23,15.27,2605266.0
2013-05-31,15.09,15.1,14.19,14.19,5159487.0
2013-06-03,14.27,14.67,13.86,14.61,3761291.0
2013-06-04,14.65,15.11,14.58,14.96,3326427.0
2013-06-05,14.87,14.9,14.43,14.56,3471257.0
2013-06-06,14.67,14.69,14.17,14.61,2448472.0
2013-06-07,14.94,15.23,14.66,14.87,2978016.0
2013-06-10,14.99,15.2,14.72,15.06,2776110.0
2013-06-11,14.76,15.23,14.62,15.08,3318908.0
2013-06-12,15.3,15.45,14.68,14.85,3716704.0
2013-06-13,14.82,15.43,14.56,15.35,2832408.0
2013-06-14,15.27,15.65,14.98,15.04,2218286.0
2013-06-17,15.19,15.46,14.99,15.23,2366875.0
2013-06-18,15.19,15.83,15.19,15.79,2727826.0
2013-06-19,15.82,16.07,15.2,15.22,4183280.0
2013-06-20,14.95,15.09,14.55,14.57,3783963.0
2013-06-21,14.97,15.45,14.73,15.05,6156131.0
2013-06-24,14.71,15.29,14.56,14.89,2958082.0
2013-06-25,15.28,15.28,14.81,15.13,3163854.0
2013-06-26,15.38,15.69,15.25,15.54,3924821.0
2013-06-27,15.75,15.99,15.61,15.67,2138409.0
2013-06-28,15.53,16.18,15.46,15.87,4338254.0
2013-07-01,16.07,16.65,16.07,16.31,3356503.0
2013-07-02,16.33,17.12,16.28,16.83,3802170.0
2013-07-03,16.53,16.77,16.46,16.77,1520301.0
2013-07-05,16.86,16.96,16.5,16.84,1972469.0
2013-07-08,16.84,17.36,16.74,17.32,2800208.0
2013-07-09,17.43,17.9,17.43,17.68,4720852.0
2013-07-10,17.7,17.94,17.52,17.86,2138442.0
2013-07-11,18.1,18.23,17.87,18.15,3382061.0
2013-07-12,18.13,18.31,18.01,18.27,2026800.0
2013-07-15,18.29,18.33,18.07,18.18,2235417.0
2013-07-16,18.07,18.15,17.53,17.67,3960741.0
2013-07-17,17.74,18.04,17.48,17.65,2173185.0
2013-07-18,17.65,17.91,17.54,17.75,2146019.0
2013-07-19,18.15,18.76,17.92,18.64,4435366.0
2013-07-22,18.66,18.69,18.0,18.13,3222702.0
2013-07-23,18.04,18.61,17.92,18.52,3114846.0
2013-07-24,18.59,18.59,17.98,18.03,2538715.0
2013-07-25,18.07,18.7,17.79,18.6,3240428.0
2013-07-26,18.36,18.66,18.19,18.63,1794338.0
2013-07-29,18.49,18.81,18.3,18.32,2466916.0
2013-07-30,18.29,18.6,17.94,17.98,3305101.0
2013-07-31,18.16,18.66,17.94,18.43,4234630.0
2013-08-01,18.68,19.15,18.61,19.14,3364436.0
2013-08-02,18.99,19.53,18.78,19.53,3550665.0
2013-08-05,19.43,19.85,19.18,19.82,5506030.0
2013-08-06,18.82,20.14,18.34,19.85,6685881.0
2013-08-07,19.71,19.94,19.29,19.72,3235921.0
2013-08-08,19.93,20.35,19.82,20.26,4010223.0
2013-08-09,20.16,20.44,20.01,20.34,2759417.0
2013-08-12,20.2,20.55,19.9,20.52,3604109.0
2013-08-13,20.48,20.6,20.27,20.59,3520218.0
2013-08-14,20.54,20.77,20.31,20.5,3725956.0
2013-08-15,20.16,20.32,18.9,18.99,5106525.0
2013-08-16,18.9,19.29,18.84,19.21,3409375.0
2013-08-19,18.97,19.09,18.5,18.54,3154384.0
2013-08-20,18.62,18.93,18.46,18.74,2682092.0
2013-08-21,18.76,18.88,18.41,18.45,3073403.0
2013-08-22,18.54,18.65,18.05,18.22,2993228.0
2013-08-23,18.34,18.5,17.9,18.43,2974167.0
2013-08-26,18.35,18.38,16.5,16.65,8144888.0
2013-08-27,16.39,17.03,16.36,16.78,4102629.0
2013-08-28,16.65,17.03,16.54,16.75,3758426.0
2013-08-29,16.68,17.24,16.53,16.96,3675956.0
2013-08-30,17.11,17.56,16.97,17.36,5358965.0
2013-09-03,17.58,17.81,17.45,17.55,3637481.0
2013-09-04,17.81,18.43,17.59,18.25,4722166.0
2013-09-05,18.17,18.46,18.17,18.34,2453519.0
2013-09-06,18.38,18.44,17.85,17.94,2400242.0
2013-09-09,17.97,18.42,17.97,18.26,2442793.0
2013-09-10,18.36,18.55,18.04,18.23,2332220.0
2013-09-11,18.26,18.38,17.99,18.28,2169793.0
2013-09-12,18.26,18.36,17.78,18.14,3278577.0
2013-09-13,18.27,18.38,18.06,18.37,2055088.0
2013-09-16,18.73,19.02,18.7,18.9,2635183.0
2013-09-17,18.94,19.37,18.9,19.31,3846797.0
2013-09-18,19.24,19.34,18.71,19.26,3394381.0
2013-09-19,19.24,19.35,18.98,19.21,2247202.0
2013-09-20,19.2,19.56,19.12,19.39,5300234.0
2013-09-23,19.22,19.24,18.76,18.78,2736065.0
2013-09-24,18.76,19.23,18.7,18.92,3700776.0
2013-09-25,18.96,19.11,18.75,18.82,2336082.0
2013-09-26,18.86,19.17,18.8,18.96,2540240.0
2013-09-27,18.78,19.33,18.53,19.27,3672726.0
2013-09-30,19.15,19.17,18.6,18.99,3600413.0
2013-10-01,18.95,19.09,18.64,19.0,2140140.0
2013-10-02,18.92,19.33,18.45,19.33,4910662.0
2013-10-03,19.19,19.28,18.65,18.9,3280811.0
2013-10-04,18.93,19.02,18.68,18.85,2330905.0
2013-10-07,18.59,18.89,18.37,18.57,2117031.0
2013-10-08,18.53,18.75,18.27,18.34,3954450.0
2013-10-09,18.45,18.81,18.33,18.48,3436257.0
2013-10-10,18.87,19.35,18.16,19.22,6529091.0
2013-10-11,19.12,19.12,18.47,18.74,3708672.0
2013-10-14,18.63,19.22,18.59,19.12,3065129.0
2013-10-15,18.98,19.26,18.78,18.97,2911350.0
2013-10-16,19.22,19.86,19.05,19.67,3150658.0
2013-10-17,19.55,20.14,19.34,20.05,2456887.0
2013-10-18,20.1,20.34,19.98,20.17,3972344.0
2013-10-21,20.49,20.99,20.4,20.81,4759048.0
2013-10-22,20.82,21.74,20.78,21.64,5081254.0
2013-10-23,21.4,21.65,21.16,21.42,3533504.0
2013-10-24,21.42,21.54,21.15,21.33,2369531.0
2013-10-25,21.41,22.11,21.33,22.08,6315196.0
2013-10-28,21.92,22.4,21.81,21.99,5208969.0
2013-10-29,21.59,23.89,21.16,22.88,8262800.0
2013-10-30,22.87,23.35,22.32,23.15,4589355.0
2013-10-31,23.23,23.51,22.66,23.05,6213593.0
2013-11-01,23.18,23.23,22.66,23.05,4909899.0
2013-11-04,23.16,23.37,22.91,23.02,4574145.0
2013-11-05,22.98,24.29,22.91,24.13,7923595.0
2013-11-06,24.07,24.11,23.76,23.91,4504213.0
2013-11-07,23.93,24.01,23.29,23.38,5827990.0
2013-11-08,23.37,23.65,23.08,23.59,5905628.0
2013-11-11,23.64,23.77,23.22,23.29,4431262.0
2013-11-12,23.12,23.16,22.4,22.76,6303803.0
2013-11-13,22.68,23.77,22.67,23.77,5306764.0
2013-11-14,23.63,24.44,23.63,24.34,5603646.0
2013-11-15,24.43,24.43,22.74,22.9,9450746.0
2013-11-18,22.55,23.58,22.55,23.28,5167841.0
2013-11-19,22.56,23.75,22.56,23.31,4612454.0
2013-11-20,23.3,23.34,22.21,22.24,5659926.0
2013-11-21,22.44,23.78,22.41,23.49,6227568.0
2013-11-22,23.46,24.21,23.33,24.2,4055577.0
2013-11-25,24.21,24.21,23.62,23.69,3246828.0
2013-11-26,23.83,24.23,23.72,23.94,3104727.0
2013-11-27,24.02,24.19,23.61,23.83,2248004.0
2013-11-29,23.24,23.58,22.49,22.59,3635727.0
2013-12-02,22.67,23.55,22.53,23.19,4453529.0
2013-12-03,23.16,23.48,22.91,23.44,3479616.0
2013-12-04,23.23,24.26,23.09,24.07,4485208.0
2013-12-05,24.04,24.06,23.53,23.81,3266806.0
2013-12-06,24.21,24.44,23.86,24.28,3079635.0
2013-12-09,24.27,24.84,24.09,24.82,4274780.0
2013-12-10,24.69,24.85,23.97,24.7,4594769.0
2013-12-11,24.69,24.69,23.97,24.05,4079550.0
2013-12-12,24.05,24.06,22.83,22.93,5115221.0
2013-12-13,22.98,23.03,22.49,22.68,3966852.0
2013-12-16,22.78,23.72,22.69,23.0,5340778.0
2013-12-17,23.09,23.95,23.06,23.82,5927754.0
2013-12-18,24.01,25.5,23.78,25.48,7316968.0
2013-12-19,25.36,26.17,25.11,26.13,6508285.0
2013-12-20,26.16,26.28,25.53,25.7,7107142.0
2013-12-23,25.87,26.1,25.2,25.38,3772152.0
2013-12-24,25.5,25.83,25.41,25.61,1083899.0
2013-12-26,25.66,26.14,25.58,25.99,2369430.0
2013-12-27,26.0,26.3,25.85,26.1,2187400.0
2013-12-30,26.24,26.33,25.77,26.03,2453878.0
2013-12-31,26.11,26.25,25.58,25.74,2183767.0
2014-01-02,25.56,25.63,25.13,25.33,2737522.0
2014-01-03,25.44,25.72,25.22,25.53,2275311.0
2014-01-06,25.76,25.92,25.45,25.62,4070520.0
2014-01-07,25.71,25.71,24.75,25.19,4538240.0
2014-01-08,25.1,25.21,24.55,24.7,4411780.0
2014-01-09,24.85,24.9,24.0,24.5,4443932.0
2014-01-10,24.75,24.9,24.27,24.32,5537124.0
2014-01-13,24.35,24.44,23.78,23.87,6368802.0
2014-01-14,24.07,24.73,23.91,24.67,7291242.0
2014-01-15,24.77,25.16,24.43,24.79,4655961.0
2014-01-16,24.85,24.97,23.56,23.59,7130791.0
2014-01-17,23.64,23.77,23.28,23.35,6576820.0
2014-01-21,23.62,23.83,23.35,23.71,4199072.0
2014-01-22,23.85,24.69,23.78,24.59,5182159.0
2014-01-23,24.25,24.35,23.16,23.18,5403448.0
2014-01-24,22.94,23.18,21.87,21.91,5755714.0
2014-01-27,22.22,22.51,21.62,21.7,5665774.0
2014-01-28,21.81,22.48,21.77,22.41,4069030.0
2014-01-29,21.96,22.19,21.3,21.56,5231692.0
2014-01-30,21.93,22.03,21.51,21.85,3986843.0
2014-01-31,21.43,22.06,21.36,21.82,4299620.0
2014-02-03,21.62,22.16,21.11,21.25,7851898.0
2014-02-04,22.15,22.18,20.4,20.57,7334456.0
2014-02-05,21.09,21.17,20.26,21.0,8699722.0
2014-02-06,21.16,21.59,21.08,21.45,5758601.0
2014-02-07,21.94,22.32,21.49,22.23,6597591.0
2014-02-10,22.15,22.59,21.85,22.45,6795130.0
2014-02-11,22.46,22.89,22.1,22.87,6496628.0
2014-02-12,22.77,23.17,22.62,22.99,6940822.0
2014-02-13,22.84,23.24,22.56,23.01,3054321.0
2014-02-14,23.05,23.31,22.85,23.12,3791373.0
2014-02-18,23.24,23.49,23.05,23.11,4295936.0
2014-02-19,23.08,23.11,22.47,22.53,4449109.0
2014-02-20,22.53,22.84,22.44,22.7,3703019.0
2014-02-21,22.69,22.75,22.36,22.57,3919600.0
2014-02-24,22.68,23.25,22.57,22.74,3497493.0
2014-02-25,22.83,23.33,22.73,22.97,3348510.0
2014-02-26,23.07,23.25,22.85,22.97,2647316.0
2014-02-27,22.9,23.12,22.37,22.47,5085075.0
2014-02-28,22.48,23.37,22.45,23.18,4361791.0
2014-03-03,22.72,22.77,22.11,22.46,5020680.0
2014-03-04,22.87,23.51,22.87,23.28,3621423.0
2014-03-05,23.24,23.45,22.95,23.25,2772519.0
2014-03-06,23.28,23.68,23.18,23.52,3923304.0
2014-03-07,23.72,24.12,23.57,23.91,3008365.0
2014-03-10,24.19,25.03,24.19,25.03,5694941.0
2014-03-11,25.1,25.35,24.9,25.03,4252033.0
2014-03-12,24.72,25.76,24.67,25.51,5481387.0
2014-03-13,25.61,25.79,24.96,24.98,3981858.0
2014-03-14,24.84,25.29,24.77,25.09,3790564.0
2014-03-17,25.36,25.65,25.02,25.14,4385362.0
2014-03-18,25.27,25.58,25.09,25.51,2186140.0
2014-03-19,25.51,25.8,24.89,25.24,3514096.0
2014-03-20,25.16,25.37,24.86,25.28,2424155.0
2014-03-21,25.66,25.67,25.01,25.25,8207287.0
2014-03-24,25.4,25.57,24.76,24.88,2571695.0
2014-03-25,25.12,25.22,24.8,24.99,3366937.0
2014-03-26,25.06,25.63,25.01,25.28,3718240.0
2014-03-27,25.38,25.74,25.19,25.68,3247194.0
2014-03-28,25.86,26.18,25.52,25.79,2773146.0
2014-03-31,25.82,26.15,25.65,25.97,3286283.0
2014-04-01,26.0,26.32,25.8,26.01,3009937.0
2014-04-02,25.2,26.1,24.3,26.01,3055041.0
2014-04-03,26.05,26.16,25.41,25.73,4171478.0
2014-04-04,26.17,26.24,25.61,25.63,4392342.0
2014-04-07,25.61,26.33,25.6,26.18,4276462.0
2014-04-08,26.12,26.38,25.75,26.11,4159120.0
2014-04-09,26.14,27.04,25.94,26.96,4279777.0
2014-04-10,27.03,27.32,26.61,26.75,4974293.0
2014-04-11,26.84,27.03,26.66,26.99,5339307.0
2014-04-14,27.13,27.39,26.94,27.27,4174749.0
2014-04-15,27.29,27.31,26.45,26.85,4397965.0
2014-04-16,27.12,27.6,27.02,27.6,2757427.0
2014-04-17,27.44,27.92,27.38,27.62,4105093.0
2014-04-21,27.6,27.98,27.4,27.47,2215219.0
2014-04-22,27.43,27.53,27.14,27.19,2558506.0
2014-04-23,27.26,27.54,27.26,27.31,2632959.0
2014-04-24,27.4,27.51,27.04,27.21,2102433.0
2014-04-25,27.18,27.3,26.82,27.0,2269632.0
2014-04-28,27.18,27.21,26.64,26.96,4297613.0
2014-04-29,25.7,26.22,25.24,25.81,7007598.0
2014-04-30,25.75,26.47,25.53,26.31,5901869.0
2014-05-01,26.32,26.36,25.76,25.82,3121055.0
2014-05-02,25.89,26.34,25.62,26.13,3044542.0
2014-05-05,25.88,26.1,25.6,25.99,2288136.0
2014-05-06,25.82,25.96,25.6,25.72,3216030.0
2014-05-07,25.75,26.92,25.75,26.85,4245968.0
2014-05-08,26.76,27.1,26.45,26.65,3352275.0
2014-05-09,26.67,27.09,26.67,26.97,2209343.0
2014-05-12,27.18,27.32,26.91,27.25,2366120.0
2014-05-13,27.26,27.48,27.08,27.13,2281618.0
2014-05-14,27.15,27.22,26.65,26.67,2218281.0
2014-05-15,26.62,26.7,26.25,26.35,2624824.0
2014-05-16,26.35,26.7,26.31,26.64,1929897.0
2014-05-19,26.64,26.77,26.51,26.71,2018045.0
2014-05-20,26.67,26.71,25.99,26.15,2153236.0
2014-05-21,26.23,26.72,26.23,26.68,2289928.0
2014-05-22,25.75,26.84,25.72,26.47,1630127.0
2014-05-23,26.52,26.69,26.2,26.38,2034361.0
2014-05-27,26.47,27.18,26.44,27.14,2393424.0
2014-05-28,27.14,27.37,27.03,27.11,1850370.0
2014-05-29,27.21,27.51,27.17,27.46,1723542.0
2014-05-30,27.38,27.79,27.38,27.76,1977352.0
2014-06-02,27.71,27.87,27.57,27.67,2295251.0
2014-06-03,27.55,27.76,27.11,27.17,2481101.0
2014-06-04,27.19,27.36,26.95,27.13,2287057.0
2014-06-05,27.13,27.82,27.04,27.79,2500642.0
2014-06-06,27.65,28.19,27.65,28.0,2453807.0
2014-06-09,27.83,28.11,27.82,27.96,1871928.0
2014-06-10,27.77,28.0,27.56,27.96,2063526.0
2014-06-11,27.66,27.82,27.44,27.48,2181943.0
2014-06-12,27.36,27.47,26.23,26.29,3651339.0
2014-06-13,26.35,26.7,26.25,26.66,2274293.0
2014-06-16,26.58,27.14,26.5,27.04,2656048.0
2014-06-17,27.13,27.34,26.92,27.23,2311199.0
2014-06-18,27.07,27.32,26.54,27.25,3326950.0
2014-06-19,27.36,28.03,27.16,27.94,3026327.0
2014-06-20,28.03,28.2,27.59,27.69,3010723.0
2014-06-23,27.8,27.98,27.64,27.8,2032635.0
2014-06-24,27.68,27.74,27.05,27.1,2154945.0
2014-06-25,26.96,27.14,26.62,26.71,2431507.0
2014-06-26,26.71,26.93,26.56,26.75,1833624.0
2014-06-27,26.63,26.76,26.32,26.64,2728809.0
2014-06-30,26.59,27.15,26.51,26.93,4049241.0
2014-07-01,27.11,27.76,26.97,27.67,2765046.0
2014-07-02,27.75,28.16,27.63,28.14,2638196.0
2014-07-03,28.17,28.77,28.11,28.59,3146688.0
2014-07-07,28.08,29.54,28.08,29.32,4669813.0
2014-07-08,29.36,29.47,28.76,28.76,5818269.0
2014-07-09,28.82,29.42,28.78,28.97,3883614.0
2014-07-10,28.56,30.32,28.5,30.17,5794224.0
2014-07-11,29.97,30.86,29.66,30.67,4814670.0
2014-07-14,30.88,31.15,30.72,30.89,3462319.0
2014-07-15,30.69,30.79,30.5,30.58,2737451.0
2014-07-17,30.57,30.72,30.13,30.14,2563663.0
2014-07-18,30.31,31.01,30.25,30.92,2391363.0
2014-07-21,30.7,31.02,30.57,30.9,2357826.0
2014-07-22,30.88,31.2,30.76,31.02,2598783.0
2014-07-23,31.0,31.21,30.91,31.11,2239993.0
2014-07-24,31.18,31.66,31.17,31.25,2209370.0
2014-07-25,31.11,31.31,30.7,30.94,2038036.0
2014-07-28,31.05,31.22,30.78,30.89,1871526.0
2014-07-29,30.9,31.12,30.36,30.39,2445801.0
2014-07-30,30.5,30.67,29.42,29.56,4191191.0
2014-07-31,29.3,29.68,29.01,29.22,3638959.0
2014-08-01,29.15,29.57,28.94,29.39,3102807.0
2014-08-04,29.5,29.87,29.35,29.77,2831680.0
2014-08-05,31.21,31.99,31.01,31.38,6118767.0
2014-08-06,31.03,31.97,31.03,31.46,4571319.0
2014-08-07,31.59,31.76,31.25,31.34,2304525.0
2014-08-08,31.52,31.91,31.21,31.86,2627370.0
2014-08-11,32.03,32.81,32.0,32.63,2967201.0
2014-08-12,32.52,32.72,32.2,32.46,2671423.0
2014-08-13,32.49,33.05,32.39,32.86,3189611.0
2014-08-14,32.92,32.97,32.64,32.79,2033559.0
2014-08-15,32.91,33.12,32.38,32.56,3037795.0
2014-08-18,32.68,32.83,32.53,32.61,2241182.0
2014-08-19,32.62,33.0,32.59,32.75,2182578.0
2014-08-20,32.75,32.94,32.58,32.86,1653162.0
2014-08-21,32.91,33.0,32.55,32.63,1898212.0
2014-08-22,32.74,32.85,32.12,32.2,1894947.0
2014-08-25,32.41,32.66,32.31,32.52,1358744.0
2014-08-26,32.56,32.72,32.09,32.26,2067212.0
2014-08-27,32.43,32.82,32.37,32.64,1614471.0
2014-08-28,32.55,32.96,32.47,32.81,1829556.0
2014-08-29,32.82,32.98,32.7,32.92,1997236.0
2014-09-02,33.04,33.62,32.77,33.12,3554429.0
2014-09-03,33.38,33.47,32.57,32.99,3140172.0
2014-09-04,32.98,33.34,32.86,33.26,3210850.0
2014-09-05,33.12,33.43,33.03,33.42,2660516.0
2014-09-08,33.35,33.63,33.32,33.59,1924814.0
2014-09-09,33.59,33.65,33.37,33.52,2720686.0
2014-09-10,33.56,33.77,33.44,33.73,1877599.0
2014-09-11,33.68,34.0,33.58,33.98,2936482.0
2014-09-12,33.9,33.9,33.25,33.47,2087661.0
2014-09-15,33.51,33.64,33.38,33.62,1630515.0
2014-09-16,33.5,34.47,33.46,34.32,2373192.0
2014-09-17,34.23,34.45,33.93,34.26,2165761.0
2014-09-18,34.36,35.42,34.31,35.12,3490102.0
2014-09-19,35.38,35.38,34.75,34.75,3387830.0
2014-09-22,34.62,34.86,34.28,34.52,2015544.0
2014-09-23,34.26,34.37,33.81,33.83,1820738.0
2014-09-24,33.85,34.6,33.85,34.52,1729687.0
2014-09-25,34.4,34.4,33.46,33.54,2074891.0
2014-09-26,33.64,34.1,33.43,33.93,1663532.0
2014-09-29,33.55,34.51,33.54,34.36,2136570.0
2014-09-30,34.31,34.45,34.05,34.16,1876348.0
2014-10-01,34.23,34.38,33.44,33.46,3780313.0
2014-10-02,33.56,34.15,33.48,33.59,2715883.0
2014-10-03,33.78,34.35,33.53,34.17,3672587.0
2014-10-06,34.26,34.31,33.49,33.65,3064217.0
2014-10-07,33.46,33.72,32.59,32.63,5097224.0
2014-10-08,32.56,32.71,30.14,31.08,12094680.0
2014-10-09,30.95,31.22,30.12,30.19,6522021.0
2014-10-10,30.14,30.48,29.2,29.42,5227784.0
2014-10-13,29.42,29.52,27.74,27.82,5210809.0
2014-10-14,27.93,28.1,26.05,26.14,8769449.0
2014-10-15,25.37,26.18,24.69,26.04,8431070.0
2014-10-16,25.59,26.53,25.43,26.23,4936053.0
2014-10-17,26.73,28.05,26.47,27.56,6502758.0
2014-10-20,27.51,28.67,27.48,28.46,4458810.0
2014-10-21,28.67,29.03,28.54,28.76,3387352.0
2014-10-22,28.9,29.29,28.75,28.82,2979376.0
2014-10-23,29.33,29.59,28.46,28.6,2948592.0
2014-10-24,28.64,28.84,28.24,28.64,2202018.0
2014-10-27,28.57,28.57,27.48,27.68,3555692.0
2014-10-28,28.04,28.79,27.87,28.75,3065310.0
2014-10-29,28.83,29.26,28.5,28.88,2586568.0
2014-10-30,28.79,29.68,28.68,29.64,3030433.0
2014-10-31,30.06,30.32,29.73,30.06,2966683.0
2014-11-03,30.3,30.66,30.11,30.31,3436681.0
2014-11-04,32.11,32.81,31.66,32.6,5216038.0
2014-11-05,33.51,33.58,32.91,33.37,4121463.0
2014-11-06,33.41,33.72,33.0,33.03,3262958.0
2014-11-07,32.95,33.73,32.95,33.61,2175433.0
2014-11-10,33.75,33.84,33.43,33.83,2046093.0
2014-11-11,33.97,34.44,33.87,34.18,2017845.0
2014-11-12,34.04,34.06,33.52,33.77,2227958.0
2014-11-13,34.06,34.22,33.39,33.87,2555068.0
2014-11-14,33.98,34.42,33.84,34.41,2688577.0
2014-11-17,34.32,35.21,34.21,35.05,2877336.0
2014-11-18,35.21,35.55,35.08,35.31,2471022.0
2014-11-19,35.3,35.58,35.09,35.52,1881942.0
2014-11-20,35.24,35.93,35.12,35.87,2216974.0
2014-11-21,36.36,36.83,35.71,36.01,3660301.0
2014-11-24,36.04,36.63,35.91,36.25,2707641.0
2014-11-25,36.16,36.63,35.92,36.23,2859293.0
2014-11-26,36.33,36.67,36.23,36.48,1738020.0
2014-11-28,36.68,36.71,35.96,35.98,3007604.0
2014-12-01,35.96,36.23,35.17,35.76,4435557.0
2014-12-02,36.04,36.91,36.04,36.61,4672971.0
2014-12-03,36.63,37.09,36.5,37.01,3881190.0
2014-12-04,36.57,37.21,35.85,36.08,3942404.0
2014-12-05,36.05,36.57,35.98,36.55,2994597.0
2014-12-08,36.6,36.82,35.62,35.76,4513229.0
2014-12-09,35.59,36.68,35.19,36.34,4435022.0
2014-12-10,36.02,36.24,34.44,34.57,4325237.0
2014-12-11,34.8,35.36,34.0,34.2,4025324.0
2014-12-12,33.76,34.39,33.11,33.15,3849709.0
2014-12-15,33.41,33.76,32.72,33.13,3471378.0
2014-12-16,33.35,34.06,32.58,32.62,3726175.0
2014-12-17,32.69,33.38,32.49,32.94,4821557.0
2014-12-18,33.55,34.51,33.51,34.46,4772715.0
2014-12-19,34.71,36.08,34.6,35.54,6639202.0
2014-12-22,35.7,36.2,35.43,36.02,3169488.0
2014-12-23,36.19,36.99,35.83,36.47,4080730.0
2014-12-24,36.46,36.85,36.39,36.41,1729903.0
2014-12-26,36.39,36.93,36.33,36.72,1309023.0
2014-12-29,36.55,36.8,36.15,36.43,1749741.0
2014-12-30,36.45,36.69,35.98,36.19,2187427.0
2014-12-31,36.2,36.25,35.17,35.3,2150304.0
2015-01-02,35.5,35.9,34.89,35.32,2024080.0
2015-01-05,34.75,34.98,33.28,33.52,3778063.0
2015-01-06,33.76,33.79,32.24,32.53,4818775.0
2015-01-07,33.0,33.56,32.92,33.27,2816499.0
2015-01-08,32.59,32.9,31.84,32.54,7347573.0
2015-01-09,32.77,32.99,32.1,32.12,3673008.0
2015-01-12,32.3,32.3,31.28,31.51,3816858.0
2015-01-13,31.63,32.38,31.17,31.58,4424668.0
2015-01-14,30.97,31.39,30.15,30.75,4219281.0
2015-01-15,30.64,31.07,30.15,30.51,4188533.0
2015-01-16,30.4,31.06,30.2,30.98,3145765.0
2015-01-20,30.49,30.77,29.87,30.5,5342144.0
2015-01-21,30.4,31.34,30.21,30.87,1273671.0
2015-01-22,31.29,31.77,30.83,31.38,3796304.0
2015-01-23,31.21,31.6,30.86,31.17,2975782.0
2015-01-26,30.98,31.82,30.8,31.59,3147278.0
2015-01-27,31.26,31.95,31.05,31.58,3211645.0
2015-01-28,31.6,31.9,30.72,30.79,3268997.0
2015-01-29,30.87,31.34,30.19,31.22,3670548.0
2015-01-30,30.93,31.16,29.86,29.93,5378310.0
2015-02-02,30.09,31.49,30.02,31.47,6442477.0
2015-02-03,30.66,32.2,29.51,32.06,7089165.0
2015-02-04,31.7,31.7,29.17,29.45,9204618.0
2015-02-05,29.85,32.02,29.85,31.98,7962819.0
2015-02-06,32.0,32.11,30.75,30.86,3602789.0
2015-02-09,30.72,31.06,30.53,30.68,2954835.0
2015-02-10,31.21,31.21,30.51,30.88,3477689.0
2015-02-11,30.53,30.76,29.67,30.22,3691990.0
2015-02-12,30.38,31.2,30.33,31.02,4744011.0
2015-02-13,30.92,31.82,30.92,31.68,3911174.0
2015-02-17,31.72,31.75,31.0,31.35,3605454.0
2015-02-18,31.25,31.68,31.11,31.29,2663703.0
2015-02-19,31.08,31.68,30.99,31.36,2344989.0
2015-02-20,31.3,31.78,30.6,31.73,2699624.0
2015-02-23,31.83,31.93,31.53,31.84,1969134.0
2015-02-24,31.79,32.38,31.57,32.23,2418653.0
2015-02-25,32.17,32.37,31.5,31.68,2965217.0
2015-02-26,31.86,31.87,30.98,31.13,2825016.0
2015-02-27,31.07,31.71,31.07,31.46,2907331.0
2015-03-02,31.4,31.47,30.6,31.43,3673524.0
2015-03-03,31.1,31.28,30.6,31.1,3344057.0
2015-03-04,30.95,31.01,30.31,30.66,3269397.0
2015-03-05,30.88,31.12,30.21,31.06,4546633.0
2015-03-06,30.58,30.81,29.67,29.83,3850123.0
2015-03-09,29.79,30.18,29.34,29.97,2407301.0
2015-03-10,29.5,29.79,29.03,29.1,3294101.0
2015-03-11,29.26,29.35,28.72,29.08,3312029.0
2015-03-12,29.38,30.29,29.38,30.22,3511091.0
2015-03-13,30.0,30.09,29.22,29.88,2825284.0
2015-03-16,29.94,30.14,29.49,30.07,2889335.0
2015-03-17,29.88,30.02,29.42,29.83,2940437.0
2015-03-18,29.8,30.97,29.32,30.75,3896486.0
2015-03-19,30.63,30.69,29.64,30.07,2917295.0
2015-03-20,30.27,31.09,30.11,30.53,6499293.0
2015-03-23,30.65,31.3,30.65,30.71,3637382.0
2015-03-24,30.78,31.2,30.54,30.54,3153069.0
2015-03-25,30.74,31.17,30.26,30.29,3229666.0
2015-03-26,30.15,30.63,29.86,29.88,3803159.0
2015-03-27,29.86,30.22,29.75,30.04,2823760.0
2015-03-30,30.34,31.19,30.14,31.0,2724257.0
2015-03-31,30.64,31.19,30.57,30.98,4962068.0
2015-04-01,31.03,31.28,30.81,31.01,5532443.0
2015-04-02,31.05,31.92,30.92,30.93,5823296.0
2015-04-06,30.94,32.13,30.92,31.91,3377624.0
2015-04-07,31.97,32.22,31.72,31.74,2467019.0
2015-04-08,31.77,32.23,31.63,31.91,2990121.0
2015-04-09,31.75,31.86,31.29,31.48,4269504.0
2015-04-10,31.55,31.9,31.27,31.54,3262675.0
2015-04-13,31.48,31.97,31.41,31.46,2662506.0
2015-04-14,31.53,31.81,31.18,31.59,2139563.0
2015-04-15,31.86,32.07,31.53,31.98,3228563.0
2015-04-16,31.77,32.06,31.68,31.88,4226132.0
2015-04-17,31.43,31.88,31.4,31.86,3732968.0
2015-04-20,31.93,32.33,31.85,31.88,1919670.0
2015-04-21,31.9,32.11,31.48,31.52,2314252.0
2015-04-22,31.51,31.82,31.27,31.68,2064281.0
2015-04-23,31.51,32.12,31.43,31.85,2254125.0
2015-04-24,31.97,32.17,31.67,31.79,2741120.0
2015-04-27,31.93,32.33,31.88,32.19,2488757.0
2015-04-28,32.03,32.39,31.9,32.36,2267890.0
2015-04-29,32.27,32.73,32.02,32.53,3168017.0
2015-04-30,32.46,33.01,32.24,32.46,4186651.0
2015-05-01,32.49,33.51,32.49,33.36,4619479.0
2015-05-04,33.36,34.07,33.36,33.9,3783561.0
2015-05-05,34.0,34.34,33.35,33.93,4617734.0
2015-05-06,34.03,34.04,32.92,33.52,4331587.0
2015-05-07,33.72,34.4,33.37,33.9,4167957.0
2015-05-08,34.37,34.96,34.36,34.83,2793270.0
2015-05-11,34.67,35.28,34.58,35.18,4158859.0
2015-05-12,34.83,35.95,34.71,35.5,4872605.0
2015-05-13,35.74,36.32,35.34,35.74,4023098.0
2015-05-14,36.09,36.55,35.89,36.46,2964686.0
2015-05-15,36.37,36.74,36.11,36.62,2302916.0
2015-05-18,36.38,36.82,36.25,36.71,3096435.0
2015-05-19,36.74,36.77,36.07,36.38,2736229.0
2015-05-20,36.39,36.75,36.27,36.29,2702950.0
2015-05-21,36.19,36.93,36.15,36.78,2991118.0
2015-05-22,36.63,36.79,36.25,36.53,1836780.0
2015-05-26,36.45,36.45,35.93,36.01,3017986.0
2015-05-27,36.02,37.09,35.91,37.03,4495236.0
2015-05-28,36.86,36.87,36.22,36.52,2112654.0
2015-05-29,36.67,37.12,36.46,36.71,4987084.0
2015-06-01,36.75,37.17,36.29,36.89,3261021.0
2015-06-02,36.8,36.88,36.41,36.62,2386448.0
2015-06-03,36.79,36.79,36.07,36.32,2567189.0
2015-06-04,35.91,36.09,35.17,35.25,4761104.0
2015-06-05,35.13,35.24,34.68,34.87,3496884.0
2015-06-08,35.01,35.41,34.67,34.87,2704427.0
2015-06-09,34.95,35.32,34.85,34.87,2741657.0
2015-06-10,34.93,36.11,34.93,36.07,3001543.0
2015-06-11,36.03,36.55,35.85,35.92,2806344.0
2015-06-12,35.65,35.83,35.44,35.77,2286543.0
2015-06-15,35.28,35.42,34.98,35.13,2849706.0
2015-06-16,35.2,35.46,35.14,35.31,2369344.0
2015-06-17,34.9,35.65,34.12,34.8,4588985.0
2015-06-18,35.03,35.51,35.03,35.23,3273204.0
2015-06-19,35.11,35.52,35.11,35.36,4929448.0
2015-06-22,35.59,35.89,35.48,35.85,2570489.0
2015-06-23,36.05,36.28,35.71,35.86,2496418.0
2015-06-24,35.77,35.87,35.28,35.31,2310387.0
2015-06-25,35.48,35.48,34.52,34.56,2570735.0
2015-06-26,34.5,34.85,33.39,33.43,4716273.0
2015-06-29,33.2,33.53,32.29,32.31,4371814.0
2015-06-30,32.73,33.05,32.05,32.08,5618122.0
2015-07-01,32.57,32.75,32.24,32.5,3319915.0
2015-07-02,32.68,32.87,32.2,32.51,3056045.0
2015-07-06,32.02,32.45,31.69,31.95,4225917.0
2015-07-07,31.97,32.18,30.58,32.0,6432943.0
2015-07-08,31.83,31.99,31.32,31.37,4004301.0
2015-07-09,31.61,31.9,30.79,30.95,5841309.0
2015-07-10,31.58,31.63,30.98,31.07,3145992.0
2015-07-13,31.41,31.6,31.2,31.36,2206273.0
2015-07-14,31.36,31.72,31.29,31.65,2538106.0
2015-07-15,31.63,31.7,31.08,31.32,2447675.0
2015-07-16,31.72,31.87,31.48,31.71,2660752.0
2015-07-17,31.56,31.91,31.17,31.88,4244056.0
2015-07-20,31.9,32.12,31.62,31.9,3337508.0
2015-07-21,31.84,31.97,31.19,31.35,2725787.0
2015-07-22,31.3,31.76,31.29,31.54,2697305.0
2015-07-23,31.56,32.24,31.56,31.88,2618482.0
2015-07-24,31.76,31.85,30.91,31.05,2449701.0
2015-07-27,30.79,31.15,30.67,31.12,2743021.0
2015-07-28,31.27,32.24,31.06,32.21,3938248.0
2015-07-29,31.79,32.12,31.69,31.99,4196453.0
2015-07-30,31.57,31.76,31.18,31.68,3660685.0
2015-07-31,31.97,32.08,31.22,31.28,3897843.0
2015-08-03,31.28,32.01,31.26,31.56,4276560.0
2015-08-04,31.39,33.36,31.14,32.27,5099438.0
2015-08-05,32.58,32.6,31.55,32.08,4575076.0
2015-08-06,32.26,32.33,31.31,31.81,3281775.0
2015-08-07,31.63,31.71,30.16,30.28,3996624.0
2015-08-10,30.56,30.72,30.16,30.39,4118871.0
2015-08-11,30.06,30.12,29.45,29.93,4083879.0
2015-08-12,29.55,30.8,29.25,30.75,5142210.0
2015-08-13,30.74,31.64,30.7,31.37,4236130.0
2015-08-14,31.09,31.29,30.91,31.06,3107481.0
2015-08-17,30.62,31.72,30.38,31.65,4228667.0
2015-08-18,31.45,32.3,31.42,31.82,3694204.0
2015-08-19,31.54,31.63,30.73,30.86,3617294.0
2015-08-20,30.37,30.89,30.25,30.34,3348775.0
2015-08-21,29.98,30.38,29.23,29.26,4980135.0
2015-08-24,26.98,28.68,26.67,27.69,6928193.0
2015-08-25,28.53,28.7,27.12,27.15,5814194.0
2015-08-26,28.04,28.24,27.26,28.13,4392715.0
2015-08-27,28.41,29.31,28.23,28.97,4457387.0
2015-08-28,28.82,29.15,28.52,28.79,4049108.0
2015-08-31,28.59,29.2,28.39,29.13,4048642.0
2015-09-01,28.12,28.32,27.25,27.48,4898554.0
2015-09-02,28.07,28.11,27.32,27.76,3211824.0
2015-09-03,28.01,28.56,27.78,27.89,3669214.0
2015-09-04,27.49,27.6,26.79,27.04,3061576.0
2015-09-08,27.85,27.88,27.31,27.84,3051190.0
2015-09-09,28.3,28.47,27.06,27.13,3121493.0
2015-09-10,26.96,27.62,26.85,27.2,2792868.0
2015-09-11,27.12,27.19,26.68,26.96,3409351.0
2015-09-14,27.04,27.2,26.88,27.07,3174526.0
2015-09-15,27.35,27.78,27.0,27.61,3808219.0
2015-09-16,27.8,28.36,27.55,28.33,2990335.0
2015-09-17,28.32,29.04,28.16,28.39,3622559.0
2015-09-18,27.6,28.13,27.29,27.37,6148406.0
2015-09-21,27.64,27.9,27.37,27.52,3145200.0
2015-09-22,26.94,26.98,26.3,26.59,2616557.0
2015-09-23,26.55,26.69,26.07,26.2,2725386.0
2015-09-24,26.0,26.4,25.45,26.16,4640659.0
2015-09-25,26.64,27.18,26.41,26.64,3428498.0
2015-09-28,26.28,26.45,25.14,25.23,4270816.0
2015-09-29,25.34,25.4,24.79,25.16,4593109.0
2015-09-30,25.63,25.91,25.36,25.59,4687840.0
2015-10-01,25.83,26.09,25.19,25.6,3711858.0
2015-10-02,25.2,26.58,25.06,26.56,3004262.0
2015-10-05,26.84,27.85,26.84,27.78,3453519.0
2015-10-06,27.69,27.93,27.43,27.78,3213245.0
2015-10-07,28.05,28.96,27.85,28.45,3837347.0
2015-10-08,28.42,29.34,28.18,29.27,3152565.0
2015-10-09,29.21,29.67,29.17,29.56,2688833.0
2015-10-12,29.47,29.66,29.29,29.58,2007545.0
2015-10-13,29.31,29.64,28.99,29.06,2596721.0
2015-10-14,28.99,29.55,28.8,29.1,2006953.0
2015-10-15,29.32,29.7,29.08,29.7,2395615.0
2015-10-16,29.79,30.12,29.39,30.1,3225406.0
2015-10-19,29.96,30.18,29.74,30.11,2242901.0
2015-10-20,29.95,30.12,29.65,29.84,2665174.0
2015-10-21,29.88,29.97,29.39,29.43,2686109.0
2015-10-22,29.65,31.02,29.6,30.84,3117256.0
2015-10-23,31.07,31.12,30.64,31.03,2488613.0
2015-10-26,30.95,31.03,30.44,30.53,1792898.0
2015-10-27,30.35,30.55,29.87,30.38,2461661.0
2015-10-28,30.31,31.17,30.27,30.94,2033286.0
2015-10-29,30.78,30.86,29.6,29.67,4270015.0
2015-10-30,29.79,30.23,29.59,29.8,3516587.0
2015-11-02,29.95,30.43,29.19,30.42,2973484.0
2015-11-03,27.47,27.78,25.88,27.29,11413900.0
2015-11-04,27.2,27.31,26.48,27.16,7006796.0
2015-11-05,27.09,27.35,26.57,27.21,5396258.0
2015-11-06,26.93,27.19,26.11,26.27,5716322.0
2015-11-09,26.03,26.17,25.39,25.66,5039384.0
2015-11-10,25.44,25.78,24.7,24.77,4271276.0
2015-11-11,24.98,24.98,24.4,24.65,3651166.0
2015-11-12,24.36,24.44,22.63,22.65,8238347.0
2015-11-13,22.55,23.0,21.83,21.9,6554144.0
2015-11-16,22.01,22.84,21.97,22.66,4589384.0
2015-11-17,22.76,22.82,21.56,21.62,4674896.0
2015-11-18,21.84,22.1,21.43,21.83,7976051.0
2015-11-19,21.83,21.95,20.7,20.85,5944681.0
2015-11-20,20.95,21.24,20.02,20.25,9058266.0
2015-11-23,20.23,21.45,20.17,21.14,6357961.0
2015-11-24,20.89,21.01,20.13,20.46,7026357.0
2015-11-25,20.43,21.17,20.4,20.89,5281827.0
2015-11-27,20.85,20.99,20.68,20.88,2339585.0
2015-11-30,20.95,21.04,20.52,20.91,6264219.0
2015-12-01,21.22,21.44,20.86,21.12,7012643.0
2015-12-02,21.02,21.29,20.87,20.94,6257961.0
2015-12-03,20.9,21.16,19.83,20.03,9032439.0
2015-12-04,20.09,20.56,20.02,20.39,4936596.0
2015-12-07,20.39,20.44,19.63,19.83,4294263.0
2015-12-08,19.58,20.03,19.3,19.69,4454199.0
2015-12-09,19.43,20.44,19.42,19.83,4820612.0
2015-12-10,19.83,20.11,19.46,19.51,5403297.0
2015-12-11,19.02,19.07,18.53,18.64,4814293.0
2015-12-14,18.61,18.93,18.26,18.6,4511338.0
2015-12-15,18.86,19.52,18.82,19.28,4819974.0
2015-12-16,19.34,19.88,18.96,19.82,4956790.0
2015-12-17,19.75,19.87,18.69,18.71,4872309.0
2015-12-18,18.54,19.55,18.36,19.42,12285448.0
2015-12-21,19.65,20.16,19.47,19.73,4587858.0
2015-12-22,19.89,21.01,19.84,20.83,5665979.0
2015-12-23,21.07,21.59,20.76,21.1,4450283.0
2015-12-24,21.1,21.29,20.89,21.07,1250976.0
2015-12-28,21.08,21.15,20.51,20.92,2336567.0
2015-12-29,21.01,21.57,20.99,21.51,2625081.0
2015-12-30,21.42,21.59,21.19,21.3,2380452.0
2015-12-31,21.06,21.32,20.87,21.1,2520153.0
2016-01-04,20.53,20.57,19.82,20.26,4040773.0
2016-01-05,20.24,20.69,19.83,20.66,3863221.0
2016-01-06,20.14,20.24,19.67,19.78,6072600.0
2016-01-07,19.33,19.51,18.75,18.94,4491167.0
2016-01-08,19.18,19.51,18.73,18.81,4130773.0
2016-01-11,18.96,19.15,18.36,18.58,5647193.0
2016-01-12,18.98,19.08,18.19,18.69,3445742.0
2016-01-13,18.76,18.97,17.84,17.89,4467721.0
2016-01-14,17.84,18.09,17.18,17.78,5462562.0
2016-01-15,17.02,17.04,15.58,15.93,8752583.0
2016-01-19,16.36,16.47,14.71,14.93,8684232.0
2016-01-20,14.67,16.13,14.28,15.71,9212286.0
2016-01-21,15.68,16.9,15.62,16.34,6085401.0
2016-01-22,16.94,17.79,16.91,17.65,5279060.0
2016-01-25,17.32,17.42,16.78,16.85,5782959.0
2016-01-26,17.3,18.07,16.91,18.05,4390895.0
2016-01-27,17.92,18.88,17.84,18.16,5023541.0
2016-01-28,18.58,19.37,18.4,19.12,5351162.0
2016-01-29,19.28,19.96,19.17,19.77,8608248.0
2016-02-01,19.19,20.06,18.73,19.88,6364670.0
2016-02-02,17.94,18.02,16.7,16.78,11075620.0
2016-02-03,16.98,18.22,16.89,17.86,8002874.0
2016-02-04,17.86,19.11,17.76,18.67,6612344.0
2016-02-05,18.7,18.93,18.34,18.49,5416598.0
2016-02-08,18.82,19.15,17.47,17.72,5060992.0
2016-02-09,17.86,18.1,16.98,18.0,6369366.0
2016-02-10,18.03,18.49,17.57,17.6,4301040.0
2016-02-11,16.99,17.55,16.22,16.35,6931847.0
2016-02-12,16.41,17.2,16.02,17.17,4441533.0
2016-02-16,17.68,18.54,17.57,18.34,4068522.0
2016-02-17,18.46,18.84,18.02,18.12,3362314.0
2016-02-18,18.12,18.71,17.96,18.62,3732482.0
2016-02-19,18.38,18.5,17.03,17.37,5502343.0
2016-02-22,17.61,18.61,17.52,18.51,4324435.0
2016-02-23,18.49,19.14,18.09,18.51,3444311.0
2016-02-24,18.27,18.63,17.8,18.57,3769583.0
2016-02-25,18.76,19.46,18.47,19.34,3580361.0
2016-02-26,19.44,19.82,19.22,19.51,3803243.0
2016-02-29,19.51,20.13,19.27,19.68,5091214.0
2016-03-01,19.85,20.34,19.28,20.2,4412936.0
2016-03-02,20.0,20.63,19.91,20.55,3392319.0
2016-03-03,20.89,21.58,20.46,21.55,4054828.0
2016-03-04,21.62,22.71,21.62,22.37,5268827.0
2016-03-07,21.89,22.01,21.57,21.86,3599712.0
2016-03-08,21.75,21.99,20.29,20.75,4266877.0
2016-03-09,21.0,21.16,20.52,20.78,3015826.0
2016-03-10,20.83,21.07,20.08,20.49,3242251.0
2016-03-11,20.89,21.34,20.82,21.32,2634430.0
2016-03-14,21.12,21.61,20.92,21.43,3183766.0
2016-03-15,21.02,21.39,20.86,21.28,2917528.0
2016-03-16,21.1,22.31,21.1,22.18,3619767.0
2016-03-17,22.23,23.48,22.23,22.92,4384779.0
2016-03-18,23.05,23.68,22.63,22.79,6360708.0
2016-03-21,22.57,23.0,22.44,22.89,3301971.0
2016-03-22,22.62,22.67,22.27,22.33,2265198.0
2016-03-23,22.2,22.31,21.27,21.32,4072981.0
2016-03-24,21.02,21.45,20.55,21.19,3465879.0
2016-03-28,21.32,21.43,20.96,21.07,2637732.0
2016-03-29,21.16,21.7,20.94,21.59,2657318.0
2016-03-30,21.73,21.92,20.98,21.34,2872568.0
2016-03-31,21.41,21.47,20.69,21.03,3769195.0
2016-04-01,20.77,21.23,20.1,21.19,3167066.0
2016-04-04,21.05,21.25,20.67,20.76,2650479.0
2016-04-05,20.29,20.29,19.27,19.83,5540991.0
2016-04-06,19.81,20.27,19.51,20.26,3241540.0
2016-04-07,20.07,20.94,20.01,20.44,3302739.0
2016-04-08,20.84,21.26,20.66,20.81,2318991.0
2016-04-11,20.84,21.36,20.69,20.72,2505603.0
2016-04-12,20.76,21.62,20.75,21.55,2201959.0
2016-04-13,21.78,22.02,21.7,21.86,2756427.0
2016-04-14,21.74,21.83,21.07,21.31,2809854.0
2016-04-15,21.36,22.05,21.24,22.02,3092216.0
2016-04-18,21.82,22.53,21.6,22.43,3523891.0
2016-04-19,22.7,23.3,22.55,22.95,3142462.0
2016-04-20,22.97,23.71,22.79,23.59,4224948.0
2016-04-21,23.72,23.88,22.92,23.07,3701165.0
2016-04-22,23.51,24.35,23.36,24.34,4193370.0
2016-04-25,24.09,24.18,23.62,23.98,3022732.0
2016-04-26,24.22,24.72,23.91,24.45,4037864.0
2016-04-27,24.46,24.81,24.14,24.63,3090488.0
2016-04-28,24.58,25.34,24.44,24.79,4531692.0
2016-04-29,24.59,24.83,24.21,24.66,4854144.0
2016-05-02,24.31,25.26,24.27,24.98,5965239.0
2016-05-03,24.67,25.37,23.75,23.82,5170753.0
2016-05-04,23.73,24.09,23.28,23.44,4318231.0
2016-05-05,23.59,23.95,22.67,22.8,3934383.0
2016-05-06,22.77,23.08,22.59,22.92,2528646.0
2016-05-09,22.95,23.11,22.08,22.45,4166589.0
2016-05-10,22.67,23.15,22.67,23.12,2864884.0
2016-05-11,22.99,23.2,22.62,22.68,2921038.0
2016-05-12,22.97,23.51,22.76,23.26,3288464.0
2016-05-13,23.13,23.15,22.17,22.35,3219425.0
2016-05-16,22.3,22.92,22.2,22.67,2145742.0
2016-05-17,22.46,22.91,22.38,22.51,2708424.0
2016-05-18,22.22,22.84,22.1,22.53,3019496.0
2016-05-19,22.32,23.4,22.02,23.39,4223294.0
2016-05-20,23.61,25.15,23.56,24.85,6354545.0
2016-05-23,24.75,25.77,24.65,25.46,4964884.0
2016-05-24,26.25,27.16,26.02,27.07,6777611.0
2016-05-25,27.31,27.75,27.15,27.5,4010675.0
2016-05-26,27.99,28.56,27.68,28.09,3557160.0
2016-05-27,28.32,28.56,27.84,28.25,3206255.0
2016-05-31,28.35,28.56,27.69,27.79,4692152.0
2016-06-01,27.65,27.97,27.4,27.85,6466640.0
2016-06-02,27.79,28.75,27.63,28.49,4760893.0
2016-06-03,28.45,28.89,28.39,28.62,4518448.0
2016-06-06,28.86,29.16,28.59,28.69,2994894.0
2016-06-07,28.81,28.9,28.52,28.68,2508775.0
2016-06-08,28.88,29.12,28.62,28.84,3194714.0
2016-06-09,28.65,28.97,28.24,28.85,3901909.0
2016-06-10,28.46,28.58,27.76,28.05,3327436.0
2016-06-13,27.75,27.98,26.8,26.84,4423718.0
2016-06-14,26.73,27.17,26.38,26.8,2708130.0
2016-06-15,26.85,27.53,26.8,27.17,3160421.0
2016-06-16,26.9,27.15,26.58,27.07,2618147.0
2016-06-17,26.89,27.72,26.89,27.33,4035585.0
2016-06-20,27.85,27.98,27.46,27.47,2997876.0
2016-06-21,27.62,27.66,26.81,26.96,4070722.0
2016-06-22,27.05,27.36,26.97,27.02,2894513.0
2016-06-23,27.45,27.78,27.45,27.73,1955653.0
2016-06-24,26.22,26.66,25.42,25.52,5485953.0
2016-06-27,25.11,25.21,24.91,25.01,194563.0
2016-06-28,24.76,25.59,24.62,25.58,4241323.0
2016-06-29,26.04,26.75,26.02,26.6,3921195.0
2016-06-30,26.72,27.92,26.66,27.91,4139163.0
2016-07-01,28.01,28.04,27.37,27.63,2998128.0
2016-07-05,27.35,27.4,26.59,26.97,4843862.0
2016-07-06,26.69,27.25,26.23,27.14,5464706.0
2016-07-07,27.27,27.87,26.92,27.14,2600433.0
2016-07-08,27.53,28.53,27.53,28.5,3348249.0
2016-07-11,28.56,28.75,28.16,28.18,2358621.0
2016-07-12,28.25,28.59,27.78,28.31,2699889.0
2016-07-13,28.27,28.43,27.86,28.12,2697629.0
2016-07-14,28.37,28.62,28.16,28.5,2829590.0
2016-07-15,28.57,29.02,28.42,28.97,2898729.0
2016-07-18,29.02,29.33,28.94,29.27,2387194.0
2016-07-19,29.02,29.1,28.35,28.5,2751896.0
2016-07-20,28.35,28.58,28.02,28.41,2705352.0
2016-07-21,28.37,28.88,28.22,28.41,2366485.0
2016-07-22,28.42,28.82,28.28,28.74,1899995.0
2016-07-25,28.63,28.81,28.52,28.62,1716399.0
2016-07-26,28.66,29.14,28.65,28.89,2139067.0
2016-07-27,28.89,29.19,28.57,28.92,2383083.0
2016-07-28,29.04,30.02,28.82,29.96,4282567.0
2016-07-29,29.76,30.41,29.76,30.1,4834151.0
2016-08-01,29.6,29.76,28.72,29.26,4549433.0
2016-08-02,28.07,29.63,27.9,28.47,4718167.0
2016-08-03,28.47,28.95,27.93,28.95,3182040.0
2016-08-04,29.39,29.51,28.44,28.76,2839207.0
2016-08-05,28.84,29.62,28.73,29.47,2839509.0
2016-08-08,29.59,30.06,29.45,29.54,2234423.0
2016-08-09,29.66,29.75,29.25,29.4,2077140.0
2016-08-10,29.5,29.84,29.18,29.33,1738861.0
2016-08-11,29.42,29.45,28.76,28.95,2284059.0
2016-08-12,28.87,29.22,28.56,29.09,2177321.0
2016-08-15,28.88,29.45,28.81,29.09,1847551.0
2016-08-16,28.87,29.08,28.73,28.79,1623575.0
2016-08-17,28.79,29.02,28.48,28.95,2183148.0
2016-08-18,29.01,29.28,28.83,28.89,2053506.0
2016-08-19,28.72,28.95,28.49,28.8,2120395.0
2016-08-22,28.76,29.15,28.61,29.12,1952348.0
2016-08-23,29.31,29.75,29.22,29.44,2033276.0
2016-08-24,29.35,29.35,28.51,28.64,1899076.0
2016-08-25,28.54,28.54,27.82,27.88,2872180.0
2016-08-26,28.16,28.32,27.51,27.71,1977219.0
2016-08-29,27.93,28.33,27.6,28.16,1735404.0
2016-08-30,28.21,28.7,28.18,28.53,2301698.0
2016-08-31,28.56,29.12,28.35,29.08,3211624.0
2016-09-01,29.0,29.08,28.23,28.46,2274913.0
2016-09-02,28.69,29.14,28.69,29.14,2011216.0
2016-09-06,29.17,29.32,28.81,29.26,1671379.0
2016-09-07,29.08,29.36,28.98,29.34,2048234.0
2016-09-08,29.19,29.21,28.49,28.56,2820593.0
2016-09-09,28.14,28.26,27.34,27.34,3085975.0
2016-09-12,27.23,28.39,26.86,28.28,2619087.0
2016-09-13,27.98,28.06,27.22,27.32,2693571.0
2016-09-14,27.37,27.82,27.09,27.3,2682110.0
2016-09-15,27.26,27.68,27.07,27.6,2264444.0
2016-09-16,27.31,27.39,27.05,27.35,3105520.0
2016-09-19,27.57,27.82,27.44,27.5,1606759.0
2016-09-20,27.71,27.71,27.26,27.47,2381152.0
2016-09-21,27.64,28.32,27.64,28.13,3072139.0
2016-09-22,28.4,28.64,28.09,28.3,3094858.0
2016-09-23,28.08,28.25,27.79,27.79,1876117.0
2016-09-26,27.6,27.63,27.19,27.22,1540078.0
2016-09-27,26.97,27.22,26.67,27.21,2363748.0
2016-09-28,27.21,27.43,26.74,27.17,2651759.0
2016-09-29,27.13,27.48,26.69,26.85,2145488.0
2016-09-30,27.02,27.71,26.91,27.49,2848458.0
2016-10-03,27.3,28.29,27.27,28.22,3024587.0
2016-10-04,28.12,28.83,28.02,28.11,3343554.0
2016-10-05,28.11,28.78,27.98,28.59,2629671.0
2016-10-06,28.39,28.78,28.35,28.48,2433793.0
2016-10-07,28.52,28.58,27.8,27.97,1782482.0
2016-10-10,28.23,28.64,28.17,28.59,1885862.0
2016-10-11,28.49,28.6,27.39,27.66,2316559.0
2016-10-12,27.64,27.97,27.42,27.71,1823783.0
2016-10-13,27.28,27.84,26.95,27.57,2155561.0
2016-10-14,27.74,28.17,27.45,27.45,1790042.0
2016-10-17,27.45,27.61,27.1,27.17,2054731.0
2016-10-18,27.56,27.7,27.29,27.3,2143688.0
2016-10-19,27.28,27.59,26.81,27.54,1797611.0
2016-10-20,27.44,27.83,27.3,27.5,2044776.0
2016-10-21,27.24,27.75,26.93,27.64,1721734.0
2016-10-24,27.92,28.29,27.69,27.83,1324330.0
2016-10-25,27.94,28.15,27.7,27.85,1879542.0
2016-10-26,27.74,28.77,27.63,28.6,2856310.0
2016-10-27,28.69,28.74,28.07,28.4,2156683.0
2016-10-28,28.49,29.28,28.41,28.91,2628577.0
2016-10-31,29.02,29.52,28.83,28.89,3867303.0
2016-11-01,30.69,32.66,30.67,32.07,9705990.0
2016-11-02,32.07,33.2,31.98,32.58,6221035.0
2016-11-03,32.37,33.19,32.37,32.75,4376488.0
2016-11-04,32.7,32.87,32.21,32.24,2804080.0
2016-11-07,32.78,32.91,32.25,32.37,3425947.0
2016-11-08,32.27,33.19,32.25,33.04,3131985.0
2016-11-09,32.16,32.24,30.39,31.6,5372567.0
2016-11-10,31.74,31.89,30.37,30.5,3959812.0
2016-11-11,28.89,29.11,26.92,27.05,7004486.0
2016-11-14,27.2,28.59,27.06,28.5,5139734.0
2016-11-15,28.48,29.14,28.47,29.11,4292666.0
2016-11-16,29.3,29.3,28.38,28.88,3435910.0
2016-11-17,28.9,28.97,28.38,28.62,3595439.0
2016-11-18,28.54,29.23,28.54,29.11,3289861.0
2016-11-21,29.0,29.59,29.0,29.27,2727715.0
2016-11-22,29.48,29.54,28.82,29.13,2733564.0
2016-11-23,29.19,29.26,28.54,28.87,4138427.0
2016-11-25,29.09,29.19,28.86,29.17,1776687.0
2016-11-28,29.13,29.31,28.61,28.73,2864357.0
2016-11-29,28.79,28.87,28.23,28.39,3203893.0
2016-11-30,28.48,29.09,28.47,28.85,3529343.0
2016-12-01,28.77,30.02,28.77,29.93,3983866.0
2016-12-02,30.04,30.36,29.54,29.62,3289974.0
2016-12-05,29.74,29.97,29.12,29.52,2925478.0
2016-12-06,29.62,30.62,29.61,30.3,3397817.0
2016-12-07,30.28,30.88,30.16,30.82,4164253.0
2016-12-08,30.66,31.67,30.6,31.59,3303444.0
2016-12-09,31.55,32.18,31.15,32.18,2997085.0
2016-12-12,32.24,32.77,32.18,32.64,2924250.0
2016-12-13,32.37,32.89,31.95,32.02,3992300.0
2016-12-14,32.02,32.19,30.97,31.21,3510720.0
2016-12-15,31.01,31.69,30.76,31.36,2699441.0
2016-12-16,31.35,32.15,31.25,32.13,5880606.0
2016-12-19,32.11,32.3,31.43,31.69,3189794.0
2016-12-20,32.0,32.0,31.3,31.84,3231137.0
2016-12-21,31.88,32.1,31.62,31.75,3219797.0
2016-12-22,31.76,31.83,30.61,30.8,3197571.0
2016-12-23,30.82,31.11,30.63,30.77,2227009.0
2016-12-27,30.84,31.34,30.79,31.27,1558063.0
2016-12-28,31.29,31.4,30.87,30.96,1764985.0
2016-12-29,30.89,31.34,30.87,30.98,1952548.0
2016-12-30,31.04,31.31,30.65,31.27,2522323.0
2017-01-03,31.31,31.87,31.17,31.81,3614876.0
2017-01-04,32.0,32.16,31.06,31.73,3473244.0
2017-01-05,31.72,32.02,31.33,31.39,3364128.0
2017-01-06,30.64,30.64,29.46,30.34,4396289.0
2017-01-09,30.13,30.93,30.02,30.37,3543135.0
2017-01-10,30.42,31.03,30.01,30.08,3636988.0
2017-01-11,29.37,29.88,28.77,29.63,5321965.0
2017-01-12,29.66,29.83,28.96,29.06,3625693.0
2017-01-13,29.17,29.4,28.95,29.18,2164863.0
2017-01-17,29.4,30.36,29.2,30.31,4411674.0
2017-01-18,30.36,30.84,30.32,30.57,2989290.0
2017-01-19,30.58,30.65,29.88,30.12,2831561.0
2017-01-20,30.29,30.83,29.88,30.35,2395321.0
2017-01-23,30.24,30.35,29.75,30.33,1973308.0
2017-01-24,30.38,31.08,30.22,30.28,3245052.0
2017-01-25,30.52,31.07,30.49,30.82,3367809.0
2017-01-26,30.67,30.95,30.11,30.17,2577307.0
2017-01-27,30.18,30.51,29.9,30.14,2054732.0
2017-01-30,30.13,30.21,29.31,29.75,2572732.0
2017-01-31,29.8,29.95,28.94,29.88,5041055.0
2017-02-01,30.1,30.17,29.21,29.39,2486192.0
2017-02-02,29.49,29.75,29.11,29.61,3624670.0
2017-02-03,29.8,30.01,29.52,29.61,3292395.0
2017-02-06,29.71,29.97,29.42,29.64,3890622.0
2017-02-07,28.58,30.67,27.36,30.21,7474357.0
2017-02-08,30.33,30.38,28.81,29.08,4308450.0
2017-02-09,29.22,29.6,29.05,29.16,3120642.0
2017-02-10,29.29,29.51,29.09,29.45,2356519.0
2017-02-13,29.52,29.67,28.7,29.33,2978973.0
2017-02-14,29.36,29.49,28.89,29.35,2734320.0
2017-02-15,29.47,30.2,29.34,30.09,4060952.0
2017-02-16,30.2,30.49,29.84,30.04,4259718.0
2017-02-17,30.01,30.63,29.91,30.63,2809753.0
2017-02-21,30.49,31.14,30.45,30.75,5068477.0
2017-02-22,30.53,30.86,30.36,30.66,3271482.0
2017-02-23,30.74,31.2,30.43,31.03,3290850.0
2017-02-24,30.78,31.2,30.68,31.2,2371286.0
2017-02-27,31.07,31.37,30.66,31.31,3026872.0
2017-02-28,31.44,33.36,31.34,32.91,8688386.0
2017-03-01,33.19,33.38,32.44,32.45,4033451.0
2017-03-02,32.48,32.52,31.37,31.42,3393056.0
2017-03-03,31.47,31.66,30.98,31.14,3037707.0
2017-03-06,31.02,31.08,30.58,30.7,2469489.0
2017-03-07,30.69,30.91,30.4,30.4,2361309.0
2017-03-08,30.41,30.89,29.8,29.93,3156837.0
2017-03-09,30.04,30.45,30.04,30.36,2822556.0
2017-03-10,30.57,31.06,30.55,30.98,2217295.0
2017-03-13,30.94,31.07,30.53,30.64,2273292.0
2017-03-14,30.64,30.8,30.35,30.61,1946274.0
2017-03-15,30.65,31.27,30.44,30.95,2839975.0
2017-03-16,31.01,31.08,30.33,30.79,3185668.0
2017-03-17,30.85,31.04,30.62,30.66,4200281.0
2017-03-20,30.54,30.92,29.95,30.79,3897386.0
2017-03-21,30.86,31.18,30.61,30.89,3492859.0
2017-03-22,30.86,31.59,30.86,31.55,2620978.0
2017-03-23,31.55,31.96,31.34,31.55,1972187.0
2017-03-24,31.55,31.84,31.36,31.52,1546816.0
2017-03-27,31.37,31.61,31.03,31.29,1792383.0
2017-03-28,31.26,31.88,31.18,31.66,2135579.0
2017-03-29,31.59,32.33,31.53,32.18,2477765.0
2017-03-30,32.26,32.26,31.89,32.05,2019155.0
2017-03-31,31.82,32.25,31.82,31.98,2236718.0
2017-04-03,32.14,32.2,31.47,31.74,2300259.0
2017-04-04,31.61,31.75,31.15,31.35,2826957.0
2017-04-05,31.36,31.77,31.03,31.2,2825602.0
2017-04-06,31.11,31.4,30.86,31.19,2285013.0
2017-04-07,31.23,31.33,30.82,30.83,1418485.0
2017-04-10,30.85,31.14,30.66,30.93,1638380.0
2017-04-11,30.87,30.87,30.38,30.48,2137169.0
2017-04-12,30.58,30.84,30.26,30.59,2718389.0
2017-04-13,30.49,30.52,30.12,30.22,2212785.0
2017-04-17,30.23,30.69,30.23,30.62,2943964.0
2017-04-18,30.64,31.77,30.49,31.35,3758397.0
2017-04-19,31.27,31.42,30.45,30.54,2896765.0
2017-04-20,30.65,31.02,30.47,30.84,2539257.0
2017-04-21,30.98,31.24,30.66,30.75,2081117.0
2017-04-24,31.21,31.54,31.12,31.32,2661425.0
2017-04-25,31.39,31.82,31.32,31.52,1844102.0
2017-04-26,31.6,31.63,31.19,31.21,1549057.0
2017-04-27,31.08,31.8,31.03,31.72,1803760.0
2017-04-28,31.57,31.75,31.42,31.69,2148487.0
2017-05-01,31.82,31.85,31.36,31.67,2582690.0
2017-05-02,28.94,29.93,27.46,27.61,8265584.0
2017-05-03,27.66,27.8,27.04,27.25,6239580.0
2017-05-04,27.31,28.79,27.23,28.34,4432483.0
2017-05-05,28.61,28.78,28.11,28.37,3244159.0
2017-05-08,28.44,29.04,28.24,28.9,3907631.0
2017-05-09,28.69,28.76,28.18,28.3,2966259.0
2017-05-10,28.31,28.41,27.95,28.23,2489634.0
2017-05-11,28.24,28.27,27.85,27.97,2181092.0
2017-05-12,28.07,28.17,27.8,27.9,1557242.0
2017-05-15,27.97,28.16,27.75,28.08,3033135.0
2017-05-16,28.22,28.56,27.91,28.16,2251271.0
2017-05-17,27.93,28.35,27.74,27.78,2470522.0
2017-05-18,27.71,27.93,27.37,27.57,2394647.0
2017-05-19,27.63,27.95,27.63,27.76,3678156.0
2017-05-22,27.81,28.02,27.65,27.76,3082802.0
2017-05-23,27.81,29.74,27.57,29.3,6886545.0
2017-05-24,28.74,29.14,28.43,28.81,3701123.0
2017-05-25,28.8,29.16,28.65,28.88,2038254.0
2017-05-26,28.82,29.1,28.44,28.71,1888378.0
2017-05-30,28.48,28.53,28.26,28.37,1834094.0
2017-05-31,28.55,28.55,27.83,27.84,3391255.0
2017-06-01,27.31,28.08,27.06,28.08,3497060.0
2017-06-02,28.21,28.6,27.95,28.48,2568470.0
2017-06-05,28.37,28.41,27.86,28.2,3422091.0
2017-06-06,28.13,28.4,27.82,28.21,2485106.0
2017-06-07,28.3,28.45,27.78,28.17,2787196.0
2017-06-08,28.06,28.45,27.97,28.27,2316941.0
2017-06-09,28.07,28.39,27.91,28.28,2306891.0
2017-06-12,28.33,29.05,28.2,28.69,3481378.0
2017-06-13,28.69,28.86,28.38,28.62,1930572.0
2017-06-14,28.69,28.71,28.16,28.31,2409712.0
2017-06-15,28.24,29.04,28.14,28.62,3278461.0
2017-06-16,28.52,28.87,28.15,28.82,5352935.0
2017-06-19,28.66,28.91,28.14,28.7,2856969.0
2017-06-20,28.65,28.7,27.63,27.74,2756776.0
2017-06-21,27.67,27.98,27.49,27.51,2560423.0
2017-06-22,27.51,27.72,27.27,27.29,2543908.0
2017-06-23,27.34,27.67,27.18,27.42,3692863.0
2017-06-26,27.53,27.72,27.32,27.56,1850989.0
2017-06-27,27.62,27.76,27.26,27.26,1884905.0
2017-06-28,27.51,27.58,27.22,27.4,2230152.0
2017-06-29,27.4,27.4,26.66,26.89,3514425.0
2017-06-30,27.14,27.81,27.08,27.64,3158542.0
2017-07-03,27.74,27.95,27.59,27.72,1438573.0
2017-07-05,27.61,28.39,27.53,28.06,3301799.0
2017-07-06,27.96,28.06,27.36,27.36,2724140.0
2017-07-07,27.52,27.63,27.3,27.5,2365941.0
2017-07-10,27.5,27.87,27.04,27.07,3020493.0
2017-07-11,26.91,27.0,26.48,26.55,1406574.0
2017-07-12,26.8,27.27,26.77,27.18,1233883.0
2017-07-13,27.29,27.82,27.18,27.65,953847.0
2017-07-14,27.83,27.97,27.68,27.76,647148.0
2017-07-17,27.72,27.96,27.26,27.88,878836.0
2017-07-18,27.75,27.77,27.35,27.45,887961.0
2017-07-19,27.51,27.93,27.38,27.54,3574485.0
2017-07-20,27.58,27.95,27.17,27.68,1099640.0
2017-07-21,27.64,27.73,27.29,27.5,1042919.0
2017-07-24,27.53,27.92,27.44,27.64,2006554.0
2017-07-25,27.79,28.34,27.71,28.24,978577.0
2017-07-26,28.39,28.34,27.88,27.98,1008683.0
2017-07-27,27.96,28.1,27.52,28.04,2978055.0
2017-07-28,28.06,28.18,27.68,28.06,1166424.0
2017-07-31,28.19,28.94,28.06,28.44,9333559.0
2017-08-01,28.76,29.95,28.59,29.56,2853167.0
2017-08-02,29.27,29.58,28.64,28.76,1893171.0
2017-08-03,28.69,29.45,28.53,28.89,1483993.0
2017-08-04,28.84,28.95,28.53,28.86,1038852.0
2017-08-07,28.87,29.12,28.62,28.68,1256765.0
2017-08-08,28.76,28.91,28.36,28.52,1347219.0
2017-08-09,28.55,28.8,28.39,28.75,2316629.0
2017-08-10,28.6,28.75,28.36,28.38,3733669.0
2017-08-11,28.04,28.04,27.4,27.52,3784123.0
2017-08-14,27.64,28.47,27.64,28.21,2967665.0
2017-08-15,28.26,28.74,27.99,28.63,4097909.0
2017-08-16,28.79,29.15,28.55,28.73,2589894.0
2017-08-17,28.65,28.91,28.17,28.25,2412392.0
2017-08-18,28.24,28.24,27.84,27.85,2283192.0
2017-08-21,27.86,28.39,27.85,28.14,2617126.0
2017-08-22,28.12,28.51,28.12,28.3,2857234.0
2017-08-23,28.21,28.51,28.07,28.35,1865767.0
2017-08-24,28.33,28.46,27.64,27.66,2746125.0
2017-08-25,27.96,28.48,27.94,28.33,2216740.0
2017-08-28,28.33,28.65,28.21,28.35,2466774.0
2017-08-29,28.37,28.5,28.14,28.32,2379345.0
2017-08-30,28.24,28.62,28.2,28.44,2160333.0
2017-08-31,28.29,28.29,27.69,27.9,4198526.0
2017-09-01,27.95,28.87,27.9,28.78,3007061.0
2017-09-05,28.87,28.87,28.29,28.52,3015108.0
2017-09-06,28.58,29.05,28.35,28.98,3675145.0
2017-09-07,29.05,29.24,28.66,29.17,3525331.0
2017-09-08,29.1,29.23,28.92,28.95,2387740.0
2017-09-11,29.19,29.57,29.09,29.37,2208184.0
2017-09-12,29.58,29.86,29.23,29.79,3019510.0
2017-09-13,29.78,30.14,29.55,29.87,2242290.0
2017-09-14,29.84,30.23,29.78,30.03,2917405.0
2017-09-15,29.85,30.42,29.83,30.42,5604342.0
2017-09-18,30.43,30.84,30.23,30.67,3219716.0
2017-09-19,30.69,30.69,30.02,30.47,2759212.0
2017-09-20,30.46,30.49,29.78,29.9,2805651.0
2017-09-21,29.91,30.18,29.84,29.87,2301341.0
2017-09-22,29.92,30.27,29.9,29.96,1576725.0
2017-09-25,30.05,30.28,29.86,30.15,2050961.0
2017-09-26,30.2,30.21,29.99,30.1,2222266.0
2017-09-27,30.09,30.23,29.32,29.63,3266892.0
2017-09-28,28.94,29.65,28.94,29.33,3006381.0
2017-09-29,29.12,29.34,28.89,29.09,2358953.0
2017-10-02,29.1,29.38,28.92,29.2,2411150.0
2017-10-03,29.25,29.42,29.15,29.3,2271971.0
2017-10-04,29.35,29.74,29.28,29.61,2202917.0
2017-10-05,29.65,30.13,29.61,29.93,2165119.0
2017-10-06,29.82,29.85,29.47,29.58,2184290.0
2017-10-09,29.51,29.62,29.14,29.19,2063533.0
2017-10-10,29.3,29.62,29.22,29.59,2198106.0
2017-10-11,29.54,29.88,29.53,29.87,1379733.0
2017-10-12,29.81,30.12,29.81,30.02,1771856.0
2017-10-13,30.34,31.0,30.23,30.58,3327416.0
2017-10-16,30.55,30.62,30.11,30.28,2606511.0
2017-10-17,30.2,30.37,29.98,30.25,1271958.0
2017-10-18,30.25,30.43,29.87,29.89,1995522.0
2017-10-19,29.75,29.9,29.46,29.89,2126126.0
2017-10-20,30.01,30.08,29.84,30.07,2024026.0
2017-10-23,30.08,30.25,29.96,30.15,2244438.0
2017-10-24,30.15,30.56,30.12,30.31,2746887.0
2017-10-25,30.18,30.18,29.48,30.02,2229818.0
2017-10-26,30.25,30.35,29.56,29.59,3256893.0
2017-10-27,29.61,29.71,29.16,29.65,2682306.0
2017-10-30,29.49,29.67,29.18,29.39,3280717.0
2017-10-31,27.32,28.17,26.53,27.45,8963813.0
2017-11-01,27.55,27.69,26.66,27.2,7011630.0
2017-11-02,27.08,27.56,26.67,26.74,3717057.0
2017-11-03,26.71,26.77,26.23,26.36,3157903.0
2017-11-06,26.31,26.42,25.68,25.85,2881964.0
2017-11-07,25.85,26.15,25.8,26.12,4562835.0
2017-11-08,26.23,26.39,26.12,26.38,3273446.0
2017-11-09,26.27,26.73,26.09,26.18,3933849.0
2017-11-10,26.07,26.54,26.03,26.51,2591397.0
2017-11-13,26.51,26.6,26.28,26.32,2524220.0
2017-11-14,26.3,27.24,26.28,26.37,4733069.0
2017-11-15,26.16,26.7,25.49,25.86,3783159.0
2017-11-16,25.88,26.19,25.55,26.09,3283751.0
2017-11-17,25.95,26.4,25.95,26.32,2608471.0
2017-11-20,26.27,26.32,26.0,26.1,2965658.0
2017-11-21,26.17,26.5,26.16,26.24,2105616.0
2017-11-22,26.23,26.4,26.06,26.14,1876408.0
2017-11-24,26.29,26.29,26.0,26.04,722686.0
2017-11-27,26.06,26.11,25.76,25.97,2453351.0
2017-11-28,25.89,26.04,25.82,25.99,2101009.0
2017-11-29,26.2,26.82,26.11,26.67,2094116.0
2017-11-30,26.76,27.05,26.58,26.78,5802978.0
2017-12-01,26.86,27.75,26.64,27.73,3913239.0
2017-12-04,27.82,28.22,27.56,28.1,2661736.0
2017-12-05,28.26,28.4,27.67,27.74,2950737.0
2017-12-06,27.83,28.21,27.75,28.12,2704417.0
2017-12-07,28.17,28.71,27.94,28.21,3667805.0
2017-12-08,28.23,28.43,28.02,28.41,2396307.0
2017-12-11,28.3,28.81,28.2,28.8,2604869.0
2017-12-12,28.85,29.13,28.65,28.67,3834622.0
2017-12-13,28.59,28.6,26.85,26.95,5374077.0
2017-12-14,26.88,27.02,26.42,26.47,4410144.0
2017-12-15,26.68,27.86,26.68,27.46,9689797.0
2017-12-18,27.57,27.6,27.08,27.12,3431788.0
2017-12-19,27.39,27.45,27.03,27.03,2916230.0
2017-12-20,27.17,27.17,26.68,26.77,3053120.0
2017-12-21,26.9,27.2,26.69,26.99,2628182.0
2017-12-22,27.05,27.31,26.99,27.09,1728787.0
2017-12-26,27.12,27.4,27.07,27.16,1301973.0
2017-12-27,27.24,27.32,26.99,27.14,1289620.0
2017-12-28,27.11,27.19,26.94,27.17,1629966.0
2017-12-29,27.05,27.3,26.93,26.98,2486985.0
2018-01-02,27.1,27.1,26.52,26.99,3670758.0
2018-01-03,27.05,27.07,26.65,26.68,2815218.0
2018-01-04,26.76,27.42,26.73,27.35,3663304.0
2018-01-05,27.46,27.6,26.95,27.08,2848257.0
2018-01-08,26.98,27.08,26.67,26.99,3617614.0
2018-01-09,27.09,27.5,27.02,27.12,2791680.0
2018-01-10,26.95,27.08,26.18,26.81,3716829.0
2018-01-11,26.96,27.61,26.91,27.46,3348098.0
2018-01-12,27.46,27.59,27.11,27.4,2810892.0
2018-01-16,27.48,27.86,27.43,27.68,5283943.0
2018-01-17,27.81,27.9,27.07,27.81,3900920.0
2018-01-18,27.78,27.78,27.33,27.38,2529791.0
2018-01-19,27.41,28.23,26.82,27.86,5232864.0
2018-01-22,28.08,29.67,28.05,29.65,7332710.0
2018-01-23,29.25,29.74,29.17,29.51,3915158.0
2018-01-24,29.59,30.1,29.39,29.74,4123113.0
2018-01-25,30.18,30.3,29.71,29.79,3223908.0
2018-01-26,29.8,30.59,29.51,30.49,4052688.0
2018-01-29,30.28,30.4,30.0,30.01,2457325.0
2018-01-30,29.74,30.02,29.14,29.38,2885681.0
2018-01-31,29.58,30.12,29.42,29.85,5210622.0
2018-02-01,29.67,29.89,29.2,29.36,2921389.0
2018-02-02,28.94,29.03,28.3,28.33,3016081.0
2018-02-05,29.14,29.44,27.41,27.5,5039907.0
2018-02-06,27.11,29.15,27.1,28.9,5859620.0
2018-02-07,29.21,29.95,29.07,29.09,4587806.0
2018-02-08,29.3,29.3,28.24,28.25,4495168.0
2018-02-09,28.66,28.72,27.52,28.39,5540553.0
2018-02-12,28.55,28.64,27.27,28.17,6433474.0
2018-02-13,28.0,28.32,27.87,28.24,2449920.0
2018-02-14,27.81,28.85,27.62,28.72,3644358.0
2018-02-15,29.08,30.1,28.9,30.1,3873387.0
2018-02-16,29.975,30.665,29.865,30.365,3062382.0
2018-02-20,30.025,30.415,29.535,29.805,4532874.0
2018-02-21,29.735,30.035,29.355,29.355,3960602.0
2018-02-22,29.565,29.585,28.905,28.995,3367779.0
2018-02-23,29.115,29.905,28.935,29.805,2782724.0
2018-02-26,29.825,29.865,29.265,29.405,3530304.0
2018-02-27,29.505,29.685,28.875,28.875,4806979.0
2018-02-28,29.305,29.725,28.745,28.755,4734569.0
2018-03-01,28.735,29.005,28.225,28.485,4347530.0
2018-03-02,28.445,29.485,28.445,29.435,4065001.0
2018-03-05,29.125,30.085,28.995,29.955,4706014.0
2018-03-06,30.505,30.615,29.755,30.355,2782257.0
2018-03-07,30.065,30.635,29.985,30.265,3390149.0
2018-03-08,30.305,30.535,29.915,30.525,2670850.0
2018-03-09,30.725,30.985,30.095,30.535,4696535.0
2018-03-12,31.125,32.225,31.075,31.765,7438722.0
2018-03-13,31.805,32.155,31.315,31.475,3349189.0
2018-03-14,31.535,31.595,30.775,31.005,3268248.0
2018-03-15,30.985,31.145,30.185,30.495,3270935.0
2018-03-16,30.585,31.125,30.235,30.735,10091062.0
2018-03-19,30.755,30.895,30.175,30.295,4270506.0
2018-03-20,30.375,30.495,29.835,30.205,2133722.0
2018-03-21,29.985,30.225,29.545,29.855,3072798.0
2018-03-22,29.685,30.085,29.105,29.175,2645536.0
2018-03-23,29.235,29.985,29.225,29.285,4459358.0
2018-03-26,29.565,30.125,29.405,30.065,2573788.0
2018-03-27,30.205,30.835,29.975,30.105,4334263.0
2018-03-28,29.985,30.325,29.725,30.035,4171927.0
2018-03-29,30.325,30.805,30.235,30.605,2798795.0
2018-04-02,30.565,30.685,29.145,29.505,3020104.0
2018-04-03,29.705,30.685,29.535,30.355,3721985.0
2018-04-04,29.815,31.335,29.695,31.135,6910907.0
2018-04-05,31.525,31.965,31.165,31.665,5711311.0
2018-04-06,31.435,31.985,31.205,31.565,6447961.0
2018-04-09,31.845,32.095,31.405,31.455,3335566.0
2018-04-10,31.835,32.025,31.105,31.375,4486499.0
2018-04-11,31.195,31.605,31.155,31.365,1728378.0
2018-04-12,31.565,32.645,31.455,32.535,4983347.0
2018-04-13,32.575,32.675,32.135,32.435,3108048.0
2018-04-16,32.735,32.915,32.495,32.705,2811524.0
2018-04-17,32.915,32.985,32.575,32.925,2521374.0
2018-04-18,33.015,33.015,32.655,32.885,2351688.0
2018-04-19,32.885,33.315,32.715,33.025,3349349.0
2018-04-20,33.195,33.485,32.285,32.735,4382951.0
2018-04-23,32.795,32.855,32.435,32.725,4123209.0
2018-04-24,32.745,32.965,32.095,32.395,3590329.0
2018-04-25,32.375,33.225,32.175,33.075,5596082.0
2018-04-26,33.065,33.225,32.785,33.085,3510438.0
2018-04-27,33.095,33.475,32.935,33.285,2691773.0
2018-04-30,33.385,33.415,32.455,32.615,6682082.0
2018-05-01,32.835,33.225,32.015,32.265,4567817.0
2018-05-02,32.405,32.695,31.485,31.665,5756768.0
2018-05-03,31.525,31.735,30.595,30.835,4873129.0
2018-05-04,30.675,31.365,30.585,31.095,4056747.0
2018-05-07,31.065,31.255,30.685,30.925,6398959.0
2018-05-08,31.005,31.885,30.865,31.185,4788300.0
2018-05-09,31.355,31.405,30.875,30.935,3332112.0
2018-05-10,31.085,31.465,30.955,31.135,2778920.0
2018-05-11,31.145,31.565,31.065,31.215,3195188.0
2018-05-14,31.335,31.795,31.285,31.655,4516518.0
2018-05-15,31.525,31.955,31.395,31.645,4534171.0
2018-05-16,31.89,32.32,31.78,32.09,3497168.0
2018-05-17,32.27,32.79,32.06,32.48,3929937.0
2018-05-18,32.22,32.73,32.22,32.59,3560582.0
2018-05-21,32.82,33.3,32.54,32.74,3410219.0
2018-05-22,32.89,32.97,32.38,32.48,2082156.0
2018-05-23,32.3,32.47,32.03,32.37,2675059.0
2018-05-24,32.36,32.46,31.95,32.38,4680143.0
2018-05-25,32.25,32.45,31.89,32.12,2822077.0
2018-05-29,31.89,32.01,31.24,31.36,4072066.0
2018-05-30,31.52,31.89,31.19,31.85,3108289.0
2018-05-31,31.85,31.92,31.09,31.29,4009740.0
2018-06-01,31.41,31.59,31.21,31.39,4260973.0
2018-06-04,31.7,31.96,31.55,31.66,2341608.0
2018-06-05,31.92,32.11,31.75,31.8,3906781.0
2018-06-06,31.79,32.36,31.41,32.36,5713126.0
2018-06-07,32.17,32.67,32.07,32.26,3709689.0
2018-06-08,32.26,32.51,32.11,32.42,2307482.0
2018-06-11,32.52,33.24,32.52,33.08,3190835.0
2018-06-12,33.12,33.21,32.59,32.67,2445998.0
2018-06-13,32.73,32.87,32.47,32.85,2922441.0
2018-06-14,33.14,33.35,32.69,32.81,3158956.0
2018-06-15,32.67,33.67,32.57,33.6,7740376.0
2018-06-18,33.22,33.84,32.94,33.76,3561269.0
2018-06-19,33.5,33.73,33.05,33.64,3737707.0
2018-06-20,33.75,33.98,33.49,33.74,2455452.0
2018-06-21,33.78,33.88,33.45,33.57,3685311.0
2018-06-22,33.93,34.35,33.71,34.1,7975721.0
2018-06-25,34.1,34.35,33.64,33.83,2174789.0
2018-06-26,33.78,34.22,33.7,33.8,2419285.0
2018-06-27,33.77,34.36,33.52,33.84,3368940.0
2018-06-28,33.84,34.11,33.56,33.76,3425438.0
2018-06-29,33.77,33.99,33.39,33.4,3162940.0
2018-07-02,33.36,33.38,32.54,32.8,3800114.0
2018-07-03,32.93,33.54,32.89,33.23,1507954.0
2018-07-05,33.38,33.95,33.1,33.91,2556103.0
2018-07-06,33.95,34.47,33.9,34.28,2340973.0
2018-07-09,35.18,35.18,34.52,34.84,3410299.0
2018-07-10,35.04,35.59,34.92,35.51,3420848.0
2018-07-11,35.57,35.83,35.25,35.42,2556071.0
2018-07-12,35.57,35.77,35.32,35.47,2706309.0
2018-07-13,35.07,35.41,34.74,35.14,2402809.0
2018-07-16,35.16,35.22,34.54,34.74,3159155.0
2018-07-17,34.76,35.51,34.69,35.29,3405101.0
2018-07-18,35.29,35.33,34.6,34.88,2823137.0
2018-07-19,34.89,35.12,34.78,34.82,2904270.0
2018-07-20,34.94,34.94,34.47,34.69,2533089.0
2018-07-23,34.8,34.93,34.58,34.8,2038044.0
2018-07-24,34.89,35.26,34.75,34.87,4609557.0
2018-07-25,34.78,35.16,34.31,34.81,3613208.0
2018-07-26,34.98,35.54,34.94,35.28,2427781.0
2018-07-27,35.29,35.46,34.87,35.18,2653290.0
2018-07-30,35.13,35.33,34.87,34.92,3418074.0
2018-07-31,36.82,37.14,35.25,35.83,11368114.0
2018-08-01,35.91,36.52,35.62,35.68,5427760.0
2018-08-02,35.74,37.07,35.74,36.91,6796146.0
2018-08-03,37.17,37.56,36.9,37.52,4369623.0
2018-08-06,37.57,37.98,37.42,37.63,3701273.0
2018-08-07,37.66,38.17,37.66,37.82,3238899.0
2018-08-08,37.83,37.88,37.26,37.54,2261803.0
2018-08-09,37.69,37.86,37.31,37.81,2974770.0
2018-08-10,37.56,37.75,37.31,37.44,1809547.0
2018-08-13,37.54,37.57,36.69,36.89,2140429.0
2018-08-14,36.91,37.55,36.91,37.51,2713459.0
2018-08-15,37.355,37.775,36.775,37.345,4513689.0
2018-08-16,37.585,38.265,37.545,38.055,6099388.0
2018-08-17,38.055,38.675,37.905,38.455,6010729.0
2018-08-20,38.575,38.965,38.575,38.675,3935422.0
2018-08-21,38.725,38.825,38.305,38.645,2884797.0
2018-08-22,38.685,38.715,38.195,38.405,2582642.0
2018-08-23,38.175,38.555,38.105,38.415,1633316.0
2018-08-24,38.555,38.685,38.345,38.605,1984292.0
2018-08-27,38.785,39.015,38.535,38.685,2492708.0
2018-08-28,38.645,38.925,38.225,38.355,2692077.0
2018-08-29,38.605,38.785,38.095,38.305,2700603.0
2018-08-30,38.295,38.505,38.065,38.285,2207947.0
2018-08-31,38.285,38.425,38.075,38.305,4717871.0
2018-09-04,38.205,38.305,37.695,37.985,3451537.0
2018-09-05,37.905,38.145,37.665,37.735,6904827.0
2018-09-06,37.605,37.755,37.195,37.315,3818977.0
2018-09-07,37.195,37.305,36.715,37.215,3440478.0
2018-09-10,37.525,38.045,37.315,37.605,3794857.0
2018-09-11,37.555,37.755,37.315,37.655,2933373.0
2018-09-12,37.585,38.075,37.585,37.795,2202163.0
2018-09-13,37.965,38.155,37.795,37.905,1641509.0
2018-09-14,37.945,38.025,37.775,37.945,1999505.0
2018-09-17,38.005,38.045,37.435,37.685,3700562.0
2018-09-18,37.705,37.795,37.275,37.525,2385986.0
2018-09-19,37.625,38.075,37.525,37.845,2110869.0
2018-09-20,38.045,38.325,37.915,38.235,1847549.0
2018-09-21,38.305,38.385,37.985,38.225,5386694.0
2018-09-24,38.275,38.525,37.405,37.525,2612064.0
2018-09-25,37.575,37.895,37.505,37.545,2391809.0
2018-09-26,37.545,37.735,37.205,37.255,2358050.0
2018-09-27,37.025,37.635,37.025,37.355,1741732.0
2018-09-28,37.365,38.205,37.365,38.175,2956086.0
2018-10-01,38.465,38.615,37.925,38.015,2950039.0
2018-10-02,38.125,38.465,37.925,38.315,1860120.0
2018-10-03,38.505,38.845,38.335,38.355,2886858.0
2018-10-04,38.225,38.505,38.015,38.365,2452319.0
2018-10-05,38.395,39.015,38.315,38.975,2652941.0
2018-10-08,38.975,39.975,38.785,39.695,3941884.0
2018-10-09,39.585,39.865,39.275,39.355,3485334.0
2018-10-10,39.505,39.775,38.015,38.045,3333827.0
2018-10-11,38.015,38.075,36.425,36.575,5776636.0
2018-10-12,36.925,36.955,36.115,36.735,4604330.0
2018-10-15,36.765,37.555,36.705,36.945,2477935.0
2018-10-16,37.135,37.305,36.775,37.205,2499387.0
2018-10-17,37.185,37.335,36.445,36.935,3879149.0
2018-10-18,36.995,37.605,36.775,37.115,3009000.0
2018-10-19,37.415,37.675,37.255,37.445,2698002.0
2018-10-22,37.615,37.655,36.765,36.815,1994178.0
2018-10-23,36.405,37.075,35.685,36.965,4263428.0
2018-10-24,37.005,37.285,35.555,35.655,5496915.0
2018-10-25,35.665,36.075,35.295,35.805,3032528.0
2018-10-26,35.495,35.495,34.055,34.365,4529328.0
2018-10-29,34.605,35.425,34.425,34.915,3316564.0
2018-10-30,35.305,35.935,34.885,35.905,3884166.0
2018-10-31,36.085,36.145,35.015,35.155,4614183.0
2018-11-01,35.275,36.645,35.235,36.625,4586228.0
2018-11-02,36.635,37.105,35.585,35.905,3483236.0
2018-11-05,35.965,36.285,35.735,36.005,3683776.0
2018-11-06,35.895,36.575,34.365,35.235,5319038.0
2018-11-07,35.155,36.225,34.975,36.205,5147623.0
2018-11-08,36.385,36.865,35.975,36.475,3620282.0
2018-11-09,36.525,36.885,36.105,36.165,7033253.0
2018-11-12,36.165,36.565,35.755,35.845,2620936.0
2018-11-13,35.925,36.415,35.755,35.925,4056999.0
2018-11-14,36.085,36.215,34.175,34.505,4275353.0
2018-11-15,34.225,34.295,33.355,34.035,4251206.0
2018-11-16,34.005,34.695,33.745,34.285,3789070.0
2018-11-19,34.325,34.625,33.825,34.215,2983498.0
2018-11-20,34.085,34.465,33.505,33.565,3430321.0
2018-11-21,33.58,34.22,33.52,33.84,3195022.0
2018-11-23,33.51,33.78,33.13,33.44,1280291.0
2018-11-26,33.63,33.89,33.48,33.76,2450177.0
2018-11-27,33.78,34.32,33.73,34.31,2912928.0
2018-11-28,34.34,34.48,33.75,34.24,3028803.0
2018-11-29,34.06,34.73,34.06,34.28,2482037.0
2018-11-30,34.22,34.53,34.16,34.26,6181974.0
2018-12-03,35.4,35.4,34.35,35.08,5313993.0
2018-12-04,35.13,35.4,33.72,33.85,4421652.0
2018-12-06,33.62,33.79,32.41,33.77,5070414.0
2018-12-07,33.6,33.95,32.49,32.7,3669282.0
2018-12-10,32.75,33.04,32.03,32.83,5023428.0
2018-12-11,33.1,33.42,32.5,32.79,4563331.0
2018-12-12,33.26,33.93,33.12,33.43,6002183.0
2018-12-13,33.35,33.53,32.9,33.17,2685076.0
2018-12-14,32.76,33.41,32.74,32.85,3490522.0
2018-12-17,32.68,32.73,31.4,31.62,3286593.0
2018-12-18,31.78,32.23,30.85,31.08,3522154.0
2018-12-19,31.33,31.8,30.34,30.64,3124806.0
2018-12-20,30.49,30.49,28.9,29.47,5450046.0
2018-12-21,29.63,30.01,28.77,29.04,8213689.0
2018-12-24,28.94,28.94,27.66,27.86,2541051.0
2018-12-26,28.02,28.93,27.4,28.91,3380531.0
2018-12-27,28.53,29.21,28.02,29.2,3809906.0
2018-12-28,29.37,29.73,28.74,29.02,3046536.0
2018-12-31,29.08,29.28,28.74,29.21,2718177.0
2019-01-02,28.81,29.39,28.77,29.19,2496963.0
2019-01-03,29.03,29.58,28.64,29.01,3272994.0
2019-01-04,29.41,30.05,29.33,29.95,3117107.0
2019-01-07,29.78,30.68,29.71,30.16,3970147.0
2019-01-08,30.47,30.98,30.27,30.94,5096803.0
2019-01-09,30.94,31.69,30.94,31.31,3530141.0
2019-01-10,31.31,31.63,31.02,31.61,2934087.0
2019-01-11,31.62,31.72,31.12,31.4,2513626.0
2019-01-14,31.25,31.38,30.92,31.09,3107608.0
2019-01-15,31.17,31.76,31.14,31.72,2773346.0
2019-01-16,31.76,32.08,31.45,31.54,3497285.0
2019-01-17,31.71,31.71,31.22,31.65,2867530.0
2019-01-18,31.91,32.76,31.89,32.5,2646424.0
2019-01-22,32.32,32.32,31.46,31.8,3115511.0
2019-01-23,31.91,32.09,31.33,31.95,2554659.0
2019-01-24,31.74,32.29,31.72,31.91,2180995.0
2019-01-25,32.06,32.34,31.9,31.96,1997399.0
2019-01-28,31.84,32.42,31.66,32.41,2281224.0
2019-01-29,32.56,32.75,32.23,32.45,3404162.0
2019-01-30,32.61,33.12,32.42,32.93,2857556.0
2019-01-31,32.71,33.28,32.65,33.14,5076305.0
2019-02-01,33.28,33.37,33.0,33.13,2337785.0
2019-02-04,33.04,33.15,32.47,32.73,3226351.0
2019-02-05,31.17,31.95,29.66,30.09,10306461.0
2019-02-06,29.94,30.14,29.64,30.11,6194601.0
2019-02-07,30.04,30.06,29.36,29.64,4076594.0
2019-02-08,30.24,30.29,29.58,30.0,6580447.0
2019-02-11,30.07,30.31,29.61,30.25,3569238.0
2019-02-12,30.39,30.82,30.18,30.58,3322137.0
2019-02-13,30.64,30.89,30.35,30.64,3046641.0
2019-02-14,30.49,30.9,30.34,30.48,2990388.0
2019-02-15,30.88,31.13,30.41,30.57,4056076.0
2019-02-19,30.59,30.63,30.38,30.44,4843023.0
2019-02-20,30.49,30.81,30.39,30.56,5803142.0
2019-02-21,30.56,31.36,30.41,31.16,5061052.0
2019-02-22,30.97,31.57,30.84,31.08,4361773.0
2019-02-25,31.25,31.37,30.98,31.02,3786565.0
2019-02-26,31.1,31.26,30.85,30.91,3551860.0
2019-02-27,30.81,31.29,30.73,31.21,3052693.0
2019-02-28,31.28,31.35,30.97,31.09,2973416.0
2019-03-01,31.23,31.43,30.64,31.02,2556219.0
2019-03-04,31.14,31.18,30.39,30.83,3550567.0
2019-03-05,30.74,31.03,30.58,30.84,2864267.0
2019-03-06,30.93,30.96,30.51,30.72,2643354.0
2019-03-07,30.75,30.88,30.17,30.76,2856098.0
2019-03-08,30.71,30.78,30.28,30.51,2604471.0
2019-03-11,30.52,31.48,30.52,31.43,2895952.0
2019-03-12,31.47,31.71,31.3,31.5,4006248.0
2019-03-13,31.52,32.23,31.49,31.86,3082736.0
2019-03-14,31.89,32.04,31.73,31.94,3894058.0
2019-03-15,31.95,32.41,31.71,31.77,7504416.0
2019-03-18,31.79,31.86,30.93,31.07,4771231.0
2019-03-19,31.19,31.98,31.15,31.6,4566058.0
2019-03-20,31.61,31.61,30.68,30.89,3581270.0
2019-03-21,30.9,31.57,30.82,31.47,2797745.0
2019-03-22,31.49,31.56,31.05,31.21,2594399.0
2019-03-25,31.06,31.59,30.9,30.94,2730951.0
2019-03-26,30.88,31.14,30.47,30.88,3825215.0
2019-03-27,30.88,31.13,30.69,31.08,2888512.0
2019-03-28,31.05,31.32,30.99,31.31,2195803.0
2019-03-29,31.41,31.77,31.34,31.72,2577382.0
2019-04-01,31.81,32.06,31.17,31.27,2998255.0
2019-04-02,31.32,31.33,30.84,30.85,3140983.0
2019-04-03,30.85,30.93,30.59,30.81,3379742.0
2019-04-04,30.89,31.68,30.83,31.32,3166715.0
2019-04-05,31.24,31.54,31.14,31.52,2491270.0
2019-04-08,31.51,31.77,31.36,31.68,2720239.0
2019-04-09,31.66,31.72,31.25,31.37,4127563.0
2019-04-10,31.44,31.99,31.36,31.83,2486991.0
2019-04-11,31.92,32.36,31.67,31.88,1965333.0
2019-04-12,31.88,32.04,31.71,31.97,3374003.0
2019-04-15,32.0,32.07,31.76,31.93,2308670.0
2019-04-16,32.03,32.19,31.45,31.57,1928581.0
2019-04-17,31.69,31.78,31.47,31.63,2288998.0
2019-04-18,31.6,31.73,31.32,31.35,2318217.0
2019-04-22,31.31,31.4,31.09,31.25,2508081.0
2019-04-23,31.29,31.49,31.03,31.29,3180753.0
2019-04-24,31.37,31.65,31.17,31.37,2274987.0
2019-04-25,31.1,31.26,30.2,30.31,5070584.0
2019-04-26,30.14,30.59,28.98,29.5,6032902.0
2019-04-29,30.32,32.03,30.01,31.86,6932509.0
2019-04-30,32.0,33.23,31.98,33.19,7347845.0
2019-05-01,33.03,33.48,32.66,32.66,5399342.0
2019-05-02,32.5,32.65,31.68,32.13,4427565.0
2019-05-03,32.16,32.36,31.65,32.26,3140187.0
2019-05-06,31.34,31.94,31.32,31.68,3176552.0
2019-05-07,31.47,31.66,31.07,31.3,4358521.0
2019-05-08,31.4,31.87,30.94,31.01,3898389.0
2019-05-09,30.69,31.3,30.66,31.15,2454064.0
2019-05-10,30.97,31.24,30.04,31.02,3810948.0
2019-05-13,30.52,30.56,29.18,29.28,4759570.0
2019-05-14,29.7,30.25,29.54,29.79,3729476.0
2019-05-15,29.7,30.07,29.56,29.92,3488402.0
2019-05-16,30.01,30.52,29.92,30.2,5261224.0
2019-05-17,29.91,30.41,29.61,29.62,3715836.0
2019-05-20,29.46,29.69,28.71,28.76,3324958.0
2019-05-21,28.95,29.25,28.48,29.12,4585186.0
2019-05-22,29.05,29.09,28.31,28.86,3150042.0
2019-05-23,28.39,28.61,27.57,28.15,4557459.0
2019-05-24,28.3,28.34,27.76,28.1,3369034.0
2019-05-28,28.08,28.26,27.46,27.52,6942900.0
2019-05-29,27.44,27.77,27.27,27.48,3969737.0
2019-05-30,27.61,28.05,27.31,27.4,2936692.0
2019-05-31,27.05,27.36,26.71,27.26,5283908.0
2019-06-03,27.35,28.05,27.35,27.92,3953442.0
2019-06-04,28.13,28.58,28.13,28.57,2965359.0
2019-06-05,28.57,28.64,27.89,28.21,2848291.0
2019-06-06,28.23,28.85,28.14,28.65,2718987.0
2019-06-07,28.9,28.99,28.52,28.52,2398628.0
2019-06-10,28.8,29.14,28.64,29.0,2779875.0
2019-06-11,29.15,29.2,28.89,29.11,2239909.0
2019-06-12,29.16,29.79,29.12,29.66,3548563.0
2019-06-13,29.8,30.08,29.74,29.95,3573989.0
2019-06-14,29.89,29.93,29.57,29.73,2558008.0
2019-06-17,29.67,29.78,29.49,29.68,4088182.0
2019-06-18,30.01,30.66,29.94,30.14,3242846.0
2019-06-19,30.19,30.19,29.5,29.65,3661439.0
2019-06-20,29.94,30.29,29.4,30.24,4041027.0
2019-06-21,30.25,30.43,29.98,30.02,6337506.0
2019-06-24,30.02,30.06,29.52,29.67,3218399.0
2019-06-25,29.67,29.67,29.25,29.36,3108305.0
2019-06-26,29.24,29.72,29.19,29.44,3818050.0
2019-06-27,29.38,29.64,29.22,29.51,3532603.0
2019-06-28,29.61,29.99,29.58,29.74,4663249.0
2019-07-01,30.29,30.93,30.11,30.34,5466518.0
2019-07-02,30.34,30.61,30.22,30.43,2689711.0
2019-07-03,30.56,30.84,30.19,30.81,1417104.0
2019-07-05,30.75,30.88,30.49,30.88,1741662.0
2019-07-08,30.7,30.92,30.47,30.78,2621943.0
2019-07-09,30.61,30.9,30.38,30.71,4615858.0
2019-07-10,30.84,31.14,30.66,30.74,3653810.0
2019-07-11,30.74,31.04,30.44,30.67,3788040.0
2019-07-12,30.89,31.18,30.69,30.86,2837218.0
2019-07-15,30.93,31.04,30.35,30.68,3214493.0
2019-07-16,30.61,30.66,29.62,29.76,3732495.0
2019-07-17,29.7,29.76,29.22,29.25,2675556.0
2019-07-18,29.06,29.36,28.57,29.1,3756932.0
2019-07-19,29.28,29.61,29.16,29.19,3390623.0
2019-07-22,29.34,29.64,29.26,29.32,3146588.0
2019-07-23,29.48,29.82,29.4,29.48,2921732.0
2019-07-24,29.36,29.61,29.13,29.51,2813461.0
2019-07-25,29.56,29.89,29.36,29.62,2422892.0
2019-07-26,29.51,29.88,29.45,29.53,2080125.0
2019-07-29,29.56,29.96,29.55,29.84,2430648.0
2019-07-30,29.71,30.04,29.47,29.89,2718199.0
2019-07-31,29.79,30.73,29.73,30.02,8111871.0
2019-08-01,30.06,31.04,29.94,30.09,7037325.0
2019-08-02,29.91,30.1,28.35,29.01,7796598.0
2019-08-05,27.95,28.48,26.41,26.72,9265697.0
2019-08-06,27.11,27.14,25.4,26.36,6826074.0
2019-08-07,25.76,26.33,25.39,26.22,5799813.0
2019-08-08,26.43,27.25,26.13,27.24,3918848.0
2019-08-09,27.13,27.47,26.58,27.3,3689253.0
2019-08-12,26.97,26.97,25.97,26.34,3628122.0
2019-08-13,26.21,27.67,26.21,26.7,3850369.0
2019-08-14,26.22,26.53,25.65,25.71,4239685.0
2019-08-15,25.82,25.99,25.44,25.7,2992829.0
2019-08-16,25.91,26.92,25.8,26.78,3760151.0
2019-08-19,27.23,27.31,26.7,26.97,2549606.0
2019-08-20,26.86,26.94,26.36,26.42,2891234.0
2019-08-21,26.54,27.0,26.53,26.98,3501269.0
2019-08-22,27.11,27.39,26.97,27.22,2520478.0
2019-08-23,26.82,27.1,26.51,26.72,7189260.0
2019-08-26,27.13,27.26,26.93,27.1,5031017.0
2019-08-27,27.2,27.45,26.69,26.71,4437166.0
2019-08-28,26.71,26.91,26.38,26.86,2543597.0
2019-08-29,27.16,27.23,26.74,27.02,2020674.0
2019-08-30,27.25,27.7,27.21,27.34,2995056.0
2019-09-03,26.97,27.34,26.66,27.28,2858845.0
2019-09-04,27.69,27.71,27.38,27.53,1575334.0
2019-09-05,27.79,28.32,27.73,27.92,2430452.0
2019-09-06,27.92,28.14,27.74,28.0,1892996.0
2019-09-09,28.19,29.02,28.06,28.96,2607717.0
2019-09-10,28.98,29.64,28.98,29.58,3008674.0
2019-09-11,29.69,30.34,29.07,30.34,2482896.0
2019-09-12,30.35,30.78,29.97,30.74,3475510.0
2019-09-13,30.76,31.48,30.68,30.92,3676322.0
2019-09-16,30.72,31.29,30.44,31.25,2652870.0
2019-09-17,32.23,32.29,30.94,31.08,4272582.0
2019-09-18,30.89,31.03,30.4,30.96,2689265.0
2019-09-19,31.04,31.08,30.07,30.19,2476119.0
2019-09-20,30.22,30.54,30.08,30.19,4567527.0
2019-09-23,30.02,30.21,29.64,29.69,2910934.0
2019-09-24,29.74,29.83,29.04,29.22,4062304.0
2019-09-25,29.23,29.93,29.23,29.77,2574162.0
2019-09-26,29.89,30.24,29.58,30.15,1829682.0
2019-09-27,30.26,30.47,29.9,30.23,1843586.0
2019-09-30,30.32,30.56,30.25,30.36,2263356.0
2019-10-01,30.5,30.74,29.51,29.62,3041515.0
2019-10-02,29.45,29.49,28.67,29.01,2738433.0
2019-10-03,29.01,29.09,28.33,28.82,2664220.0
2019-10-04,28.86,29.67,28.82,29.64,1981906.0
2019-10-07,29.46,29.48,29.06,29.07,3067124.0
2019-10-08,29.05,29.05,27.68,27.69,4143163.0
2019-10-09,27.97,28.42,27.91,28.22,2879549.0
2019-10-10,28.22,29.38,28.22,29.06,3004667.0
2019-10-11,29.42,29.98,29.3,29.75,2718112.0
2019-10-14,29.55,29.76,29.22,29.49,1745888.0
2019-10-15,29.54,29.84,29.32,29.62,1848336.0
2019-10-16,29.57,29.66,28.93,28.99,2531951.0
2019-10-17,28.91,29.25,28.35,29.14,2404405.0
2019-10-18,29.02,29.31,28.92,28.93,3559861.0
2019-10-21,29.23,29.76,29.11,29.69,2455193.0
2019-10-22,29.67,30.05,29.3,29.85,1659454.0
2019-10-23,29.81,30.07,29.52,30.02,1603826.0
2019-10-24,30.11,30.2,29.55,29.83,1800846.0
2019-10-25,29.83,30.4,29.71,30.3,1944377.0
2019-10-28,30.61,31.03,30.3,30.59,2295023.0
2019-10-29,30.41,31.06,30.28,30.8,2508601.0
2019-10-30,30.6,30.62,29.68,29.82,3236729.0
2019-10-31,30.44,31.46,29.78,31.33,5368525.0
2019-11-01,31.56,31.74,31.3,31.72,3513312.0
2019-11-04,31.94,32.62,31.79,32.35,3542735.0
2019-11-05,32.74,32.84,32.2,32.26,2491609.0
2019-11-06,32.26,32.46,32.12,32.17,1953225.0
2019-11-07,32.37,33.07,32.36,32.83,2639095.0
2019-11-08,32.62,32.63,32.19,32.6,2542173.0
2019-11-11,32.56,32.89,32.24,32.82,3094078.0
2019-11-12,32.89,32.89,32.33,32.53,2613248.0
2019-11-13,32.34,32.48,31.95,32.11,1962215.0
2019-11-14,32.19,32.4,31.87,32.07,2464744.0
2019-11-15,32.22,32.51,31.97,32.16,7416195.0
2019-11-18,32.09,32.14,31.77,32.13,3123173.0
2019-11-19,32.03,32.51,31.9,32.37,2945460.0
2019-11-20,32.44,32.61,31.97,32.14,3013327.0
2019-11-21,32.23,32.47,31.81,32.46,3050382.0
2019-11-22,32.43,32.61,32.24,32.36,1859119.0
2019-11-25,32.53,32.77,32.34,32.72,1773570.0
2019-11-26,32.66,32.68,32.22,32.39,2295271.0
2019-11-27,32.52,32.68,32.4,32.58,1993362.0
2019-11-29,32.42,32.69,32.32,32.57,1395682.0
2019-12-02,32.59,32.96,32.45,32.93,3499234.0
2019-12-03,32.53,32.62,32.19,32.56,2492926.0
2019-12-04,32.51,32.91,32.42,32.57,2645571.0
2019-12-05,32.64,32.84,32.33,32.79,1836812.0
2019-12-06,33.09,33.65,32.96,33.55,3676881.0
2019-12-09,33.52,33.99,33.47,33.71,2632298.0
2019-12-10,33.72,33.86,33.56,33.64,2601880.0
2019-12-11,33.69,33.97,33.6,33.87,1999359.0
2019-12-12,33.76,34.69,33.75,34.55,3332895.0
2019-12-13,34.75,35.14,34.47,34.84,3857152.0
2019-12-16,35.03,35.87,35.01,35.62,5367039.0
2019-12-17,36.09,36.84,35.81,35.85,3205007.0
2019-12-18,35.78,35.79,34.51,34.95,4433861.0
2019-12-19,35.02,35.29,34.92,35.28,3144207.0
2019-12-20,35.6,36.23,35.34,35.43,6372995.0
2019-12-23,35.5,35.69,35.17,35.66,1866619.0
2019-12-24,35.89,35.91,35.65,35.72,708280.0
2019-12-26,35.67,36.02,35.59,35.84,985139.0
2019-12-27,36.02,36.04,35.75,35.94,1355006.0
2019-12-30,36.08,36.1,35.66,35.76,1375597.0
2019-12-31,35.62,36.02,35.62,35.99,1787220.0
2020-01-02,36.21,36.28,35.52,35.75,2995993.0
2020-01-03,35.53,35.83,35.36,35.66,2259499.0
2020-01-06,35.43,35.49,34.96,35.3,2831733.0
2020-01-07,35.21,35.33,34.74,34.75,2301528.0
2020-01-08,34.75,34.87,34.02,34.25,3346368.0
2020-01-09,33.97,33.97,32.67,33.79,4080169.0
2020-01-10,34.01,34.1,33.44,33.59,2311398.0
2020-01-13,33.68,34.12,33.62,34.06,3167771.0
2020-01-14,34.15,34.28,33.72,34.14,4798491.0
2020-01-15,33.99,34.48,33.65,34.03,2586664.0
2020-01-16,34.29,35.1,34.23,34.98,2584955.0
2020-01-17,35.04,35.19,34.75,34.89,2741675.0
2020-01-21,34.74,35.03,34.51,34.76,2663411.0
2020-01-22,34.88,34.95,34.53,34.57,2101386.0
2020-01-23,34.38,34.68,34.15,34.61,1459888.0
2020-01-24,34.69,34.7,33.62,33.94,2169271.0
2020-01-27,33.4,33.54,33.01,33.17,2718508.0
2020-01-28,33.34,33.75,33.17,33.56,2219424.0
2020-01-29,33.7,33.74,33.3,33.32,2803504.0
2020-01-30,35.26,35.64,34.42,35.44,5958841.0
2020-01-31,35.12,35.26,34.19,34.4,8398285.0
2020-02-03,34.61,34.91,34.28,34.6,3939435.0
2020-02-04,35.14,35.33,34.91,35.01,2567381.0
2020-02-05,35.42,35.78,35.33,35.71,3038555.0
2020-02-06,35.83,35.97,35.58,35.62,2387330.0
2020-02-07,35.37,35.64,35.19,35.35,2289391.0
2020-02-10,35.24,35.51,35.0,35.32,1695346.0
2020-02-11,35.54,36.15,35.37,35.76,2200143.0
2020-02-12,35.95,36.17,35.59,35.61,2280971.0
2020-02-13,35.42,35.63,35.02,35.27,2317471.0
2020-02-14,35.08,35.16,34.62,34.77,2513189.0
2020-02-18,34.48,34.65,34.16,34.45,2512078.0
2020-02-19,34.5,34.53,33.88,33.97,2257222.0
2020-02-20,33.75,34.33,33.68,34.23,1951031.0
2020-02-21,34.09,34.15,33.58,33.9,2645815.0
2020-02-24,32.76,33.01,32.5,32.82,3010970.0
2020-02-25,32.89,32.94,30.39,30.43,3364837.0
2020-02-26,30.66,31.12,29.86,29.87,5252015.0
2020-02-27,29.25,29.31,27.59,27.62,4476174.0
2020-02-28,26.63,27.65,25.78,27.65,8056958.0
2020-03-02,28.19,28.84,27.57,28.84,4829282.0
2020-03-03,28.57,29.6,27.84,28.06,4886647.0
2020-03-04,28.77,29.39,28.33,29.37,2971270.0
2020-03-05,28.38,28.86,28.01,28.33,2848466.0
2020-03-06,26.95,28.11,26.9,27.64,4051157.0
2020-03-09,25.49,27.54,24.98,25.3,6746975.0
2020-03-10,26.46,27.15,24.66,27.12,7447284.0
2020-03-11,25.71,26.33,24.57,25.07,4993461.0
2020-03-12,22.97,23.76,21.46,21.54,7272714.0
2020-03-13,23.01,24.69,21.33,24.64,6236577.0
2020-03-16,21.1,24.59,21.01,22.68,5684975.0
2020-03-17,23.53,25.28,23.1,25.26,4465180.0
2020-03-18,23.13,23.33,21.06,23.02,4471637.0
2020-03-19,22.92,25.0,21.6,23.46,3483901.0
2020-03-20,23.89,23.89,20.43,20.61,5009887.0
2020-03-23,20.22,21.0,18.92,19.31,4870422.0
2020-03-24,20.85,22.49,20.5,22.32,5301801.0
2020-03-25,22.38,24.04,21.88,22.7,3921497.0
2020-03-26,23.12,24.79,22.83,24.46,3557034.0
2020-03-27,23.5,24.43,23.15,23.5,3277729.0
2020-03-30,23.78,26.0,23.28,25.83,3215323.0
2020-03-31,25.86,26.48,24.73,25.18,3882352.0
2020-04-01,23.7,24.97,23.52,23.87,3496899.0
2020-04-02,23.72,25.2,23.54,24.33,3022752.0
2020-04-03,24.05,24.79,23.85,24.65,2581951.0
2020-04-06,25.84,26.02,25.26,25.78,5224630.0
2020-04-07,26.81,27.58,25.86,25.98,3180875.0
2020-04-08,26.23,26.84,25.77,26.48,2560764.0
2020-04-09,26.79,27.84,26.66,27.58,4278712.0
2020-04-13,27.26,27.4,25.65,26.07,3178506.0
2020-04-14,26.86,27.52,26.44,27.24,3445613.0
2020-04-15,26.24,26.5,25.23,25.49,2691409.0
2020-04-16,25.63,25.9,24.68,25.66,2736930.0
2020-04-17,26.7,27.35,26.31,27.19,3870168.0
2020-04-20,26.57,27.49,26.31,26.34,2588351.0
2020-04-21,25.76,25.78,24.86,25.0,2906578.0
2020-04-22,25.52,25.71,24.76,25.4,3132754.0
2020-04-23,25.59,26.2,25.47,25.74,2417449.0
2020-04-24,26.08,26.16,25.36,25.99,2244737.0
2020-04-27,25.87,26.71,25.81,26.54,1906528.0
2020-04-28,27.17,27.31,26.31,27.17,2657867.0
2020-04-29,27.9,28.6,27.64,28.41,3875598.0
2020-04-30,28.4,28.71,27.05,27.14,4571452.0
2020-05-01,26.66,26.93,24.94,25.12,2773069.0
2020-05-04,24.77,24.96,24.35,24.76,2530500.0
2020-05-05,25.15,25.57,24.93,24.96,2623400.0
2020-05-06,25.08,25.31,24.31,24.4,2934662.0
2020-05-07,24.89,25.22,24.69,24.76,2964630.0
2020-05-08,25.4,26.49,25.25,26.39,2890542.0
2020-05-11,26.0,26.08,25.07,25.43,2588631.0
2020-05-12,25.87,26.03,24.66,24.74,2322083.0
2020-05-13,24.5,24.8,23.63,23.84,2888920.0
2020-05-14,23.42,24.22,23.01,24.16,2448704.0
2020-05-15,24.0,24.77,23.91,24.12,6204673.0
2020-05-18,25.21,25.99,25.18,25.8,2600118.0
2020-05-19,25.79,25.8,25.12,25.18,1955874.0
2020-05-20,25.53,25.81,25.38,25.71,1955313.0
2020-05-21,25.46,25.68,25.25,25.48,1817344.0
2020-05-22,25.41,25.77,25.17,25.74,1745729.0
2020-05-26,26.67,27.72,26.66,27.49,2720961.0
2020-05-27,28.08,29.36,28.08,29.36,4187370.0
2020-05-28,30.03,30.03,29.25,29.36,4333593.0
2020-05-29,29.0,29.81,28.85,29.67,3755771.0
2020-06-01,29.44,29.44,28.85,29.25,2563074.0
2020-06-02,29.36,30.07,29.19,30.03,2902627.0
2020-06-03,30.36,30.99,30.3,30.87,2280500.0
2020-06-04,30.6,31.52,30.39,31.5,2463459.0
2020-06-05,32.31,33.24,32.31,32.88,3539720.0
2020-06-08,32.88,33.28,32.25,33.25,4290459.0
2020-06-09,32.48,33.06,32.24,32.74,3929440.0
2020-06-10,32.67,32.76,31.64,31.7,4093689.0
2020-06-11,30.51,30.75,28.91,28.96,3486847.0
2020-06-12,29.96,30.33,29.02,29.79,3304570.0
2020-06-15,28.61,29.94,28.4,29.86,2954982.0
2020-06-16,31.09,31.76,30.55,31.11,2780791.0
2020-06-17,31.37,31.37,30.51,30.83,2347194.0
2020-06-18,30.47,31.02,30.3,30.94,2139820.0
2020-06-19,31.61,32.03,30.55,30.6,5023179.0
2020-06-22,30.45,30.58,29.87,30.36,1551392.0
2020-06-23,30.86,30.86,30.29,30.29,2217201.0
2020-06-24,29.79,29.96,29.29,29.68,3655880.0
2020-06-25,29.52,30.41,29.37,30.31,2568866.0
2020-06-26,30.18,30.22,29.08,29.29,4166904.0
2020-06-29,29.73,30.23,29.57,30.02,1799659.0
2020-06-30,30.1,30.41,29.81,30.26,2839589.0
2020-07-01,30.46,30.46,29.69,29.77,1991347.0
2020-07-02,30.37,30.87,29.88,29.92,2647504.0
2020-07-06,30.5,30.72,29.67,30.03,1960964.0
2020-07-07,29.56,29.74,29.37,29.58,2271895.0
2020-07-08,29.56,29.74,28.79,29.04,2520336.0
2020-07-09,28.84,28.85,27.9,28.17,2281697.0
2020-07-10,28.26,29.76,28.26,29.74,1869399.0
2020-07-13,30.12,30.51,29.9,30.12,3270162.0
2020-07-14,30.15,30.93,29.8,30.8,2169674.0
2020-07-15,31.36,31.56,30.97,31.26,2132511.0
2020-07-16,31.18,31.7,30.94,31.32,2496585.0
2020-07-17,31.44,31.69,31.26,31.53,1974219.0
2020-07-20,31.36,31.36,30.58,30.58,2115342.0
2020-07-21,30.72,31.7,30.66,31.22,1855381.0
2020-07-22,31.14,31.66,30.95,31.52,1862783.0
2020-07-23,31.66,32.63,31.56,32.62,2616608.0
2020-07-24,32.75,33.06,32.33,32.45,2458835.0
2020-07-27,31.68,32.51,31.16,32.49,2290713.0
2020-07-28,32.49,33.33,32.49,32.95,2556212.0
2020-07-29,33.36,33.64,32.93,33.28,2714781.0
2020-07-30,33.36,33.96,33.09,33.72,2856797.0
2020-07-31,33.62,33.94,32.39,33.19,3500871.0
2020-08-03,33.33,33.7,33.07,33.29,2236226.0
2020-08-04,33.19,33.26,32.83,33.08,1979237.0
2020-08-05,33.36,33.82,33.28,33.7,2245983.0
2020-08-06,33.67,34.15,33.66,33.91,1745857.0
2020-08-07,33.73,34.46,33.65,34.39,2241435.0
2020-08-10,34.5,35.12,34.49,34.85,1937056.0
2020-08-11,35.36,35.57,34.68,34.75,2169596.0
2020-08-12,35.19,35.27,34.73,34.81,1940131.0
2020-08-13,34.88,35.25,34.52,34.79,2317459.0
2020-08-14,34.55,35.08,34.43,34.95,1633686.0
2020-08-17,34.89,35.14,34.66,34.75,1907246.0
2020-08-18,34.9,35.26,34.75,35.03,1574072.0
2020-08-19,34.85,35.3,34.61,34.78,1847126.0
2020-08-20,34.14,34.38,33.93,34.21,1723119.0
2020-08-21,34.1,34.39,33.93,34.31,2381900.0
2020-08-24,34.54,35.18,34.36,35.17,2211497.0
2020-08-25,35.51,35.64,34.8,35.02,2025305.0
2020-08-26,35.2,35.36,34.74,35.2,1782636.0
2020-08-27,35.3,35.63,35.18,35.44,2906535.0
2020-08-28,35.42,35.69,34.99,35.62,2279087.0
2020-08-31,35.65,35.69,35.27,35.48,2306555.0
2020-09-01,35.24,35.88,35.14,35.86,2805614.0
2020-09-02,35.93,36.6,35.84,36.46,3050461.0
2020-09-03,36.55,37.21,36.23,36.53,3940498.0
2020-09-04,36.78,37.42,36.7,37.21,4156828.0
2020-09-08,37.02,37.34,35.94,35.94,6292942.0
2020-09-09,36.23,37.06,36.19,36.77,3267281.0
2020-09-10,36.58,37.31,36.58,36.74,3122147.0
2020-09-11,36.85,37.69,36.73,37.61,3286643.0
2020-09-14,37.72,38.48,37.68,38.22,3331636.0
2020-09-15,38.5,38.62,37.99,38.19,2796064.0
2020-09-16,38.26,38.93,38.25,38.38,4543392.0
2020-09-17,38.06,38.82,37.74,38.49,5066383.0
2020-09-18,38.21,39.28,38.21,38.36,7380584.0
2020-09-21,37.68,37.75,36.63,37.23,5648598.0
2020-09-22,37.09,37.73,37.05,37.72,4315718.0
2020-09-23,37.7,37.92,35.82,35.88,3229238.0
2020-09-24,35.88,36.53,35.3,36.19,1607573.0
2020-09-25,35.85,36.85,35.76,36.8,1993103.0
2020-09-28,37.4,37.82,37.16,37.22,2514371.0
2020-09-29,37.3,37.3,36.46,36.7,1718765.0
2020-09-30,37.05,37.53,36.78,37.21,2583997.0
2020-10-01,37.38,37.47,36.91,37.32,1996960.0
2020-10-02,36.67,37.77,36.65,37.46,2238223.0
2020-10-05,37.76,38.54,37.66,38.5,3029976.0
2020-10-06,38.57,39.31,38.16,38.32,2580228.0
2020-10-07,38.76,39.17,38.63,39.03,2187105.0
2020-10-08,39.24,39.58,39.02,39.57,2465541.0
2020-10-09,39.72,40.23,39.62,39.69,2990407.0
2020-10-12,39.94,40.75,39.91,40.71,2778008.0
2020-10-13,40.45,40.45,39.2,39.55,2735931.0
2020-10-14,38.75,39.86,38.57,39.57,4577446.0
2020-10-15,39.17,40.69,38.9,40.66,2759292.0
2020-10-16,40.76,40.94,40.35,40.51,2192310.0
2020-10-19,41.43,42.19,40.72,41.03,3823700.0
2020-10-20,41.55,42.03,41.24,41.59,3247109.0
2020-10-21,41.49,42.32,41.49,41.53,2710990.0
2020-10-22,41.6,42.5,41.54,42.4,2309414.0
2020-10-23,42.6,42.77,42.31,42.59,2028105.0
2020-10-26,42.39,42.49,41.56,41.91,2491500.0
2020-10-27,41.73,41.96,41.08,41.08,2911722.0
2020-10-28,40.42,41.64,40.18,40.24,4291386.0
2020-10-29,40.1,41.0,39.65,40.64,3687485.0
2020-10-30,38.72,40.3,36.4,36.96,6630166.0
2020-11-02,37.87,39.3,37.67,39.28,4924789.0
2020-11-03,40.04,40.32,38.11,38.62,4088635.0
2020-11-04,38.75,38.82,37.18,37.23,3781582.0
2020-11-05,37.77,39.14,37.59,38.63,2946448.0
2020-11-06,38.92,39.45,38.47,38.99,3125498.0
2020-11-09,40.92,42.11,39.99,40.01,3642269.0
2020-11-10,40.37,41.36,40.21,40.87,2481987.0
2020-11-11,41.22,41.22,39.56,40.81,2523534.0
2020-11-12,40.6,40.6,39.56,40.05,2084436.0
2020-11-13,40.36,40.76,39.93,40.58,1629461.0
2020-11-16,41.37,41.37,40.52,41.13,2765600.0
2020-11-17,40.75,41.18,40.24,40.88,1836380.0
2020-11-18,41.08,41.38,40.33,40.35,2332547.0
2020-11-19,40.08,40.15,39.2,40.0,1603227.0
2020-11-20,39.74,39.96,39.39,39.69,1814528.0
2020-11-23,39.83,40.2,39.36,39.89,1954421.0
2020-11-24,40.23,41.64,40.0,41.64,2670584.0
2020-11-25,41.45,41.79,40.87,41.58,2460740.0
2020-11-27,41.58,41.86,41.2,41.53,1383105.0
2020-11-30,41.28,41.35,40.48,40.85,2624889.0
2020-12-01,41.27,41.44,40.91,41.19,2372998.0
2020-12-02,41.03,41.27,40.44,40.57,2719279.0
2020-12-03,40.6,41.03,40.37,40.89,2128579.0
2020-12-04,41.07,41.66,41.05,41.65,2156848.0
2020-12-07,41.54,41.75,40.98,41.12,1877557.0
2020-12-08,40.87,41.73,40.74,41.44,1589788.0
2020-12-09,41.72,41.75,40.69,40.92,2517515.0
2020-12-10,40.92,40.92,39.93,40.28,3436376.0
2020-12-11,40.01,40.98,39.65,40.89,2868629.0
2020-12-14,41.36,41.41,39.77,39.77,2175826.0
2020-12-15,40.07,40.92,39.71,40.65,1861153.0
2020-12-16,40.58,40.79,39.89,40.28,1937236.0
2020-12-17,40.87,40.92,40.01,40.46,3056404.0
2020-12-18,40.39,40.91,40.01,40.76,5635442.0
2020-12-21,40.1,40.57,39.81,40.45,1859094.0
2020-12-22,40.35,40.53,39.77,39.81,1600118.0
2020-12-23,40.1,40.64,39.92,40.43,1692926.0
2020-12-24,40.49,40.58,40.1,40.52,411610.0
2020-12-28,40.88,41.05,40.57,40.78,1205701.0
2020-12-29,40.93,41.01,40.18,40.53,1354217.0
2020-12-30,40.53,41.26,40.42,40.99,1533170.0
2020-12-31,41.12,41.59,40.88,41.49,1698888.0
2021-01-04,41.48,42.11,40.44,40.95,3086017.0
2021-01-05,40.98,42.24,40.81,41.92,3080253.0
2021-01-06,42.31,44.65,42.22,43.98,3366854.0
2021-01-07,44.08,44.41,43.4,43.51,2863123.0
2021-01-08,43.7,44.19,42.78,43.65,2909109.0
2021-01-11,42.91,43.56,42.76,43.12,2238823.0
2021-01-12,43.24,43.24,42.47,42.48,2523249.0
2021-01-13,42.35,43.41,41.97,42.85,4196966.0
2021-01-14,43.44,44.46,43.24,43.95,2373962.0
2021-01-15,43.63,43.85,42.66,43.28,2676987.0
2021-01-19,43.99,44.33,43.61,44.18,3321662.0
2021-01-20,44.53,45.07,43.87,44.58,2307413.0
2021-01-21,44.4,44.71,43.77,43.87,1812543.0
2021-01-22,43.46,44.19,43.0,43.9,1818820.0
2021-01-25,43.9,44.77,43.61,44.17,2556416.0
2021-01-26,44.18,44.38,42.91,43.26,2637844.0
2021-01-27,42.61,43.02,40.36,40.66,3744460.0
2021-01-28,41.01,42.39,40.66,42.09,2962057.0
2021-01-29,41.81,41.98,40.78,41.09,4765417.0
2021-02-01,41.56,41.83,41.26,41.56,2562254.0
2021-02-02,42.08,42.9,41.88,42.02,4181827.0
2021-02-03,42.07,42.66,41.84,42.52,2221708.0
2021-02-04,42.59,43.61,42.55,43.6,1874712.0
2021-02-05,44.11,44.39,43.76,44.38,2577556.0
2021-02-08,44.75,45.27,44.59,45.1,2232996.0
2021-02-09,45.2,46.15,44.82,45.93,2661307.0
2021-02-10,46.2,46.39,45.5,45.91,1975732.0
2021-02-11,45.93,46.4,45.41,46.37,2129787.0
2021-02-12,46.44,47.22,46.15,47.17,2166533.0
2021-02-16,47.51,48.36,47.25,47.5,2789468.0
2021-02-17,47.21,47.49,46.81,47.37,2547093.0
2021-02-18,47.08,47.8,46.99,47.27,2716996.0
2021-02-19,47.45,47.83,47.24,47.57,2402119.0
2021-02-22,47.75,48.64,47.57,48.3,2262022.0
2021-02-23,48.55,48.86,47.74,48.47,2539263.0
2021-02-24,48.69,50.08,48.55,49.93,2835777.0
2021-02-25,49.87,50.13,48.74,48.8,2435983.0
2021-02-26,48.57,48.99,47.92,48.03,2890697.0
2021-03-01,48.65,49.18,48.59,48.75,2100461.0
2021-03-02,48.83,49.29,48.46,48.82,2409549.0
2021-03-03,48.79,49.43,48.52,48.57,2597828.0
2021-03-04,48.59,48.82,46.39,46.94,3197162.0
2021-03-05,47.72,49.18,47.4,49.04,6637041.0
2021-03-08,49.22,50.35,48.54,49.21,2491641.0
2021-03-09,49.21,49.91,48.71,49.44,2982104.0
2021-03-10,49.45,50.24,49.15,49.84,2402961.0
2021-03-11,49.84,50.57,49.3,50.04,2784167.0
2021-03-12,50.28,50.32,49.65,49.7,2312660.0
2021-03-15,50.0,50.22,49.21,49.75,3115985.0
2021-03-16,49.6,49.92,48.86,49.23,1549488.0
2021-03-17,49.24,49.33,48.69,49.15,1665981.0
2021-03-18,49.35,49.83,48.83,49.06,2366397.0
2021-03-19,49.09,49.12,48.1,48.28,7885449.0
2021-03-22,47.27,47.89,47.05,47.88,3035177.0
2021-03-23,47.55,48.0,46.71,47.01,1831874.0
2021-03-24,47.19,48.32,47.18,47.37,2484578.0
2021-03-25,47.4,48.5,47.11,48.33,1874967.0
2021-03-26,48.62,49.38,48.27,49.36,1921997.0
2021-03-29,48.98,49.43,48.47,48.54,1798279.0
2021-03-30,48.62,49.79,48.62,49.35,2040650.0
2021-03-31,49.25,49.4,48.41,48.45,3201229.0
2021-04-01,48.58,49.35,48.51,49.1,2759431.0
2021-04-05,49.41,49.76,48.82,48.97,1922698.0
2021-04-06,49.09,49.75,48.77,49.49,2013204.0
2021-04-07,49.57,49.89,49.11,49.29,1719985.0
2021-04-08,49.12,49.61,49.06,49.59,1759884.0
2021-04-09,49.93,50.05,49.28,49.99,2420074.0
2021-04-12,50.25,50.39,49.74,50.04,1750856.0
2021-04-13,49.73,49.83,49.1,49.35,2077218.0
2021-04-14,49.45,50.2,49.24,50.0,2022131.0
2021-04-15,50.44,50.47,49.54,50.12,1734129.0
2021-04-16,50.59,51.03,50.09,50.9,1819157.0
2021-04-19,51.09,51.19,50.31,50.74,2089113.0
2021-04-20,50.74,50.93,49.73,50.16,1473435.0
2021-04-21,50.53,51.39,50.2,51.28,1941235.0
2021-04-22,50.91,51.12,50.19,50.32,2134948.0
2021-04-23,50.51,51.1,50.08,50.86,2148023.0
2021-04-26,51.08,52.16,50.93,51.43,3840730.0
2021-04-27,51.28,53.96,50.95,53.27,4741234.0
2021-04-28,53.75,54.76,53.35,54.55,3660743.0
2021-04-29,55.17,55.35,54.28,55.01,4124577.0
2021-04-30,54.88,54.88,54.14,54.58,3332014.0
2021-05-03,55.31,56.36,55.16,56.08,3359763.0
2021-05-04,56.05,56.87,55.94,56.55,3015382.0
2021-05-05,56.75,57.73,56.29,57.65,3437217.0
2021-05-06,58.05,58.31,57.11,58.14,3418006.0
2021-05-07,58.08,58.79,57.58,58.47,2852119.0
2021-05-10,58.71,60.13,58.71,59.08,4003800.0
2021-05-11,58.86,59.18,57.5,58.34,2383072.0
2021-05-12,58.21,58.68,57.7,57.95,2160277.0
2021-05-13,57.93,58.86,57.73,58.59,2709638.0
2021-05-14,59.01,59.34,58.74,59.11,1746322.0
2021-05-17,59.13,59.32,58.57,59.09,1914807.0
2021-05-18,59.17,59.86,58.82,58.85,1972972.0
2021-05-19,58.31,58.44,56.89,58.25,2290050.0
2021-05-20,58.25,58.41,57.82,57.96,2864502.0
2021-05-21,58.26,59.26,58.13,58.8,3776421.0
2021-05-24,58.87,59.02,58.4,58.44,2349110.0
2021-05-25,58.73,58.85,58.34,58.41,1935941.0
2021-05-26,58.15,58.43,57.39,58.31,3184122.0
2021-05-27,58.78,59.38,58.29,58.42,4793534.0
2021-05-28,58.73,58.73,58.25,58.35,1944189.0
2021-06-01,58.97,60.04,58.85,59.74,3118114.0
2021-06-02,60.04,60.05,59.24,59.74,2217989.0
2021-06-03,59.72,60.13,58.99,60.07,2162976.0
2021-06-04,60.29,60.8,60.17,60.59,1696525.0
2021-06-07,60.72,61.12,60.28,60.48,1698645.0
2021-06-08,60.3,60.74,59.92,60.55,1957822.0
2021-06-09,60.26,60.43,59.8,59.93,1343767.0
2021-06-10,60.18,60.3,58.92,59.05,2167922.0
2021-06-11,59.01,59.18,57.39,57.82,3061243.0
2021-06-14,57.65,57.72,56.65,57.04,1853065.0
2021-06-15,57.04,57.22,56.1,56.46,3015693.0
2021-06-16,56.37,56.41,55.64,55.81,2558319.0
2021-06-17,55.63,55.66,52.77,53.75,4029295.0
2021-06-18,53.19,53.25,52.34,52.48,5417273.0
2021-06-21,52.84,53.83,52.84,53.66,2560412.0
2021-06-22,53.87,53.95,53.19,53.46,2243409.0
2021-06-23,53.5,53.57,53.05,53.08,2133425.0
2021-06-24,53.32,53.82,53.07,53.51,1520229.0
2021-06-25,53.62,53.72,52.57,53.28,2501435.0
2021-06-28,53.34,53.52,52.55,52.61,2442160.0
2021-06-29,52.89,53.38,52.21,52.42,2257607.0
2021-06-30,52.32,52.62,52.0,52.42,2569464.0
2021-07-01,52.82,53.09,52.47,52.53,2828913.0
2021-07-02,52.61,52.72,52.06,52.45,1639904.0
2021-07-06,52.16,52.27,50.97,51.27,2042867.0
2021-07-07,50.92,51.82,50.77,51.72,1994674.0
2021-07-08,51.04,51.34,50.53,50.95,2083422.0
2021-07-09,51.72,52.3,51.58,52.14,2385680.0
2021-07-12,52.32,52.39,51.56,51.82,2049303.0
2021-07-13,51.72,52.02,50.91,51.06,1821764.0
2021-07-14,50.89,51.53,50.48,50.6,1522848.0
2021-07-15,50.39,50.96,50.34,50.84,1433635.0
2021-07-16,51.06,51.19,49.83,50.03,1788624.0
2021-07-19,49.43,49.83,48.73,49.27,2593266.0
2021-07-20,49.34,50.52,49.09,49.85,2322045.0
2021-07-21,50.09,50.59,49.74,49.92,3063245.0
2021-07-22,49.78,49.82,48.78,49.23,2263514.0
2021-07-23,49.39,49.97,49.11,49.83,1897078.0
2021-07-26,50.04,50.67,50.04,50.26,3221108.0
2021-07-27,50.87,51.65,49.35,50.67,3993836.0
2021-07-28,50.52,50.84,49.46,50.46,3210195.0
2021-07-29,51.12,51.56,50.78,51.42,2023323.0
2021-07-30,51.59,52.36,51.45,51.54,3611967.0
2021-08-02,51.75,52.52,51.15,51.18,2152396.0
2021-08-03,51.2,51.73,50.34,51.61,1481277.0
2021-08-04,51.39,51.39,50.33,50.57,2232752.0
2021-08-05,50.96,51.17,50.55,50.62,2331052.0
2021-08-06,51.01,52.26,51.01,52.11,3109980.0
2021-08-09,52.1,52.61,51.69,52.38,2585446.0
2021-08-10,52.42,53.26,52.32,53.23,2727096.0
2021-08-11,53.46,53.71,53.07,53.32,1882764.0
2021-08-12,53.32,53.74,52.97,53.64,1563113.0
2021-08-13,53.88,54.25,53.61,54.22,2472426.0
2021-08-16,54.04,54.6,53.74,54.5,2759738.0
2021-08-17,54.3,54.76,53.4,53.66,1962095.0
2021-08-18,53.31,53.89,53.06,53.09,1604602.0
2021-08-19,52.65,52.92,51.3,51.51,2244669.0
2021-08-20,51.37,51.56,50.69,51.13,4539699.0
2021-08-23,51.36,51.95,50.87,51.5,2008558.0
2021-08-24,51.51,52.15,51.27,51.8,1972762.0
2021-08-25,51.79,52.67,51.53,52.49,1381452.0
2021-08-26,52.46,52.47,51.75,51.93,1717299.0
2021-08-27,51.93,52.83,51.85,52.76,1443274.0
2021-08-30,52.73,52.84,52.24,52.26,1266881.0
2021-08-31,52.36,52.39,51.85,52.19,2889002.0
2021-09-01,52.4,52.4,51.15,51.85,1544056.0
2021-09-02,51.88,52.68,51.85,52.42,2027775.0
2021-09-03,52.42,52.54,51.88,52.39,1160835.0
2021-09-07,52.15,52.41,51.4,51.54,2386244.0
2021-09-08,51.38,52.16,50.63,52.06,2621110.0
2021-09-09,51.84,52.79,51.75,51.85,2103247.0
2021-09-10,52.04,52.52,51.79,52.08,2041563.0
2021-09-13,52.64,53.47,52.57,53.34,3271040.0
2021-09-14,53.6,53.85,52.52,52.57,2354740.0
2021-09-15,52.7,54.79,52.45,54.71,3194222.0
2021-09-16,54.69,55.45,54.27,55.19,3129474.0
2021-09-17,54.82,54.94,54.23,54.58,6144022.0
2021-09-20,53.34,53.83,51.94,52.71,3836547.0
2021-09-21,52.96,53.01,51.8,52.21,2601755.0
2021-09-22,52.83,53.05,50.79,51.18,4012369.0
2021-09-23,51.47,52.83,51.27,52.47,1797810.0
2021-09-24,52.18,52.76,51.89,51.95,2374325.0
2021-09-27,52.38,53.34,52.23,52.95,2542879.0
2021-09-28,53.16,53.8,52.7,52.76,2756908.0
2021-09-29,52.86,53.25,52.72,52.97,1962878.0
2021-09-30,53.21,53.31,52.18,52.2,2835178.0
2021-10-01,52.46,53.27,51.61,52.99,2240923.0
2021-10-04,53.12,54.2,53.06,53.35,2383534.0
2021-10-05,53.54,54.7,53.02,54.47,2128032.0
2021-10-06,54.18,54.53,53.08,54.49,1827990.0
2021-10-07,54.99,55.73,54.55,55.21,1925219.0
2021-10-08,55.5,55.97,55.01,55.48,2103471.0
2021-10-11,55.74,56.64,55.44,56.16,1955353.0
2021-10-12,55.49,55.87,55.18,55.58,2080189.0
2021-10-13,55.69,55.78,54.4,55.11,2172807.0
2021-10-14,55.64,56.4,54.84,56.36,1971722.0
2021-10-15,56.69,56.71,55.94,56.14,2149592.0
2021-10-18,56.0,56.75,55.3,55.99,1686113.0
2021-10-19,56.27,56.76,55.63,56.73,1553226.0
2021-10-20,57.03,57.45,56.49,57.03,2289957.0
2021-10-21,56.97,57.35,56.55,57.06,1488904.0
2021-10-22,57.12,58.63,57.12,58.41,1692194.0
2021-10-25,58.59,58.95,58.23,58.82,2424067.0
2021-10-26,58.84,58.97,57.41,57.55,3275966.0
2021-10-27,57.98,58.28,56.61,56.72,2638026.0
2021-10-28,56.79,57.34,56.27,57.03,2991941.0
2021-10-29,56.9,57.33,56.38,56.43,3301666.0
2021-11-01,56.7,56.81,55.64,55.8,3187330.0
2021-11-02,55.81,55.87,55.33,55.56,2782121.0
2021-11-03,55.19,57.1,54.77,57.09,4029075.0
2021-11-04,57.13,57.38,56.2,56.42,2174682.0
2021-11-05,56.88,57.27,56.17,56.68,2371542.0
2021-11-08,56.94,57.31,55.82,55.99,2563241.0
2021-11-09,56.03,56.66,55.64,56.62,1839309.0
2021-11-10,56.88,57.67,56.5,57.58,2792921.0
2021-11-11,57.68,58.5,57.53,58.33,1797858.0
2021-11-12,58.45,58.54,57.39,58.12,1510344.0
2021-11-15,58.62,59.17,58.07,59.14,2027590.0
2021-11-16,59.29,59.39,58.55,58.96,1983254.0
2021-11-17,58.74,58.81,58.11,58.22,1937421.0
2021-11-18,58.3,59.5,57.95,59.15,2630150.0
2021-11-19,59.16,59.36,57.58,57.9,4874509.0
2021-11-22,57.93,59.45,57.82,58.98,2553384.0
2021-11-23,59.03,59.54,58.46,59.31,2475862.0
2021-11-24,59.31,59.41,58.59,58.88,3321936.0
2021-11-26,57.49,57.5,56.44,56.96,2181763.0
2021-11-29,57.63,57.92,56.87,57.37,2149868.0
2021-11-30,56.37,56.56,54.76,54.77,4786189.0
2021-12-01,55.86,56.6,54.36,54.38,2172203.0
2021-12-02,54.61,55.53,54.42,54.96,2090727.0
2021-12-03,55.29,56.09,54.62,55.09,2294733.0
2021-12-06,55.72,56.33,55.3,55.67,2565655.0
2021-12-07,55.89,56.86,55.74,56.72,1685736.0
2021-12-08,56.73,57.18,56.51,56.69,1983090.0
2021-12-09,56.36,56.39,55.6,55.84,2231008.0
2021-12-10,56.4,56.64,55.83,56.01,2663347.0
2021-12-13,56.27,57.5,56.16,57.2,2888464.0
2021-12-14,57.22,58.27,57.06,57.41,2269576.0
2021-12-15,57.4,57.78,56.59,57.64,1898258.0
2021-12-16,57.91,59.41,57.82,58.73,2462413.0
2021-12-17,58.44,58.83,57.66,57.83,4944709.0
2021-12-20,57.27,57.27,55.6,56.78,2267854.0
2021-12-21,57.13,58.0,57.13,57.39,1958681.0
2021-12-22,57.41,57.78,56.96,57.18,1966274.0
2021-12-23,57.36,58.28,57.29,58.0,2921051.0
2021-12-27,58.1,58.65,57.81,58.63,1175967.0
2021-12-28,58.56,59.54,58.56,59.49,1049887.0
2021-12-29,59.61,60.02,59.43,59.57,1038504.0
2021-12-30,59.76,59.97,59.39,59.42,906890.0
2021-12-31,59.26,60.32,59.16,60.15,1330461.0
2022-01-03,60.16,60.72,59.93,60.45,2134362.0
2022-01-04,61.12,62.25,60.94,61.71,2898991.0
2022-01-05,61.77,62.23,61.13,61.17,2665390.0
2022-01-06,61.6,62.23,61.37,61.78,1920047.0
2022-01-07,61.9,62.42,61.51,62.37,2029241.0
2022-01-10,62.38,63.06,61.75,62.49,2583902.0
2022-01-11,62.76,63.12,62.13,63.04,2483057.0
2022-01-12,63.11,63.51,62.37,62.98,2224015.0
2022-01-13,63.21,63.79,63.14,63.46,1930753.0
2022-01-14,63.4,64.23,62.98,64.11,1757331.0
2022-01-18,63.52,64.08,63.03,63.83,2094017.0
2022-01-19,64.12,64.68,63.56,63.56,2638508.0
2022-01-20,63.65,63.97,61.37,61.45,3803827.0
2022-01-21,61.79,62.22,60.89,61.5,5093435.0
2022-01-24,60.96,61.38,59.26,61.15,4235602.0
2022-01-25,60.06,61.51,58.2,60.93,4188156.0
2022-01-26,62.55,65.08,62.19,64.83,6153437.0
2022-01-27,65.4,67.79,65.31,66.76,8204261.0
2022-01-28,66.72,68.52,66.56,68.48,5871339.0
2022-01-31,67.89,68.13,66.16,67.56,5621483.0
2022-02-01,67.76,68.31,67.3,68.09,2791260.0
2022-02-02,68.03,69.4,67.76,69.25,2841157.0
2022-02-03,68.56,69.02,67.71,68.23,2116161.0
2022-02-04,68.52,68.85,67.17,68.27,2435543.0
2022-02-07,68.87,69.25,68.23,68.94,2111628.0
2022-02-08,69.26,70.06,68.94,69.65,2416205.0
2022-02-09,70.16,70.78,69.98,70.24,3827846.0
2022-02-10,70.19,70.99,69.05,69.4,2423641.0
2022-02-11,69.38,70.36,68.8,69.43,2563798.0
2022-02-14,69.37,69.71,67.74,69.08,2637258.0
2022-02-15,69.11,70.15,68.99,69.76,2007140.0
2022-02-16,69.69,70.67,69.41,69.86,2292423.0
2022-02-17,69.03,69.83,68.61,69.61,1859005.0
2022-02-18,69.46,70.15,68.96,69.35,4011328.0
2022-02-22,69.47,70.24,69.04,69.67,3039849.0
2022-02-23,70.32,70.33,68.07,68.2,2054893.0
2022-02-24,67.1,68.94,66.31,68.81,3623337.0
2022-02-25,69.43,72.02,69.35,71.86,3479098.0
2022-02-28,70.55,71.75,70.4,71.41,4347553.0
2022-03-01,71.59,72.21,70.48,70.95,3285259.0
2022-03-02,71.63,73.55,71.58,73.24,2863687.0
2022-03-03,74.59,75.36,73.52,74.89,5261773.0
2022-03-04,74.48,76.07,73.81,75.76,5051206.0
2022-03-07,77.86,80.95,76.02,76.93,8597947.0
2022-03-08,77.06,79.36,76.05,76.09,5457612.0
2022-03-09,76.25,76.56,73.4,74.74,5769881.0
2022-03-10,74.65,77.41,74.05,77.27,3395904.0
2022-03-11,77.84,78.25,76.52,76.56,3017212.0
2022-03-14,76.96,77.11,74.07,75.53,3647294.0
2022-03-15,75.49,76.31,74.34,75.77,3693123.0
2022-03-16,75.86,75.86,72.98,74.41,4988985.0
2022-03-17,74.72,76.77,74.72,76.74,3530750.0
2022-03-18,76.67,77.0,75.18,76.94,9222139.0
2022-03-21,78.29,80.46,78.22,80.12,4747829.0
2022-03-22,80.46,80.77,79.54,80.52,3166292.0
2022-03-23,80.96,82.49,80.37,82.05,7256607.0
2022-03-24,82.46,84.06,82.2,83.39,5208250.0
2022-03-25,83.35,86.46,83.32,86.45,4800824.0
2022-03-28,85.94,86.06,84.53,85.31,3924037.0
2022-03-29,82.96,83.26,78.62,80.8,9529046.0
2022-03-30,81.29,82.76,81.29,82.26,3247894.0
2022-03-31,81.85,83.75,81.58,83.22,3966008.0
2022-04-01,83.62,84.45,83.21,84.13,2761976.0
2022-04-04,84.42,84.5,82.4,83.39,2826956.0
2022-04-05,83.16,84.42,83.03,83.86,3187377.0
2022-04-06,84.28,86.36,84.13,85.79,4388705.0
2022-04-07,85.79,87.41,85.14,86.94,2818367.0
2022-04-08,88.03,88.99,87.12,88.21,4721261.0
2022-04-11,89.87,89.95,87.47,87.53,3784557.0
2022-04-12,87.98,89.26,87.23,88.03,4400560.0
2022-04-13,88.24,89.11,86.87,88.51,2781572.0
2022-04-14,88.9,90.6,88.69,89.87,2459814.0
2022-04-18,88.72,90.66,88.27,89.42,3077880.0
2022-04-19,88.51,89.01,86.97,88.89,3848713.0
2022-04-20,89.02,91.4,88.61,91.18,3258588.0
2022-04-21,91.67,91.84,88.75,89.01,3600323.0
2022-04-22,88.92,89.08,84.98,85.14,4111629.0
2022-04-25,84.46,84.71,81.72,83.92,5029825.0
2022-04-26,87.57,88.93,82.92,83.6,7081137.0
2022-04-27,85.77,88.51,82.58,86.88,7217626.0
2022-04-28,87.63,87.69,84.12,85.47,5021087.0
2022-04-29,84.94,85.69,82.35,82.52,6341737.0
2022-05-02,83.17,83.41,80.96,82.27,3578577.0
2022-05-03,82.25,83.84,81.8,82.72,3859570.0
2022-05-04,83.2,84.26,81.88,84.11,3413627.0
2022-05-05,84.11,84.67,81.27,82.37,2934751.0
2022-05-06,81.87,83.1,81.33,82.69,2597604.0
2022-05-09,81.48,81.51,76.95,77.32,4328991.0
2022-05-10,78.27,81.05,77.05,77.93,4026631.0
2022-05-11,78.09,79.47,77.07,77.32,3592321.0
2022-05-12,77.16,77.53,75.52,77.4,3508297.0
2022-05-13,78.34,78.95,77.38,78.35,2895646.0
2022-05-16,78.8,80.45,78.8,80.14,3816850.0
2022-05-17,80.99,82.43,79.71,81.99,5854666.0
2022-05-18,81.56,81.82,77.54,77.9,4800020.0
2022-05-19,76.73,78.08,74.81,77.22,4326841.0
2022-05-20,77.92,78.72,75.65,77.36,4850302.0
2022-05-23,78.35,80.65,78.3,79.93,3171619.0
2022-05-24,79.76,81.27,79.07,81.12,2657443.0
2022-05-25,80.99,82.75,80.9,82.13,2732158.0
2022-05-26,82.76,82.86,81.0,81.67,3482641.0
2022-05-27,81.48,82.31,80.12,82.29,2790838.0
2022-05-31,82.77,85.17,82.45,84.18,8762162.0
2022-06-01,84.25,84.57,79.07,80.03,4459141.0
2022-06-02,80.02,82.64,79.72,82.64,2989195.0
2022-06-03,82.36,82.69,80.84,81.27,2381198.0
2022-06-06,81.77,82.28,81.01,81.77,1976053.0
2022-06-07,81.0,83.07,80.53,82.88,2037084.0
2022-06-08,82.36,82.9,81.59,81.97,1694044.0
2022-06-09,81.6,81.97,79.22,79.34,2042867.0
2022-06-10,78.36,79.59,77.45,78.04,2706480.0
2022-06-13,76.23,76.94,74.93,75.37,3099927.0
2022-06-14,75.77,76.28,74.91,76.03,2525769.0
2022-06-15,76.56,76.8,74.83,75.64,3131792.0
2022-06-16,74.36,74.36,71.86,72.39,3485635.0
2022-06-17,72.74,73.33,70.16,70.67,9168421.0
2022-06-21,72.83,72.94,71.68,72.76,3138668.0
2022-06-22,71.38,71.95,70.71,70.79,2846146.0
2022-06-23,70.85,70.85,64.96,65.11,6445189.0
2022-06-24,65.26,68.08,64.91,67.88,12491842.0
2022-06-27,68.41,69.93,67.96,69.4,3615547.0
2022-06-28,69.92,71.65,69.02,69.35,2727212.0
2022-06-29,70.01,70.93,69.69,70.6,3522454.0
2022-06-30,69.66,71.44,69.25,70.96,3971470.0
2022-07-01,70.87,71.12,68.24,69.77,2603690.0
2022-07-05,67.97,68.33,64.52,65.74,4154008.0
2022-07-06,65.9,66.49,64.13,65.58,2842744.0
2022-07-07,66.98,69.09,66.87,67.76,2993164.0
2022-07-08,68.17,68.66,66.59,66.7,2568393.0
2022-07-11,66.31,67.04,65.88,65.99,1896094.0
2022-07-12,65.27,67.34,64.91,66.21,2016461.0
2022-07-13,65.83,66.66,65.36,66.05,2093000.0
2022-07-14,64.52,65.28,63.38,65.06,3104058.0
2022-07-15,65.71,65.94,64.51,65.36,2048714.0
2022-07-18,66.07,67.2,65.71,65.91,2211818.0
2022-07-19,66.31,67.39,66.01,67.19,1862769.0
2022-07-20,66.61,68.11,66.2,67.93,1988136.0
2022-07-21,67.37,67.7,66.74,67.38,1548206.0
2022-07-22,67.36,68.06,66.76,67.2,1480759.0
2022-07-25,68.16,69.78,67.73,68.98,2709788.0
2022-07-26,71.64,73.36,70.01,72.28,5602522.0
2022-07-27,71.61,74.22,70.99,73.81,4388885.0
2022-07-28,73.29,74.43,72.35,72.71,3022240.0
2022-07-29,73.19,76.2,73.17,76.13,4656048.0
2022-08-01,76.25,78.18,76.12,77.62,3843609.0
2022-08-02,77.43,77.79,76.01,76.15,3187804.0
2022-08-03,75.8,76.21,74.82,75.61,2538284.0
2022-08-04,75.19,75.94,74.74,75.38,2413353.0
2022-08-05,75.23,77.16,74.84,76.12,2178526.0
2022-08-08,76.26,76.7,75.61,75.85,2522069.0
2022-08-09,76.26,77.36,75.88,76.22,1751556.0
2022-08-10,76.82,77.66,76.55,76.96,2005479.0
2022-08-11,77.51,78.42,77.17,77.5,1731819.0
2022-08-12,77.97,80.03,77.87,79.96,2339324.0
2022-08-15,78.6,79.65,77.48,79.49,1765951.0
2022-08-16,79.47,80.52,79.26,80.34,1758530.0
2022-08-17,79.87,80.58,79.35,80.11,1232454.0
2022-08-18,80.34,81.57,80.29,81.38,1485639.0
2022-08-19,81.26,81.64,80.4,80.99,1837923.0
2022-08-22,79.73,80.83,79.52,80.3,1775373.0
2022-08-23,80.41,82.06,80.01,81.81,1747247.0
2022-08-24,81.64,82.94,80.41,82.4,2107333.0
2022-08-25,83.05,84.73,82.74,84.67,2446042.0
2022-08-26,84.67,84.7,83.26,83.32,2285811.0
2022-08-29,82.68,85.2,82.48,84.52,1876525.0
2022-08-30,84.1,84.11,81.02,81.33,2615264.0
2022-08-31,80.92,82.64,80.32,81.65,3482136.0
2022-09-01,80.88,81.62,80.48,81.34,2486606.0
2022-09-02,82.52,83.55,81.06,81.37,2668998.0
2022-09-06,81.73,82.12,79.29,79.46,3143036.0
2022-09-07,78.76,81.2,78.36,80.99,2802433.0
2022-09-08,80.55,84.08,80.55,84.05,3908989.0
2022-09-09,84.52,86.02,84.07,85.23,3674674.0
2022-09-12,85.45,85.71,80.73,81.97,4826771.0
2022-09-13,80.66,82.45,79.65,80.11,2781884.0
2022-09-14,79.74,80.61,79.12,79.93,2824680.0
2022-09-15,79.79,80.22,78.83,79.02,2245369.0
2022-09-16,78.72,79.24,77.84,78.53,5615898.0
2022-09-19,77.65,81.09,77.52,81.09,2584394.0
2022-09-20,80.47,80.77,79.19,80.51,1916307.0
2022-09-21,81.66,82.38,79.76,79.76,2087907.0
2022-09-22,80.31,80.77,79.33,79.83,2400147.0
2022-09-23,78.27,78.27,74.0,75.41,3590182.0
2022-09-26,74.96,77.0,74.72,75.27,3083997.0
2022-09-27,76.45,77.05,74.19,74.58,3583975.0
2022-09-28,74.99,77.15,74.18,76.67,2075110.0
2022-09-29,76.19,76.37,73.92,74.37,1818748.0
2022-09-30,74.85,75.61,74.01,74.21,2436208.0
2022-10-03,75.12,76.98,74.68,76.79,2619010.0
2022-10-04,77.94,79.61,77.82,79.46,2378868.0
2022-10-05,78.78,80.88,78.52,80.03,2244312.0
2022-10-06,79.38,80.88,79.0,79.51,2512421.0
2022-10-07,78.74,79.8,78.09,79.2,2396156.0
2022-10-10,80.57,81.36,79.63,80.37,2261733.0
2022-10-11,79.69,81.32,78.45,80.06,2587197.0
2022-10-12,80.06,80.67,77.57,79.79,4447111.0
2022-10-13,78.57,82.72,78.26,82.6,2066521.0
2022-10-14,82.99,82.99,77.06,77.14,2997670.0
2022-10-17,78.51,79.95,78.51,79.52,2484259.0
2022-10-18,80.42,81.7,80.09,81.53,1912580.0
2022-10-19,81.74,82.47,81.18,82.11,1786772.0
2022-10-20,82.76,83.47,81.79,82.09,3182210.0
2022-10-21,81.38,83.82,81.0,83.45,2223011.0
2022-10-24,83.75,84.22,82.87,83.04,2253123.0
2022-10-25,83.99,85.42,82.32,84.9,4168153.0
2022-10-26,85.83,87.89,85.65,87.35,3741650.0
2022-10-27,88.03,89.89,87.55,87.89,3210633.0
2022-10-28,87.78,89.22,87.2,88.64,1901058.0
2022-10-31,89.07,91.6,88.97,90.74,4720755.0
2022-11-01,91.12,91.74,90.13,91.29,2324205.0
2022-11-02,89.71,91.65,88.65,89.56,2797291.0
2022-11-03,89.24,90.99,88.12,90.04,1992866.0
2022-11-04,91.64,92.04,88.74,88.95,2787144.0
2022-11-07,88.96,89.42,88.03,89.36,2821912.0
2022-11-08,89.57,90.55,88.97,90.15,2132866.0
2022-11-09,89.55,89.96,86.38,86.82,2478303.0
2022-11-10,89.16,89.66,87.2,88.04,2526530.0
2022-11-11,88.48,88.98,85.5,86.83,2537863.0
2022-11-14,87.15,89.84,86.86,88.04,2871696.0
2022-11-15,88.84,89.01,87.12,88.69,2778894.0
2022-11-16,88.17,89.86,87.96,89.35,2010234.0
2022-11-17,88.58,89.29,88.0,88.76,1803671.0
2022-11-18,89.19,89.77,88.27,89.31,1983766.0
2022-11-21,89.41,91.55,88.33,90.27,3572401.0
2022-11-22,90.96,91.94,90.47,91.83,2354671.0
2022-11-23,91.55,92.28,90.83,90.94,1657781.0
2022-11-25,91.43,91.71,91.01,91.56,748773.0
2022-11-28,91.09,91.61,90.13,90.41,2120974.0
2022-11-29,90.85,91.97,90.19,90.61,1661365.0
2022-11-30,91.12,92.01,89.21,91.66,4193514.0
2022-12-01,91.86,92.06,85.37,85.48,5141188.0
2022-12-02,85.17,86.31,84.32,85.87,3558362.0
2022-12-05,84.88,86.62,84.11,84.93,3663645.0
2022-12-06,84.83,86.25,84.0,85.01,2664401.0
2022-12-07,85.38,87.53,85.36,87.33,3130873.0
2022-12-08,88.16,88.31,85.92,86.56,1955974.0
2022-12-09,86.66,87.54,85.99,86.04,2764088.0
2022-12-12,86.2,87.67,85.38,87.49,2011106.0
2022-12-13,88.56,88.86,86.78,87.39,2333344.0
2022-12-14,88.44,88.77,86.75,86.96,2777178.0
2022-12-15,86.26,87.43,86.13,86.58,2661647.0
2022-12-16,85.73,86.95,84.69,86.47,8366202.0
2022-12-19,87.16,88.33,85.94,86.81,1965671.0
2022-12-20,86.88,88.07,86.46,87.1,1993272.0
2022-12-21,87.39,88.65,86.77,88.43,1497233.0
2022-12-22,88.28,88.42,86.12,87.65,1378415.0
2022-12-23,88.08,88.81,87.81,88.78,1106755.0
2022-12-27,89.15,90.32,89.11,90.07,1465612.0
2022-12-28,90.06,90.06,87.32,87.78,1576641.0
2022-12-29,88.04,88.37,87.19,87.28,1497263.0
2022-12-30,86.53,87.24,86.21,87.01,1659294.0
2023-01-03,86.91,87.01,83.18,83.81,2286020.0
2023-01-04,83.57,83.57,80.22,80.55,5116497.0
2023-01-05,80.33,80.55,77.71,78.39,5359004.0
2023-01-06,79.05,80.55,78.6,80.11,4058687.0
2023-01-09,80.16,81.21,79.47,79.53,3936106.0
2023-01-10,79.84,80.56,79.33,80.39,2614994.0
2023-01-11,80.92,81.0,80.18,80.84,2692749.0
2023-01-12,80.96,81.8,80.32,81.55,2813154.0
2023-01-13,81.16,82.87,81.16,82.56,2488273.0
2023-01-17,82.72,83.48,82.24,82.25,2744575.0
2023-01-18,82.16,82.47,79.05,79.16,3522700.0
2023-01-19,79.34,81.16,79.25,79.47,3148538.0
2023-01-20,79.55,79.79,78.12,78.91,10151391.0
2023-01-23,78.86,78.88,77.4,78.51,4333122.0
2023-01-24,78.81,80.07,77.26,79.93,2458202.0
2023-01-25,78.99,79.76,78.3,79.73,3000432.0
2023-01-26,80.25,80.42,76.97,79.06,4499614.0
2023-01-27,79.46,79.83,77.5,77.79,3527733.0
2023-01-30,77.29,77.49,76.09,76.41,4036494.0
2023-01-31,75.72,77.14,75.27,77.01,5008056.0
2023-02-01,76.9,78.0,76.69,77.53,5673931.0
2023-02-02,76.53,77.16,75.25,76.47,5729365.0
2023-02-03,77.16,77.85,76.23,76.44,2702855.0
2023-02-06,76.46,77.09,76.16,76.72,2881388.0
2023-02-07,76.51,76.91,75.87,76.82,3326389.0
2023-02-08,76.6,77.6,75.83,76.21,3082890.0
2023-02-09,76.35,80.75,74.91,75.21,3743348.0
2023-02-10,76.04,76.93,75.78,76.7,3444448.0
2023-02-13,76.72,76.82,75.77,76.51,3888583.0
2023-02-14,76.91,77.07,76.0,76.39,2379642.0
2023-02-15,76.11,76.61,75.66,76.35,3077796.0
2023-02-16,75.93,76.75,75.89,76.03,2409701.0
2023-02-17,75.89,76.25,75.5,76.2,2364086.0
2023-02-21,75.85,76.53,75.77,76.01,2261102.0
2023-02-22,76.55,76.96,76.06,76.22,3531894.0
2023-02-23,76.87,77.61,76.06,76.66,3186204.0
2023-02-24,76.65,76.65,75.64,76.05,2870639.0
2023-02-27,76.21,76.6,75.67,75.8,2279811.0
2023-02-28,75.52,75.52,73.56,74.21,5926223.0
2023-03-01,74.25,74.46,73.42,73.85,2987589.0
2023-03-02,73.87,75.61,73.63,75.18,2772562.0
2023-03-03,74.92,75.91,74.72,75.67,1866882.0
2023-03-06,75.57,76.03,75.14,76.01,2764587.0
2023-03-07,75.73,75.92,73.91,74.34,2400989.0
2023-03-08,74.43,74.66,73.82,74.52,1667310.0
2023-03-09,74.69,74.98,72.32,72.6,2704901.0
2023-03-10,72.11,72.82,71.0,71.27,4202018.0
2023-03-13,70.61,72.45,69.97,71.83,3608223.0
2023-03-14,72.97,73.96,72.62,73.56,3257804.0
2023-03-15,72.22,72.43,70.62,71.42,3395636.0
2023-03-16,70.62,71.13,69.82,71.08,3314115.0
2023-03-17,71.05,71.05,68.59,68.87,6452405.0
2023-03-20,69.4,72.08,69.11,71.54,3646463.0
2023-03-21,72.4,72.55,71.61,72.3,2506340.0
2023-03-22,72.56,73.16,71.57,71.58,2721637.0
2023-03-23,71.83,72.36,69.24,69.74,3030936.0
2023-03-24,69.32,71.37,68.78,71.22,2329495.0
2023-03-27,72.37,72.88,71.54,72.36,2406481.0
2023-03-28,72.5,73.66,72.49,73.16,2037041.0
2023-03-29,74.08,74.29,73.36,73.6,2011807.0
2023-03-30,73.86,74.31,73.57,74.08,2526053.0
2023-03-31,74.57,75.06,73.76,74.27,3416555.0
2023-04-03,74.21,75.84,74.21,75.03,2094556.0
2023-04-04,74.98,75.38,73.58,73.99,1962618.0
2023-04-05,73.77,74.17,73.26,74.02,2281538.0
2023-04-06,74.06,74.09,72.74,73.35,2413943.0
2023-04-10,73.44,74.85,73.44,74.66,2108630.0
2023-04-11,74.84,76.45,74.82,76.0,2521976.0
2023-04-12,76.0,76.41,75.6,75.72,2432018.0
2023-04-13,75.53,76.2,74.96,75.83,2154793.0
2023-04-14,76.51,77.46,76.19,76.4,2548907.0
2023-04-17,76.6,76.9,76.24,76.81,1654922.0
2023-04-18,76.64,77.31,76.6,77.16,1807095.0
2023-04-19,77.47,77.56,76.02,76.56,2168249.0
2023-04-20,75.97,76.32,75.24,75.61,1932330.0
2023-04-21,76.09,76.13,75.08,75.11,2160059.0
2023-04-24,75.42,76.08,75.1,75.41,2502094.0
2023-04-25,73.11,73.66,70.23,70.51,5777568.0
2023-04-26,70.43,72.3,69.88,71.64,3457720.0
2023-04-27,71.31,73.2,71.2,72.62,3294076.0
2023-04-28,72.17,72.79,71.91,72.69,3474652.0
2023-05-01,72.85,73.27,72.19,72.41,1872505.0
2023-05-02,71.7,71.7,69.58,70.13,3479628.0
2023-05-03,70.43,70.99,69.54,69.63,2590068.0
2023-05-04,69.39,70.08,68.37,68.83,3434901.0
2023-05-05,69.45,70.78,69.34,70.57,2507927.0
2023-05-08,70.89,71.14,69.86,70.01,2272842.0
2023-05-09,69.61,70.01,68.9,69.63,2464161.0
2023-05-10,69.84,70.23,69.02,69.25,3108159.0
2023-05-11,68.87,69.96,68.69,69.51,2640497.0
2023-05-12,69.6,70.11,69.27,69.99,1913394.0
2023-05-15,70.29,70.84,70.0,70.67,2630468.0
2023-05-16,70.31,70.52,68.19,68.21,2659466.0
2023-05-17,68.46,68.6,67.45,68.11,2718992.0
2023-05-18,67.78,67.91,66.81,67.85,3053483.0
2023-05-19,68.25,68.57,67.61,68.29,2732195.0
2023-05-22,68.75,68.95,67.9,68.5,2975404.0
2023-05-23,68.56,70.58,68.39,70.11,3076027.0
2023-05-24,70.16,70.27,67.87,67.91,2381926.0
2023-05-25,67.26,69.35,66.99,68.78,3812410.0
2023-05-26,68.94,69.28,67.51,67.79,2858609.0
2023-05-30,67.28,67.54,66.02,66.49,3055626.0
2023-05-31,66.01,66.44,65.4,65.71,5709511.0
2023-06-01,66.03,66.1,64.98,65.61,2613159.0
2023-06-02,66.32,67.1,65.99,67.03,2311297.0
2023-06-05,67.25,67.25,66.3,66.33,1907055.0
2023-06-06,66.07,67.56,66.07,67.45,1905650.0
2023-06-07,67.28,69.21,66.7,68.42,3023885.0
2023-06-08,68.42,68.42,66.23,67.26,2701603.0
2023-06-09,67.21,68.22,66.85,67.6,2281185.0
2023-06-12,67.68,68.63,67.14,68.23,2772787.0
2023-06-13,68.31,69.54,68.31,69.34,2601431.0
2023-06-14,70.01,70.23,67.87,68.21,3166134.0
2023-06-15,68.25,69.96,68.13,69.62,3366903.0
2023-06-16,69.96,71.06,69.53,70.54,5529649.0
2023-06-20,70.06,70.23,68.53,69.14,3379238.0
2023-06-21,68.68,69.83,67.51,68.52,3440991.0
2023-06-22,69.26,69.26,67.57,68.12,2472849.0
2023-06-23,67.84,68.22,67.59,67.96,3636747.0
2023-06-26,68.05,68.88,68.01,68.7,2512743.0
2023-06-27,68.35,69.11,67.76,68.95,2187971.0
2023-06-28,68.82,69.27,68.27,69.0,2473449.0
2023-06-29,69.02,70.79,69.02,69.68,2189989.0
2023-06-30,69.96,70.92,69.12,70.62,2942928.0
2023-07-03,70.75,72.23,70.65,71.79,1485077.0
2023-07-05,71.52,72.65,71.34,72.48,2412817.0
2023-07-06,71.75,72.34,71.58,72.1,3300997.0
2023-07-07,71.68,73.56,71.62,73.07,3257142.0
2023-07-10,73.13,74.35,73.13,73.6,3159244.0
2023-07-11,73.99,75.66,73.92,75.53,2769446.0
2023-07-12,75.86,75.94,73.69,73.79,2982551.0
2023-07-13,74.09,74.49,73.45,74.23,2194909.0
2023-07-14,74.72,74.72,73.14,73.26,1869822.0
2023-07-17,73.69,74.82,73.33,74.62,2441670.0
2023-07-18,74.64,76.68,74.48,75.81,2793932.0
2023-07-19,76.09,76.63,75.37,76.06,2329476.0
2023-07-20,76.94,77.94,76.69,77.69,2934478.0
2023-07-21,78.02,78.05,77.16,77.2,2537899.0
2023-07-24,77.61,78.8,77.37,78.17,3059790.0
2023-07-25,78.3,81.36,77.77,81.11,4330529.0
2023-07-26,81.86,82.36,81.39,81.96,3134592.0
2023-07-27,81.96,82.35,80.53,80.85,2676496.0
2023-07-28,81.34,81.55,80.97,81.45,1621261.0
2023-07-31,82.05,82.06,79.42,80.02,5483671.0
2023-08-01,79.49,80.29,78.95,80.04,2293265.0
2023-08-02,79.55,80.94,79.36,79.85,2793546.0
2023-08-03,79.55,80.57,79.35,80.03,2134221.0
2023-08-04,80.6,82.06,80.57,80.61,3437566.0
2023-08-07,80.61,82.35,80.46,82.27,2750786.0
2023-08-08,81.4,81.85,80.22,81.5,2371468.0
2023-08-09,81.91,81.91,80.75,80.91,1836986.0
2023-08-10,81.03,81.95,80.53,80.96,2023184.0
2023-08-11,80.93,80.95,79.46,79.88,2270699.0
2023-08-14,79.79,80.07,79.38,80.0,1859756.0
2023-08-15,79.62,79.9,77.85,77.94,2020759.0
2023-08-16,77.77,78.2,77.53,77.68,1908831.0
2023-08-17,78.13,78.66,77.73,78.05,1547336.0
2023-08-18,77.6,78.54,77.51,78.34,1738608.0
2023-08-21,78.49,78.51,77.5,78.02,2490128.0
2023-08-22,78.03,78.22,76.21,76.28,2012008.0
2023-08-23,76.06,76.67,75.2,76.64,2060280.0
2023-08-24,76.58,76.96,75.74,75.84,2282309.0
2023-08-25,76.26,76.61,75.69,76.34,3717567.0
2023-08-28,76.64,77.38,76.11,76.38,2269357.0
2023-08-29,76.72,77.17,75.55,77.12,2177986.0
2023-08-30,77.08,77.21,76.25,76.26,2969088.0
2023-08-31,76.38,76.38,74.78,74.81,4174920.0
2023-09-01,75.35,75.99,74.73,75.3,3572251.0
2023-09-05,75.05,75.51,74.04,74.39,3243841.0
2023-09-06,74.31,74.37,72.55,72.97,3563871.0
2023-09-07,73.01,74.11,72.74,74.04,3058794.0
2023-09-08,74.31,75.02,74.09,74.32,2984137.0
2023-09-11,74.62,75.08,73.83,74.25,2832182.0
2023-09-12,74.64,75.64,74.64,75.21,2910829.0
2023-09-13,75.67,75.85,74.75,75.15,2934621.0
2023-09-14,75.6,76.48,75.51,76.16,3454207.0
2023-09-15,76.04,76.22,74.19,74.86,10347027.0
2023-09-18,75.2,75.43,74.56,74.7,3062050.0
2023-09-19,74.83,75.0,74.39,74.61,3324461.0
2023-09-20,74.96,75.66,74.79,74.89,1961654.0
2023-09-21,74.9,75.03,74.25,74.39,2637750.0
2023-09-22,74.18,74.43,72.38,72.49,2102718.0
2023-09-25,72.17,72.84,72.17,72.81,1634091.0
2023-09-26,72.3,72.64,71.34,71.58,2200183.0
2023-09-27,71.66,72.25,70.93,71.87,2272219.0
2023-09-28,71.95,72.65,71.33,71.55,2149403.0
2023-09-29,71.79,71.84,70.43,70.93,2366522.0
2023-10-02,70.31,70.68,69.02,69.71,2518755.0
2023-10-03,69.49,69.94,69.07,69.32,1870775.0
2023-10-04,69.31,69.33,68.47,68.98,1704626.0
2023-10-05,68.94,69.39,68.5,68.64,1555790.0
2023-10-06,68.13,68.57,66.92,68.37,2094446.0
2023-10-09,68.37,69.86,68.37,69.41,1845340.0
2023-10-10,69.95,70.39,69.45,69.66,2159088.0
2023-10-11,69.79,70.27,68.8,69.21,1981919.0
2023-10-12,69.31,69.39,67.52,68.28,1898172.0
2023-10-13,68.21,68.99,68.2,68.83,1699433.0
2023-10-16,69.51,70.07,68.89,70.03,2042130.0
2023-10-17,69.18,71.02,69.1,70.71,1916124.0
2023-10-18,70.51,71.57,69.97,70.03,1919179.0
2023-10-19,70.0,70.22,69.12,69.35,2164068.0
2023-10-20,69.55,69.75,68.34,68.36,2457234.0
2023-10-23,68.25,68.85,67.88,67.91,2718402.0
2023-10-24,67.19,68.14,64.965,64.98,5911558.0
2023-10-25,65.24,66.675,64.82,66.56,3672033.0
2023-10-26,66.64,67.98,66.6,67.36,3319328.0
2023-10-27,67.12,67.35,65.2,65.55,2915235.0
2023-10-30,65.91,67.26,65.86,66.93,2333250.0
2023-10-31,67.04,67.53,66.81,67.08,2626959.0
2023-11-01,67.36,67.745,66.73,66.88,2516260.0
2023-11-02,66.94,68.1,66.63,67.93,2547299.0
2023-11-03,68.56,69.21,68.23,68.42,2330737.0
2023-11-06,68.42,68.88,67.955,68.07,2911064.0
2023-11-07,67.89,68.15,67.48,67.62,2575368.0
2023-11-08,67.57,68.001,67.09,67.54,3073437.0
2023-11-09,67.92,68.09,67.31,67.67,2955970.0
2023-11-10,67.81,68.7399,67.5,68.01,8578331.0
2023-11-13,67.99,68.59,67.87,68.55,2854365.0
2023-11-14,69.0,70.42,69.0,69.82,3218441.0
2023-11-15,70.23,71.13,70.14,70.2,3112941.0
2023-11-16,69.76,70.085,69.42,69.88,2902256.0
2023-11-17,70.32,70.5,69.53,69.92,2859206.0
2023-11-20,69.63,70.16,69.47,69.57,3316516.0
2023-11-21,69.74,69.985,69.36,69.69,3146211.0
2023-11-22,69.39,70.365,69.07,70.29,2440640.0
2023-11-24,70.44,71.29,70.07,70.26,1166529.0
2023-11-27,69.96,70.03,69.15,69.15,2854197.0
2023-11-28,69.15,70.195,68.82,70.01,2833846.0
2023-11-29,69.97,70.08,69.015,69.15,2702567.0
2023-11-30,69.43,70.07,69.23,69.69,5546408.0
2023-12-01,69.72,71.25,69.68,71.04,2722245.0
2023-12-04,70.54,71.53,70.38,70.59,3808259.0
2023-12-05,70.25,70.66,69.92,70.1,2636777.0
2023-12-06,69.92,70.15,69.04,69.15,3188083.0
2023-12-07,69.51,70.52,69.27,69.79,3030818.0
2023-12-08,70.09,70.65,69.66,69.71,2903676.0
2023-12-11,69.81,71.16,69.58,71.04,2908228.0
2023-12-12,70.96,71.06,69.97,70.54,2561019.0
2023-12-13,70.36,71.39,68.49,71.22,4365046.0
2023-12-14,71.44,73.31,71.44,72.38,3863681.0
2023-12-15,72.4,72.58,71.54,71.71,11609682.0
2023-12-18,71.36,71.56,68.13,68.3,6458380.0
2023-12-19,68.61,70.13,68.51,69.9,3770384.0
2023-12-20,69.3,69.41,66.56,66.64,5051191.0
2023-12-21,66.66,67.1826,66.02,66.89,3827730.0
2023-12-22,67.07,68.095,67.07,67.42,3018523.0
2023-12-26,67.51,68.56,67.51,68.35,1892489.0
2023-12-27,68.04,68.32,67.72,68.13,2372811.0
2023-12-28,67.95,68.44,67.89,68.23,2389708.0
2023-12-29,68.11,68.37,67.73,68.18,2195869.0
2024-01-02,68.31,69.19,68.14,68.72,3057342.0
2024-01-03,68.44,69.98,68.15,69.09,3760813.0
2024-01-04,69.11,69.21,67.68,67.71,3442211.0
2024-01-05,67.33,67.96,66.25,66.77,2926100.0
2024-01-08,66.3,67.04,65.732,67.02,3087454.0
2024-01-09,66.9,66.95,66.05,66.63,2874966.0
2024-01-10,66.64,66.8464,65.26,65.29,3480421.0
2024-01-11,65.23,65.72,64.9746,65.43,2739536.0
2024-01-12,65.96,66.47,65.355,65.52,2548455.0
2024-01-16,65.74,65.81,64.81,65.06,2941102.0
2024-01-17,64.46,65.47,64.31,64.88,2564453.0
2024-01-18,64.64,64.81,64.12,64.7,2609698.0
2024-01-19,64.72,64.77,63.96,64.15,5030217.0
2024-01-22,52.84,53.72,47.45,47.65,47394172.0
2024-01-23,48.19,50.15,47.77,48.27,24466629.0
2024-01-24,48.27,50.23,47.9,48.59,13638851.0
2024-01-25,48.59,49.07,46.68,47.34,13214175.0
2024-01-26,47.97,48.45,47.12,48.01,10795844.0
2024-01-29,49.87,51.11,49.03,50.9,11737234.0
2024-01-30,51.06,52.11,50.68,51.96,7266992.0
2024-01-31,51.91,52.22,51.19,51.54,10987678.0
2024-02-01,51.64,52.75,51.52,52.72,5654064.0
2024-02-02,52.56,52.79,51.63,51.65,4745507.0
2024-02-05,50.76,50.96,48.83,48.92,10606313.0
2024-02-06,48.99,49.98,48.775,49.33,5787722.0
2024-02-07,49.09,49.6299,48.74,49.34,4051458.0
2024-02-08,49.36,49.5,48.775,49.16,3476507.0
2024-02-09,49.16,49.72,48.79,49.51,5518629.0
2024-02-12,49.68,50.32,49.605,50.2,3651546.0
2024-02-13,49.96,50.63,48.93,48.93,5274417.0
2024-02-14,49.01,49.78,48.91,49.73,3746377.0
2024-02-15,49.72,51.19,49.71,50.77,3826344.0
2024-02-16,50.76,50.98,49.82,50.11,3302519.0
2024-02-20,49.98,50.31,49.2,49.86,4459458.0
2024-02-21,49.76,50.39,49.555,50.36,3142015.0
2024-02-22,50.04,50.37,49.41,50.16,6515459.0
2024-02-23,49.96,50.38,49.46,49.91,3106086.0
2024-02-26,49.9,50.06,49.49,49.63,3044212.0
2024-02-27,49.88,50.24,49.16,49.25,3783137.0
2024-02-28,49.26,49.94,49.11,49.47,3027714.0
2024-02-29,50.0,50.34,49.26,49.57,4941543.0
2024-03-01,51.1,51.21,50.01,50.7,8079960.0
2024-03-04,50.71,50.85,49.38,49.68,4712554.0
2024-03-05,49.42,50.19,49.35,49.92,4131427.0
2024-03-06,50.22,50.85,50.07,50.61,3473459.0
2024-03-07,50.84,52.29,49.86,50.71,11253152.0
2024-03-08,50.67,51.7,50.41,51.27,4757323.0
2024-03-11,51.15,52.02,51.1301,51.37,5209562.0
2024-03-12,53.54,54.92,53.14,53.53,10925778.0
2024-03-13,53.96,55.78,53.91,54.73,14417744.0
2024-03-14,54.85,56.05,54.13,54.67,8970287.0
2024-03-15,54.23,56.24,54.165,55.77,14039486.0
2024-03-18,55.56,57.56,55.56,56.87,7266250.0
2024-03-19,56.62,57.69,56.62,57.49,6668802.0
2024-03-20,57.49,58.23,57.35,57.77,5097111.0
2024-03-21,57.97,59.445,57.93,58.93,6053219.0
2024-03-22,59.46,59.55,58.06,58.46,4433874.0
2024-03-25,58.56,59.5399,58.47,58.97,4296388.0
2024-03-26,59.07,59.07,58.171,58.28,3903422.0
2024-03-27,58.57,59.63,58.54,59.45,4083052.0
2024-03-28,59.55,59.88,59.09,59.27,4120483.0
2024-04-01,59.56,59.7985,58.72,58.81,3307452.0
2024-04-02,58.92,59.735,58.79,59.16,3742266.0
2024-04-03,58.96,59.36,58.4301,59.11,4097850.0
2024-04-04,59.71,60.14,59.375,59.7,3967814.0
2024-04-05,59.47,60.085,59.43,59.92,3347958.0
2024-04-08,60.19,60.405,59.62,59.64,3107682.0
2024-04-09,59.66,60.55,59.66,60.36,4067549.0
2024-04-10,59.9,60.53,59.5473,60.35,3704409.0
2024-04-11,60.43,60.54,58.845,59.03,3408137.0
2024-04-12,58.82,58.96,57.2675,57.43,3413268.0
2024-04-15,57.81,58.04,56.63,56.98,3154657.0
2024-04-16,57.14,57.18,56.34,56.73,3032219.0
2024-04-17,56.82,57.57,56.68,56.88,2400390.0
2024-04-18,56.97,58.34,56.77,58.18,3066946.0
2024-04-19,58.31,59.37,58.07,59.06,7990020.0
2024-04-22,58.96,59.42,58.02,58.96,3169803.0
2024-04-23,58.45,58.7499,57.97,58.25,3195126.0
2024-04-24,57.48,58.27,56.88,58.02,3708636.0
2024-04-25,58.26,58.4092,57.07,57.46,2726544.0
2024-04-26,57.18,57.46,56.54,56.56,2708830.0
2024-04-29,56.67,57.245,56.67,57.15,2981748.0
2024-04-30,57.24,57.24,53.818,55.12,6731024.0
2024-05-01,55.01,56.23,54.7,54.83,5208347.0
2024-05-02,55.19,55.92,54.72,55.81,3746076.0
2024-05-03,55.77,56.14,55.32,55.63,3273833.0
2024-05-06,55.93,56.705,55.38,56.65,4187699.0
2024-05-07,57.26,58.09,57.18,58.05,4171725.0
2024-05-08,57.71,58.94,57.52,58.49,4275440.0
2024-05-09,58.67,59.13,58.43,58.9,4173086.0
2024-05-10,59.1,59.515,58.7,59.44,2924322.0
2024-05-13,59.57,60.15,58.96,59.09,3690454.0
2024-05-14,59.44,59.44,57.78,58.13,3959721.0
2024-05-15,58.11,58.28,56.75,57.04,4165207.0
2024-05-16,57.11,59.08,57.11,58.55,4691328.0
2024-05-17,58.73,58.865,58.07,58.58,2842823.0
2024-05-20,58.46,58.52,57.78,57.83,2598614.0
2024-05-21,57.79,58.51,57.77,58.23,2957143.0
2024-05-22,57.59,58.935,57.59,58.86,3750551.0
2024-05-23,58.65,59.44,57.58,57.68,3535279.0
2024-05-24,57.88,58.22,57.27,57.45,2730649.0
2024-05-28,57.45,58.12,57.26,57.85,2875749.0
2024-05-29,57.45,57.55,56.85,56.99,3000646.0
2024-05-30,56.8,57.475,56.31,57.1,4713053.0
2024-05-31,57.23,59.41,57.14,59.4,8436922.0
2024-06-03,59.01,59.76,58.2,58.95,3677241.0
2024-06-04,58.49,59.47,58.42,58.78,5003677.0
2024-06-05,58.78,59.09,57.43,58.03,3419158.0
2024-06-06,57.97,59.1,57.73,58.13,3082208.0
2024-06-07,57.95,58.45,57.25,58.23,3185803.0
2024-06-10,58.23,59.165,58.09,58.91,4084128.0
2024-06-11,58.46,58.56,57.765,58.45,2562902.0
2024-06-12,58.76,58.87,57.36,57.43,2703213.0
2024-06-13,57.38,58.025,57.07,57.69,2499541.0
2024-06-14,57.4,57.89,56.23,56.46,2623891.0
2024-06-17,55.96,57.24,55.42,57.12,2855270.0
2024-06-18,56.98,57.3801,56.21,56.87,3401005.0
2024-06-20,56.77,58.06,56.64,57.97,3599402.0
2024-06-21,58.12,58.46,57.53,58.31,22497793.0
2024-06-24,58.07,59.23,57.55,59.09,4346135.0
2024-06-25,58.865,58.99,57.57,57.61,3908885.0
2024-06-26,57.27,58.13,57.14,57.63,3041778.0
2024-06-27,57.67,58.17,57.345,57.57,2300406.0
2024-06-28,57.73,57.89,57.17,57.41,11725935.0
2024-07-01,57.78,58.37,57.42,57.6,2185383.0
2024-07-02,57.7,59.115,57.57,59.09,3581175.0
2024-07-03,59.33,59.65,59.025,59.65,2677878.0
2024-07-05,59.0,59.55,57.6,58.32,4111557.0
2024-07-08,58.32,60.43,58.28,60.34,4534652.0
2024-07-09,60.32,61.2,59.93,60.09,3974318.0
2024-07-10,60.46,61.25,59.78,61.19,3882661.0
2024-07-11,61.42,62.125,60.87,61.21,3295822.0
2024-07-12,61.64,61.7,60.95,61.24,2378503.0
2024-07-15,61.14,61.46,60.27,60.36,2869410.0
2024-07-16,59.96,61.64,59.59,61.52,2129957.0
2024-07-17,61.69,62.75,61.68,62.68,2490409.0
2024-07-18,62.24,63.04,61.62,61.75,1947442.0
2024-07-19,61.87,61.88,60.49,61.15,2730297.0
2024-07-22,61.35,61.35,60.3652,61.11,1404442.0
2024-07-23,60.77,60.95,59.15,59.18,2255378.0
2024-07-24,59.13,60.0,58.845,59.61,1847186.0
2024-07-25,59.76,61.27,59.76,60.28,1998738.0
2024-07-26,60.28,60.99,60.1,60.94,2048303.0
2024-07-29,60.74,61.2,60.24,60.26,3293490.0
2024-07-30,57.96,60.1,56.0,59.46,6377358.0
2024-07-31,59.08,59.59,57.96,58.97,4783264.0
2024-08-01,59.27,59.63,57.1,57.44,3561880.0
2024-08-02,57.22,57.53,55.61,55.87,4080824.0
2024-08-05,54.96,55.92,54.54,55.14,4091695.0
2024-08-06,55.26,55.62,54.7,54.92,3019533.0
2024-08-07,55.57,56.17,55.11,55.14,2778015.0
2024-08-08,55.23,56.2,55.23,55.44,1849114.0
2024-08-09,55.23,55.46,54.88,55.4,1640297.0
2024-08-12,55.46,55.56,54.68,55.03,2045733.0
2024-08-13,54.84,55.39,53.84,55.34,3625348.0
2024-08-14,55.34,55.38,54.9,55.34,2353265.0
2024-08-15,55.59,56.11,55.26,55.82,2589228.0
2024-08-16,55.78,56.09,55.505,56.05,2036540.0
2024-08-19,56.06,56.8,56.06,56.64,2301115.0
2024-08-20,56.56,56.7,55.95,55.97,1833824.0
2024-08-21,56.2,56.73,56.08,56.68,1875838.0
2024-08-22,56.73,56.78,56.1,56.71,1875109.0
2024-08-23,57.01,57.99,56.8,57.96,1713147.0
2024-08-26,58.19,58.5,57.78,58.2,1703602.0
2024-08-27,58.26,58.305,57.44,58.02,1786944.0
2024-08-28,57.53,58.48,57.175,58.42,1654495.0
2024-08-29,58.56,58.6,57.415,58.3,1535681.0
2024-08-30,58.41,58.575,57.97,58.45,3368990.0
2024-09-03,57.91,58.31,57.61,58.08,2302894.0
2024-09-04,58.27,59.1,58.11,58.88,2388500.0
2024-09-05,59.05,59.51,57.49,57.53,3138377.0
2024-09-06,57.49,58.01,56.645,56.93,2641457.0
2024-09-09,57.18,57.53,56.65,56.96,1996167.0
2024-09-10,57.07,57.07,55.7001,56.51,3220552.0
2024-09-11,56.68,56.68,55.5701,56.46,2535511.0
2024-09-12,56.46,57.24,55.97,57.08,2145067.0
2024-09-13,57.35,57.86,57.11,57.85,1837186.0
2024-09-16,58.31,58.41,57.31,57.87,1602780.0
2024-09-17,58.17,58.31,57.675,57.92,1837652.0
2024-09-18,57.86,58.51,57.57,57.99,2050268.0
2024-09-19,58.51,60.07,58.285,59.91,4254832.0
2024-09-20,59.7,59.7,58.38,58.82,11786580.0
2024-09-23,58.44,59.2,58.025,58.37,3112059.0
2024-09-24,58.75,59.23,58.03,58.19,2620262.0
2024-09-25,58.21,58.285,55.58,55.6,3304212.0
2024-09-26,55.62,56.92,55.605,56.83,2967932.0
2024-09-27,57.21,58.16,57.21,57.46,1845222.0
2024-09-30,57.46,57.75,56.77,57.2,2979669.0
2024-10-01,56.46,57.46,56.07,56.98,2294287.0
2024-10-02,57.06,57.41,56.045,56.25,2166271.0
2024-10-03,56.04,56.1,55.22,55.93,2167650.0
2024-10-04,56.17,56.92,56.01,56.69,2299745.0
2024-10-07,56.66,56.889,56.07,56.32,1927923.0
2024-10-08,56.02,56.02,54.76,55.01,2179353.0
2024-10-09,54.93,55.37,54.29,54.43,2454601.0
2024-10-10,54.71,55.33,54.34,54.75,2010125.0
2024-10-11,54.97,55.86,54.97,55.43,1897438.0
2024-10-14,55.24,55.625,54.79,55.37,1653673.0
2024-10-15,55.42,56.35,55.095,55.13,2169164.0
2024-10-16,55.28,55.99,55.28,55.75,1610609.0
2024-10-17,55.89,56.17,55.3746,56.09,2005128.0
2024-10-18,56.01,56.11,53.365,53.86,4329839.0
2024-10-21,54.13,54.63,53.33,53.59,1953418.0
2024-10-22,53.68,53.92,53.12,53.15,2304086.0
2024-10-23,53.18,53.61,52.72,53.54,2197655.0
2024-10-24,53.61,54.04,53.2,53.96,1888206.0
2024-10-25,54.22,54.64,53.86,54.02,1815274.0
2024-10-28,53.96,54.91,53.91,54.7,1878636.0
2024-10-29,54.38,55.22,53.76,53.78,2986802.0
2024-10-30,53.86,54.46,52.93,52.99,2705219.0
2024-10-31,53.21,53.5,52.56,52.67,5370104.0
2024-11-01,52.92,53.213,52.025,52.1,2234695.0
2024-11-04,52.27,53.02,52.24,52.76,2459345.0
2024-11-05,47.96,49.47,46.3815,49.46,9049772.0
2024-11-06,49.81,51.12,48.94,50.72,5034273.0
2024-11-07,50.64,50.68,49.38,49.95,4173765.0
2024-11-08,49.57,49.8327,49.06,49.59,3482778.0
2024-11-11,49.84,50.4,49.55,49.82,2480722.0
2024-11-12,49.26,49.55,48.82,48.89,2661541.0
2024-11-13,48.83,49.69,48.43,49.33,4003110.0
2024-11-14,49.68,50.25,49.29,49.97,2191364.0
2024-11-15,50.17,51.34,50.13,50.81,3556548.0
2024-11-18,50.95,51.2222,50.13,50.17,2613439.0
2024-11-19,50.04,51.28,49.6986,50.45,2187218.0
2024-11-20,50.69,51.005,50.24,50.98,2317314.0
2024-11-21,51.01,51.59,50.83,51.15,2943449.0
2024-11-22,51.04,51.42,50.73,51.09,2329938.0
2024-11-25,50.91,51.6,50.535,50.97,4482092.0
2024-11-26,51.06,51.69,50.48,51.68,3017002.0
2024-11-27,51.69,52.44,51.67,52.33,2092981.0
2024-11-29,52.55,52.72,51.86,52.56,1762592.0
2024-12-02,52.18,52.52,51.49,52.23,3951713.0
2024-12-03,52.46,52.5099,50.71,51.13,5194163.0
2024-12-04,50.97,51.27,49.58,49.73,3371785.0
2024-12-05,49.775,50.48,49.48,50.24,2991796.0
2024-12-06,50.46,50.46,49.21,49.38,2766624.0
2024-12-09,49.81,51.19,49.63,49.94,2217232.0
2024-12-10,49.84,50.4,48.93,50.04,3009685.0
2024-12-11,49.99,50.93,49.88,50.88,3627095.0
2024-12-12,50.93,51.31,50.43,51.04,2795688.0
2024-12-13,51.0,51.0,49.59,50.36,2378778.0
2024-12-16,50.24,50.73,49.58,49.65,2461720.0
2024-12-17,49.5,50.085,49.2,49.45,2368558.0
2024-12-18,49.06,49.5,47.79,47.81,3744967.0
2024-12-19,47.96,48.31,47.31,47.34,3151304.0
2024-12-20,47.36,48.925,47.21,48.45,12132680.0
2024-12-23,47.96,48.49,47.5856,48.37,2592423.0
2024-12-24,48.37,48.66,47.94,48.59,1432543.0
2024-12-26,48.31,48.85,48.24,48.57,1627580.0
2024-12-27,48.24,49.15,48.125,48.54,1537819.0
2024-12-30,48.31,48.4494,47.5353,48.03,2677021.0
2024-12-31,47.95,48.56,47.845,48.48,2120069.0
2025-01-02,48.98,49.21,48.12,48.18,2003623.0
2025-01-03,48.12,48.41,47.83,48.01,1984366.0
2025-01-06,48.36,49.0,47.49,47.59,2304357.0
2025-01-07,47.745,48.41,47.35,47.39,2147371.0
2025-01-08,46.97,48.04,46.36,47.8,3493646.0
2025-01-10,47.65,49.48,47.5813,49.05,4497793.0
2025-01-13,49.42,50.5,49.06,50.08,4102529.0
2025-01-14,49.88,49.999,48.74,49.15,3063687.0
2025-01-15,49.53,49.96,49.05,49.1,2773501.0
2025-01-16,49.05,49.135,48.32,48.97,2050936.0
2025-01-17,48.92,49.609,48.92,49.25,3234739.0
2025-01-21,49.13,49.7,48.87,49.18,3062243.0
2025-01-22,48.82,48.875,48.27,48.48,3053239.0
2025-01-23,48.72,48.89,48.2701,48.62,2277640.0
2025-01-24,48.59,48.89,48.18,48.47,2737383.0
2025-01-27,49.37,50.3,49.1726,50.13,3438089.0
2025-01-28,50.03,50.26,48.5,48.55,2450649.0
2025-01-29,48.41,50.07,48.3853,49.62,3467932.0
2025-01-30,49.8,49.96,49.34,49.63,2393913.0
2025-01-31,49.4,49.69,48.8,49.19,6847876.0
2025-02-03,48.84,48.98,47.94,47.98,4490961.0
2025-02-04,46.46,46.66,45.42,45.45,7220014.0
2025-02-05,45.45,45.47,43.1,44.41,7418128.0
2025-02-06,44.76,45.09,42.97,43.51,5401170.0
2025-02-07,43.63,44.26,43.32,43.72,4346261.0
2025-02-10,43.6,44.14,43.32,44.05,4391419.0
2025-02-11,43.87,44.515,43.56,44.4,2934060.0
2025-02-12,43.32,44.24,43.1,43.18,3410668.0
2025-02-13,43.07,45.1,42.88,43.67,5556753.0
2025-02-14,43.72,44.22,43.72,44.06,3381836.0
2025-02-18,43.97,44.47,43.739,44.38,3040349.0
2025-02-19,44.3,44.98,44.21,44.51,3162910.0
2025-02-20,44.45,45.07,44.29,45.02,2704185.0
2025-02-21,45.21,46.95,44.97,46.66,5487545.0
2025-02-24,46.62,47.62,46.08,46.87,5041379.0
2025-02-25,46.79,47.55,46.5801,47.23,3985303.0
2025-02-26,46.98,47.11,45.42,45.45,3899075.0
2025-02-27,45.25,45.72,44.98,45.06,3405779.0
2025-02-28,45.43,45.93,45.24,45.67,6678204.0
2025-03-03,45.79,46.12,44.8,45.05,3365941.0
2025-03-04,44.77,45.295,44.18,44.29,3634026.0
2025-03-05,44.29,44.806,43.78,44.27,3265826.0
2025-03-06,44.32,46.83,44.27,46.53,4417859.0
2025-03-07,46.4,48.74,46.355,47.91,4428481.0
2025-03-10,48.41,50.83,48.4,49.08,6451297.0
2025-03-11,49.24,49.5,46.97,47.11,4957643.0
2025-03-12,46.47,46.62,45.31,45.55,4061016.0
2025-03-13,45.47,46.59,45.22,45.72,3557299.0
2025-03-14,45.43,45.975,44.86,45.65,2922889.0
2025-03-17,46.09,47.14,46.02,46.46,4661709.0
2025-03-18,46.95,47.12,46.11,46.15,3740194.0
2025-03-19,46.01,46.39,44.96,45.4,5745014.0
2025-03-20,45.29,45.7,44.73,44.99,5540640.0
2025-03-21,45.07,45.43,44.45,44.57,50983575.0
2025-03-24,44.37,45.08,43.96,44.4,3992312.0
2025-03-25,44.43,45.05,44.27,44.52,3853608.0
2025-03-26,44.57,45.68,44.52,45.54,2985953.0
2025-03-27,45.76,46.95,45.72,46.75,3975214.0
2025-03-28,46.78,46.87,46.09,46.34,2077702.0
2025-03-31,46.29,47.01,46.15,46.48,3041298.0
2025-04-01,46.79,46.835,45.855,46.68,2971759.0
2025-04-02,46.61,46.82,45.67,46.44,2655426.0
2025-04-03,46.49,46.61,45.61,46.04,3909935.0
2025-04-04,44.22,44.545,41.48,41.79,6807213.0
2025-04-07,41.23,43.37,40.82,41.45,6206590.0
2025-04-08,42.22,42.55,39.64,40.26,4504168.0
2025-04-09,39.78,43.1409,39.45,42.85,5982075.0
2025-04-10,42.85,43.25,41.655,42.95,5105717.0
2025-04-11,43.2,44.48,42.89,44.31,3926617.0
2025-04-14,44.51,45.175,43.91,44.9,2663677.0
2025-04-15,45.025,45.025,43.89,44.54,2723610.0
2025-04-16,44.68,45.505,44.335,44.6,4132452.0
2025-04-17,44.88,46.358,44.88,46.29,3503372.0
2025-04-21,46.3,46.59,45.68,46.56,3130195.0
2025-04-22,46.95,47.6,46.7,47.01,3166250.0
2025-04-23,47.03,47.505,46.25,46.59,2203001.0
2025-04-24,46.46,47.31,46.115,47.25,2151776.0
2025-04-25,47.22,47.22,46.3404,46.72,2261635.0
2025-04-28,46.72,47.115,46.0698,46.52,2094954.0
2025-04-29,46.39,46.575,46.03,46.25,1903124.0
2025-04-30,46.26,46.36,45.6,46.22,4366108.0
2025-05-01,45.94,46.69,45.69,46.05,2246698.0
2025-05-02,46.57,46.62,45.8,46.32,2690953.0
2025-05-05,45.87,46.27,45.73,45.97,3168809.0
2025-05-06,46.8,48.27,46.18,46.79,4916854.0
2025-05-07,46.71,46.9,45.88,46.35,4618219.0
2025-05-08,45.57,46.44,45.57,46.17,3126443.0
2025-05-09,46.1,47.1,45.8731,47.0,3080011.0
2025-05-12,47.89,48.84,47.62,48.37,4470108.0
2025-05-13,48.17,49.85,47.98,49.16,4538574.0
2025-05-14,49.165,49.165,47.865,47.88,2896798.0
2025-05-15,47.58,47.665,46.08,47.33,4177340.0
2025-05-16,47.38,48.625,47.2,48.6,3227472.0
2025-05-19,49.2,49.36,48.25,48.48,3395337.0
2025-05-20,48.47,49.01,48.155,48.63,2467778.0
2025-05-21,48.66,48.66,47.165,47.28,2805012.0
2025-05-22,46.82,47.14,46.35,46.94,2573583.0
2025-05-23,46.58,47.04,46.23,46.92,1674612.0
2025-05-27,47.29,47.7,46.88,47.61,2011757.0
2025-05-28,47.62,47.715,47.19,47.33,2229184.0
2025-05-29,47.36,47.63,46.915,47.35,1812810.0
2025-05-30,47.07,47.345,46.55,47.25,4962953.0
2025-06-02,47.25,47.25,46.26,47.08,2648117.0
2025-06-03,46.92,46.92,45.8,46.26,3690155.0
2025-06-04,46.16,46.45,45.83,46.22,3223329.0
2025-06-05,46.35,46.43,45.79,45.96,2288163.0
2025-06-06,46.4,46.75,46.23,46.4,2169842.0
2025-06-09,46.47,47.04,46.4,46.88,2332145.0
2025-06-10,46.98,47.9098,46.96,47.72,2819833.0
2025-06-11,47.87,47.892,47.345,47.65,3330216.0
2025-06-12,47.34,48.69,47.18,48.64,3330257.0
2025-06-13,48.73,51.39,48.56,50.98,7556523.0
2025-06-16,51.27,53.62,51.23,53.14,8321886.0
2025-06-17,52.96,53.86,52.7102,53.08,5309311.0
2025-06-18,53.05,54.025,52.9,52.97,4620698.0
2025-06-20,53.27,53.43,52.3,52.59,8469894.0
2025-06-23,52.32,52.86,51.66,51.8,3640563.0
2025-06-24,51.38,52.31,51.33,51.91,4965923.0
2025-06-25,51.63,51.89,50.69,51.28,4524400.0
2025-06-26,51.55,52.53,51.46,52.15,3598224.0
2025-06-27,52.155,52.255,50.32,50.96,4770103.0
2025-06-30,50.98,52.11,50.63,51.76,4198716.0
2025-07-01,51.66,53.6,51.55,53.43,5012206.0
2025-07-02,53.88,54.96,53.275,54.88,4662350.0
2025-07-03,54.98,55.35,53.86,54.29,2255614.0
2025-07-07,53.86,54.45,53.445,53.5,2760985.0
2025-07-08,53.59,54.29,53.39,53.53,3015431.0
2025-07-09,53.52,53.66,52.19,52.98,3184252.0
2025-07-10,53.01,54.56,52.49,53.87,3013396.0
2025-07-11,53.56,54.12,53.09,53.92,2190039.0
2025-07-14,53.75,53.96,52.93,53.28,2313588.0
2025-07-15,53.07,53.23,52.5002,52.71,3548959.0
2025-07-16,52.56,53.1,52.281,52.98,3487172.0
2025-07-17,52.05,52.7299,51.21,52.52,4504125.0
2025-07-18,52.61,53.42,52.4201,53.37,2982634.0
2025-07-21,53.58,54.03,53.11,53.13,2069649.0
2025-07-22,53.11,54.445,53.075,54.39,2365600.0
2025-07-23,54.51,55.37,54.385,55.2,2589530.0
2025-07-24,55.11,55.2,54.4101,54.48,2346985.0
2025-07-25,54.24,54.41,53.0488,54.33,2684275.0
2025-07-28,53.91,53.98,53.29,53.74,1751638.0
2025-07-29,53.95,53.95,52.785,53.18,3370651.0
2025-07-30,53.36,54.88,53.245,54.18,3351040.0
2025-07-31,53.75,53.995,52.95,53.16,3986228.0
2025-08-01,53.13,53.48,51.94,52.83,2583430.0
2025-08-04,53.22,53.5,52.54,53.34,2530555.0
2025-08-05,53.53,56.71,53.53,56.6,5760653.0
2025-08-06,57.22,57.76,55.67,55.71,4889920.0
2025-08-07,56.39,57.02,55.5415,56.84,3943541.0
2025-08-08,57.39,57.69,56.66,56.82,2692597.0
2025-08-11,57.38,57.86,56.81,57.26,3063130.0
2025-08-12,57.45,58.66,57.13,57.54,3844625.0
2025-08-13,57.48,58.805,56.47,58.8,4223654.0
2025-08-14,58.98,59.05,57.8,58.3,3571588.0
2025-08-15,58.48,58.759,57.95,58.73,2935545.0
2025-08-18,58.57,58.795,58.25,58.65,3654356.0
2025-08-19,58.68,59.0,57.94,58.94,3475469.0
2025-08-20,59.27,60.24,59.14,60.22,4485160.0
2025-08-21,60.2,61.21,59.75,60.61,4190455.0
2025-08-22,60.84,62.885,60.46,62.41,5237462.0
2025-08-25,62.42,63.87,62.16,63.7,3365288.0
2025-08-26,63.425,63.425,62.12,62.31,4714655.0
2025-08-27,62.09,62.67,61.66,62.2,2896075.0
2025-08-28,62.31,62.4,61.45,62.15,3506942.0
2025-08-29,62.04,62.55,61.7,62.13,2760581.0
2025-09-02,62.04,62.3028,61.11,61.54,3837602.0
2025-09-03,61.25,61.27,60.6117,61.21,3028607.0
2025-09-04,61.37,61.68,60.83,61.43,2691086.0
2025-09-05,61.43,62.515,61.1427,62.43,2656386.0
2025-09-08,62.33,62.74,60.88,61.79,4161691.0
2025-09-09,61.84,62.21,61.545,61.68,2316964.0
2025-09-10,61.51,61.73,59.06,60.9,3606174.0
2025-09-11,60.86,61.17,60.28,60.91,2909183.0
2025-09-12,60.79,61.26,60.645,61.06,2289767.0
2025-09-15,60.89,61.085,60.0,60.02,3085750.0
2025-09-16,60.26,62.41,59.405,61.84,4665407.0
2025-09-17,61.64,62.115,60.545,60.58,3083951.0
2025-09-18,60.76,60.76,60.12,60.32,2837586.0
2025-09-19,60.39,61.37,60.23,61.14,11658469.0
2025-09-22,60.72,60.815,57.95,59.35,4342408.0
2025-09-23,59.4,61.09,59.4,60.19,3624639.0
2025-09-24,60.52,61.535,60.395,60.97,2537640.0
2025-09-25,61.48,61.77,60.51,60.56,2939385.0
2025-09-26,60.8,61.03,58.85,60.09,5878773.0
2025-09-29,60.13,60.17,58.84,59.8,4268085.0
2025-09-30,59.69,60.07,59.18,59.23,3233567.0
2025-10-01,59.56,59.81,57.66,58.74,3650567.0
2025-10-02,58.56,59.0,58.38,58.6,2724965.0
2025-10-03,58.4,60.74,58.32,60.53,4260884.0
2025-10-06,60.54,62.68,60.1009,61.94,4057740.0
2025-10-07,61.82,62.91,61.56,62.38,3486620.0
2025-10-08,62.46,63.05,60.3,61.71,4711326.0
2025-10-09,61.765,62.6,60.54,60.8,3706392.0
2025-10-10,60.75,61.53,60.29,60.33,4527729.0
2025-10-13,60.53,61.9327,60.15,61.13,3609348.0
2025-10-14,60.24,61.875,57.91,61.34,6127619.0
2025-10-15,62.53,64.06,61.71,62.87,5344098.0
2025-10-16,63.03,63.67,62.285,62.39,3637906.0
2025-10-17,61.84,62.85,61.35,62.82,3048589.0
2025-10-20,63.21,63.48,62.4101,62.68,2124413.0
2025-10-21,62.59,62.82,60.56,61.21,2822524.0
2025-10-22,61.23,62.3,60.665,61.4,2193150.0
2025-10-23,61.99,62.49,61.385,62.0,2047737.0
2025-10-24,61.99,63.37,61.99,62.82,1916797.0
2025-10-27,64.25,64.49,60.995,61.43,3409260.0
2025-10-28,61.01,61.67,60.57,60.86,2103689.0
2025-10-29,60.46,60.82,59.88,60.01,3183114.0
2025-10-30,60.49,60.845,60.11,60.18,2520848.0
2025-10-31,59.85,60.33,59.085,60.02,4037430.0
2025-11-03,59.59,60.52,59.04,59.58,3877248.0
2025-11-04,55.64,61.39,55.09,59.61,8265473.0
2025-11-05,58.16,58.28,55.61,55.78,5743876.0
2025-11-06,55.62,56.88,55.62,56.21,4018980.0
2025-11-07,56.48,56.48,55.71,56.47,3739862.0
2025-11-10,56.55,56.55,55.07,55.49,4063185.0
2025-11-11,55.86,57.18,55.51,57.12,3394074.0
2025-11-12,56.66,57.645,56.51,57.24,3106925.0
2025-11-13,57.38,59.21,57.34,58.32,3691624.0
2025-11-14,58.24,59.27,57.545,58.1,3103246.0
2025-11-17,58.11,59.19,57.92,58.23,2404538.0
2025-11-18,58.47,60.62,57.74,60.52,3312132.0
2025-11-19,60.3,60.565,56.8,58.23,5265139.0
2025-11-20,58.235,58.985,57.85,57.87,2997375.0
2025-11-21,57.97,59.29,57.735,58.63,3103674.0
2025-11-24,58.41,58.94,57.94,58.65,5781882.0
2025-11-25,58.95,59.8059,58.74,59.7,2315672.0
2025-11-26,59.55,61.05,59.55,60.55,2159038.0
2025-11-28,60.43,61.08,60.41,60.74,1135730.0
2025-12-01,60.87,61.37,60.43,60.52,2449827.0
2025-12-02,60.47,60.66,59.965,60.31,1800834.0
2025-12-03,60.68,61.17,59.66,59.8,2239397.0
2025-12-04,59.98,60.0665,57.95,59.36,2924713.0
2025-12-05,59.12,59.59,58.965,59.01,1925438.0
2025-12-08,58.9,58.97,57.86,57.94,2428433.0
2025-12-09,57.86,59.11,57.8,58.07,2543336.0
2025-12-10,58.28,58.99,57.17,58.21,2961808.0
2025-12-11,58.42,59.96,58.42,59.92,2432795.0
2025-12-12,60.16,60.59,59.12,60.01,2996507.0
2025-12-15,59.69,60.37,59.05,60.2,2645939.0
2025-12-16,58.78,59.62,57.89,57.98,3847927.0
2025-12-17,58.56,59.36,58.12,58.56,2901122.0
2025-12-18,58.46,59.09,58.285,58.3,2871232.0
2025-12-19,58.18,58.74,57.65,58.24,7828825.0
2025-12-22,57.86,58.33,57.48,57.85,2328930.0
2025-12-23,57.84,58.015,57.29,57.47,2073093.0
2025-12-24,57.81,58.1,57.65,57.78,753798.0
2025-12-26,57.71,57.95,57.535,57.91,1172174.0
2025-12-29,57.9,58.44,57.72,58.22,1764794.0
2025-12-30,58.25,58.71,58.03,58.17,2017447.0
2025-12-31,58.1,58.26,57.46,57.49,1589368.0
2026-01-02,57.44,59.35,57.21,59.05,2972176.0
2026-01-05,58.48,59.66,57.808,59.58,3684538.0
2026-01-06,59.91,61.055,59.103,60.49,4020405.0
2026-01-07,60.26,60.375,58.16,58.52,3181199.0
2026-01-08,58.16,62.38,58.16,61.19,4790073.0
2026-01-09,61.77,62.42,60.94,61.94,3570323.0
2026-01-12,62.22,62.745,61.84,62.2,2758841.0
2026-01-13,62.2,63.42,62.01,63.38,2717991.0
2026-01-14,63.64,65.705,63.64,64.6,5476066.0
2026-01-15,64.42,66.63,64.36,66.57,5085281.0
2026-01-16,66.0,66.53,64.96,65.18,3660709.0
2026-01-20,64.9,66.17,63.94,65.88,4051877.0
2026-01-21,66.07,67.84,65.42,67.7,3769671.0
2026-01-22,67.84,68.05,66.88,67.12,3993701.0
2026-01-23,67.59,68.0585,66.685,67.51,3013723.0
2026-01-26,67.82,67.89,67.01,67.37,2752031.0
2026-01-27,67.26,68.45,66.85,68.23,2586115.0
2026-01-28,68.83,69.75,67.05,67.4,3237876.0
