date,open,high,low,close,volume
2007-03-19,9.6623,9.7937,9.5968,9.7619,5200733.0
2007-03-20,9.7259,9.7712,9.6711,9.7131,3422340.0
2007-03-21,9.7136,9.9957,9.7114,9.9952,5801900.0
2007-03-22,9.9717,10.1358,9.8946,10.1326,5727728.0
2007-03-23,10.1173,10.1663,10.0084,10.1273,4114854.0
2007-03-26,10.0953,10.2066,9.9719,10.2066,4711009.0
2007-03-27,10.1704,10.2124,10.09,10.1721,3742166.0
2007-03-28,10.1283,10.2176,10.0853,10.1286,4641156.0
2007-03-29,10.1954,10.2317,9.9564,10.1045,3989119.0
2007-03-30,10.1341,10.1666,9.9849,10.0355,3380752.0
2007-04-02,10.0255,10.0447,9.8843,10.0447,3448632.0
2007-04-03,10.1856,10.4381,10.1816,10.3968,6518088.0
2007-04-04,10.3853,10.4068,10.3213,10.3573,3779646.0
2007-04-05,10.3643,10.3841,10.3223,10.3695,2716305.0
2007-04-09,10.4063,10.4068,10.2214,10.287,3063964.0
2007-04-10,10.2589,10.3515,10.2106,10.2442,2979518.0
2007-04-11,10.2332,10.3167,10.1468,10.1949,3824385.0
2007-04-12,10.1816,10.2817,10.1376,10.2664,2711803.0
2007-04-13,10.293,10.301,10.1656,10.2389,2800330.0
2007-04-16,10.293,10.5067,10.2855,10.4386,5080883.0
2007-04-17,10.4269,10.4917,10.3718,10.4018,3216071.0
2007-04-18,10.3633,10.5795,10.32,10.4822,5672972.0
2007-04-19,10.4444,10.6308,10.3215,10.3731,11225221.0
2007-04-20,10.8453,10.8948,10.6326,10.6441,12224690.0
2007-04-23,10.5845,10.7071,10.5385,10.559,5679371.0
2007-04-24,10.5472,10.5815,10.4707,10.5202,3699323.0
2007-04-25,10.582,10.6163,10.4847,10.5317,3972723.0
2007-04-26,10.5345,10.6934,10.5097,10.6115,4132037.0
2007-04-27,10.5838,10.6421,10.5402,10.5572,2927857.0
2007-04-30,10.5607,10.6158,10.3663,10.3663,3645852.0
2007-05-01,10.3866,10.4021,10.1859,10.3067,3658854.0
2007-05-02,10.298,10.3588,10.2249,10.2262,3080494.0
2007-05-03,10.2372,10.4336,10.2139,10.4126,3596694.0
2007-05-04,10.3348,10.4529,10.2287,10.3598,3951998.0
2007-05-07,10.3853,10.4023,10.2434,10.2634,3022311.0
2007-05-08,10.2349,10.286,10.1999,10.2519,2908622.0
2007-05-09,10.2354,10.3751,10.1786,10.313,3892236.0
2007-05-10,10.2577,10.319,10.107,10.1183,3691513.0
2007-05-11,10.1273,10.2567,10.1065,10.2502,2946785.0
2007-05-14,10.2186,10.2694,10.0815,10.1261,3873493.0
2007-05-15,10.1306,10.1451,10.0167,10.0315,4119544.0
2007-05-16,10.1316,10.4103,10.057,10.3971,6563239.0
2007-05-17,10.3933,10.4624,10.352,10.3558,4667201.0
2007-05-18,10.3826,10.3993,10.3255,10.3398,3698419.0
2007-05-21,10.32,10.562,10.2497,10.3468,6168614.0
2007-05-22,10.4068,10.5572,10.4068,10.4784,3840233.0
2007-05-23,10.6025,10.6673,10.4256,10.4311,5086490.0
2007-05-24,10.4606,10.562,10.3693,10.4401,4200474.0
2007-05-25,10.5745,10.7059,10.5137,10.6701,5348921.0
2007-05-29,10.7071,10.8773,10.6821,10.7599,5221872.0
2007-05-30,10.6946,11.0535,10.6571,11.0475,7299636.0
2007-05-31,11.0965,11.3022,11.0089,11.03,8927564.0
2007-06-01,11.1075,11.2081,11.0307,11.0923,4806878.0
2007-06-04,11.0302,11.3455,11.0222,11.2594,7103954.0
2007-06-05,11.3265,11.558,11.2479,11.554,10459611.0
2007-06-06,11.5017,11.6025,11.4644,11.5392,7899928.0
2007-06-07,11.5768,11.7457,11.3956,11.4594,10641285.0
2007-06-08,11.4879,11.574,11.3192,11.4702,6362612.0
2007-06-11,11.4334,11.5392,11.3328,11.3663,4654821.0
2007-06-12,11.3005,11.3746,11.1618,11.2019,6423044.0
2007-06-13,11.2597,11.2962,11.0497,11.2136,7042609.0
2007-06-14,11.2171,11.2297,11.1251,11.1536,4624604.0
2007-06-15,11.2875,11.3077,11.1133,11.2299,6174767.0
2007-06-18,11.2372,11.4829,11.1886,11.4629,4844965.0
2007-06-19,11.4331,11.5142,11.3713,11.4406,4384299.0
2007-06-20,11.5069,11.5517,11.3092,11.332,4340703.0
2007-06-21,11.3573,11.4651,11.2397,11.4356,4410593.0
2007-06-22,11.4934,11.7079,11.4854,11.7076,7288206.0
2007-06-25,11.8077,11.9581,11.6676,11.7687,7926891.0
2007-06-26,11.9016,11.9133,11.7392,11.8398,5690466.0
2007-06-27,11.7081,11.783,11.572,11.7404,6126644.0
2007-06-28,11.7051,11.8208,11.6781,11.7084,4174304.0
2007-06-29,11.7337,11.7682,11.5695,11.6506,3881781.0
2007-07-02,11.7204,11.8796,11.6881,11.8428,3496531.0
2007-07-03,11.8598,11.9434,11.7707,11.9419,1871795.0
2007-07-05,11.9724,12.1936,11.8871,12.1243,4943783.0
2007-07-06,12.1148,12.1804,12.0517,12.0685,2747194.0
2007-07-09,12.1586,12.3022,12.09,12.1476,3731529.0
2007-07-10,12.1784,12.2587,12.1248,12.1671,3856200.0
2007-07-11,12.1739,12.2462,12.0838,12.1954,3311848.0
2007-07-12,12.2302,12.2667,12.089,12.2169,3443154.0
2007-07-13,12.2815,12.4006,12.2649,12.3878,5238051.0
2007-07-16,12.3413,12.5485,12.3165,12.4086,6601545.0
2007-07-17,12.4599,12.5272,12.3933,12.4589,4331404.0
2007-07-18,12.4311,12.4464,12.1789,12.3213,6084148.0
2007-07-19,12.4204,12.4219,12.1396,12.2985,11127140.0
2007-07-20,11.3803,11.6626,11.3203,11.586,17775313.0
2007-07-23,11.5582,11.583,11.3866,11.3956,6356603.0
2007-07-24,11.3152,11.5502,11.2604,11.4329,5741426.0
2007-07-25,11.5074,11.5084,11.2217,11.3268,5556426.0
2007-07-26,11.3012,11.3976,11.0545,11.2827,6894330.0
2007-07-27,11.296,11.4984,11.2202,11.3801,5509031.0
2007-07-30,11.4058,11.5665,11.3453,11.4857,3967248.0
2007-07-31,11.5888,11.594,11.3328,11.3328,4270981.0
2007-08-01,11.3453,11.4957,11.2862,11.4063,4428166.0
2007-08-02,11.4259,11.4576,11.3077,11.358,3156501.0
2007-08-03,11.334,11.4128,11.1576,11.1576,3176402.0
2007-08-06,11.1576,11.3365,11.1451,11.3328,3651924.0
2007-08-07,11.3265,11.58,11.3087,11.4834,4267391.0
2007-08-08,11.5665,11.7277,11.5102,11.7277,4069106.0
2007-08-09,11.603,11.7537,11.4486,11.4511,4849116.0
2007-08-10,11.3373,11.551,11.2234,11.4767,5884602.0
2007-08-13,11.5715,11.5768,11.4086,11.4704,3179214.0
2007-08-14,11.4759,11.5179,11.2827,11.2977,3634035.0
2007-08-15,11.3077,11.3751,11.0002,11.0212,5409677.0
2007-08-16,10.8828,10.9932,10.5935,10.8703,8645559.0
2007-08-17,11.0184,11.1075,10.8736,11.0835,5482030.0
2007-08-20,11.1441,11.1466,10.9824,11.0305,2698225.0
2007-08-21,11.056,11.2867,11.0267,11.2479,3618508.0
2007-08-22,11.3318,11.4892,11.314,11.4016,3255994.0
2007-08-23,11.4829,11.4862,11.2577,11.3876,3077240.0
2007-08-24,11.3981,11.4717,11.2952,11.4579,2473013.0
2007-08-27,11.4436,11.5192,11.3678,11.4143,2325049.0
2007-08-28,11.3711,11.4574,11.2274,11.2427,3275023.0
2007-08-29,11.2787,11.4153,11.2634,11.4048,2550539.0
2007-08-30,11.3918,11.4679,11.347,11.3678,2653547.0
2007-08-31,11.4103,11.4954,11.3695,11.4641,2977506.0
2007-09-04,11.4584,11.7832,11.4484,11.7119,3696830.0
2007-09-05,11.6681,11.8203,11.6393,11.7782,3314006.0
2007-09-06,11.8172,11.829,11.539,11.6711,3634263.0
2007-09-07,11.5295,11.614,11.5029,11.5667,3663641.0
2007-09-10,11.615,11.6348,11.3548,11.4449,3226721.0
2007-09-11,11.5077,11.6243,11.4762,11.6163,2704265.0
2007-09-12,11.5963,11.7827,11.558,11.6493,2986903.0
2007-09-13,11.6846,11.7634,11.6636,11.7026,1892758.0
2007-09-14,11.6631,11.84,11.6386,11.802,2765940.0
2007-09-17,11.7464,11.8152,11.6849,11.7156,2198559.0
2007-09-18,11.7462,12.0147,11.6899,11.9651,4223173.0
2007-09-19,12.0652,12.32,12.055,12.2549,5527900.0
2007-09-20,12.2587,12.5039,12.2344,12.4046,5531347.0
2007-09-21,12.4924,12.6038,12.4046,12.5865,8012996.0
2007-09-24,12.609,12.8708,12.584,12.7847,5299786.0
2007-09-25,12.6841,12.8233,12.6556,12.8092,2730639.0
2007-09-26,12.8443,12.8791,12.6794,12.7882,3346447.0
2007-09-27,12.8776,12.8778,12.7287,12.7717,2056256.0
2007-09-28,12.7592,12.823,12.6871,12.7659,2639458.0
2007-10-01,12.8335,13.1934,12.8245,13.1483,4714446.0
2007-10-02,13.1691,13.5052,13.0848,13.1944,7067477.0
2007-10-03,13.2409,13.3095,13.0935,13.1851,3884247.0
2007-10-04,13.2119,13.2119,13.0109,13.0602,2988773.0
2007-10-05,13.2624,13.4849,13.2599,13.4361,5073044.0
2007-10-08,13.4599,13.8418,13.4336,13.8258,5029116.0
2007-10-09,13.9631,14.1801,13.795,13.9649,8769117.0
2007-10-10,14.1195,14.2277,14.0054,14.2204,5385599.0
2007-10-11,14.4269,14.6213,13.8102,14.1356,11800476.0
2007-10-12,14.1851,14.546,14.0415,14.5207,6826950.0
2007-10-15,14.5477,14.5825,13.9742,14.0883,6948873.0
2007-10-16,14.0477,14.2337,13.8851,13.9854,6025266.0
2007-10-17,14.347,14.4359,14.1253,14.4229,6030452.0
2007-10-18,14.4712,14.6203,14.2982,14.5765,12353796.0
2007-10-19,14.9504,15.0487,14.6668,14.7039,15788972.0
2007-10-22,14.5527,14.9614,14.4929,14.855,6664306.0
2007-10-23,15.1178,15.527,15.0865,15.4812,6799991.0
2007-10-24,15.4046,15.5237,15.0755,15.4824,7409295.0
2007-10-25,15.554,15.5612,15.1754,15.2995,5798452.0
2007-10-26,15.4376,15.5004,15.2882,15.4519,3354536.0
2007-10-29,15.5312,15.587,15.3891,15.5677,3066529.0
2007-10-30,15.5247,16.0853,15.5247,15.9566,6900524.0
2007-10-31,16.1048,16.2627,15.9884,16.2627,6884486.0
2007-11-01,16.1573,16.4309,16.1321,16.1678,6528949.0
2007-11-02,16.3505,16.4274,16.021,16.369,5842237.0
2007-11-05,16.2624,16.844,16.2394,16.7294,8885626.0
2007-11-06,17.0275,17.1333,16.7131,17.1333,8441623.0
2007-11-07,17.1168,17.2697,16.6666,16.9118,8273434.0
2007-11-08,16.9534,16.9606,15.5164,15.9334,16517335.0
2007-11-09,15.4646,15.6341,15.1168,15.1859,11391814.0
2007-11-12,15.03,15.335,14.2409,14.3876,10235519.0
2007-11-13,14.7109,15.1095,14.3876,15.1003,8445305.0
2007-11-14,15.4181,15.4742,14.4927,14.6281,8102399.0
2007-11-15,14.5502,14.7737,14.1856,14.327,6972499.0
2007-11-16,14.4344,14.4732,13.9859,14.4266,9044059.0
2007-11-19,14.3255,14.5052,14.048,14.2319,5532464.0
2007-11-20,14.4979,15.064,14.4076,14.7997,9840579.0
2007-11-21,14.6804,15.336,14.6381,15.0995,7014231.0
2007-11-23,15.3368,15.544,15.2895,15.5044,2739539.0
2007-11-26,15.592,15.9224,15.2116,15.2367,6792108.0
2007-11-27,15.4569,15.4977,14.8428,15.4261,8905896.0
2007-11-28,15.6398,15.9449,15.3903,15.8938,7919050.0
2007-11-29,15.856,16.1573,15.7815,16.0124,6214863.0
2007-11-30,16.3628,16.3643,15.6398,15.9123,7902353.0
2007-12-03,15.8625,15.9624,15.6155,15.6253,4329483.0
2007-12-04,15.5447,15.8873,15.5149,15.6911,4232399.0
2007-12-05,15.9056,16.0607,15.7747,16.0502,4212216.0
2007-12-06,16.0325,16.5019,16.0127,16.4694,4916014.0
2007-12-07,16.4626,16.538,16.3503,16.4596,3852520.0
2007-12-10,16.4877,16.7081,16.4379,16.5485,3858284.0
2007-12-11,16.5865,16.6128,16.057,16.0675,6142422.0
2007-12-12,16.4379,16.4459,15.7997,16.0713,6166134.0
2007-12-13,15.9952,16.028,15.6173,15.9386,5182202.0
2007-12-14,15.775,16.08,15.7687,15.8363,3673595.0
2007-12-17,15.7872,15.9729,15.1784,15.3175,5489502.0
2007-12-18,15.4409,15.5047,14.8988,15.4206,7166879.0
2007-12-19,15.4421,15.5745,15.3117,15.5212,4425125.0
2007-12-20,15.7329,15.8623,15.6023,15.8295,4422920.0
2007-12-21,16.0345,16.069,15.9183,16.0047,5394427.0
2007-12-24,15.9621,16.1058,15.9138,16.1058,1628440.0
2007-12-26,16.0622,16.4183,16.0427,16.3588,2530377.0
2007-12-27,16.2644,16.4879,16.1058,16.106,2943242.0
2007-12-28,16.2109,16.2865,16.0009,16.1508,2562699.0
2007-12-31,16.0517,16.1498,15.8518,15.8743,2377728.0
2008-01-02,15.9091,16.0217,15.5302,15.7169,4306848.0
2008-01-03,15.7186,15.7584,15.4999,15.7204,3252846.0
2008-01-04,15.5793,15.611,14.9614,15.0114,5360909.0
2008-01-07,14.9349,15.1436,14.5197,14.8175,6404945.0
2008-01-08,14.9113,15.0855,14.3608,14.3778,5341949.0
2008-01-09,14.3368,14.9199,14.1483,14.9163,6744242.0
2008-01-10,14.7114,15.0164,14.5888,14.7544,6334653.0
2008-01-11,14.6536,14.823,14.3385,14.5422,4977841.0
2008-01-14,14.8645,15.0215,14.7174,14.9319,4448669.0
2008-01-15,14.7337,14.8125,14.4704,14.5272,5584773.0
2008-01-16,14.31,14.5858,13.6333,13.9842,10562595.0
2008-01-17,14.1045,14.2292,13.5352,13.6048,8216873.0
2008-01-18,13.7942,13.835,13.5462,13.5913,8542067.0
2008-01-22,12.6348,13.5225,12.614,13.1934,9501793.0
2008-01-23,12.5988,12.7842,11.558,12.2992,16971752.0
2008-01-24,12.554,13.0768,12.4374,12.9466,9409332.0
2008-01-25,13.3801,13.4599,12.7387,12.7442,6965930.0
2008-01-28,12.8585,12.8901,12.2987,12.4834,5816620.0
2008-01-29,12.5958,12.6173,12.1003,12.3468,6284567.0
2008-01-30,12.3135,12.5948,12.1714,12.2905,7947343.0
2008-01-31,12.0587,12.9093,11.9406,12.6916,14871222.0
2008-02-01,11.8067,12.0002,11.3328,11.4804,17602441.0
2008-02-04,11.3095,11.4023,10.8961,10.9681,13160074.0
2008-02-05,10.818,11.3077,10.7952,11.2527,11210033.0
2008-02-06,11.3613,11.362,11.0307,11.1253,7640492.0
2008-02-07,11.0039,11.4376,10.9514,11.2064,7930092.0
2008-02-08,11.318,11.5262,11.3002,11.5002,6831629.0
2008-02-11,11.596,11.6759,11.4178,11.612,5826685.0
2008-02-12,11.6678,11.8483,11.4086,11.5352,6662924.0
2008-02-13,11.6456,11.9581,11.5502,11.9489,6632316.0
2008-02-14,12.0422,12.1095,11.8583,11.8896,6480153.0
2008-02-15,11.791,11.8998,11.6914,11.8243,5243514.0
2008-02-19,11.9569,11.9599,11.2452,11.3065,6352534.0
2008-02-20,11.1704,11.358,11.053,11.3077,6668010.0
2008-02-21,11.4041,11.4131,11.07,11.1541,5678661.0
2008-02-22,11.1341,11.3077,11.0212,11.2777,5516476.0
2008-02-25,11.2314,11.2452,10.7257,10.7432,8372710.0
2008-02-26,10.1115,10.2434,9.7524,10.1864,23290879.0
2008-02-27,10.0848,10.4691,10.0725,10.4033,10127156.0
2008-02-28,10.3443,10.5592,10.2657,10.4666,6590488.0
2008-02-29,10.3786,10.5755,10.1979,10.3613,9426616.0
2008-03-03,10.3695,10.3998,9.834,10.0069,7557087.0
2008-03-04,9.855,9.9153,9.4754,9.6961,13628262.0
2008-03-05,9.7124,9.9356,9.6811,9.7737,7439608.0
2008-03-06,9.7735,9.9138,9.3603,9.3983,7471193.0
2008-03-07,9.3027,9.581,9.2367,9.4146,8071886.0
2008-03-10,9.3015,9.3558,8.9063,8.9209,7989824.0
2008-03-11,9.2254,9.5848,9.1969,9.577,8832034.0
2008-03-12,9.5813,9.7782,9.5327,9.5855,6652334.0
2008-03-13,9.3976,9.7557,9.3002,9.6563,7727576.0
2008-03-14,9.6556,9.8147,9.3463,9.529,6574552.0
2008-03-17,9.2805,9.4236,8.8831,9.0773,7890149.0
2008-03-18,9.3052,9.602,9.2189,9.56,7240516.0
2008-03-19,9.6088,9.7687,9.3726,9.3808,6179192.0
2008-03-20,9.2637,9.4734,9.0179,9.4196,9913319.0
2008-03-24,9.5417,10.2262,9.524,10.0955,6764494.0
2008-03-25,10.0179,10.0182,9.7312,9.8508,5833209.0
2008-03-26,9.8961,10.1533,9.8135,10.0362,5225697.0
2008-03-27,9.7312,9.7965,9.5933,9.6831,5832991.0
2008-03-28,9.7677,9.9204,9.4386,9.533,4377076.0
2008-03-31,9.4719,9.6483,9.3811,9.5928,4446368.0
2008-04-01,9.7747,10.2442,9.7529,10.2244,6093549.0
2008-04-02,10.3293,10.4754,10.0913,10.2242,5999798.0
2008-04-03,10.1248,10.1638,9.7845,9.9594,6778451.0
2008-04-04,10.0067,10.5277,9.9864,10.359,5898617.0
2008-04-07,10.5077,10.7181,10.4201,10.5024,5945423.0
2008-04-08,10.4078,10.4354,10.1318,10.277,4550207.0
2008-04-09,10.31,10.3818,10.02,10.1864,6048035.0
2008-04-10,10.2056,10.4284,10.1278,10.3087,5073694.0
2008-04-11,10.1834,10.2632,9.9566,10.0177,4169662.0
2008-04-14,10.0104,10.0177,9.835,9.8728,3842503.0
2008-04-15,10.0347,10.0745,9.6741,9.7522,4586501.0
2008-04-16,9.6911,10.0385,9.606,9.9571,7630655.0
2008-04-17,9.9722,10.0657,9.7442,9.8197,13409137.0
2008-04-18,11.9636,12.2762,11.7024,12.0687,18239726.0
2008-04-21,12.0682,12.1483,11.8405,12.0282,7444117.0
2008-04-22,12.0227,12.6048,12.0225,12.4589,7941759.0
2008-04-23,12.5325,12.5667,12.1073,12.2459,4923072.0
2008-04-24,12.366,12.4461,12.084,12.1596,4138703.0
2008-04-25,12.3092,12.4088,12.1518,12.1851,4166074.0
2008-04-28,12.2307,12.5042,12.0585,12.3868,4010065.0
2008-04-29,12.3545,12.6691,12.334,12.5457,4346436.0
2008-04-30,12.6393,13.2061,12.5457,12.9416,7904535.0
2008-05-01,13.0422,13.4581,13.0087,13.4118,6605847.0
2008-05-02,13.5472,13.6463,13.067,13.1168,7000258.0
2008-05-05,13.5565,13.56,13.2629,13.4574,6288296.0
2008-05-06,13.3598,13.3848,13.1596,13.2437,4632216.0
2008-05-07,13.3415,13.5723,12.9952,13.0595,6613900.0
2008-05-08,13.2397,13.3172,13.0572,13.1598,5123411.0
2008-05-09,13.0595,13.2096,12.8668,12.9143,4485228.0
2008-05-12,12.9531,13.2534,12.807,13.2081,4865400.0
2008-05-13,13.2404,13.2835,13.0482,13.1596,5165161.0
2008-05-14,13.2469,13.3645,12.9656,12.9919,4379072.0
2008-05-15,13.0595,13.1583,12.9747,13.1095,4343918.0
2008-05-16,13.1203,13.2016,13.0425,13.0863,4275273.0
2008-05-19,13.0482,13.3067,12.9224,13.0225,5604808.0
2008-05-20,12.9501,13.1466,12.9071,13.0495,3313954.0
2008-05-21,13.0475,13.1198,12.281,12.3335,6470194.0
2008-05-22,12.3826,12.4391,12.0898,12.3203,5077251.0
2008-05-23,12.2577,12.4088,12.0287,12.1991,4435323.0
2008-05-27,12.2076,12.6491,12.1799,12.6065,3868084.0
2008-05-28,12.7827,12.8716,12.6115,12.7902,4053146.0
2008-05-29,12.9541,13.2317,12.9143,13.1596,4846918.0
2008-05-30,13.1714,13.3328,13.117,13.2297,3227389.0
2008-06-02,13.1471,13.1819,12.866,12.9594,3674673.0
2008-06-03,12.9969,13.097,12.5993,12.7667,4335870.0
2008-06-04,12.7174,13.0345,12.6979,12.8898,3363944.0
2008-06-05,13.0114,13.2857,12.9897,13.2422,3921519.0
2008-06-06,13.0783,13.1025,12.7592,12.7592,4735139.0
2008-06-09,12.7857,12.8343,12.2186,12.5307,5288503.0
2008-06-10,12.3228,12.5545,12.2532,12.4381,3658060.0
2008-06-11,12.4899,12.5174,12.1951,12.2136,3813039.0
2008-06-12,12.3027,12.534,12.2557,12.4076,5496577.0
2008-06-13,12.6213,12.9769,12.6173,12.8721,6184723.0
2008-06-16,12.7467,13.062,12.7467,12.9046,3544066.0
2008-06-17,12.9932,13.0362,12.7937,12.8208,3463538.0
2008-06-18,12.6969,12.809,12.563,12.6436,3388111.0
2008-06-19,12.4676,12.6786,12.354,12.589,5683305.0
2008-06-20,12.5084,12.5084,12.1964,12.2444,5984297.0
2008-06-23,12.2176,12.4126,12.1341,12.2139,3636930.0
2008-06-24,12.2121,12.3635,11.9609,12.1411,4672590.0
2008-06-25,12.2079,12.529,12.1754,12.3588,4126218.0
2008-06-26,12.1861,12.2069,11.7897,11.8037,5660281.0
2008-06-27,11.7752,11.8333,11.4601,11.785,5447425.0
2008-06-30,11.8951,12.0335,11.6596,11.7437,3765738.0
2008-07-01,11.5725,12.0014,11.5079,11.9516,4961186.0
2008-07-02,11.9962,12.093,11.7347,11.7592,4225485.0
2008-07-03,11.8553,12.0642,11.7707,12.0084,2400686.0
2008-07-07,12.1411,12.3087,11.9734,12.1814,4260084.0
2008-07-08,12.2334,12.4636,12.0835,12.4471,4933328.0
2008-07-09,12.3528,12.4759,12.1018,12.1223,4154089.0
2008-07-10,12.2086,12.3213,11.8513,12.0978,4332164.0
2008-07-11,11.9959,12.071,11.5687,11.9284,4981837.0
2008-07-14,12.0585,12.085,11.4691,11.6236,4425055.0
2008-07-15,11.4899,11.7707,11.11,11.4852,6071955.0
2008-07-16,11.4339,11.9959,11.3478,11.9734,4744695.0
2008-07-17,11.9374,12.0097,11.6956,11.9193,8796466.0
2008-07-18,11.0412,11.057,10.5367,10.615,11297054.0
2008-07-21,10.604,10.6844,10.2242,10.3017,5910402.0
2008-07-22,10.2497,10.5883,10.2217,10.5097,4694231.0
2008-07-23,10.6223,11.0132,10.5345,10.8127,4898469.0
2008-07-24,10.9999,11.0042,10.4724,10.4724,3544129.0
2008-07-25,10.7444,10.9106,10.6195,10.8818,3184617.0
2008-07-28,10.8846,10.8846,10.4601,10.5099,3164213.0
2008-07-29,10.5645,10.7637,10.532,10.6598,2803356.0
2008-07-30,10.7196,10.7327,10.4021,10.6496,3491976.0
2008-07-31,10.4459,10.6043,10.3678,10.4256,2865036.0
2008-08-01,10.3946,10.4123,10.1441,10.2782,3008482.0
2008-08-04,10.2845,10.4071,10.1291,10.1566,2486956.0
2008-08-05,10.2715,10.584,10.2399,10.5783,3584521.0
2008-08-06,10.5412,10.8265,10.3946,10.7407,3375880.0
2008-08-07,10.6321,10.6821,10.4922,10.56,2773726.0
2008-08-08,10.5858,10.9762,10.4742,10.9576,3739462.0
2008-08-11,10.8941,11.3047,10.8768,11.1035,4241367.0
2008-08-12,11.1326,11.2359,11.0325,11.1478,2755768.0
2008-08-13,11.1226,11.1711,10.9294,11.0833,3626049.0
2008-08-14,11.025,11.273,10.9897,11.2199,2918940.0
2008-08-15,11.2574,11.3493,11.2202,11.3365,3545614.0
2008-08-18,11.3288,11.3328,10.9702,11.04,3336321.0
2008-08-19,10.843,11.0395,10.7479,10.8448,3046669.0
2008-08-20,10.9504,10.9997,10.6463,10.7071,3984524.0
2008-08-21,10.6551,10.8298,10.5637,10.7454,3514192.0
2008-08-22,10.8698,10.9541,10.8192,10.847,2297253.0
2008-08-25,10.7349,11.0074,10.6195,10.6573,2015252.0
2008-08-26,10.6686,10.6686,10.3465,10.4359,3308534.0
2008-08-27,10.4251,10.4526,10.2026,10.2962,4388646.0
2008-08-28,10.3941,10.4932,10.34,10.4264,3029755.0
2008-08-29,10.3255,10.357,10.1398,10.1638,3848298.0
2008-09-02,10.5012,10.6366,10.117,10.2129,6120696.0
2008-09-03,10.3,10.4391,10.071,10.1919,4315457.0
2008-09-04,10.0815,10.1626,9.8162,9.8378,4886656.0
2008-09-05,9.7184,9.8926,9.583,9.6874,4538375.0
2008-09-08,9.8818,9.9048,9.0192,9.0793,9021498.0
2008-09-09,9.1598,9.3903,8.9554,9.047,7231445.0
2008-09-10,9.1924,9.1926,8.8223,8.9344,6227792.0
2008-09-11,8.789,9.4581,8.7397,9.4246,6472648.0
2008-09-12,9.336,9.6308,9.3057,9.5225,6028458.0
2008-09-15,9.1806,9.6303,9.1734,9.4274,6568621.0
2008-09-16,9.2297,9.8132,9.2179,9.6543,6991767.0
2008-09-17,9.543,9.5595,8.9163,8.9426,9129154.0
2008-09-18,9.1466,9.5605,8.8428,9.558,8592097.0
2008-09-19,10.1065,10.1333,9.6631,9.81,10008745.0
2008-09-22,9.9346,9.9346,9.3057,9.3343,4409119.0
2008-09-23,9.4121,9.6008,9.2237,9.3125,5206644.0
2008-09-24,9.3393,9.7061,9.3335,9.4586,4242795.0
2008-09-25,9.552,9.8313,9.4804,9.571,5026917.0
2008-09-26,9.2807,9.5099,9.1063,9.3568,5292751.0
2008-09-29,9.0682,9.1683,8.0973,8.1045,10764969.0
2008-09-30,8.4799,9.2081,8.3878,8.593,8824587.0
2008-10-01,8.859,9.0049,8.6576,8.8733,6237073.0
2008-10-02,8.825,8.8298,8.2297,8.342,5988151.0
2008-10-03,8.5137,8.8928,8.1563,8.2524,8035907.0
2008-10-06,7.9289,7.9792,7.5079,7.8595,11222485.0
2008-10-07,7.9126,7.9539,7.2129,7.2289,11058832.0
2008-10-08,6.8323,7.5537,6.7309,7.0312,11828463.0
2008-10-09,7.1916,7.2927,6.6198,6.8027,8088421.0
2008-10-10,6.4068,7.1258,6.3353,6.8783,10600607.0
2008-10-13,7.4737,8.1283,7.2224,8.105,8907601.0
2008-10-14,8.4181,8.4424,7.5039,7.6468,7874657.0
2008-10-15,7.4451,7.554,7.0492,7.0577,6721780.0
2008-10-16,6.8973,7.4914,6.3137,7.4043,16289267.0
2008-10-17,8.0535,8.2297,7.6678,7.8928,14256787.0
2008-10-20,8.0733,8.104,7.5687,8.0625,6757002.0
2008-10-21,7.8891,8.1741,7.6291,7.6478,5790611.0
2008-10-22,7.5037,7.8215,7.1786,7.4707,6564121.0
2008-10-23,7.4201,7.529,7.0282,7.3868,6480445.0
2008-10-24,6.7399,7.3405,6.6966,7.0607,7359084.0
2008-10-27,6.9486,7.1536,6.7181,6.8155,6209173.0
2008-10-28,7.0547,7.812,6.791,7.798,8106988.0
2008-10-29,7.7239,7.8543,7.3881,7.529,9763687.0
2008-10-30,7.7907,7.8793,7.5382,7.5713,7993407.0
2008-10-31,7.4829,7.8783,7.4356,7.563,7426876.0
2008-11-03,7.5184,7.6538,7.1143,7.2409,5955447.0
2008-11-04,7.4148,7.8883,7.2161,7.7527,7352449.0
2008-11-05,7.6328,7.8012,7.1113,7.1346,6949770.0
2008-11-06,7.0778,7.1891,6.7234,6.8588,8579492.0
2008-11-07,6.9063,7.1073,6.7114,6.8568,4690083.0
2008-11-10,6.7782,6.8142,6.3145,6.5475,8097595.0
2008-11-11,6.295,6.4854,6.0905,6.3643,10148785.0
2008-11-12,6.1288,6.3901,5.7712,5.8523,10054453.0
2008-11-13,5.8716,6.4028,5.577,6.3798,13239068.0
2008-11-14,6.1588,6.7029,6.1416,6.3283,9518466.0
2008-11-17,6.1526,6.3318,6.0262,6.0805,7544451.0
2008-11-18,6.1168,6.1709,5.7109,6.0129,8348791.0
2008-11-19,5.9621,6.0823,5.5415,5.5815,7841605.0
2008-11-20,5.4491,5.6506,5.0525,5.0655,9780746.0
2008-11-21,5.1393,5.311,4.7587,5.1373,10246338.0
2008-11-24,5.3082,5.3255,4.8015,5.0124,10059557.0
2008-11-25,5.2937,5.7437,5.2597,5.6283,10774259.0
2008-11-26,5.584,5.9639,5.4819,5.8796,6359179.0
2008-11-28,5.8418,5.9887,5.7842,5.9013,2566368.0
2008-12-01,5.7442,5.7617,5.2262,5.2264,5711464.0
2008-12-02,5.32,5.5215,5.1411,5.4546,5841927.0
2008-12-03,5.323,5.611,5.2101,5.5627,5906616.0
2008-12-04,5.4902,5.6643,5.296,5.4354,4887799.0
2008-12-05,5.3523,5.6831,5.1771,5.6769,6523993.0
2008-12-08,5.827,6.3137,5.6271,6.1303,8145300.0
2008-12-09,6.0197,6.528,6.0027,6.2269,6891773.0
2008-12-10,6.3087,6.4504,6.1904,6.2982,5239603.0
2008-12-11,6.1819,6.3998,6.0225,6.083,6181078.0
2008-12-12,5.9702,6.4897,5.9274,6.4719,5722856.0
2008-12-15,6.4281,6.5402,6.2054,6.3445,6738806.0
2008-12-16,6.4409,6.8157,6.3595,6.7101,7199994.0
2008-12-17,6.544,6.6313,6.3883,6.4589,5798130.0
2008-12-18,6.4954,6.5868,6.3055,6.3348,4764056.0
2008-12-19,6.3525,6.5227,6.3027,6.332,5670140.0
2008-12-22,6.2917,6.3152,5.843,6.0052,3919429.0
2008-12-23,6.0883,6.1603,5.9942,6.028,3783790.0
2008-12-24,6.1145,6.2362,6.037,6.1513,1921757.0
2008-12-26,6.1794,6.2091,6.0352,6.0865,1961122.0
2008-12-29,6.083,6.112,5.8668,6.0129,3702166.0
2008-12-30,6.0975,6.2479,6.0452,6.1553,3845369.0
2008-12-31,6.1826,6.3528,6.1428,6.2689,2887334.0
2009-01-02,6.2927,6.6236,6.2151,6.611,3617574.0
2009-01-05,6.603,6.8593,6.4529,6.7795,4891063.0
2009-01-06,6.9028,7.0983,6.7379,6.9299,6426845.0
2009-01-07,6.7862,6.851,6.5467,6.6283,4495295.0
2009-01-08,6.535,6.7079,6.5114,6.7079,3601466.0
2009-01-09,6.7657,6.7657,6.4128,6.4546,4341085.0
2009-01-12,6.4857,6.5517,6.3335,6.3951,3304863.0
2009-01-13,6.3721,6.593,6.3375,6.4359,4433603.0
2009-01-14,6.3278,6.4229,6.0212,6.1018,5577379.0
2009-01-15,6.0167,6.1671,5.7469,6.0522,5937439.0
2009-01-16,6.2031,6.284,5.9699,6.0692,5225959.0
2009-01-20,6.056,6.065,5.6458,5.6458,5050088.0
2009-01-21,5.786,6.1651,5.786,6.1546,4927534.0
2009-01-22,6.0285,6.3115,5.9561,6.2402,8266320.0
2009-01-23,6.3095,6.8773,6.1831,6.6956,10732775.0
2009-01-26,6.6994,6.7782,6.592,6.6749,4611581.0
2009-01-27,6.7394,6.9251,6.6849,6.8653,4929544.0
2009-01-28,7.028,7.3871,6.9862,7.2955,7693202.0
2009-01-29,7.1921,7.2049,7.0813,7.1616,7284342.0
2009-01-30,7.1959,7.2987,6.9784,7.0417,4673619.0
2009-02-02,6.9356,7.2036,6.8783,7.0928,5206915.0
2009-02-03,7.1428,7.1536,6.9239,7.0898,6561634.0
2009-02-04,7.0803,7.4399,7.0577,7.1536,6817851.0
2009-02-05,7.1013,7.4634,7.0034,7.4219,7265283.0
2009-02-06,7.4904,7.9246,7.4649,7.8613,7041797.0
2009-02-09,7.8613,8.1045,7.7617,8.0487,4983224.0
2009-02-10,7.9789,8.0169,7.5262,7.5417,7105831.0
2009-02-11,7.5527,7.7041,7.4038,7.53,5232088.0
2009-02-12,7.4078,7.6696,7.3658,7.6553,5551383.0
2009-02-13,7.6338,7.6538,7.4596,7.521,4147107.0
2009-02-17,7.2414,7.2559,7.0708,7.1451,5680732.0
2009-02-18,7.2597,7.4133,7.0915,7.4066,6025999.0
2009-02-19,7.5157,7.574,7.1138,7.1446,4989553.0
2009-02-20,7.0297,7.3017,6.9534,7.2399,6218278.0
2009-02-23,7.2537,7.3238,6.817,6.8298,5220506.0
2009-02-24,6.8538,7.3192,6.8505,7.2149,6101985.0
2009-02-25,7.1323,7.3863,7.0515,7.1195,6440776.0
2009-02-26,7.2277,7.3911,7.0074,7.0079,5607758.0
2009-02-27,6.9021,7.1741,6.856,7.0282,5420892.0
2009-03-02,6.9116,7.096,6.7282,6.7572,5789674.0
2009-03-03,6.83,6.9206,6.6368,6.7151,6524207.0
2009-03-04,6.6571,6.8032,6.4624,6.551,7820133.0
2009-03-05,6.4899,6.555,6.1436,6.2186,6530631.0
2009-03-06,6.2582,6.3325,5.9336,6.292,7238087.0
2009-03-09,6.077,6.2419,5.8135,5.8495,6929592.0
2009-03-10,6.0337,6.3403,5.9336,6.282,6731733.0
2009-03-11,6.3303,6.578,6.2204,6.5257,5926878.0
2009-03-12,6.5164,6.7031,6.4191,6.6663,5026330.0
2009-03-13,6.7307,6.7647,6.5537,6.6886,3907609.0
2009-03-16,6.7279,6.8215,6.5427,6.5703,4947256.0
2009-03-17,6.5825,6.9619,6.5552,6.9619,4715786.0
2009-03-18,6.9486,7.0785,6.7795,6.9058,5013619.0
2009-03-19,6.8703,6.9784,6.7627,6.8268,4111476.0
2009-03-20,6.8358,6.9031,6.7367,6.8323,4738590.0
2009-03-23,6.9173,7.315,6.9041,7.2937,4272085.0
2009-03-24,7.2412,7.4249,7.1786,7.2577,3821808.0
2009-03-25,7.3388,7.3623,6.9847,7.1804,4337117.0
2009-03-26,7.4071,7.558,7.2912,7.4111,6004769.0
2009-03-27,7.3288,7.3786,7.2154,7.2712,3323401.0
2009-03-30,7.1421,7.1739,6.9797,7.1458,3096702.0
2009-03-31,7.302,7.4166,7.2329,7.2802,3658421.0
2009-04-01,7.1731,7.4599,7.0938,7.4311,3303042.0
2009-04-02,7.6618,7.8233,7.587,7.6416,4489367.0
2009-04-03,7.6916,7.8723,7.529,7.8238,3789784.0
2009-04-06,7.7542,7.8248,7.614,7.7852,3281760.0
2009-04-07,7.6441,7.6729,7.4616,7.5452,3681433.0
2009-04-08,7.6666,7.7041,7.4842,7.6291,2765142.0
2009-04-09,7.8167,7.9381,7.7354,7.8918,3383146.0
2009-04-13,7.8625,8.057,7.8368,8.0322,3050081.0
2009-04-14,8.0029,8.0042,7.7191,7.802,3429359.0
2009-04-15,7.7567,8.106,7.6831,8.067,4935003.0
2009-04-16,8.117,8.4023,8.105,8.2982,10185094.0
2009-04-17,8.2302,8.5755,8.1999,8.3858,10734963.0
2009-04-20,8.2334,8.346,7.9767,8.062,4429555.0
2009-04-21,7.9837,8.1871,7.9819,8.1163,3697301.0
2009-04-22,8.1233,8.3298,8.0547,8.1761,3503616.0
2009-04-23,8.2674,8.3235,8.1073,8.1969,2611240.0
2009-04-24,8.2309,8.4093,8.092,8.317,3386147.0
2009-04-27,8.1881,8.317,8.1483,8.2284,2291125.0
2009-04-28,8.1734,8.306,8.118,8.1724,2943938.0
2009-04-29,8.2289,8.4541,8.2254,8.3665,3610160.0
2009-04-30,8.4739,8.6739,8.4499,8.4792,4361069.0
2009-05-01,8.4556,8.5197,8.3685,8.4221,2428611.0
2009-05-04,8.5342,8.6401,8.4496,8.6293,3204843.0
2009-05-05,8.5795,8.7051,8.5112,8.6548,2401096.0
2009-05-06,8.7499,8.7872,8.605,8.6668,2633743.0
2009-05-07,8.6826,8.7049,8.3923,8.4952,3000724.0
2009-05-08,8.6513,8.8333,8.4549,8.7634,3865597.0
2009-05-11,8.6501,8.8803,8.61,8.7797,2559556.0
2009-05-12,8.8305,8.855,8.4576,8.5552,3794078.0
2009-05-13,8.4321,8.4897,8.2885,8.3182,2844447.0
2009-05-14,8.2997,8.3851,8.1969,8.2672,2936904.0
2009-05-15,8.3573,8.4326,8.307,8.3298,3016722.0
2009-05-18,8.4481,8.5127,8.2146,8.5009,3351815.0
2009-05-19,8.4824,8.6211,8.4048,8.552,2837723.0
2009-05-20,8.6323,8.7219,8.4549,8.5094,2284191.0
2009-05-21,8.4874,8.6511,8.4259,8.4924,2720300.0
2009-05-22,8.4964,8.5462,8.3798,8.4173,1718843.0
2009-05-26,8.3786,8.7051,8.3298,8.6891,3104576.0
2009-05-27,8.7212,8.8768,8.7004,8.7191,3035892.0
2009-05-28,8.7972,8.8708,8.6954,8.8403,2668993.0
2009-05-29,8.8831,9.0112,8.8478,9.0112,2649405.0
2009-06-01,9.0487,9.3208,9.0437,9.2447,3323028.0
2009-06-02,9.2369,9.3298,9.1656,9.2907,2625612.0
2009-06-03,9.2307,9.3923,9.1806,9.3721,3534542.0
2009-06-04,9.4634,9.612,9.4434,9.588,3638808.0
2009-06-05,9.7079,9.7647,9.5675,9.6891,3681002.0
2009-06-08,9.5685,9.604,9.4339,9.5502,3098931.0
2009-06-09,9.5455,9.5935,9.3748,9.4714,3255945.0
2009-06-10,9.4867,9.5282,9.2474,9.3958,3358870.0
2009-06-11,9.3751,9.4241,9.29,9.3057,2865110.0
2009-06-12,9.2522,9.2732,9.1108,9.2016,2918429.0
2009-06-15,9.118,9.118,8.9304,8.9997,3737101.0
2009-06-16,9.0632,9.1078,8.9659,8.9804,3050161.0
2009-06-17,8.9852,9.0735,8.8693,8.9594,3490847.0
2009-06-18,8.9724,9.0477,8.9053,8.9319,3087253.0
2009-06-19,9.0357,9.092,8.9449,9.0828,4261008.0
2009-06-22,9.0042,9.0177,8.6273,8.7639,4124360.0
2009-06-23,8.7464,8.805,8.6438,8.7222,2899710.0
2009-06-24,8.7987,8.8861,8.7442,8.8125,2457892.0
2009-06-25,8.7552,8.9779,8.7429,8.9747,3044552.0
2009-06-26,8.9224,9.2865,8.9081,9.2136,3257482.0
2009-06-29,9.2307,9.2757,9.1366,9.1841,2169278.0
2009-06-30,9.1806,9.2609,9.036,9.1203,2594683.0
2009-07-01,9.1856,9.2407,9.0342,9.0552,2310768.0
2009-07-02,8.9656,8.9656,8.7504,8.7925,2517630.0
2009-07-06,8.7427,8.8463,8.6216,8.8205,2262557.0
2009-07-07,8.7862,8.81,8.4794,8.4957,3260207.0
2009-07-08,8.58,8.7302,8.5315,8.6423,3441444.0
2009-07-09,8.7332,8.9416,8.7252,8.84,3275816.0
2009-07-10,8.8195,9.0147,8.7977,8.9404,2929559.0
2009-07-13,8.9847,9.1936,8.9599,9.1881,4047457.0
2009-07-14,9.1734,9.2489,9.1023,9.1979,2896461.0
2009-07-15,9.3223,9.548,9.293,9.5352,3779242.0
2009-07-16,9.4979,9.7249,9.4334,9.6461,6550656.0
2009-07-17,9.4058,9.4679,9.2482,9.337,6854634.0
2009-07-20,9.3278,9.4018,9.2369,9.335,3153802.0
2009-07-21,9.3543,9.3783,9.2237,9.2782,2968651.0
2009-07-22,9.2807,9.3358,9.1681,9.273,2586960.0
2009-07-23,9.2977,9.6113,9.2181,9.5144,3479378.0
2009-07-24,9.4762,9.8435,9.4559,9.7492,3628686.0
2009-07-27,9.7322,9.7499,9.5212,9.7011,2505329.0
2009-07-28,9.606,9.6513,9.4834,9.5773,2540439.0
2009-07-29,9.5117,9.526,9.3778,9.4869,1987216.0
2009-07-30,9.6463,9.868,9.6463,9.7222,3200547.0
2009-07-31,9.8308,9.8988,9.6418,9.6573,2861550.0
2009-08-03,9.7997,9.9289,9.7722,9.8866,2590579.0
2009-08-04,9.8155,9.9314,9.792,9.9246,2387818.0
2009-08-05,9.9814,10.0042,9.7782,9.8598,2293388.0
2009-08-06,9.9389,9.9534,9.7945,9.8403,2108317.0
2009-08-07,9.9732,10.067,9.9561,10.0089,2540727.0
2009-08-10,9.9599,10.0417,9.9261,9.9967,1740733.0
2009-08-11,9.9231,10.0122,9.8908,9.9299,1701066.0
2009-08-12,9.9666,10.1253,9.9544,10.046,2339305.0
2009-08-13,10.1353,10.1996,10.0542,10.1386,1992950.0
2009-08-14,10.1511,10.1611,10.0037,10.0815,1674513.0
2009-08-17,9.8313,9.8811,9.6591,9.7034,2609761.0
2009-08-18,9.7086,9.7737,9.6391,9.7131,2346554.0
2009-08-19,9.5808,9.7061,9.545,9.6804,2241408.0
2009-08-20,9.8753,10.1361,9.862,10.0918,3989663.0
2009-08-21,10.2202,10.2339,10.1478,10.2126,3559192.0
2009-08-24,10.2654,10.334,10.1924,10.3,2448539.0
2009-08-25,10.31,10.4406,10.2997,10.366,2333379.0
2009-08-26,10.4008,10.4068,10.2492,10.2817,1984547.0
2009-08-27,10.2962,10.2962,10.0998,10.2332,1997693.0
2009-08-28,10.3132,10.3911,10.1661,10.2004,1771443.0
2009-08-31,10.0763,10.1281,10.0315,10.1233,1936206.0
2009-09-01,10.0735,10.2522,9.9419,9.9754,2589844.0
2009-09-02,9.9769,10.0397,9.8961,9.9066,1803316.0
2009-09-03,9.9769,10.0377,9.9564,10.0194,1644475.0
2009-09-04,10.0207,10.1466,9.9759,10.114,1499873.0
2009-09-07,10.0207,10.1466,9.9759,10.114,1499873.0
2009-09-08,10.1889,10.2564,9.9774,10.047,2653307.0
2009-09-09,10.058,10.2384,10.0515,10.1809,2185840.0
2009-09-10,10.2479,10.3553,10.1316,10.3553,2532069.0
2009-09-11,10.3418,10.4143,10.2725,10.3853,1901061.0
2009-09-14,10.3445,10.5019,10.333,10.4599,1971884.0
2009-09-15,10.4589,10.5547,10.3996,10.5205,2390134.0
2009-09-16,10.577,10.8165,10.544,10.7895,2546380.0
2009-09-17,10.8465,11.0167,10.7609,10.8753,4483447.0
2009-09-18,11.0017,11.0069,10.863,10.8688,3276069.0
2009-09-21,10.7757,11.055,10.7377,11.0074,2116365.0
2009-09-22,11.1055,11.1323,11.0277,11.059,2739884.0
2009-09-23,11.102,11.2577,11.0252,11.044,2701817.0
2009-09-24,11.0943,11.1178,10.9073,11.0017,2528046.0
2009-09-25,10.9396,11.0808,10.8823,10.8943,2046100.0
2009-09-28,10.9534,11.1201,10.9148,11.0457,1837382.0
2009-09-29,11.0708,11.0763,10.9076,11.0457,2096586.0
2009-09-30,11.0825,11.086,10.7632,10.9787,3131250.0
2009-10-01,10.9073,10.9942,10.7572,10.7622,2800026.0
2009-10-02,10.6756,10.8758,10.6471,10.6966,2597814.0
2009-10-05,10.7735,10.8931,10.6656,10.7952,2120888.0
2009-10-06,10.8748,11.0667,10.8748,11.051,2727110.0
2009-10-07,11.0575,11.5577,11.0277,11.5215,4866626.0
2009-10-08,11.5723,11.6643,11.4163,11.4374,4301619.0
2009-10-09,11.4992,11.6208,11.4454,11.4892,2734392.0
2009-10-12,11.6686,11.7272,11.566,11.6841,3313708.0
2009-10-13,11.6929,11.7697,11.6175,11.7359,3028417.0
2009-10-14,11.8948,11.9729,11.8333,11.9664,3240666.0
2009-10-15,11.9271,12.0059,11.7649,11.831,5771619.0
2009-10-16,12.2669,12.4526,12.1969,12.33,8815301.0
2009-10-19,12.4011,12.4239,12.302,12.3861,3210085.0
2009-10-20,12.3748,12.4076,12.101,12.3768,4040318.0
2009-10-21,12.3315,12.5677,12.3087,12.3613,3669169.0
2009-10-22,12.3338,12.4589,12.2837,12.4361,2334170.0
2009-10-23,12.4651,12.5312,12.3638,12.4261,2388874.0
2009-10-26,12.4777,12.6251,12.356,12.4391,2947578.0
2009-10-27,12.358,12.4479,12.1876,12.291,3215637.0
2009-10-28,12.2805,12.3338,12.0397,12.091,2567043.0
2009-10-29,12.1588,12.3796,12.1085,12.36,2513771.0
2009-10-30,12.3338,12.338,11.9394,11.9864,3454003.0
2009-11-02,12.0104,12.07,11.7892,11.8831,2877199.0
2009-11-03,11.8335,12.0109,11.7907,11.9636,2119188.0
2009-11-04,12.1035,12.2212,11.9939,12.056,2080826.0
2009-11-05,12.1709,12.328,12.1501,12.2454,1523877.0
2009-11-06,12.2767,12.3783,12.2212,12.3525,1634475.0
2009-11-09,12.4702,12.6466,12.4396,12.6105,2309193.0
2009-11-10,12.6523,12.8037,12.6341,12.7492,1934660.0
2009-11-11,12.8463,12.9219,12.7307,12.8363,2109642.0
2009-11-12,12.8233,12.9068,12.7217,12.7362,1656251.0
2009-11-13,12.8165,12.8743,12.7494,12.8743,1410198.0
2009-11-16,12.9594,13.0092,12.9038,12.9804,1755752.0
2009-11-17,12.9561,13.0054,12.9274,13.0007,1600533.0
2009-11-18,13.0007,13.054,12.8861,12.9797,1342352.0
2009-11-19,12.9286,12.9344,12.8343,12.9081,1830819.0
2009-11-20,12.8218,12.8743,12.8192,12.8393,1666102.0
2009-11-23,12.9967,13.2497,12.9809,13.1118,2200966.0
2009-11-24,13.1471,13.1919,12.9979,13.1461,1412505.0
2009-11-25,13.2449,13.2612,13.1518,13.2104,1291069.0
2009-11-27,12.8843,13.1461,12.8585,13.0785,1384523.0
2009-11-30,13.1003,13.1636,13.0122,13.1598,1355419.0
2009-12-01,13.288,13.3653,13.1596,13.3478,2039366.0
2009-12-02,13.3593,13.4101,13.2402,13.2747,1447410.0
2009-12-03,13.3107,13.3711,13.2517,13.2517,1206744.0
2009-12-04,13.4103,13.4556,13.064,13.2001,2335300.0
2009-12-07,13.1904,13.302,13.1095,13.2377,1435770.0
2009-12-08,13.1721,13.3513,13.1346,13.275,1355482.0
2009-12-09,13.2722,13.318,13.1741,13.2725,1568904.0
2009-12-10,13.3458,13.4526,13.345,13.3535,1443454.0
2009-12-11,13.4519,13.4536,13.278,13.3448,1446288.0
2009-12-14,13.4659,13.5177,13.4001,13.4752,1630783.0
2009-12-15,13.4173,13.4944,13.3848,13.3856,1997236.0
2009-12-16,13.5577,13.5943,13.5009,13.5295,2418727.0
2009-12-17,13.4959,13.526,13.4289,13.4541,2392005.0
2009-12-18,13.4857,13.5582,13.4599,13.5192,2796773.0
2009-12-21,13.5337,13.581,13.4767,13.5422,2301068.0
2009-12-22,13.6185,13.6226,13.5562,13.5868,1572229.0
2009-12-23,13.6726,13.9071,13.6563,13.8716,1821658.0
2009-12-24,13.9086,14.0735,13.8921,14.0475,857430.0
2009-12-28,14.1271,14.2354,14.0475,14.1323,1498197.0
2009-12-29,14.2041,14.2066,14.0427,14.081,1273085.0
2009-12-30,14.048,14.1468,14.0357,14.1418,1232187.0
2009-12-31,14.2044,14.2207,14.1018,14.1276,883274.0
2010-01-04,14.2594,14.3235,14.1916,14.2477,1529803.0
2010-01-05,14.2652,14.2817,14.1241,14.1806,2770900.0
2010-01-06,14.2322,14.2322,13.7442,13.7669,3568471.0
2010-01-07,13.8203,13.8353,13.4011,13.4399,5719394.0
2010-01-08,13.3848,13.6663,13.3125,13.6453,4369107.0
2010-01-11,13.6966,13.6966,13.4359,13.6351,4229046.0
2010-01-12,13.537,13.539,13.2847,13.311,4363024.0
2010-01-13,12.9967,13.2942,12.9319,13.2765,6010969.0
2010-01-14,13.1821,13.4399,13.1548,13.3778,3987571.0
2010-01-15,13.3746,13.4239,13.0355,13.1363,4788935.0
2010-01-19,13.1218,13.3453,12.9917,13.29,3795379.0
2010-01-20,13.2342,13.2342,12.9666,13.0567,2867078.0
2010-01-21,13.1706,13.2552,12.8906,13.2066,4202119.0
2010-01-22,12.6966,12.8493,12.3037,12.3067,5999462.0
2010-01-25,12.2484,12.3308,11.9712,12.106,4050199.0
2010-01-26,12.0327,12.3238,11.9907,12.1648,3924044.0
2010-01-27,12.1153,12.275,11.9661,12.1714,3658745.0
2010-01-28,12.1959,12.2587,11.8483,12.0044,2880512.0
2010-01-29,12.0457,12.1083,11.7234,11.8568,3632683.0
2010-02-01,11.9484,11.9787,11.8408,11.8635,1954888.0
2010-02-02,11.9571,11.9574,11.7735,11.8613,4096205.0
2010-02-03,11.8,12.1361,11.789,12.104,2999048.0
2010-02-04,12.0084,12.0335,11.7222,11.7524,3382035.0
2010-02-05,11.7932,11.9209,11.6446,11.8655,3156948.0
2010-02-08,11.8958,12.1336,11.8716,11.9201,2694452.0
2010-02-09,12.072,12.1218,11.9601,11.9944,2820861.0
2010-02-10,11.9351,12.0282,11.7755,11.9446,2671691.0
2010-02-11,11.8896,12.0958,11.8208,11.9934,2403604.0
2010-02-12,11.9076,12.0122,11.8458,11.9113,2166522.0
2010-02-16,12.0119,12.1869,11.9409,12.116,3651274.0
2010-02-17,12.1336,12.1686,12.0237,12.0387,2025159.0
2010-02-18,12.022,12.2089,11.9869,12.1641,2325867.0
2010-02-19,12.1085,12.1844,12.076,12.1025,2551288.0
2010-02-22,12.2674,12.2712,12.1085,12.1536,2142920.0
2010-02-23,12.1586,12.1744,11.8906,11.9601,2870748.0
2010-02-24,11.9431,12.0445,11.846,11.8701,2325831.0
2010-02-25,11.7612,11.7955,11.583,11.7439,3307653.0
2010-02-26,11.7687,11.8771,11.6701,11.7532,2041495.0
2010-03-01,11.8132,11.9156,11.7767,11.9006,2236339.0
2010-03-02,11.9704,12.2252,11.9586,12.11,4353903.0
2010-03-03,12.1426,12.2867,12.0647,12.2166,3079895.0
2010-03-04,12.2462,12.4872,12.2387,12.4486,3181898.0
2010-03-05,12.6178,12.776,12.5815,12.6894,3904705.0
2010-03-08,12.7036,12.7136,12.6093,12.6461,2384452.0
2010-03-09,12.5803,12.7006,12.4964,12.5888,3173942.0
2010-03-10,12.6781,13.047,12.6393,12.9957,5649620.0
2010-03-11,12.9409,13.2399,12.9394,13.113,4230394.0
2010-03-12,13.2882,13.2915,13.0635,13.073,2748480.0
2010-03-15,12.7512,12.8205,12.4839,12.6636,4640877.0
2010-03-16,12.6298,12.7947,12.603,12.7141,3429039.0
2010-03-17,12.7917,12.8706,12.6904,12.7232,3319171.0
2010-03-18,12.7021,12.7952,12.6581,12.7442,1764951.0
2010-03-19,12.7399,12.7842,12.5159,12.584,4791256.0
2010-03-22,12.4867,12.7554,12.4409,12.5215,4004002.0
2010-03-23,12.5099,12.5417,12.1336,12.3087,5474260.0
2010-03-24,12.2214,12.5803,12.076,12.5172,6564153.0
2010-03-25,12.5592,12.8843,12.5505,12.6561,3929320.0
2010-03-26,12.7159,12.7689,12.5845,12.6513,2694428.0
2010-03-29,12.6591,12.7021,12.5983,12.6453,3103400.0
2010-03-30,12.6548,12.775,12.591,12.7519,1977201.0
2010-03-31,12.7104,12.8278,12.6543,12.7622,3030398.0
2010-04-01,12.868,12.9206,12.7229,12.8042,2101660.0
2010-04-05,12.8568,12.9564,12.8092,12.8595,1899680.0
2010-04-06,12.8208,12.8565,12.7191,12.7897,2058472.0
2010-04-07,12.7667,12.803,12.6306,12.6726,2580785.0
2010-04-08,12.6671,12.8305,12.5853,12.7715,1934077.0
2010-04-09,12.7842,12.8035,12.6841,12.7397,2055669.0
2010-04-12,12.7679,12.9344,12.7397,12.9026,2351121.0
2010-04-13,12.8976,13.3067,12.8625,13.2539,3842452.0
2010-04-14,13.3363,13.3933,13.1849,13.3097,3401180.0
2010-04-15,13.3891,13.531,13.2917,13.4674,6756865.0
2010-04-16,12.6591,12.8045,12.3245,12.3373,12238719.0
2010-04-19,12.3025,12.4336,12.2086,12.3363,3895772.0
2010-04-20,12.4381,12.5755,12.3603,12.4599,2978968.0
2010-04-21,12.4954,12.5903,12.3878,12.4414,2392748.0
2010-04-22,12.3838,12.3963,12.1673,12.2602,3281369.0
2010-04-23,12.2649,12.3167,12.1403,12.2084,2089590.0
2010-04-26,12.2079,12.2084,11.8135,11.8743,4373214.0
2010-04-27,11.8067,12.0417,11.7642,11.8097,3844727.0
2010-04-28,11.8858,11.9541,11.6088,11.813,3408997.0
2010-04-29,11.9176,11.9959,11.7499,11.8833,3058815.0
2010-04-30,11.8615,12.0255,11.7191,11.7257,2440207.0
2010-05-03,11.7457,11.9063,11.7101,11.8483,1859337.0
2010-05-04,11.7462,11.7517,11.1879,11.2419,6078530.0
2010-05-05,11.107,11.4759,11.0943,11.3268,4568440.0
2010-05-06,11.3015,11.521,10.0815,11.0492,4999224.0
2010-05-07,11.0818,11.2156,10.6153,10.9108,5093752.0
2010-05-10,11.4321,11.6536,11.3978,11.6243,4127928.0
2010-05-11,11.4747,11.58,11.2882,11.309,3323617.0
2010-05-12,11.3838,11.3838,11.1326,11.2174,3851924.0
2010-05-13,11.4954,11.6331,11.342,11.3548,3327266.0
2010-05-14,11.327,11.3575,10.9887,11.271,4123922.0
2010-05-17,11.2522,11.2917,11.0412,11.282,2796294.0
2010-05-18,11.3328,11.357,11.0092,11.0417,2828746.0
2010-05-19,10.9889,11.0685,10.7757,10.9431,3446269.0
2010-05-20,10.7086,10.7217,10.4269,10.4571,4916330.0
2010-05-21,10.3082,10.7071,10.1916,10.3831,9693537.0
2010-05-24,10.607,10.827,10.5019,10.5109,4348832.0
2010-05-25,10.2707,10.5182,10.1819,10.5087,3019808.0
2010-05-26,10.6338,10.8263,10.4569,10.4686,3476135.0
2010-05-27,10.7061,10.8901,10.6083,10.8438,2810047.0
2010-05-28,10.9008,10.9186,10.6571,10.7229,2894755.0
2010-06-01,10.5928,10.8588,10.585,10.6413,2666997.0
2010-06-02,10.7492,10.9291,10.6185,10.9166,2518821.0
2010-06-03,10.9601,11.2827,10.9499,11.2227,3651653.0
2010-06-04,11.0755,11.314,10.9999,11.0505,3923904.0
2010-06-07,11.059,11.1053,10.6608,10.7202,3636686.0
2010-06-08,10.7785,10.8032,10.5205,10.7016,2674152.0
2010-06-09,10.7627,10.8042,10.3818,10.4324,2731220.0
2010-06-10,10.5913,10.7947,10.4779,10.7574,2584330.0
2010-06-11,10.6446,10.8,10.6226,10.7947,1784318.0
2010-06-14,10.9444,10.9449,10.6618,10.6618,2040942.0
2010-06-15,10.6591,11.0925,10.6366,11.0322,4260753.0
2010-06-16,10.9867,11.1826,10.9852,11.1143,2291395.0
2010-06-17,11.1688,11.2294,10.9997,11.0845,1977894.0
2010-06-18,11.1453,11.1693,11.0357,11.0833,2878739.0
2010-06-21,11.08,11.1068,10.7044,10.7962,2989344.0
2010-06-22,10.8298,10.9974,10.7254,10.7384,2219930.0
2010-06-23,10.7544,10.7544,10.536,10.6333,2029355.0
2010-06-24,10.5735,10.6508,10.4133,10.4594,1893540.0
2010-06-25,10.5084,10.5232,10.3458,10.3988,2245289.0
2010-06-28,10.3966,10.5207,10.307,10.3838,1762301.0
2010-06-29,10.1666,10.1954,9.8593,9.9379,3502108.0
2010-06-30,9.9554,10.0272,9.6991,9.7049,3603563.0
2010-07-01,9.7134,9.7912,9.4216,9.5682,3513877.0
2010-07-02,9.6216,9.6381,9.4809,9.4947,1936256.0
2010-07-06,9.6811,9.773,9.4216,9.4827,2560961.0
2010-07-07,9.5387,9.8635,9.4654,9.8363,3131361.0
2010-07-08,9.9201,10.0147,9.8228,9.9954,2670390.0
2010-07-09,10.3818,10.4133,10.1511,10.2689,4332702.0
2010-07-12,10.3911,10.568,10.3588,10.4777,3334311.0
2010-07-13,10.6383,10.9071,10.589,10.8122,3974396.0
2010-07-14,10.8293,10.9281,10.7437,10.8658,3118534.0
2010-07-15,10.8756,10.9499,10.6491,10.9329,4852308.0
2010-07-16,10.3082,10.3458,10.0695,10.0718,7824721.0
2010-07-19,10.1068,10.323,10.0194,10.2362,4548996.0
2010-07-20,10.1073,10.6568,10.0965,10.6218,4056332.0
2010-07-21,10.6821,10.7247,10.4676,10.5194,3285159.0
2010-07-22,10.6628,10.8067,10.6441,10.7024,2148387.0
2010-07-23,10.6013,10.847,10.5823,10.8338,2267180.0
2010-07-26,10.8095,10.851,10.7041,10.8065,1996434.0
2010-07-27,10.8465,11.02,10.8365,10.8981,2451984.0
2010-07-28,10.9559,10.9636,10.6488,10.6909,2501337.0
2010-07-29,10.7309,10.8042,10.5652,10.7069,2671520.0
2010-07-30,10.5733,10.7662,10.5605,10.7034,2144492.0
2010-08-02,10.807,10.9143,10.7557,10.8425,1863195.0
2010-08-03,10.8448,10.8938,10.7512,10.828,1803185.0
2010-08-04,10.8868,11.2577,10.8585,11.2407,3814120.0
2010-08-05,11.2299,11.2977,11.1716,11.2852,2423660.0
2010-08-06,11.2176,11.2262,10.9837,11.088,3321695.0
2010-08-09,11.1388,11.2202,11.1165,11.2164,1873109.0
2010-08-10,11.1413,11.2327,11.0467,11.1754,2075569.0
2010-08-11,11.0257,11.0325,10.8698,10.8758,2224888.0
2010-08-12,10.6884,10.9511,10.6448,10.8826,2204792.0
2010-08-13,10.8072,10.862,10.7324,10.7409,1940047.0
2010-08-16,10.6741,10.829,10.5945,10.7219,1306685.0
2010-08-17,10.7955,10.9499,10.7329,10.8453,1890646.0
2010-08-18,10.8433,10.854,10.6208,10.6358,2682474.0
2010-08-19,10.6073,10.6448,10.2629,10.281,3925028.0
2010-08-20,10.281,10.3716,10.107,10.1321,3923319.0
2010-08-23,10.119,10.288,10.0247,10.1834,2986882.0
2010-08-24,10.024,10.0407,9.8543,9.866,2763714.0
2010-08-25,9.8313,10.0267,9.8313,9.9469,2592004.0
2010-08-26,9.9829,10.0129,9.8423,9.8558,1780530.0
2010-08-27,9.8953,10.0813,9.7725,10.0522,2313147.0
2010-08-30,10.0602,10.0755,9.8918,9.8986,1236219.0
2010-08-31,9.834,9.9531,9.7812,9.8318,1946798.0
2010-09-01,9.9559,10.2051,9.8938,10.0898,3237574.0
2010-09-02,10.1526,10.1924,10.0893,10.1611,1685384.0
2010-09-03,10.3448,10.3788,10.2677,10.3393,2545726.0
2010-09-07,10.1941,10.2715,10.1571,10.1916,1711335.0
2010-09-08,10.2114,10.3943,10.1944,10.3463,2409028.0
2010-09-09,10.5277,10.592,10.3463,10.4864,2435299.0
2010-09-10,10.5575,10.5768,10.4589,10.4854,1974340.0
2010-09-13,10.6045,10.6909,10.5703,10.6388,2245650.0
2010-09-14,10.6323,10.7009,10.584,10.5928,2217405.0
2010-09-15,10.5808,10.6293,10.5445,10.598,2403545.0
2010-09-16,10.5808,10.6433,10.5672,10.6085,1969268.0
2010-09-17,10.6759,10.8623,10.6115,10.836,5649448.0
2010-09-20,10.8948,11.343,10.8838,11.2897,4413416.0
2010-09-21,11.3248,11.5825,11.3055,11.4193,4466874.0
2010-09-22,11.4043,11.5275,11.3748,11.4829,2537779.0
2010-09-23,11.4481,11.5753,11.3653,11.4199,2317644.0
2010-09-24,11.6266,11.779,11.5395,11.7654,3363247.0
2010-09-27,11.8045,12.0047,11.8045,11.8435,3107522.0
2010-09-28,11.9204,11.9231,11.5442,11.7624,3652011.0
2010-09-29,11.7795,11.9068,11.7009,11.7755,2173878.0
2010-09-30,11.8122,11.8801,11.556,11.7279,3244626.0
2010-10-01,11.8333,11.8488,11.6581,11.7237,2226112.0
2010-10-04,11.7069,11.7895,11.5542,11.6418,1940494.0
2010-10-05,11.7927,12.0835,11.7469,12.0392,3507302.0
2010-10-06,12.065,12.0823,11.8318,11.9421,2766690.0
2010-10-07,11.9026,11.9026,11.7737,11.8082,237886.0
2010-10-08,11.9026,12.0237,11.7737,11.9922,2863473.0
2010-10-11,12.0455,12.1986,12.0127,12.0545,2626125.0
2010-10-12,12.0865,12.2334,12.0282,12.1183,3756388.0
2010-10-13,12.2587,12.271,12.1418,12.1661,3055341.0
2010-10-14,12.1881,12.2149,12.0112,12.1068,6579099.0
2010-10-15,13.5687,13.6261,13.3748,13.6213,14824722.0
2010-10-18,13.5988,14.0778,13.5988,14.0282,7096395.0
2010-10-19,13.8065,13.9559,13.6566,13.781,4587864.0
2010-10-20,13.7887,14.02,13.7727,13.7847,3525098.0
2010-10-21,13.8731,13.9854,13.7352,13.8851,2920407.0
2010-10-22,13.8833,13.9559,13.8365,13.8986,2256598.0
2010-10-25,13.9752,14.2041,13.9596,13.9979,3158200.0
2010-10-26,13.9128,14.1163,13.861,14.0505,2511992.0
2010-10-27,13.9797,14.0855,13.8936,13.9972,2239007.0
2010-10-28,14.0868,14.1105,13.9178,14.05,2182056.0
2010-10-29,14.0122,14.0605,13.9101,13.9279,2281279.0
2010-11-01,13.9787,14.102,13.8655,13.9604,3086622.0
2010-11-02,14.0522,14.0855,13.9499,13.9754,1994734.0
2010-11-03,14.023,14.1313,13.9229,14.09,3379932.0
2010-11-04,14.2016,14.3338,14.1381,14.1924,3567717.0
2010-11-05,14.1651,14.2229,14.1133,14.2126,1766546.0
2010-11-08,14.1861,14.323,14.1638,14.2549,1945873.0
2010-11-09,14.3358,14.357,14.0983,14.2061,2233587.0
2010-11-10,14.1376,14.1606,14.0232,14.1576,2479323.0
2010-11-11,14.078,14.0818,13.9406,14.0152,2260812.0
2010-11-12,13.9351,14.0079,13.6153,13.6673,3395209.0
2010-11-15,13.6621,13.6851,13.4361,13.4717,3474724.0
2010-11-16,13.4038,13.5322,13.1709,13.1776,3294662.0
2010-11-17,13.2096,13.3223,13.1188,13.1734,2425348.0
2010-11-18,13.3097,13.5845,13.2987,13.4989,2583175.0
2010-11-19,13.5099,13.5322,13.3433,13.3555,2298978.0
2010-11-22,13.2715,13.4209,13.1533,13.3653,2173263.0
2010-11-23,13.2599,13.31,13.0395,13.1598,2161905.0
2010-11-24,13.2674,13.4999,13.2609,13.4591,2400863.0
2010-11-26,13.3463,13.4093,13.2597,13.3348,1311038.0
2010-11-29,13.314,13.3298,13.0833,13.1373,2855654.0
2010-11-30,12.9424,12.9424,12.4166,12.4767,7096083.0
2010-12-01,12.6591,12.8736,12.6441,12.6929,3757609.0
2010-12-02,12.8007,12.9176,12.7179,12.8798,2545470.0
2010-12-03,12.8205,12.9964,12.7842,12.9093,2633126.0
2010-12-06,13.0988,13.1346,12.9997,13.0435,2091065.0
2010-12-07,13.3841,13.3978,13.1769,13.2454,685097.0
2010-12-08,13.3841,13.3978,13.1769,13.3483,1756226.0
2010-12-09,13.4319,13.4744,13.3097,13.3723,1864626.0
2010-12-10,13.4133,13.4346,13.342,13.3901,1705121.0
2010-12-13,13.5129,13.6601,13.4371,13.4504,2398219.0
2010-12-14,13.5122,13.5422,13.3968,13.4576,1640765.0
2010-12-15,13.4399,13.4962,13.3135,13.3423,2165462.0
2010-12-16,13.4061,13.4291,13.2865,13.3776,1530873.0
2010-12-17,13.3598,13.3988,13.2765,13.3548,3089328.0
2010-12-20,13.4511,13.532,13.3012,13.4614,1966802.0
2010-12-21,13.5492,13.7031,13.5255,13.6618,1873931.0
2010-12-22,13.6851,13.7602,13.6671,13.7224,1205211.0
2010-12-23,13.7186,13.7352,13.6358,13.6909,1111192.0
2010-12-27,13.6536,13.6796,13.5725,13.6446,1206562.0
2010-12-28,13.6363,13.6819,13.5352,13.558,1064073.0
2010-12-29,13.6351,13.6453,13.558,13.61,1018391.0
2010-12-30,13.535,13.6183,13.5197,13.5565,988054.0
2010-12-31,13.5034,13.5455,13.3856,13.4341,1541459.0
2011-01-03,13.4969,13.7249,13.4969,13.6939,2358974.0
2011-01-04,13.7257,13.7397,13.588,13.6381,1824299.0
2011-01-05,13.5868,13.8435,13.5863,13.812,2522115.0
2011-01-06,13.8523,14.0462,13.8365,13.9229,2057433.0
2011-01-07,13.9832,14.0417,13.8385,13.9964,2101270.0
2011-01-10,13.9554,13.9702,13.7992,13.9406,1578961.0
2011-01-11,14.0282,14.0555,13.9479,13.9857,1439276.0
2011-01-12,14.0692,14.0692,13.9546,14.0072,1568947.0
2011-01-13,14.0097,14.0773,13.9394,14.0027,1329670.0
2011-01-14,14.0205,14.1924,14.0124,14.1901,2370328.0
2011-01-18,14.2372,14.6358,14.2174,14.5768,3597143.0
2011-01-19,14.6391,14.6601,14.3273,14.3796,3403240.0
2011-01-20,14.3911,14.4379,14.1678,14.2549,5221663.0
2011-01-21,14.5755,14.6293,13.8693,13.8811,8904357.0
2011-01-24,13.7745,13.8976,13.6158,13.8623,4589826.0
2011-01-25,13.7902,14.1028,13.7482,14.0833,3640756.0
2011-01-26,14.0938,14.1478,13.9674,13.9979,2028172.0
2011-01-27,14.0327,14.078,13.9166,14.0052,1972565.0
2011-01-28,14.0622,14.0945,13.579,13.6098,4191858.0
2011-01-31,13.6751,13.6969,13.4737,13.594,2775553.0
2011-02-01,13.6974,13.9191,13.6628,13.8613,2722221.0
2011-02-02,13.8603,13.9439,13.7735,13.8853,1746267.0
2011-02-03,13.8223,13.8716,13.7384,13.839,1489660.0
2011-02-04,13.839,13.8713,13.7504,13.8598,1529085.0
2011-02-07,13.8393,14.0452,13.8155,13.9426,1742026.0
2011-02-08,13.9586,14.076,13.9481,14.045,1682420.0
2011-02-09,14.0072,14.0718,13.8938,13.9979,1827123.0
2011-02-10,13.9329,14.023,13.8743,13.9964,2312465.0
2011-02-11,13.9301,14.2106,13.9103,14.1981,2575639.0
2011-02-14,14.1691,14.3265,14.0865,14.2895,2112355.0
2011-02-15,14.2687,14.338,14.1631,14.1894,2053911.0
2011-02-16,14.2264,14.2482,14.1381,14.1911,1660931.0
2011-02-17,14.1168,14.2669,14.0925,14.2171,1473938.0
2011-02-18,14.2357,14.3653,14.1901,14.3378,3217815.0
2011-02-22,14.0863,14.2089,13.7795,13.8405,3604445.0
2011-02-23,13.8435,13.9529,13.6851,13.8683,2849213.0
2011-02-24,13.8701,13.9126,13.6188,13.8057,2684807.0
2011-02-25,13.8818,13.9534,13.8228,13.8363,1898719.0
2011-02-28,13.8353,13.9977,13.7855,13.9204,2209446.0
2011-03-01,14.03,14.066,13.5675,13.604,3291799.0
2011-03-02,13.58,13.7352,13.4646,13.6048,2017345.0
2011-03-03,13.7447,13.8726,13.7101,13.8243,1931918.0
2011-03-04,13.7935,13.8097,13.59,13.6005,2860758.0
2011-03-07,13.5988,13.6774,13.2597,13.3763,3350165.0
2011-03-08,13.4081,13.5345,13.3398,13.3926,2258735.0
2011-03-09,13.3598,13.4476,13.2284,13.3791,2138579.0
2011-03-10,13.2207,13.2502,13.0708,13.092,3104265.0
2011-03-11,13.04,13.0845,12.9176,13.0022,3013345.0
2011-03-14,12.9043,13.0417,12.7847,12.834,2789340.0
2011-03-15,12.5215,12.8593,12.4714,12.8233,3960235.0
2011-03-16,12.7845,12.829,12.3658,12.5114,3740645.0
2011-03-17,12.6961,12.8092,12.5975,12.618,2840474.0
2011-03-18,12.7001,12.784,12.5775,12.6105,3071869.0
2011-03-21,12.8398,13.0795,12.8097,12.9969,3004149.0
2011-03-22,13.0162,13.0652,12.8971,13.0174,1869998.0
2011-03-23,12.9641,13.1458,12.8843,13.1386,1796884.0
2011-03-24,13.2204,13.2945,13.0545,13.2569,2077545.0
2011-03-25,13.2567,13.2574,13.0655,13.078,2838856.0
2011-03-28,13.1363,13.2094,12.9521,12.9684,2191058.0
2011-03-29,12.9844,13.1318,12.9096,13.1278,1570923.0
2011-03-30,13.1941,13.2222,13.099,13.1306,1392307.0
2011-03-31,13.1596,13.2887,13.1281,13.2537,1989397.0
2011-04-01,13.3037,13.4646,13.3037,13.3798,2580604.0
2011-04-04,13.4098,13.4534,13.1621,13.2767,2048738.0
2011-04-05,13.1115,13.1218,12.7262,12.8115,5926194.0
2011-04-06,12.8888,12.9634,12.7842,12.9389,2646879.0
2011-04-07,12.9777,13.1005,12.9391,13.0845,2171073.0
2011-04-08,13.2066,13.2069,13.036,13.0385,1884972.0
2011-04-11,12.9894,13.037,12.9093,13.0187,1838949.0
2011-04-12,12.9594,13.0072,12.7855,12.8495,2066798.0
2011-04-13,12.9722,13.0245,12.8781,12.9914,1943702.0
2011-04-14,12.9641,13.0708,12.8868,13.0472,3676916.0
2011-04-15,12.2159,12.2274,11.8348,11.8508,13963377.0
2011-04-18,11.7437,11.7747,11.558,11.7542,4970873.0
2011-04-19,11.832,11.8553,11.6055,11.6213,2671022.0
2011-04-20,11.7307,11.7537,11.6178,11.7264,3003154.0
2011-04-21,11.7705,11.7902,11.6428,11.7106,2445455.0
2011-04-25,11.7144,11.7582,11.6333,11.7094,1618645.0
2011-04-26,11.7462,12.0194,11.7134,11.9038,3508109.0
2011-04-27,12.0335,12.0362,11.9421,12.0275,2281534.0
2011-04-28,12.035,12.0645,11.9354,12.0327,2016182.0
2011-04-29,12.0835,12.1861,12.0462,12.1861,3404186.0
2011-05-02,12.2262,12.2269,12.0114,12.0475,2124052.0
2011-05-03,12.0117,12.1338,11.824,11.9306,2061818.0
2011-05-04,11.9626,12.0585,11.9088,11.9782,2070535.0
2011-05-05,11.9299,12.069,11.8708,11.9401,1967138.0
2011-05-06,12.0372,12.1201,11.9629,11.9659,2048866.0
2011-05-09,11.9584,12.0457,11.8608,12.0255,1918086.0
2011-05-10,12.0835,12.1944,12.022,12.1501,2020827.0
2011-05-11,12.087,12.1721,11.9256,11.9696,2326874.0
2011-05-12,11.9644,12.0069,11.856,11.9596,1441726.0
2011-05-13,11.9486,11.9814,11.8095,11.822,2086081.0
2011-05-16,11.7409,11.7649,11.4929,11.5435,2922866.0
2011-05-17,11.4686,11.8638,11.4586,11.8448,3296254.0
2011-05-18,11.8218,11.8415,11.7257,11.8285,1943945.0
2011-05-19,11.9016,11.9969,11.8263,11.8645,2365443.0
2011-05-20,11.8783,11.8831,11.6613,11.6839,2265722.0
2011-05-23,11.4979,11.583,11.4178,11.5427,2235749.0
2011-05-24,11.5923,11.6821,11.5367,11.5395,1845118.0
2011-05-25,11.5162,11.6523,11.5142,11.5748,1280898.0
2011-05-26,11.5255,11.6361,11.4579,11.5362,2094647.0
2011-05-27,11.545,11.6278,11.4904,11.6055,1724967.0
2011-05-31,11.7081,11.8095,11.6706,11.8087,2537805.0
2011-06-01,11.7842,11.9133,11.7159,11.7232,2893782.0
2011-06-02,11.7279,11.8388,11.6456,11.7279,3618285.0
2011-06-03,11.6331,11.7732,11.6206,11.6601,1723605.0
2011-06-06,11.6716,11.7534,11.5642,11.6095,1849267.0
2011-06-07,11.6553,11.6989,11.5577,11.5587,1884441.0
2011-06-08,11.4962,11.614,11.4774,11.5622,1642358.0
2011-06-09,11.583,11.583,11.4739,11.5012,1672721.0
2011-06-10,11.4349,11.5002,11.315,11.3203,2387819.0
2011-06-13,11.3328,11.3378,11.1368,11.2009,2417258.0
2011-06-14,11.2865,11.4349,11.2574,11.292,2253910.0
2011-06-15,11.2084,11.2915,11.0978,11.1563,2040356.0
2011-06-16,11.1528,11.2469,10.9992,11.0918,2747827.0
2011-06-17,11.2372,11.2499,10.7021,10.7076,5090048.0
2011-06-20,10.7071,10.7379,10.5627,10.6966,3007497.0
2011-06-21,10.7619,10.9309,10.7004,10.9073,2735152.0
2011-06-22,10.8685,10.8911,10.7504,10.7572,2388888.0
2011-06-23,10.6353,10.6536,10.4251,10.5875,4781452.0
2011-06-24,10.599,10.6008,10.4073,10.4539,3581618.0
2011-06-27,10.4319,10.7922,10.4219,10.6521,3412011.0
2011-06-28,10.6826,10.9874,10.6826,10.9236,2686802.0
2011-06-29,10.9959,11.0888,10.8918,11.0217,2333440.0
2011-06-30,11.1323,11.2494,11.1201,11.2422,2392399.0
2011-07-01,11.2512,11.6125,11.2422,11.6085,3590905.0
2011-07-05,11.7156,11.9684,11.7156,11.8943,3809793.0
2011-07-06,11.9209,12.0462,11.9093,11.9674,2676841.0
2011-07-07,12.1085,12.3508,11.9804,12.2487,3911435.0
2011-07-08,11.9071,12.0247,11.7649,11.8831,4751268.0
2011-07-11,11.7877,11.9829,11.7207,11.7652,2812167.0
2011-07-12,11.7872,12.069,11.7332,11.9336,2819309.0
2011-07-13,12.0084,12.1836,11.9954,12.04,2770032.0
2011-07-14,12.0615,12.1336,11.7514,11.8067,4279158.0
2011-07-15,13.5225,13.5913,13.2887,13.5255,13642930.0
2011-07-18,13.3971,13.6363,13.3848,13.4584,4432385.0
2011-07-19,13.4884,13.7021,13.4732,13.6488,2918884.0
2011-07-20,13.6396,13.6558,13.4686,13.4686,2204386.0
2011-07-21,13.4356,13.7867,13.4351,13.7599,3453969.0
2011-07-22,13.7199,14.073,13.6919,14.0412,3512706.0
2011-07-25,13.9193,14.2207,13.9103,14.06,3110936.0
2011-07-26,14.0367,14.273,14.0157,14.1486,2278471.0
2011-07-27,14.0149,14.1093,13.7039,13.7657,3900081.0
2011-07-28,13.7149,13.9849,13.6601,13.8588,3075779.0
2011-07-29,13.6909,13.9594,13.6774,13.6774,4079644.0
2011-08-01,13.8658,13.9729,13.5645,13.7544,3936359.0
2011-08-02,13.7352,13.827,13.3741,13.3948,3177281.0
2011-08-03,13.4416,13.6601,13.1751,13.6143,3794987.0
2011-08-04,13.4474,13.5562,13.0212,13.0225,4798169.0
2011-08-05,13.1481,13.3348,12.6341,13.0605,5892899.0
2011-08-08,12.6586,12.8092,12.1924,12.2342,7422953.0
2011-08-09,12.609,12.9496,12.1088,12.9196,6362626.0
2011-08-10,12.6185,12.6871,12.277,12.309,5311826.0
2011-08-11,12.4294,12.7967,12.294,12.6373,4746583.0
2011-08-12,12.8218,12.8468,12.594,12.6784,3135480.0
2011-08-15,12.4196,12.7089,12.2349,12.5147,7110606.0
2011-08-16,12.3946,12.3948,11.8408,12.0585,6903295.0
2011-08-17,12.0843,12.1759,11.8525,11.9121,4024122.0
2011-08-18,11.6699,11.7054,11.0948,11.2046,6235331.0
2011-08-19,11.066,11.4546,10.8538,10.8553,5376981.0
2011-08-22,11.1826,11.2577,10.9456,11.0367,4889453.0
2011-08-23,11.1701,11.6183,11.0587,11.5535,4299778.0
2011-08-24,11.5662,11.8333,11.5137,11.6653,3583024.0
2011-08-25,11.8428,12.0152,11.5405,11.584,3261448.0
2011-08-26,11.5828,11.8445,11.4113,11.7547,3565923.0
2011-08-29,11.9474,12.0697,11.9224,12.0605,2317177.0
2011-08-30,12.0382,12.1583,11.8535,12.101,2966403.0
2011-08-31,12.2021,12.2412,11.9834,12.1075,2624666.0
2011-09-01,12.1023,12.1794,11.8635,11.8958,2349819.0
2011-09-02,11.6949,11.7812,11.6013,11.7041,2367893.0
2011-09-06,11.3528,11.6521,11.3453,11.6376,2706277.0
2011-09-07,11.8445,11.9817,11.7682,11.9341,2567030.0
2011-09-08,11.9284,12.061,11.8808,11.9574,2364554.0
2011-09-09,11.8683,11.9496,11.6128,11.7044,2986393.0
2011-09-12,11.532,11.8831,11.5205,11.8363,2643858.0
2011-09-13,11.8833,11.9304,11.6681,11.8213,2329738.0
2011-09-14,11.8981,12.0072,11.7287,11.8851,2662167.0
2011-09-15,11.9709,12.2081,11.9474,12.1476,2936959.0
2011-09-16,12.2036,12.2547,12.1621,12.2507,3320061.0
2011-09-19,12.0923,12.3313,11.9679,12.2504,2454200.0
2011-09-20,12.3187,12.547,12.1503,12.2492,2733590.0
2011-09-21,12.276,12.4589,12.055,12.0635,2480258.0
2011-09-22,11.7394,11.8025,11.4329,11.5995,4360184.0
2011-09-23,11.4969,11.7437,11.4454,11.7209,2745655.0
2011-09-26,11.7644,11.9066,11.4141,11.8806,2597263.0
2011-09-27,12.0385,12.2599,11.9847,12.067,2984629.0
2011-09-28,12.1211,12.1841,11.7757,11.8042,2234086.0
2011-09-29,11.9844,12.0159,11.5682,11.7707,2887648.0
2011-09-30,11.5883,11.6831,11.4424,11.4589,2647688.0
2011-10-03,11.329,11.3828,10.9574,10.9704,4401242.0
2011-10-04,10.833,11.1686,10.5968,11.1301,4100341.0
2011-10-05,10.9912,11.2777,10.6013,11.2001,4490731.0
2011-10-06,11.2702,11.4636,11.1476,11.4506,3380878.0
2011-10-07,11.5037,11.5955,11.3403,11.4609,2826154.0
2011-10-10,11.7126,12.0202,11.6631,12.0127,2290247.0
2011-10-11,11.9199,12.2537,11.9199,12.1631,2821462.0
2011-10-12,12.287,12.4646,12.1994,12.2962,3140306.0
2011-10-13,12.3345,12.559,12.2842,12.5587,4677552.0
2011-10-14,13.5718,13.575,13.274,13.3768,8431336.0
2011-10-17,13.1776,13.3806,13.0345,13.1448,3876073.0
2011-10-18,13.0893,13.3988,13.0194,13.3475,3742956.0
2011-10-19,13.2682,13.3863,13.065,13.102,2903427.0
2011-10-20,13.1321,13.307,13.0723,13.1764,3356555.0
2011-10-21,13.3225,13.4036,13.2522,13.347,3269344.0
2011-10-24,13.2527,13.5843,13.2472,13.4954,3411610.0
2011-10-25,13.4123,13.4599,13.1558,13.1636,2511341.0
2011-10-26,13.3235,13.3393,12.9058,13.2424,2821075.0
2011-10-27,13.5455,13.6526,13.4173,13.5517,3709697.0
2011-10-28,13.4479,13.6426,13.4411,13.5885,2454611.0
2011-10-31,13.4621,13.5773,13.3766,13.4008,2521912.0
2011-11-01,13.087,13.2224,13.0032,13.0507,3104523.0
2011-11-02,13.2071,13.2837,13.0965,13.2051,2072676.0
2011-11-03,13.2597,13.5225,13.1776,13.5225,2625084.0
2011-11-04,13.4224,13.5785,13.3956,13.4927,2807488.0
2011-11-07,13.4178,13.8047,13.3906,13.7935,3326633.0
2011-11-08,13.8102,13.9446,13.6751,13.8938,2993648.0
2011-11-09,13.6916,13.82,13.5515,13.6088,3627047.0
2011-11-10,13.7334,13.7337,13.3738,13.4619,2855861.0
2011-11-11,13.6175,13.8876,13.55,13.794,3944539.0
2011-11-14,13.7852,14.0375,13.7797,13.9103,3137083.0
2011-11-15,13.9053,14.0375,13.8478,13.9994,2662619.0
2011-11-16,13.8873,14.043,13.8505,13.8721,2575550.0
2011-11-17,13.8365,13.8926,13.5044,13.6068,3464911.0
2011-11-18,13.6351,13.6976,13.4286,13.4569,3262867.0
2011-11-21,13.2787,13.2972,12.8866,13.108,2942798.0
2011-11-22,13.0845,13.2089,12.9654,13.0845,2314567.0
2011-11-23,12.9681,13.0908,12.837,12.837,2304857.0
2011-11-25,12.7139,12.9411,12.6173,12.6591,1561946.0
2011-11-28,13.0687,13.3052,12.9969,13.2895,2772422.0
2011-11-29,13.2817,13.3438,13.1178,13.1578,1816102.0
2011-11-30,13.5337,13.5697,13.3871,13.5697,3276625.0
2011-12-01,13.585,13.9854,13.56,13.9296,3604842.0
2011-12-02,14.0117,14.1856,13.9919,14.0945,4057950.0
2011-12-05,14.2767,14.3833,14.1456,14.2269,3176020.0
2011-12-06,14.1603,14.3012,14.0915,14.1799,2322271.0
2011-12-07,14.1276,14.2272,14.038,14.1704,2182121.0
2011-12-08,14.1115,14.272,13.9679,13.9867,2397955.0
2011-12-09,14.0355,14.314,14.0107,14.2712,2745035.0
2011-12-12,14.1326,14.2402,14.0928,14.2204,2165268.0
2011-12-13,14.3047,14.4999,14.1568,14.2264,3983945.0
2011-12-14,14.1316,14.1936,13.8976,14.0372,3877574.0
2011-12-15,14.1486,14.1856,14.0527,14.074,2399153.0
2011-12-16,14.1936,14.3187,14.1223,14.2347,4090225.0
2011-12-19,14.286,14.2982,14.0855,14.1313,2117549.0
2011-12-20,14.2857,14.3818,14.2855,14.345,2359478.0
2011-12-21,14.336,14.3813,14.0595,14.2312,2479738.0
2011-12-22,14.2845,14.3791,14.2609,14.3283,1802601.0
2011-12-23,14.3858,14.4529,14.3498,14.4143,1438643.0
2011-12-27,14.3871,14.6984,14.3858,14.5923,1600396.0
2011-12-28,14.6548,14.7111,14.5385,14.5785,2108060.0
2011-12-29,14.6233,14.6611,14.4659,14.6461,1566849.0
2011-12-30,14.6366,14.7552,14.6366,14.7337,1755130.0
2012-01-03,14.9098,15.2905,14.8956,15.2219,3650022.0
2012-01-04,15.2124,15.343,15.102,15.2937,2843071.0
2012-01-05,15.1398,15.1859,14.9922,15.0617,3267865.0
2012-01-06,15.0652,15.0865,14.831,14.8368,2669981.0
2012-01-09,14.7487,14.7612,14.1163,14.1471,5800875.0
2012-01-10,14.3295,14.4309,14.0082,14.1641,4377675.0
2012-01-11,14.1731,14.3205,14.1135,14.2347,2382156.0
2012-01-12,14.3663,14.4081,14.2482,14.3268,1865229.0
2012-01-13,14.2422,14.2594,14.112,14.2104,2283797.0
2012-01-17,14.3853,14.3853,14.2277,14.3002,1906739.0
2012-01-18,14.2514,14.4359,14.1386,14.4086,2730364.0
2012-01-19,14.6108,14.6108,14.3723,14.5753,4628895.0
2012-01-20,13.348,13.3598,13.1271,13.2344,10508099.0
2012-01-23,13.2347,13.3012,13.1636,13.2227,3399564.0
2012-01-24,13.2427,13.2767,13.0345,13.1078,3005910.0
2012-01-25,13.0222,13.0522,12.7437,12.8215,4958072.0
2012-01-26,12.8838,12.9464,12.6979,12.7867,3203568.0
2012-01-27,12.8538,13.0925,12.8175,13.084,3598106.0
2012-01-30,13.0357,13.0845,12.9193,13.0267,2318536.0
2012-01-31,13.1596,13.1846,12.9631,13.0873,2094023.0
2012-02-01,13.2081,13.2222,13.063,13.1053,2278453.0
2012-02-02,13.2064,13.2449,13.1366,13.2124,2403309.0
2012-02-03,13.3513,13.5117,13.286,13.4932,3155115.0
2012-02-06,13.4601,13.856,13.4351,13.8125,3664904.0
2012-02-07,13.7639,13.82,13.6791,13.7544,2100300.0
2012-02-08,13.8012,13.869,13.7036,13.8315,1830029.0
2012-02-09,13.8858,13.9479,13.8102,13.8718,2250486.0
2012-02-10,13.7822,13.7885,13.6851,13.7329,2281676.0
2012-02-13,13.8478,13.9311,13.8358,13.8903,1796583.0
2012-02-14,13.8738,13.8853,13.7041,13.8293,1783954.0
2012-02-15,13.9086,13.9086,13.6491,13.7242,2396441.0
2012-02-16,13.6556,13.8055,13.5282,13.7482,2495861.0
2012-02-17,13.7094,13.776,13.6451,13.7011,2417093.0
2012-02-21,13.6819,14.0325,13.6571,13.9354,2467914.0
2012-02-22,13.7602,13.7837,13.5938,13.7379,2047301.0
2012-02-23,13.7602,13.7837,13.5938,13.7379,2047301.0
2012-02-24,13.7689,13.8766,13.7229,13.8328,1879472.0
2012-02-27,13.7499,13.8943,13.7116,13.818,1758210.0
2012-02-28,13.8353,14.0798,13.7772,14.0452,2778266.0
2012-02-29,14.0505,14.2257,13.9729,14.0417,2965612.0
2012-03-01,14.1421,14.2282,14.0392,14.1456,2224956.0
2012-03-02,14.1356,14.1856,14.0935,14.1168,1555167.0
2012-03-05,14.0963,14.1478,13.8698,13.9416,1572793.0
2012-03-06,13.7865,13.8055,13.4309,13.7091,3109485.0
2012-03-07,13.8115,13.8648,13.7317,13.7552,1255114.0
2012-03-08,13.8363,13.8728,13.7439,13.7637,1341357.0
2012-03-09,13.784,13.8828,13.585,13.5913,2648988.0
2012-03-12,13.585,13.7602,13.5665,13.7139,1660223.0
2012-03-13,13.804,14.0317,13.7239,14.03,2202356.0
2012-03-14,13.9604,14.1551,13.9219,13.9852,2927085.0
2012-03-15,14.0004,14.1731,13.9561,14.1138,2418347.0
2012-03-16,14.1078,14.2207,14.0868,14.2166,1516344.0
2012-03-19,14.1636,14.5177,14.1165,14.4354,2164243.0
2012-03-20,14.3588,14.4874,14.2674,14.4231,1515239.0
2012-03-21,14.4511,14.771,14.3986,14.5855,2415917.0
2012-03-22,14.5485,14.8062,14.3608,14.7374,2402286.0
2012-03-23,14.7512,14.7987,14.6085,14.6508,1921455.0
2012-03-26,14.7111,14.7862,14.5745,14.7785,1403768.0
2012-03-27,14.7619,14.9239,14.7061,14.7617,2001768.0
2012-03-28,14.8871,15.051,14.8633,14.9804,2508944.0
2012-03-29,14.9224,15.0012,14.6936,14.7965,1916761.0
2012-03-30,14.8801,14.9236,14.611,14.617,2283762.0
2012-04-02,14.6053,14.7737,14.4569,14.7592,2274688.0
2012-04-03,14.7214,14.785,14.552,14.6516,2037706.0
2012-04-04,14.5472,14.561,14.3633,14.4646,1613917.0
2012-04-05,14.3918,14.4967,14.3,14.3938,2256777.0
2012-04-09,14.2977,14.4691,14.2179,14.3568,2170444.0
2012-04-10,14.4239,14.4484,14.1994,14.2572,2449070.0
2012-04-11,14.4351,14.4859,14.3683,14.4849,2185720.0
2012-04-12,14.6448,14.9148,14.5925,14.8615,4659473.0
2012-04-13,14.775,14.811,14.1741,14.2006,8081129.0
2012-04-16,14.1606,14.1809,13.6266,13.7369,5665244.0
2012-04-17,13.7992,14.0277,13.7604,13.8245,2950878.0
2012-04-18,13.7865,13.9053,13.6553,13.7715,2651970.0
2012-04-19,13.7274,13.9919,13.56,13.6211,2913405.0
2012-04-20,13.6914,13.8065,13.4807,13.4864,3000325.0
2012-04-23,13.4073,13.5462,13.3398,13.525,2171412.0
2012-04-24,13.541,13.7509,13.5179,13.6168,1898169.0
2012-04-25,13.6851,13.869,13.6571,13.8283,1792575.0
2012-04-26,13.858,14.0355,13.8278,13.9722,2072230.0
2012-04-27,13.9609,14.0039,13.8503,13.9599,1588353.0
2012-04-30,13.9101,13.9874,13.6003,13.7064,2309807.0
2012-05-01,13.6799,13.8753,13.5898,13.6959,1929905.0
2012-05-02,13.615,13.788,13.6003,13.7667,1595455.0
2012-05-03,13.8258,13.9561,13.809,13.8608,1857847.0
2012-05-04,13.7332,13.7822,13.5052,13.5092,2174810.0
2012-05-07,13.4599,13.8495,13.4599,13.774,1988934.0
2012-05-08,13.7234,14.0079,13.6025,13.9051,2667861.0
2012-05-09,13.7557,13.9949,13.6303,13.814,2274495.0
2012-05-10,13.9093,13.9902,13.841,13.9269,1514214.0
2012-05-11,13.844,13.9491,13.7044,13.7159,2080176.0
2012-05-14,13.6045,13.7977,13.5995,13.6851,1812377.0
2012-05-15,13.7189,13.9604,13.6789,13.863,2098774.0
2012-05-16,14.0345,14.3383,13.9839,14.309,4812336.0
2012-05-17,14.4316,14.5322,14.1163,14.1618,3318124.0
2012-05-18,14.2131,14.3963,13.5024,13.595,5893249.0
2012-05-21,13.5978,13.9777,13.585,13.9381,3006246.0
2012-05-22,13.9214,13.9306,13.4849,13.605,3014173.0
2012-05-23,13.6263,13.8253,13.5129,13.8218,3155313.0
2012-05-24,13.8142,13.8833,13.5567,13.6766,1843275.0
2012-05-25,13.61,13.6283,13.2917,13.3731,3571524.0
2012-05-29,13.4802,13.5632,13.2927,13.4434,2580009.0
2012-05-30,13.2887,13.3823,13.1729,13.2905,1885305.0
2012-05-31,13.3027,13.3348,13.0595,13.106,2893170.0
2012-06-01,12.8791,12.9006,12.793,12.8588,3039471.0
2012-06-04,12.8398,13.0968,12.8345,13.0492,2402417.0
2012-06-05,12.9707,13.0377,12.7459,12.8445,2329063.0
2012-06-06,12.9964,13.1338,12.9246,13.0988,2074833.0
2012-06-07,13.2747,13.282,13.0157,13.0402,1739391.0
2012-06-08,12.9807,13.1095,12.9489,13.0958,1397339.0
2012-06-11,13.1899,13.2174,12.7514,12.7967,2630971.0
2012-06-12,12.8285,12.8418,12.5485,12.7116,3198216.0
2012-06-13,12.6271,12.7592,12.551,12.6113,1908879.0
2012-06-14,12.6165,12.7109,12.4969,12.5602,2307659.0
2012-06-15,12.5925,12.6971,12.5112,12.6969,2819466.0
2012-06-18,12.6496,12.9396,12.5652,12.8555,2253847.0
2012-06-19,12.9241,13.1916,12.9123,13.1228,2055387.0
2012-06-20,13.0798,13.0845,12.9221,13.0222,2316027.0
2012-06-21,13.0805,13.0805,12.6774,12.7144,1989698.0
2012-06-22,12.7842,12.8713,12.7297,12.8713,1949145.0
2012-06-25,12.7674,12.7865,12.5177,12.6015,1571147.0
2012-06-26,12.6531,12.7492,12.571,12.7011,1330613.0
2012-06-27,12.7767,12.9339,12.7347,12.8167,1687698.0
2012-06-28,12.7317,12.7399,12.5142,12.6919,1908028.0
2012-07-02,13.1301,13.1596,12.9969,13.0963,1651057.0
2012-07-03,13.0848,13.295,13.0345,13.2805,1190086.0
2012-07-05,13.3037,13.5865,13.2982,13.4829,2339044.0
2012-07-06,13.3961,13.4229,13.1551,13.2342,2146650.0
2012-07-09,13.2084,13.2997,13.1158,13.2349,1702196.0
2012-07-10,13.3395,13.3956,13.053,13.1271,1909830.0
2012-07-11,12.9919,13.0307,12.7076,12.864,3485382.0
2012-07-12,12.7622,12.8826,12.6363,12.8463,2301565.0
2012-07-13,12.8881,13.063,12.798,12.9974,1962562.0
2012-07-16,12.9937,13.0642,12.8788,12.9574,1444860.0
2012-07-17,13.0452,13.1013,12.7942,13.0027,1672069.0
2012-07-18,13.0089,13.1769,12.9877,13.1035,1533998.0
2012-07-19,13.2382,13.547,13.2347,13.4113,4179812.0
2012-07-20,13.8042,13.9088,13.5395,13.8558,6429800.0
2012-07-23,13.597,14.0442,13.5412,13.9732,3536783.0
2012-07-24,13.9604,14.0337,13.6936,13.7745,1960165.0
2012-07-25,13.7932,13.9199,13.7194,13.785,1811624.0
2012-07-26,13.9604,14.0072,13.836,13.9193,1676814.0
2012-07-27,14.0577,14.4609,14.023,14.4599,3525418.0
2012-07-30,14.4872,14.6511,14.3233,14.3933,2132015.0
2012-07-31,14.2922,14.4984,14.2912,14.4101,1844799.0
2012-08-01,14.5184,14.5735,14.3703,14.4028,1840247.0
2012-08-02,14.2234,14.5367,14.1709,14.3045,1947479.0
2012-08-03,14.586,14.6791,14.4894,14.6193,1878467.0
2012-08-06,14.5763,14.8208,14.5665,14.6566,1775064.0
2012-08-07,14.6308,14.6926,14.4977,14.5995,1977453.0
2012-08-08,14.5622,14.7329,14.5485,14.6418,1268036.0
2012-08-09,14.6989,14.7454,14.6241,14.6448,1054102.0
2012-08-10,14.5507,14.6421,14.4892,14.6361,1431294.0
2012-08-13,14.7717,15.0903,14.7532,15.0868,3262324.0
2012-08-14,15.0677,15.4081,15.0615,15.3032,3654820.0
2012-08-15,15.3438,15.4431,15.1891,15.2752,2406627.0
2012-08-16,15.2745,15.4529,15.2637,15.4086,1708940.0
2012-08-17,15.4399,15.5182,15.3793,15.5154,2170628.0
2012-08-20,15.4744,15.5587,15.4033,15.4754,1753473.0
2012-08-21,15.4146,15.537,15.1406,15.3245,2196055.0
2012-08-22,15.2712,15.602,15.2539,15.5164,1905251.0
2012-08-23,15.4436,15.599,15.3618,15.5069,1774938.0
2012-08-24,15.4769,15.5983,15.4389,15.5527,1307559.0
2012-08-27,15.1613,15.3868,15.0675,15.3172,2596326.0
2012-08-28,15.2116,15.5275,15.2051,15.5182,2047821.0
2012-08-29,15.5212,15.812,15.4907,15.7875,2977576.0
2012-08-30,15.6931,15.772,15.5915,15.6291,1604345.0
2012-08-31,15.6871,15.8017,15.588,15.7144,2086616.0
2012-09-04,15.7009,15.7121,15.4244,15.613,1881921.0
2012-09-05,15.587,15.7497,15.5655,15.605,1693455.0
2012-09-06,15.7362,16.0848,15.7054,16.0725,2981645.0
2012-09-07,16.0875,16.3941,16.0292,16.2414,3200121.0
2012-09-10,16.3318,16.4081,16.0472,16.1068,2546356.0
2012-09-11,16.0365,16.1038,15.8623,15.8921,1867647.0
2012-09-12,15.8225,15.9599,15.609,15.8593,2563988.0
2012-09-13,15.9146,16.3127,15.8508,16.2387,2647833.0
2012-09-14,16.3278,16.4128,16.2629,16.3298,2606696.0
2012-09-17,16.2905,16.4098,16.2126,16.3373,1495962.0
2012-09-18,16.2822,16.5545,16.2572,16.545,2061434.0
2012-09-19,16.5255,16.8022,16.4982,16.7757,3078864.0
2012-09-20,16.6999,16.8728,16.6185,16.791,2877995.0
2012-09-21,16.8936,16.9614,16.8413,16.9381,5385768.0
2012-09-24,16.8633,17.3398,16.8445,17.3233,3553188.0
2012-09-25,17.4151,17.7114,17.2802,17.3177,6027634.0
2012-09-26,17.335,17.6201,17.1135,17.4254,5659813.0
2012-09-27,17.5878,17.6601,17.3801,17.5014,3892557.0
2012-09-28,17.4426,17.5715,17.3675,17.4514,2751416.0
2012-10-01,17.5652,17.7141,17.4942,17.6336,3066792.0
2012-10-02,17.7191,17.7389,17.3455,17.5137,2763534.0
2012-10-03,17.4819,17.6871,17.3938,17.6516,2201727.0
2012-10-04,17.6578,17.8365,17.574,17.7905,2439082.0
2012-10-05,17.857,17.9489,17.7141,17.7805,2702897.0
2012-10-08,17.614,17.6786,17.4426,17.535,1952448.0
2012-10-09,17.5808,17.6218,17.1518,17.1909,2983210.0
2012-10-10,17.1351,17.2767,17.0457,17.2026,2030888.0
2012-10-11,17.4113,17.5515,17.346,17.3758,2379234.0
2012-10-12,17.3851,17.4606,17.1911,17.2074,2389434.0
2012-10-15,17.1371,17.1844,16.8558,17.113,3006410.0
2012-10-16,17.0918,17.2634,16.9999,17.2061,2052366.0
2012-10-17,17.1874,17.4974,17.095,17.4762,2286721.0
2012-10-18,17.4774,17.5745,15.4869,15.9624,12249093.0
2012-10-19,16.2272,16.2552,15.3868,15.6318,11447826.0
2012-10-22,15.6123,15.7029,15.3293,15.5537,4033343.0
2012-10-23,15.3871,15.7705,15.3868,15.5958,2900244.0
2012-10-24,15.7572,15.7622,15.4686,15.5194,2484022.0
2012-10-25,15.587,15.6371,15.4246,15.531,1623899.0
2012-10-26,15.4994,15.6628,15.3668,15.4656,1947431.0
2012-10-31,15.5835,15.612,15.4619,15.5943,1519979.0
2012-11-01,15.5745,15.8598,15.555,15.777,2039041.0
2012-11-02,15.9571,15.9762,15.7715,15.785,2307619.0
2012-11-05,15.6996,15.7587,15.4759,15.6611,1631325.0
2012-11-06,15.7242,15.7497,15.5257,15.6301,1560696.0
2012-11-07,15.4619,15.5427,15.2489,15.2647,2210741.0
2012-11-08,15.3418,15.3741,14.867,14.8936,2584931.0
2012-11-09,14.9526,15.2952,14.8438,15.1623,3103361.0
2012-11-12,15.1804,15.3318,15.1083,15.2342,1255595.0
2012-11-13,15.1616,15.2767,15.0422,15.0627,1589503.0
2012-11-14,15.103,15.1411,14.8488,14.9001,1652306.0
2012-11-15,14.8363,15.0865,14.6834,14.7677,1830323.0
2012-11-16,14.7359,14.9116,14.4859,14.7657,3400295.0
2012-11-19,14.9789,15.3097,14.9747,15.292,2340689.0
2012-11-20,15.3245,15.537,15.2009,15.336,2071741.0
2012-11-21,15.3115,15.3318,15.0965,15.2334,2092018.0
2012-11-23,15.336,15.3368,15.2392,15.286,922277.0
2012-11-26,15.2477,15.2617,15.062,15.1153,2194548.0
2012-11-27,15.0908,15.4619,15.0365,15.3545,2491369.0
2012-11-28,15.287,15.7099,15.1839,15.6789,3021137.0
2012-11-29,15.7817,15.9349,15.6371,15.8846,2757434.0
2012-11-30,15.8701,16.068,15.7294,16.0467,3086728.0
2012-12-03,16.1436,16.2349,15.9401,15.9686,2172348.0
2012-12-04,15.9624,15.9752,15.7297,15.863,1733439.0
2012-12-05,15.8911,15.9499,15.6453,15.7827,1830156.0
2012-12-06,15.777,15.9777,15.6999,15.8655,1437389.0
2012-12-07,15.9624,16.0094,15.6473,15.6924,1910043.0
2012-12-10,15.7219,15.8786,15.6819,15.7227,1351351.0
2012-12-11,15.8373,16.1356,15.7802,16.0094,2681315.0
2012-12-12,16.0682,16.1754,15.9244,16.0265,2420799.0
2012-12-13,16.4859,16.4997,16.0763,16.1551,3438126.0
2012-12-14,16.0667,16.2832,16.0482,16.1366,2125172.0
2012-12-17,16.2252,17.0455,16.1881,16.6075,3030163.0
2012-12-18,16.5029,16.8157,16.4641,16.6148,2992504.0
2012-12-19,16.6058,16.6631,16.5049,16.5908,1914892.0
2012-12-20,16.6696,16.7044,16.5122,16.6471,1643077.0
2012-12-21,16.4371,16.5582,16.3508,16.4787,3371656.0
2012-12-24,16.4506,16.4674,16.2745,16.3253,841931.0
2012-12-26,16.2895,16.4098,16.1478,16.3095,1179719.0
2012-12-27,16.2662,16.3087,16.0527,16.2449,1632426.0
2012-12-28,16.1298,16.2604,16.0878,16.0878,1365092.0
2012-12-31,16.0875,16.352,15.9874,16.2722,1981078.0
2013-01-02,16.5735,16.7632,16.5017,16.6693,2451561.0
2013-01-03,16.7114,16.8866,16.606,16.6799,2297260.0
2013-01-04,16.8218,17.1253,16.7802,17.0377,2758157.0
2013-01-07,16.9747,17.073,16.8528,16.9571,1651908.0
2013-01-08,16.9769,16.9959,16.6989,16.9209,1674654.0
2013-01-09,16.8951,17.0472,16.8032,17.0412,2020100.0
2013-01-10,17.1593,17.2136,16.9259,17.1256,1834018.0
2013-01-11,17.1386,17.1491,16.9959,17.0883,1266236.0
2013-01-14,17.0134,17.1436,16.6468,16.6693,2851426.0
2013-01-15,16.5713,16.9634,16.3903,16.7114,3918536.0
2013-01-16,16.6481,16.6966,16.4296,16.4676,1999242.0
2013-01-17,16.5307,16.5788,16.3633,16.3708,2206731.0
2013-01-18,16.3468,16.4071,16.1208,16.2004,3220311.0
2013-01-22,16.2041,16.2209,15.9754,16.1593,3430609.0
2013-01-23,16.9882,17.3137,16.9832,17.1261,5854287.0
2013-01-24,17.1195,17.5097,17.101,17.4346,3360354.0
2013-01-25,17.358,17.551,17.345,17.4306,2215628.0
2013-01-28,17.3828,17.4789,17.286,17.357,1624075.0
2013-01-29,17.2574,17.5127,17.2522,17.4309,1743422.0
2013-01-30,17.4324,17.6128,17.4116,17.4346,1728160.0
2013-01-31,17.3515,17.5295,17.345,17.4812,1596411.0
2013-02-01,17.544,18.0044,17.5415,17.9794,3702062.0
2013-02-04,17.7815,17.851,17.5457,17.5645,2947891.0
2013-02-05,17.6173,17.867,17.5755,17.7327,1855894.0
2013-02-06,17.5657,17.9133,17.5515,17.8435,2063825.0
2013-02-07,17.8318,18.0597,17.7267,17.9381,2838603.0
2013-02-08,18.0928,18.2564,18.0785,18.2239,3005866.0
2013-02-11,18.0495,18.1646,17.9331,18.1501,2165056.0
2013-02-12,18.1333,18.2872,18.0738,18.107,1850716.0
2013-02-13,18.0928,18.2234,18.0888,18.1611,1196170.0
2013-02-14,18.0828,18.3082,18.0337,18.2852,1730972.0
2013-02-15,18.2747,18.4214,18.2664,18.4121,2715676.0
2013-02-19,18.4897,18.7652,18.4719,18.7614,2925264.0
2013-02-20,18.7227,18.8145,18.3846,18.4013,2750633.0
2013-02-21,18.54,18.7264,18.3703,18.4782,3493516.0
2013-02-22,18.5715,18.6213,18.4349,18.5828,2033923.0
2013-02-25,18.6476,18.8005,18.352,18.359,2286813.0
2013-02-26,18.4649,18.4887,18.1996,18.343,2196062.0
2013-02-27,18.4599,18.7089,18.3675,18.5845,2019481.0
2013-02-28,18.6175,18.7649,18.6158,18.6201,2151224.0
2013-03-01,18.535,18.7687,18.4937,18.7449,2153738.0
2013-03-04,18.7227,19.1616,18.7151,19.1281,2758020.0
2013-03-05,19.314,19.5948,19.3132,19.556,4035652.0
2013-03-06,19.6165,19.6911,19.311,19.3753,2867304.0
2013-03-07,19.4424,19.5064,19.3303,19.4056,2034017.0
2013-03-08,19.4534,19.4639,19.2169,19.3788,2891438.0
2013-03-11,19.3831,19.5835,19.3783,19.4614,1542418.0
2013-03-12,19.3585,19.3881,19.1824,19.281,1991787.0
2013-03-13,19.2882,19.358,19.1483,19.2234,1638718.0
2013-03-14,19.2654,19.2654,19.0252,19.1291,1642218.0
2013-03-15,19.053,19.098,18.9239,18.9479,2912728.0
2013-03-18,18.7151,18.9093,18.6268,18.785,1823684.0
2013-03-19,18.8713,19.0718,18.7514,18.8733,2093700.0
2013-03-20,19.0112,19.0282,18.8763,18.9579,1461570.0
2013-03-21,18.8726,19.0132,18.8365,18.8718,1406919.0
2013-03-22,18.9589,18.9714,18.8313,18.848,1477947.0
2013-03-25,18.9006,19.0713,18.7607,18.8313,1703829.0
2013-03-26,18.9279,18.9404,18.785,18.9008,1165324.0
2013-03-27,18.7572,18.7652,18.6233,18.6566,2156400.0
2013-03-28,18.6899,18.7244,18.4224,18.4444,2255211.0
2013-04-01,18.4651,18.6463,18.4211,18.6198,1776087.0
2013-04-02,18.7036,18.9611,18.6901,18.9163,2038632.0
2013-04-03,18.9269,18.9454,18.6065,18.7452,1733114.0
2013-04-04,18.6964,18.7339,18.3723,18.4666,2432281.0
2013-04-05,18.2412,18.2644,17.9994,18.1658,3417544.0
2013-04-08,18.0582,18.0783,17.7992,17.9606,2824586.0
2013-04-09,17.9769,18.1834,17.9171,18.0307,2151738.0
2013-04-10,18.1626,18.3986,17.9894,18.3443,1974756.0
2013-04-11,18.4118,18.4173,18.1911,18.3495,1956714.0
2013-04-12,18.3896,18.3923,18.1628,18.341,1615053.0
2013-04-15,18.2384,18.5149,18.0149,18.1378,2443620.0
2013-04-16,18.2544,18.4899,18.1876,18.4241,1732497.0
2013-04-17,18.2584,18.3608,18.042,18.1536,2027892.0
2013-04-18,18.2234,18.2347,17.6206,17.7369,2856323.0
2013-04-19,17.8182,18.6761,17.7457,18.5868,5778233.0
2013-04-22,18.605,18.6889,17.9644,18.5928,2864074.0
2013-04-23,18.615,18.9779,18.599,18.7877,2276054.0
2013-04-24,18.793,19.0405,18.7902,18.9266,1824884.0
2013-04-25,18.9967,19.0022,18.781,18.8177,1597696.0
2013-04-26,18.7802,18.7837,18.5044,18.6256,2475177.0
2013-04-29,18.6714,19.1581,18.6651,19.067,2293100.0
2013-04-30,19.0655,19.2817,19.0325,19.2049,2293623.0
2013-05-01,19.1721,19.2086,18.9994,19.1013,1453352.0
2013-05-02,19.093,19.4546,19.0667,19.331,2014225.0
2013-05-03,19.5149,19.7612,19.4909,19.7342,2501296.0
2013-05-06,19.7977,20.1378,19.7977,20.1303,2127913.0
2013-05-07,20.1668,20.1884,19.858,20.0222,1957634.0
2013-05-08,20.0164,20.4389,19.9141,20.4326,2440765.0
2013-05-09,20.3628,20.5835,20.2975,20.3788,2194716.0
2013-05-10,20.4747,20.6055,20.3958,20.5978,1883425.0
2013-05-13,20.5642,20.6538,20.4264,20.5302,1436032.0
2013-05-14,20.5295,20.8095,20.5205,20.7697,1557600.0
2013-05-15,20.9799,21.5024,20.9429,21.4902,3975740.0
2013-05-16,21.568,21.5925,21.1428,21.1894,3193890.0
2013-05-17,21.3433,21.4299,21.1055,21.3223,2764806.0
2013-05-20,21.2176,21.608,21.2176,21.306,2235523.0
2013-05-21,21.2932,21.3843,21.0327,21.2669,1978699.0
2013-05-22,21.1566,21.3255,20.7642,20.8278,2548900.0
2013-05-23,20.5169,20.8413,20.4419,20.6618,2259795.0
2013-05-24,20.4734,20.5625,20.367,20.4249,2285952.0
2013-05-28,20.6796,20.8958,20.602,20.6238,2244364.0
2013-05-29,20.4847,20.5417,20.1989,20.2995,2008796.0
2013-05-30,20.3398,20.5645,20.2519,20.3608,2117546.0
2013-05-31,20.2947,20.5169,20.2797,20.3721,1833170.0
2013-06-03,20.4168,20.4411,19.9669,20.2825,2459261.0
2013-06-04,20.288,20.3565,19.9431,20.069,1856195.0
2013-06-05,20.1543,20.328,20.0197,20.084,2097545.0
2013-06-06,20.1991,20.2499,19.7717,20.2076,2569170.0
2013-06-07,20.3523,20.592,20.2247,20.5853,2638661.0
2013-06-10,20.6446,20.8673,20.5943,20.8478,2318619.0
2013-06-11,20.6914,20.7672,20.58,20.5873,1750939.0
2013-06-12,20.7287,20.7422,20.333,20.3913,2199643.0
2013-06-13,20.3162,20.5835,20.2292,20.5169,2005545.0
2013-06-14,20.5945,20.7096,20.4451,20.4679,2231416.0
2013-06-17,20.5728,20.828,20.549,20.7484,2132675.0
2013-06-18,20.8085,21.1175,20.801,21.108,2144801.0
2013-06-19,21.1268,21.3638,21.03,21.1095,2910071.0
2013-06-20,20.9421,21.1175,20.6749,20.7106,3358966.0
2013-06-21,20.8007,20.8393,20.4186,20.6153,3762051.0
2013-06-24,20.3888,20.4999,20.1729,20.3365,3007312.0
2013-06-25,20.5235,20.584,20.2044,20.2467,2545466.0
2013-06-26,20.4356,20.542,20.356,20.4331,1824952.0
2013-06-27,20.562,20.7094,20.5082,20.5187,1924723.0
2013-06-28,20.4644,20.6381,20.4466,20.6013,2098892.0
2013-07-01,20.7534,20.8943,20.7171,20.7892,1717357.0
2013-07-02,20.8473,20.8673,20.5237,20.6498,1856625.0
2013-07-03,20.5895,20.8215,20.5545,20.7529,1048528.0
2013-07-05,20.8425,20.9777,20.7757,20.9296,1646124.0
2013-07-08,21.0728,21.2494,21.0194,21.2199,1894704.0
2013-07-09,21.3678,21.4166,21.042,21.2237,1958027.0
2013-07-10,21.1789,21.3711,21.102,21.2424,1698879.0
2013-07-11,21.4178,21.6133,21.3057,21.599,2566651.0
2013-07-12,21.593,21.6681,21.4739,21.6681,2543287.0
2013-07-15,21.7006,21.7932,21.5019,21.7104,1952575.0
2013-07-16,21.7715,21.7925,21.4404,21.583,1933827.0
2013-07-17,21.618,21.7647,21.5004,21.5567,1500349.0
2013-07-18,21.5677,21.593,21.1724,21.3598,3054503.0
2013-07-19,20.7574,21.1663,20.4822,21.0072,7340928.0
2013-07-22,21.1426,21.4096,21.0174,21.3603,2895295.0
2013-07-23,21.3603,21.4178,21.0818,21.1876,2020581.0
2013-07-24,21.2742,21.3503,21.11,21.1651,2053542.0
2013-07-25,20.9391,21.0137,20.7442,20.7847,2992175.0
2013-07-26,20.7669,20.842,20.6421,20.7259,1774663.0
2013-07-29,20.7146,20.9629,20.6143,20.6488,1887817.0
2013-07-30,20.7287,20.9827,20.6138,20.8653,1752787.0
2013-07-31,20.9171,21.0049,20.7467,20.786,2067756.0
2013-08-01,20.9674,21.2064,20.9674,21.1981,2127351.0
2013-08-02,21.1786,21.2677,21.113,21.2569,1686494.0
2013-08-05,21.2274,21.2307,21.0725,21.2176,1306855.0
2013-08-06,21.2099,21.3353,20.9857,21.0067,1474354.0
2013-08-07,20.9684,21.0537,20.8195,20.8585,1377372.0
2013-08-08,20.9797,20.9884,20.7244,20.9088,1480500.0
2013-08-09,20.8563,20.9804,20.8423,20.8525,1318103.0
2013-08-12,20.7647,20.7672,20.6333,20.7299,1373184.0
2013-08-13,20.7629,20.8047,20.4969,20.6233,1418176.0
2013-08-14,20.5512,20.5978,20.2707,20.337,2077142.0
2013-08-15,20.2026,20.2146,20.0415,20.083,1802585.0
2013-08-16,20.1236,20.1526,20.0049,20.0139,1660914.0
2013-08-19,20.0342,20.3918,20.0277,20.2329,1806989.0
2013-08-20,20.3005,20.3946,20.1801,20.2272,1232875.0
2013-08-21,20.358,20.5144,20.2542,20.325,1728482.0
2013-08-22,20.4093,20.4606,20.348,20.4346,866581.0
2013-08-23,20.5377,20.542,20.3355,20.347,1048982.0
2013-08-26,20.3418,20.4644,20.2429,20.2514,1053056.0
2013-08-27,20.082,20.1849,19.7887,19.845,1721079.0
2013-08-28,19.8475,19.9767,19.7855,19.805,1288036.0
2013-08-29,19.818,20.101,19.806,19.9772,1335780.0
2013-08-30,19.9854,20.0425,19.7302,19.7637,1770825.0
2013-09-03,19.9504,20.2464,19.9401,20.101,2018105.0
2013-09-04,20.1003,20.4294,19.9707,20.3826,1980021.0
2013-09-05,20.4294,20.589,20.3821,20.581,1288936.0
2013-09-06,20.6531,20.6866,20.4354,20.5815,1559129.0
2013-09-09,20.6854,20.836,20.6526,20.7935,1220040.0
2013-09-10,20.8428,20.8923,20.6921,20.809,1263653.0
2013-09-11,20.8057,21.0167,20.7442,20.9972,1605204.0
2013-09-12,21.0275,21.04,20.8425,20.9188,1091633.0
2013-09-13,20.9549,20.9844,20.7131,20.8187,1316211.0
2013-09-16,20.9974,21.0174,20.7139,20.7862,1336944.0
2013-09-17,20.7775,20.802,20.617,20.7449,1252918.0
2013-09-18,20.7509,21.1919,20.6688,21.1756,1926978.0
2013-09-19,21.2424,21.2424,20.9774,21.0522,1589762.0
2013-09-20,21.0522,21.1959,20.9829,21.1704,3078977.0
2013-09-23,20.9962,21.1323,20.7222,20.7547,1746714.0
2013-09-24,20.7547,20.8448,20.6271,20.7632,1452501.0
2013-09-25,20.7559,20.7559,20.4819,20.5227,1638415.0
2013-09-26,20.5495,20.6608,20.4669,20.5462,1253006.0
2013-09-27,20.4624,20.53,20.3746,20.5017,1246331.0
2013-09-30,20.3187,20.613,20.2995,20.4897,1700953.0
2013-10-01,20.5983,20.784,20.5933,20.7672,1668056.0
2013-10-02,20.6603,20.826,20.5375,20.792,1484658.0
2013-10-03,20.7922,20.9449,20.3943,20.4942,2107978.0
2013-10-04,20.4669,20.5297,20.3418,20.4006,1350817.0
2013-10-07,20.278,20.4416,20.1944,20.2352,1284148.0
2013-10-08,20.2247,20.2412,19.8821,19.9331,1931482.0
2013-10-09,19.9984,20.1578,19.6656,19.9879,2646656.0
2013-10-10,20.1876,20.3125,20.0968,20.2977,2239689.0
2013-10-11,20.2424,20.4289,20.2242,20.3916,1400069.0
2013-10-14,20.2582,20.4982,20.2264,20.4947,1236880.0
2013-10-15,20.4859,20.7329,20.4419,20.6423,1588169.0
2013-10-16,20.7389,21.0507,20.6924,21.043,1982428.0
2013-10-17,20.9171,21.0149,20.7354,20.812,3603037.0
2013-10-18,23.0089,23.9819,22.9444,23.8803,11476370.0
2013-10-21,23.8818,24.0705,23.5838,23.6776,3611090.0
2013-10-22,23.7202,23.9204,23.4897,23.7702,2204745.0
2013-10-23,23.6201,24.4646,23.6108,24.3808,2652232.0
2013-10-24,24.3926,24.6103,24.2156,24.2344,2054452.0
2013-10-25,24.3162,24.3162,23.8638,23.9754,2012726.0
2013-10-28,23.9754,24.1814,23.9199,23.9704,1108740.0
2013-10-29,24.073,24.5194,23.9329,24.5019,1603161.0
2013-10-30,24.5317,24.5337,24.2457,24.3563,1315320.0
2013-10-31,24.319,24.6341,24.1949,24.3603,1507066.0
2013-11-01,24.3906,24.4959,24.2232,24.2717,1268216.0
2013-11-04,24.3833,24.4051,24.1463,24.2482,1086537.0
2013-11-05,24.1043,24.3871,24.031,24.1336,1162521.0
2013-11-06,24.2357,24.2707,23.9797,24.1643,913047.0
2013-11-07,24.1608,24.1939,23.7862,23.794,1671978.0
2013-11-08,23.814,24.058,23.8077,23.9962,1282481.0
2013-11-11,23.833,23.9937,23.7952,23.86,1110049.0
2013-11-12,23.7877,24.0345,23.7202,23.8898,1213206.0
2013-11-13,23.7639,24.4171,23.7577,24.4076,1569667.0
2013-11-14,24.4439,24.5898,24.3545,24.4767,1160734.0
2013-11-15,24.4676,24.546,24.3535,24.4349,1264331.0
2013-11-18,24.4897,24.8147,24.3268,24.3846,1754160.0
2013-11-19,24.3888,24.4646,24.1719,24.2257,1117772.0
2013-11-20,24.3445,24.4299,24.1045,24.1533,954789.0
2013-11-21,24.2707,24.5537,24.2457,24.4476,1085340.0
2013-11-22,24.4314,24.5002,24.3263,24.3931,1207850.0
2013-11-25,24.525,24.9261,24.4714,24.7444,1609817.0
2013-11-26,24.8112,25.1341,24.6694,25.0567,2076177.0
2013-11-27,25.1473,25.2967,25.0965,25.1744,1122331.0
2013-11-29,25.1506,25.2622,25.0828,25.0863,1192546.0
2013-12-02,25.1844,25.2554,24.8653,24.9584,1358054.0
2013-12-03,24.8701,25.1826,24.8218,24.9279,1657254.0
2013-12-04,24.8806,25.1961,24.8463,25.051,1190072.0
2013-12-05,25.0265,25.088,24.8736,25.03,1131074.0
2013-12-06,25.3415,25.3468,25.0985,25.3435,1420708.0
2013-12-09,25.3716,25.6548,25.2972,25.5505,1475525.0
2013-12-10,25.5007,25.9051,25.4882,25.7136,1736457.0
2013-12-11,25.7822,25.8803,25.4762,25.5292,1698434.0
2013-12-12,25.5863,25.6706,25.3218,25.3458,1578272.0
2013-12-13,25.4819,25.5042,25.0435,25.1163,2158213.0
2013-12-16,25.1966,25.4641,25.1468,25.4214,1595967.0
2013-12-17,25.4173,25.616,25.3062,25.3433,1525277.0
2013-12-18,25.3931,25.7209,25.0725,25.7159,2135007.0
2013-12-19,25.616,25.8971,25.574,25.7527,1658059.0
2013-12-20,25.8047,26.1268,25.7972,26.113,3091151.0
2013-12-23,26.2937,26.4929,26.2257,26.4754,1714129.0
2013-12-24,26.4722,26.4789,26.3002,26.3938,733638.0
2013-12-26,26.4481,26.573,26.315,26.5345,1336224.0
2013-12-27,26.598,26.605,26.4213,26.558,1558635.0
2013-12-30,26.6065,26.6105,26.3233,26.3343,1234727.0
2013-12-31,26.4038,26.6231,26.2542,26.6158,1344405.0
2014-01-02,26.4844,26.5417,26.3042,26.4259,1810055.0
2014-01-03,26.4729,26.5212,26.2209,26.2227,1653636.0
2014-01-06,26.4231,26.5695,26.2587,26.531,1731221.0
2014-01-07,26.7232,27.0908,26.6271,27.0698,2544123.0
2014-01-08,27.2487,27.2817,26.9306,27.1293,2236016.0
2014-01-09,27.1846,27.2041,26.7372,26.8543,2082759.0
2014-01-10,27.0755,27.0755,26.6543,26.8528,2132085.0
2014-01-13,26.7599,27.2715,26.5272,26.6726,2425018.0
2014-01-14,27.0472,27.3738,26.8005,27.3338,2475818.0
2014-01-15,27.4236,27.4739,27.1934,27.3142,1948197.0
2014-01-16,27.3263,27.547,27.2987,27.5044,1681439.0
2014-01-17,27.5202,27.6148,27.2036,27.362,2681154.0
2014-01-21,27.6223,27.6991,27.3813,27.6916,1972335.0
2014-01-22,27.7644,27.7965,27.5705,27.7247,1566951.0
2014-01-23,27.599,27.6613,27.4581,27.6015,1942714.0
2014-01-24,27.3741,27.4374,26.6731,26.6939,3896657.0
2014-01-27,26.7507,26.7607,25.6538,26.1283,4251241.0
2014-01-28,26.3558,26.7417,26.3463,26.6734,2190659.0
2014-01-29,26.576,26.6418,26.083,26.2707,2241883.0
2014-01-30,27.2237,27.4111,26.7795,26.9832,4449180.0
2014-01-31,27.8831,28.2632,27.3771,28.1238,5541001.0
2014-02-03,28.0795,28.1426,26.8983,26.9341,4431164.0
2014-02-04,27.0482,27.4739,27.0237,27.0525,2804885.0
2014-02-05,27.1831,27.368,26.7987,27.1786,2361259.0
2014-02-06,27.3771,27.603,27.2875,27.598,1942127.0
2014-02-07,27.79,28.047,27.613,28.0355,2611356.0
2014-02-10,27.8943,28.1596,27.8248,27.9226,1940427.0
2014-02-11,28.1038,28.3963,27.9046,28.3543,2041800.0
2014-02-12,28.3248,28.3498,28.1341,28.2534,1723015.0
2014-02-13,28.1183,28.5918,28.091,28.5883,1829059.0
2014-02-14,28.4902,28.7099,28.4199,28.6701,2181410.0
2014-02-18,28.6353,28.9221,28.6,28.8723,2104882.0
2014-02-19,28.7327,28.8308,28.5375,28.6586,2087511.0
2014-02-20,28.6786,28.7722,28.6055,28.7029,1696546.0
2014-02-21,28.7955,28.847,28.6709,28.6949,1850786.0
2014-02-24,28.7342,29.1045,28.7277,28.9131,1620226.0
2014-02-25,28.9989,29.2131,28.8608,29.1005,1433604.0
2014-02-26,29.2006,29.3228,28.9444,29.1048,1976353.0
2014-02-27,29.0602,29.2064,29.0257,29.0808,1250806.0
2014-02-28,29.109,29.2054,28.7557,28.9917,2231902.0
2014-03-03,28.7689,28.7962,28.4033,28.6673,2095198.0
2014-03-04,28.9754,29.0004,28.8378,28.9732,1461971.0
2014-03-05,28.9767,29.1776,28.8853,29.057,1224205.0
2014-03-06,29.1576,29.2542,29.0655,29.0908,1265141.0
2014-03-07,29.2707,29.2752,28.8861,28.9702,1465921.0
2014-03-10,28.9927,29.0412,28.7024,28.8896,1212777.0
2014-03-11,28.9446,28.9584,28.5159,28.5998,1704893.0
2014-03-12,28.5099,28.7965,28.2044,28.7827,1961350.0
2014-03-13,28.799,28.8628,28.2186,28.3263,2328857.0
2014-03-14,28.1493,28.3716,27.9126,27.9193,2283358.0
2014-03-17,28.0808,28.5267,28.0522,28.4023,2153729.0
2014-03-18,28.4666,28.8886,28.4264,28.8886,1813455.0
2014-03-19,28.8953,28.9001,28.4601,28.5813,1609313.0
2014-03-20,28.5988,28.8405,28.4839,28.529,1678996.0
2014-03-21,28.7579,28.841,28.1608,28.1608,2922009.0
2014-03-24,28.2044,28.2222,27.2474,27.548,2995928.0
2014-03-25,27.7492,27.8453,27.2737,27.567,2393540.0
2014-03-26,27.6493,27.8886,26.8858,26.8976,2539592.0
2014-03-27,26.8695,26.8968,26.1501,26.4549,3725664.0
2014-03-28,26.573,26.9281,26.5422,26.6018,2252080.0
2014-03-31,26.8583,26.9734,26.4191,26.4606,1938103.0
2014-04-01,26.6048,27.036,26.548,26.9707,2174719.0
2014-04-02,27.1461,27.2186,26.6981,26.9759,2083322.0
2014-04-03,27.0625,27.985,26.8705,27.145,4019600.0
2014-04-04,27.4975,27.5555,25.7945,25.834,5361117.0
2014-04-07,25.8095,26.0625,25.0965,25.6015,3945798.0
2014-04-08,25.8225,26.564,25.805,26.4455,3480041.0
2014-04-09,26.862,26.96,26.339,26.922,3024843.0
2014-04-10,26.97,26.9805,25.845,25.9165,3288231.0
2014-04-11,25.467,25.9495,25.24,25.458,3172326.0
2014-04-14,25.753,26.221,25.596,25.83,2536385.0
2014-04-15,26.12,26.2145,25.102,26.005,3976604.0
2014-04-16,26.455,26.77,26.225,26.765,4196332.0
2014-04-17,26.386,26.42,25.54,25.737,5596228.0
2014-04-21,25.77,25.77,25.27,25.5385,2421043.0
2014-04-22,25.37,25.9695,25.37,25.845,2320151.0
2014-04-23,25.7535,25.81,24.976,25.4455,1927878.0
2014-04-24,25.6545,25.695,25.12,25.292,2064783.0
2014-04-25,25.183,25.263,24.695,24.725,2362629.0
2014-04-28,24.86,24.865,24.12,24.719,3747239.0
2014-04-29,24.7645,25.458,24.72,25.3865,2529666.0
2014-04-30,25.326,25.387,25.0245,25.314,2032837.0
2014-05-01,25.2825,25.5655,25.213,25.4965,2000509.0
2014-05-02,25.642,25.69,25.2335,25.2635,1774860.0
2014-05-05,25.082,25.356,24.949,25.3365,1228139.0
2014-05-06,25.2405,25.297,24.683,24.6985,1800152.0
2014-05-07,24.7325,24.7915,24.1245,24.47,3061833.0
2014-05-08,24.356,24.9375,24.293,24.5785,2445999.0
2014-05-09,24.5025,24.9375,24.284,24.901,2257497.0
2014-05-12,25.162,25.5075,24.9455,25.4915,1939988.0
2014-05-13,25.549,25.7695,25.465,25.647,2009382.0
2014-05-14,25.661,25.661,25.2255,25.2905,1279173.0
2014-05-15,25.227,25.27,24.8355,25.026,1825557.0
2014-05-16,25.05,25.112,24.7485,24.985,1902880.0
2014-05-19,25.014,25.5375,24.853,25.5115,1973698.0
2014-05-20,25.57,25.8875,25.3985,25.5895,2420439.0
2014-05-21,25.715,26.0575,25.6755,26.055,1561496.0
2014-05-22,26.18,26.468,26.12,26.3425,2145193.0
2014-05-23,26.4765,26.82,26.2785,26.76,2667985.0
2014-05-27,26.959,27.3135,26.7775,27.3135,2185396.0
2014-05-28,27.2985,27.453,27.0675,27.0925,1579987.0
2014-05-29,27.2395,27.244,26.9925,27.098,1407079.0
2014-05-30,27.152,27.199,26.8595,27.1205,1814872.0
2014-06-02,27.0575,27.0905,26.405,26.787,1658420.0
2014-06-03,26.615,26.69,26.196,26.2955,2025161.0
2014-06-04,26.146,26.499,25.998,26.2535,1727950.0
2014-06-05,26.4255,26.82,26.3225,26.8165,1788074.0
2014-06-06,26.978,27.01,26.549,26.8715,1733893.0
2014-06-09,26.9075,27.17,26.831,27.1065,1527883.0
2014-06-10,27.009,27.17,26.8765,26.985,1469591.0
2014-06-11,26.866,27.0185,26.754,26.945,1127754.0
2014-06-12,26.92,26.92,26.4275,26.545,1545516.0
2014-06-13,26.574,26.6025,26.256,26.5875,1351566.0
2014-06-16,26.4325,26.4695,26.07,26.185,1924922.0
2014-06-17,26.188,26.257,25.9435,26.1005,1476924.0
2014-06-18,26.21,26.64,26.149,26.603,2056391.0
2014-06-19,26.6275,26.82,26.403,26.8195,2626082.0
2014-06-20,26.8925,26.9085,26.5385,26.896,2988273.0
2014-06-23,26.7875,27.292,26.745,27.2845,1720232.0
2014-06-24,27.281,27.6825,27.028,27.197,2842940.0
2014-06-25,27.2475,27.935,27.233,27.8665,2100749.0
2014-06-26,28.035,28.05,27.55,27.8085,1983685.0
2014-06-27,27.8425,27.964,27.701,27.8545,1828081.0
2014-06-30,27.908,27.9555,27.7345,27.8035,1476606.0
2014-07-01,27.9525,28.253,27.8845,28.1445,1639121.0
2014-07-02,28.183,28.2775,28.0255,28.109,1192317.0
2014-07-03,28.155,28.2825,28.02,28.224,898852.0
2014-07-07,28.2455,28.352,27.967,28.108,1332534.0
2014-07-08,27.888,27.9685,27.27,27.4885,2082520.0
2014-07-09,27.5175,27.775,27.42,27.738,1370322.0
2014-07-10,27.22,27.8325,27.175,27.572,1433469.0
2014-07-11,27.62,27.9815,27.5985,27.9025,1510248.0
2014-07-14,28.1,28.313,27.9045,28.283,1950048.0
2014-07-15,28.4145,28.42,28.0825,28.101,1393819.0
2014-07-17,28.0185,28.045,27.4125,27.611,2637774.0
2014-07-18,28.7205,28.905,28.116,28.8255,4843593.0
2014-07-21,28.6375,28.778,28.2925,28.492,2235456.0
2014-07-22,28.555,29.0145,28.5325,28.7485,1878121.0
2014-07-23,28.6725,28.9225,28.6375,28.8295,1096890.0
2014-07-24,28.8465,29.0155,28.62,28.7205,1291478.0
2014-07-25,28.5325,28.62,28.3575,28.474,1355261.0
2014-07-28,28.4575,28.6245,28.1995,28.521,1357052.0
2014-07-29,28.455,28.4945,28.1785,28.2675,1287345.0
2014-07-30,28.3605,28.4925,28.205,28.342,1212260.0
2014-07-31,28.018,28.1695,27.454,27.5625,2270985.0
2014-08-01,27.4975,27.7415,27.085,27.25,2195804.0
2014-08-04,27.3955,27.761,27.183,27.68,1498403.0
2014-08-05,27.539,27.58,27.0855,27.227,1643066.0
2014-08-06,27.045,27.502,26.9425,27.2945,1245977.0
2014-08-07,27.3725,27.4855,27.0415,27.1605,1156133.0
2014-08-08,27.171,27.548,27.021,27.467,1488483.0
2014-08-11,27.52,27.5545,27.3345,27.4325,1168547.0
2014-08-12,27.32,27.365,27.0655,27.176,1385612.0
2014-08-13,27.3925,27.876,27.33,27.798,1891646.0
2014-08-14,27.9045,27.96,27.616,27.8025,1166884.0
2014-08-15,27.945,28.0435,27.608,27.7555,1720661.0
2014-08-18,27.925,28.3225,27.8975,28.205,1476536.0
2014-08-19,28.3495,28.4605,28.292,28.4255,1012003.0
2014-08-20,28.4175,28.4195,28.22,28.3405,923976.0
2014-08-21,28.315,28.3325,28.125,28.191,1125460.0
2014-08-22,28.2335,28.3195,28.06,28.197,872886.0
2014-08-25,28.3085,28.349,28.033,28.0985,1294878.0
2014-08-26,28.17,28.1725,27.9425,27.976,1425782.0
2014-08-27,27.9605,28.0385,27.615,27.72,1358314.0
2014-08-28,27.571,27.8055,27.464,27.586,1404335.0
2014-08-29,27.6875,27.715,27.482,27.688,1169899.0
2014-09-02,27.7175,28.035,27.69,28.0015,1576184.0
2014-09-03,28.1565,28.2945,27.895,28.046,1577382.0
2014-09-04,28.1765,28.47,28.1,28.227,1620533.0
2014-09-05,28.3265,28.495,28.2475,28.459,1757190.0
2014-09-08,28.527,28.746,28.471,28.6515,1589378.0
2014-09-09,28.5835,28.6,28.094,28.1685,1564123.0
2014-09-10,28.157,28.256,27.927,28.241,1149377.0
2014-09-11,28.07,28.167,27.872,28.1255,1488992.0
2014-09-12,28.0895,28.144,27.734,27.815,1826663.0
2014-09-15,27.682,27.766,27.4205,27.652,1541080.0
2014-09-16,27.6175,28.0775,27.6175,28.009,1570580.0
2014-09-17,28.0455,28.3735,27.926,28.2345,1707062.0
2014-09-18,28.3225,28.448,28.221,28.4335,1487551.0
2014-09-19,28.5445,28.84,28.458,28.8155,3986336.0
2014-09-22,28.695,28.76,28.226,28.4335,1766747.0
2014-09-23,28.32,28.4025,28.082,28.129,1398756.0
2014-09-24,28.1485,28.5755,28.085,28.483,1754031.0
2014-09-25,28.4195,28.4735,27.807,27.8325,1662607.0
2014-09-26,27.8665,28.0485,27.82,27.9525,1278824.0
2014-09-29,27.6615,28.0355,27.6485,27.9605,1122530.0
2014-09-30,27.9445,28.12,27.795,27.9905,1511281.0
2014-10-01,27.91,28.006,27.471,27.5525,1429612.0
2014-10-02,27.47,27.732,27.2725,27.614,1529342.0
2014-10-03,27.775,27.9845,27.745,27.8825,1206825.0
2014-10-06,28.0675,28.19,27.84,27.959,1285224.0
2014-10-07,27.815,27.8625,27.275,27.275,1520286.0
2014-10-08,27.3095,27.8045,26.952,27.757,2203889.0
2014-10-09,27.6505,27.6965,27.0215,27.1105,2351297.0
2014-10-10,26.9435,27.3315,26.3205,26.3295,2962085.0
2014-10-13,26.3265,26.6135,25.7915,25.7915,2720338.0
2014-10-14,26.077,26.5015,25.795,26.0045,2604990.0
2014-10-15,25.674,25.7655,24.991,25.5985,3801006.0
2014-10-16,24.92,25.6195,24.8175,25.3965,3564836.0
2014-10-17,25.5925,25.7425,24.4905,24.7185,5978980.0
2014-10-20,24.5925,25.228,24.527,25.1915,2740459.0
2014-10-21,25.4335,25.5085,25.08,25.472,2447767.0
2014-10-22,25.6225,26.108,25.5815,25.7045,2967206.0
2014-10-23,25.984,26.44,25.845,26.2525,2093194.0
2014-10-24,26.319,26.32,25.828,26.015,2168718.0
2014-10-27,25.958,26.27,25.93,26.064,1594818.0
2014-10-28,26.1555,26.53,26.0915,26.517,1705163.0
2014-10-29,26.6125,26.8185,26.369,26.4925,2049613.0
2014-10-30,26.4825,26.695,26.1765,26.5835,1523347.0
2014-10-31,26.985,27.0065,26.8105,26.952,2289756.0
2014-11-03,26.7465,26.9275,26.6515,26.7585,1529997.0
2014-11-04,26.628,26.8095,26.485,26.7795,1382886.0
2014-11-05,26.9095,26.915,26.2775,26.3675,1638479.0
2014-11-06,26.345,26.4095,26.099,26.1545,1644325.0
2014-11-07,26.35,26.35,26.0375,26.161,1579028.0
2014-11-10,26.19,26.6015,26.151,26.479,1294860.0
2014-11-11,26.496,26.695,26.382,26.6345,1094839.0
2014-11-12,26.6275,26.6325,26.345,26.4825,1055344.0
2014-11-13,26.6105,26.611,26.2745,26.392,1502188.0
2014-11-14,26.47,26.47,26.1955,26.3295,1409737.0
2014-11-17,26.3295,26.3295,25.792,25.9025,1669082.0
2014-11-18,25.9665,26.2095,25.76,25.7955,1811806.0
2014-11-19,25.8075,25.981,25.5295,25.93,1506052.0
2014-11-20,25.6745,25.839,25.645,25.758,1740835.0
2014-11-21,26.122,26.122,25.82,25.8645,2492427.0
2014-11-24,25.8985,26.1295,25.7775,25.944,1645619.0
2014-11-25,25.9305,26.195,25.9155,26.0315,1857576.0
2014-11-26,26.0315,26.064,25.8315,25.96,1453758.0
2014-11-28,25.92,26.05,25.794,26.024,1209971.0
2014-12-01,25.8245,26.0095,25.501,25.5525,1979537.0
2014-12-02,25.5425,25.6625,25.3025,25.4995,2073529.0
2014-12-03,25.445,25.64,25.3305,25.4185,1621380.0
2014-12-04,25.452,25.7045,25.3145,25.699,1626394.0
2014-12-05,25.405,25.48,24.933,24.974,3056257.0
2014-12-08,25.031,25.2605,24.92,25.1065,3226476.0
2014-12-09,24.8635,25.4025,24.7405,25.3755,2163218.0
2014-12-10,25.365,25.538,24.9445,24.972,2309087.0
2014-12-11,25.0705,25.422,25.028,25.1775,2266819.0
2014-12-12,24.942,25.182,24.643,24.6455,2358922.0
2014-12-15,24.758,24.8385,24.3395,24.362,2615389.0
2014-12-16,24.25,24.349,23.4295,23.478,4329514.0
2014-12-17,23.563,24.0235,23.5255,23.8925,3617853.0
2014-12-18,24.3695,24.3825,23.898,24.301,3846893.0
2014-12-19,24.4195,24.6105,24.013,24.572,4569421.0
2014-12-22,24.6005,25.2185,24.5995,25.185,3304534.0
2014-12-23,25.2955,25.685,25.256,25.5085,2808264.0
2014-12-24,25.511,25.5845,25.325,25.4165,737748.0
2014-12-26,25.4165,25.7325,25.3445,25.646,1102843.0
2014-12-29,25.595,25.7665,25.428,25.4355,2214981.0
2014-12-30,25.318,25.462,25.2505,25.334,1027851.0
2014-12-31,25.457,25.49,25.08,25.1025,1210420.0
2015-01-02,25.2,25.36,24.964,25.0475,1321303.0
2015-01-05,24.9275,24.9695,24.4575,24.543,1945755.0
2015-01-06,24.595,24.6305,23.8475,23.902,2720569.0
2015-01-07,24.1175,24.1445,23.7525,23.8275,2337234.0
2015-01-08,23.6455,23.945,23.321,23.9125,3649218.0
2015-01-09,23.979,24.0,23.5025,23.606,2089927.0
2015-01-12,23.532,23.584,23.1155,23.423,2810376.0
2015-01-13,23.6985,24.0,23.433,23.658,3042067.0
2015-01-14,23.591,23.983,23.478,23.8665,2564355.0
2015-01-15,24.0145,24.0575,23.6705,23.7705,2545107.0
2015-01-16,23.7275,24.1125,23.7245,24.0925,2461197.0
2015-01-20,24.2085,24.3505,24.0385,24.067,2339101.0
2015-01-21,24.112,24.508,24.0495,24.4,822549.0
2015-01-22,24.72,25.512,24.6655,25.435,2799690.0
2015-01-23,25.4715,25.8405,25.3575,25.6675,2288262.0
2015-01-26,25.645,25.645,25.1735,25.406,1544835.0
2015-01-27,25.14,25.209,24.613,24.6475,1934078.0
2015-01-28,24.82,24.8545,24.1875,24.1915,1766787.0
2015-01-29,24.215,24.3295,23.744,24.2315,3342840.0
2015-01-30,24.52,25.725,24.479,25.45,6007193.0
2015-02-02,25.286,25.395,24.656,25.18,3747539.0
2015-02-03,25.067,25.4425,24.9105,25.235,2327023.0
2015-02-04,25.227,25.407,24.8215,24.875,1684579.0
2015-02-05,24.9665,25.1045,24.852,25.0615,1654085.0
2015-02-06,25.1205,25.5805,25.0025,25.2635,2133291.0
2015-02-09,25.123,25.264,24.9475,25.034,1510231.0
2015-02-10,25.1775,25.62,25.0285,25.578,2361263.0
2015-02-11,25.5565,25.6675,25.37,25.47,1911359.0
2015-02-12,25.553,25.987,25.42,25.8705,2424862.0
2015-02-13,25.9455,26.197,25.9,26.128,2273499.0
2015-02-17,26.128,26.22,25.733,25.8205,1955450.0
2015-02-18,25.761,25.9475,25.5475,25.7025,1450356.0
2015-02-19,25.6935,25.913,25.6075,25.8925,1539572.0
2015-02-20,25.949,25.949,25.475,25.66,1904982.0
2015-02-23,25.52,25.535,25.17,25.32,1641299.0
2015-02-24,25.1475,25.54,25.12,25.5025,1419378.0
2015-02-25,25.492,26.0485,25.4705,25.9355,2027709.0
2015-02-26,25.857,26.5765,25.8245,26.5345,2681640.0
2015-02-27,26.4775,27.041,26.4215,26.7035,3391072.0
2015-03-02,26.92,27.3695,26.7275,27.321,2510495.0
2015-03-03,27.3875,27.6125,27.095,27.5095,2511394.0
2015-03-04,27.4185,27.6515,27.196,27.4865,1845505.0
2015-03-05,27.551,27.73,27.4815,27.6415,1791173.0
2015-03-06,27.67,27.709,27.173,27.215,1845021.0
2015-03-09,27.116,27.3425,27.0225,27.275,1166908.0
2015-03-10,26.9935,27.058,26.561,26.5925,1936425.0
2015-03-11,26.56,26.779,26.3405,26.3545,2015220.0
2015-03-12,26.494,26.662,26.3465,26.6285,1772111.0
2015-03-13,26.5315,26.788,26.0865,26.22,1763701.0
2015-03-16,26.4165,26.7575,26.136,26.652,1821501.0
2015-03-17,26.4845,26.602,26.2905,26.4505,1433248.0
2015-03-18,26.4565,26.8955,26.245,26.878,1750079.0
2015-03-19,26.796,26.918,26.676,26.7535,1226478.0
2015-03-20,26.9055,26.925,26.794,26.82,2096355.0
2015-03-23,26.87,27.052,26.723,26.8385,1499633.0
2015-03-24,26.997,27.664,26.9745,27.447,3938856.0
2015-03-25,27.4485,27.5735,26.92,26.9225,2606162.0
2015-03-26,26.8025,26.9295,26.4855,26.752,2486348.0
2015-03-27,26.6615,26.773,26.4165,26.425,1714185.0
2015-03-30,26.5825,26.678,26.4095,26.631,1231846.0
2015-03-31,26.467,26.6925,26.3035,26.305,1716751.0
2015-04-01,26.3115,26.495,25.8715,26.0445,1929413.0
2015-04-02,25.9405,25.97,25.592,25.6355,2362831.0
2015-04-06,25.512,25.847,25.355,25.7675,1683859.0
2015-04-07,25.8195,26.078,25.749,25.813,1362260.0
2015-04-08,25.87,26.145,25.87,26.012,1415778.0
2015-04-09,26.0305,26.0385,25.6675,25.971,1613622.0
2015-04-10,26.0485,26.0625,25.819,25.997,1297841.0
2015-04-13,25.9225,26.2335,25.885,26.002,1452506.0
2015-04-14,25.8985,25.8985,25.357,25.559,2352893.0
2015-04-15,25.468,25.7295,25.1885,25.622,2344788.0
2015-04-16,25.4875,25.831,25.475,25.746,1579986.0
2015-04-17,25.4355,25.56,25.02,25.207,2451567.0
2015-04-20,25.2575,25.86,25.2375,25.7965,1913367.0
2015-04-21,25.8855,25.9585,25.6805,25.716,1448987.0
2015-04-22,25.723,26.12,25.636,26.029,1579499.0
2015-04-23,26.0905,26.6285,26.074,26.443,3457585.0
2015-04-24,27.5725,27.805,26.9875,27.253,4587935.0
2015-04-27,27.2085,27.346,26.685,26.876,2395685.0
2015-04-28,26.786,26.9615,26.618,26.7885,1855268.0
2015-04-29,26.5955,26.862,26.52,26.6395,1675611.0
2015-04-30,26.498,26.6255,25.906,26.0085,2328905.0
2015-05-01,26.0955,26.131,25.7625,26.126,1727380.0
2015-05-04,26.1195,26.4045,25.9395,26.212,1748507.0
2015-05-05,26.078,26.2005,25.6885,25.722,1408641.0
2015-05-06,25.702,25.7665,25.1815,25.324,1936953.0
2015-05-07,25.365,25.83,25.2425,25.672,1576958.0
2015-05-08,26.0135,26.21,25.9715,26.0175,1389364.0
2015-05-11,25.9945,26.2385,25.85,25.859,1072022.0
2015-05-12,25.7105,25.718,25.32,25.5065,1754034.0
2015-05-13,25.5935,25.762,25.519,25.557,1198017.0
2015-05-14,25.7685,26.0545,25.695,26.03,1567295.0
2015-05-15,26.0895,26.1,25.695,25.8945,1661597.0
2015-05-18,25.761,25.987,25.6825,25.9035,1247361.0
2015-05-19,25.97,26.24,25.926,26.034,2347147.0
2015-05-20,26.116,26.373,25.825,26.1955,1533402.0
2015-05-21,26.08,26.4505,26.035,26.4105,1703911.0
2015-05-22,26.293,26.482,26.251,26.296,1202987.0
2015-05-26,26.199,26.2365,25.7185,25.9295,1861647.0
2015-05-27,26.004,26.3345,25.899,26.2825,1727828.0
2015-05-28,26.2595,26.358,26.11,26.279,1175796.0
2015-05-29,26.23,26.267,25.822,25.8395,2114620.0
2015-06-01,26.0065,26.0985,25.749,26.0305,1650102.0
2015-06-02,25.9415,26.5095,25.8975,26.2675,1591033.0
2015-06-03,26.325,26.4695,26.1775,26.3345,1330783.0
2015-06-04,26.179,26.368,26.026,26.1545,1071091.0
2015-06-05,26.17,26.2365,25.939,26.0465,1214953.0
2015-06-08,26.0505,26.0635,25.7175,25.744,1350685.0
2015-06-09,25.741,25.812,25.5125,25.678,1486400.0
2015-06-10,25.855,26.309,25.8255,26.2,1504707.0
2015-06-11,26.2945,26.3115,26.0285,26.0765,1270352.0
2015-06-12,25.9275,26.0125,25.8515,25.9435,1264532.0
2015-06-15,25.7065,25.7725,25.5305,25.72,1344610.0
2015-06-16,25.794,25.9045,25.6485,25.8135,1623119.0
2015-06-17,25.841,25.988,25.6605,25.9,1210294.0
2015-06-18,25.97,26.4325,25.97,26.379,2052410.0
2015-06-19,26.396,26.4655,26.1825,26.44,2719595.0
2015-06-22,26.5405,26.8505,26.5155,26.554,1713724.0
2015-06-23,26.5595,26.815,26.4275,26.7395,1525596.0
2015-06-24,26.694,26.702,26.4105,26.4975,1440185.0
2015-06-25,26.585,26.727,26.4425,26.4675,1327442.0
2015-06-26,26.5555,26.57,26.1625,26.223,1895781.0
2015-06-29,25.9075,26.115,25.582,25.6365,1876200.0
2015-06-30,25.8245,25.865,25.547,25.572,1895151.0
2015-07-01,25.753,25.8605,25.558,25.7405,1528717.0
2015-07-02,25.807,25.97,25.7485,25.9345,1393893.0
2015-07-06,25.6825,25.999,25.6745,25.8545,1274053.0
2015-07-07,25.9415,26.12,25.5625,26.073,1677802.0
2015-07-08,25.85,25.984,25.63,25.669,1364218.0
2015-07-09,26.0025,26.014,25.801,25.8025,1479601.0
2015-07-10,26.2555,26.5345,26.17,26.3755,2161723.0
2015-07-13,26.5455,27.2125,26.505,27.1565,2076256.0
2015-07-14,27.295,28.055,27.2785,27.779,3693679.0
2015-07-15,27.757,28.0045,27.5805,27.768,2057537.0
2015-07-16,28.045,28.795,27.966,28.657,4580151.0
2015-07-17,32.57,33.72,32.47,33.551,12830729.0
2015-07-20,33.019,33.46,32.6585,33.212,4517713.0
2015-07-21,32.814,33.85,32.7775,33.3375,3747759.0
2015-07-22,33.271,34.2365,33.151,33.325,4117112.0
2015-07-23,33.1625,33.3735,32.1495,32.3065,3715408.0
2015-07-24,32.4085,32.4595,31.229,31.3015,4011272.0
2015-07-27,31.1485,31.9235,31.1475,31.4835,2723095.0
2015-07-28,31.658,31.775,31.2405,31.5655,1698165.0
2015-07-29,31.683,31.7365,31.212,31.6415,1792558.0
2015-07-30,31.442,31.9725,31.1545,31.8085,1972153.0
2015-07-31,31.805,31.82,31.43,31.445,1706794.0
2015-08-03,31.453,31.9035,31.453,31.806,1558951.0
2015-08-04,31.787,31.97,31.5955,31.634,1301202.0
2015-08-05,31.8575,32.5655,31.849,32.2525,1818470.0
2015-08-06,32.2695,32.3075,31.6065,32.077,2018223.0
2015-08-07,31.959,32.0095,31.5135,31.7895,1373196.0
2015-08-10,31.9245,32.151,31.5815,31.727,1397563.0
2015-08-11,33.549,33.77,32.786,33.0895,5260957.0
2015-08-12,33.2945,33.37,32.5955,33.1435,2910410.0
2015-08-13,33.03,33.2715,32.679,32.8955,1803234.0
2015-08-14,32.772,33.183,32.715,33.0385,1376593.0
2015-08-17,32.972,33.307,32.723,33.2775,1227830.0
2015-08-18,33.1235,33.3575,32.836,33.0065,1377589.0
2015-08-19,33.0755,33.58,32.91,33.272,2501317.0
2015-08-20,33.025,33.378,32.334,32.5545,2664769.0
2015-08-21,32.122,32.2145,30.7715,30.7715,4226561.0
2015-08-24,28.6,30.7865,28.2245,29.475,6283671.0
2015-08-25,30.893,30.92,29.1535,29.1935,3545070.0
2015-08-26,30.725,31.694,30.0885,31.5545,4175527.0
2015-08-27,32.1695,32.269,31.125,31.9675,2856767.0
2015-08-28,31.858,31.92,31.2575,31.5545,1907635.0
2015-08-31,31.287,31.7905,30.8875,30.961,1896692.0
2015-09-01,30.2605,30.792,29.823,30.048,2536477.0
2015-09-02,30.47,30.82,30.102,30.817,1655214.0
2015-09-03,30.9665,31.1325,30.26,30.4225,1719617.0
2015-09-04,30.055,30.295,29.895,30.018,2009886.0
2015-09-08,30.62,30.822,30.215,30.764,1934149.0
2015-09-09,31.164,31.438,30.615,30.741,2025382.0
2015-09-10,30.765,31.315,30.655,31.124,1341060.0
2015-09-11,31.0805,31.3355,30.9405,31.3355,1731993.0
2015-09-14,31.3515,31.366,31.045,31.1935,1487840.0
2015-09-15,31.4055,32.0125,31.237,31.8235,1755506.0
2015-09-16,31.8475,31.9735,31.68,31.846,1310277.0
2015-09-17,31.9445,32.6695,31.82,32.153,2354181.0
2015-09-18,31.823,32.062,31.5715,31.616,3319837.0
2015-09-21,31.8455,32.02,31.47,31.919,1904996.0
2015-09-22,31.4435,31.511,30.8215,31.23,2694716.0
2015-09-23,31.215,31.584,31.1065,31.2345,1453085.0
2015-09-24,31.0185,31.4085,30.678,31.333,1916402.0
2015-09-25,31.499,31.499,30.5525,30.5775,2411168.0
2015-09-28,30.5225,30.7125,29.462,29.7825,2364104.0
2015-09-29,29.845,30.304,29.4715,29.703,2085338.0
2015-09-30,30.1615,30.5355,30.0275,30.43,2606880.0
2015-10-01,30.467,30.762,30.1255,30.67,2094934.0
2015-10-02,30.4705,31.4195,30.245,31.418,2273604.0
2015-10-05,31.65,32.221,31.3635,32.154,1873783.0
2015-10-06,32.0375,32.51,31.724,32.152,2138446.0
2015-10-07,32.44,32.507,31.4755,32.07,2186091.0
2015-10-08,32.0425,32.1645,31.2945,31.92,1959870.0
2015-10-09,31.9445,32.274,31.688,32.132,1596491.0
2015-10-12,32.0295,32.469,31.932,32.3915,1328456.0
2015-10-13,32.283,32.993,32.225,32.7285,2091706.0
2015-10-14,32.7565,33.072,32.515,32.5905,1554688.0
2015-10-15,32.8325,33.278,32.7895,33.2285,2343447.0
2015-10-16,33.34,33.381,33.025,33.336,1809219.0
2015-10-19,33.27,33.582,33.1805,33.5675,1494181.0
2015-10-20,33.4645,33.47,32.254,32.57,2612258.0
2015-10-21,32.7305,32.815,32.105,32.16,1595832.0
2015-10-22,32.342,32.9725,32.155,32.575,3910727.0
2015-10-23,36.073,36.195,34.467,34.5365,6298950.0
2015-10-26,34.571,35.3175,34.571,35.126,2401745.0
2015-10-27,34.8985,35.368,34.7765,35.2115,1921939.0
2015-10-28,35.22,35.4385,34.9335,35.412,1957411.0
2015-10-29,35.4015,35.9095,35.328,35.813,1822146.0
2015-10-30,35.848,35.8855,35.3965,35.4395,1982227.0
2015-11-02,35.464,35.979,35.1425,35.957,1980221.0
2015-11-03,35.8415,36.1545,35.628,36.011,1805475.0
2015-11-04,36.065,36.565,36.03,36.334,2068791.0
2015-11-05,36.5105,36.8875,36.4435,36.6035,2272558.0
2015-11-06,36.5395,36.721,36.3215,36.65,1673018.0
2015-11-09,36.496,36.735,36.0255,36.3085,1776193.0
2015-11-10,36.244,36.6,35.9905,36.483,1479889.0
2015-11-11,36.689,37.024,36.5575,36.8325,2093287.0
2015-11-12,36.579,36.8595,36.363,36.3885,1604950.0
2015-11-13,36.272,36.3365,35.5435,35.5735,2375974.0
2015-11-16,35.5805,36.1555,35.2865,36.091,2523523.0
2015-11-17,36.1935,36.3175,35.7725,35.869,1926713.0
2015-11-18,36.0485,36.625,35.9395,36.5705,1799086.0
2015-11-19,36.559,36.7315,36.4315,36.546,1401878.0
2015-11-20,37.035,37.5355,36.775,37.42,2766697.0
2015-11-23,37.4435,37.715,37.2455,37.405,1730626.0
2015-11-24,37.218,37.3695,36.4755,37.0515,2361498.0
2015-11-25,37.1545,37.22,36.8965,37.033,1178464.0
2015-11-27,37.028,37.27,36.92,37.1685,722319.0
2015-11-30,37.1635,37.3215,36.626,36.7125,1601501.0
2015-12-01,36.917,37.82,36.8675,37.7595,2014667.0
2015-12-02,37.8325,38.222,37.3915,37.4625,2333778.0
2015-12-03,37.598,37.794,36.6925,36.98,2091963.0
2015-12-04,37.0555,37.691,36.8455,37.5305,2468389.0
2015-12-07,37.573,37.62,36.906,37.2195,1820547.0
2015-12-08,36.795,37.5025,36.696,37.327,1551996.0
2015-12-09,37.125,37.3745,36.17,36.6975,2309609.0
2015-12-10,36.7495,36.873,36.32,36.572,1616626.0
2015-12-11,36.02,36.442,36.0025,36.091,2133538.0
2015-12-14,36.133,36.7775,35.383,36.697,2696148.0
2015-12-15,36.9595,37.3075,36.47,36.588,2460466.0
2015-12-16,36.8985,37.645,36.422,37.3995,2641908.0
2015-12-17,37.628,37.6495,37.035,37.0765,1819599.0
2015-12-18,36.9315,37.277,36.3995,36.4125,3364593.0
2015-12-21,36.7225,36.8875,36.2775,36.61,1726584.0
2015-12-22,36.7835,37.087,36.63,36.9265,1812907.0
2015-12-23,37.1045,37.165,36.4525,36.9955,1528072.0
2015-12-24,36.996,37.03,36.7895,36.862,521141.0
2015-12-28,37.07,37.7105,36.9565,37.682,1554392.0
2015-12-29,37.9195,38.5045,37.88,38.268,1918198.0
2015-12-30,38.268,38.3925,37.93,38.085,1426245.0
2015-12-31,37.961,37.9865,37.436,37.47,1630667.0
2016-01-04,36.68,36.68,35.947,36.5405,3356357.0
2016-01-05,36.775,37.03,36.3525,36.6465,2257419.0
2016-01-06,36.0885,36.8565,35.97,36.535,2406332.0
2016-01-07,35.8945,36.3355,35.334,35.62,3148236.0
2016-01-08,35.96,36.076,35.016,35.1155,2361201.0
2016-01-11,35.1675,35.324,34.548,35.2235,2537871.0
2016-01-12,35.6075,35.987,35.3915,35.837,2327998.0
2016-01-13,36.037,36.22,34.409,34.5485,2578358.0
2016-01-14,34.792,35.5645,33.82,35.1195,2755965.0
2016-01-15,34.0695,34.7775,33.6455,34.1295,3778343.0
2016-01-19,34.5775,34.8375,34.0625,34.524,2426233.0
2016-01-20,33.865,34.9175,32.959,34.4895,4114199.0
2016-01-21,34.5785,35.4535,34.1255,34.9035,2594281.0
2016-01-22,35.67,35.998,35.595,35.843,2350965.0
2016-01-25,35.762,36.193,35.195,35.259,2264814.0
2016-01-26,35.3305,35.543,34.9185,35.2595,1544054.0
2016-01-27,35.3645,35.3645,34.2425,34.449,2113556.0
2016-01-28,35.4795,36.128,35.1,35.985,3100333.0
2016-01-29,36.018,36.825,35.78,36.6375,3784745.0
2016-02-01,37.133,37.4495,36.639,37.1085,5472184.0
2016-02-02,38.595,39.0875,37.6,37.6155,6785207.0
2016-02-03,37.884,38.1415,35.383,36.039,6554070.0
2016-02-04,35.7995,35.832,34.7,35.0715,5235914.0
2016-02-05,34.845,34.906,33.577,33.758,5474356.0
2016-02-08,32.954,33.796,32.6705,33.778,4467577.0
2016-02-09,33.2175,34.618,32.995,33.621,4209934.0
2016-02-10,34.1595,34.731,33.8395,33.9125,3012679.0
2016-02-11,33.387,34.1855,33.1295,33.888,3245574.0
2016-02-12,34.1805,34.37,33.649,33.9145,2326776.0
2016-02-16,34.5025,34.7135,34.079,34.452,2170595.0
2016-02-17,34.92,35.258,34.4005,35.1685,2456691.0
2016-02-18,35.268,35.37,34.3475,34.4455,2363676.0
2016-02-19,34.365,34.7715,34.226,34.6755,1745074.0
2016-02-22,35.0455,35.312,34.7425,35.0225,1875263.0
2016-02-23,34.875,35.115,34.3535,34.4345,2062893.0
2016-02-24,34.1005,34.631,33.671,34.615,1848135.0
2016-02-25,34.7165,35.0455,34.2315,35.026,1806856.0
2016-02-26,35.25,35.378,34.6665,34.813,2122737.0
2016-02-29,34.62,35.1,34.412,34.431,2248708.0
2016-03-01,34.635,35.6865,34.502,35.6785,3003544.0
2016-03-02,35.7135,35.726,35.2325,35.544,1814480.0
2016-03-03,35.544,35.62,35.0515,35.1495,2025579.0
2016-03-04,35.31,35.32,34.851,35.081,2424667.0
2016-03-07,34.8275,34.9305,33.827,34.21,3085895.0
2016-03-08,33.9895,34.6825,33.77,34.2465,2625745.0
2016-03-09,34.328,34.882,34.203,34.8405,1977088.0
2016-03-10,34.9595,35.397,34.7345,35.1785,2229635.0
2016-03-11,35.5675,35.815,35.405,35.8135,1767931.0
2016-03-14,35.8185,36.283,35.753,36.082,1640536.0
2016-03-15,35.871,36.2205,35.712,36.0985,1479737.0
2016-03-16,36.0225,36.52,35.895,36.438,1462383.0
2016-03-17,36.4525,36.837,36.438,36.494,2227732.0
2016-03-18,36.6515,36.677,36.161,36.3405,2811235.0
2016-03-21,36.2655,36.737,36.1335,36.678,1438440.0
2016-03-22,36.492,36.82,36.4635,36.5725,1104642.0
2016-03-23,36.7375,36.8395,36.3715,36.448,1233496.0
2016-03-24,36.13,36.4475,36.095,36.312,1532789.0
2016-03-28,36.3785,36.485,36.172,36.234,1083237.0
2016-03-29,36.254,36.929,35.9845,36.8645,2002362.0
2016-03-30,36.9805,37.4355,36.949,36.987,2018638.0
2016-03-31,36.987,37.024,36.4825,36.715,1627359.0
2016-04-01,36.428,37.072,36.33,37.0535,1582527.0
2016-04-04,37.0455,37.192,36.659,36.826,1346219.0
2016-04-05,36.4765,36.7135,36.35,36.4985,1222899.0
2016-04-06,36.462,36.991,36.385,36.9735,1262959.0
2016-04-07,36.836,37.038,36.445,36.576,1274258.0
2016-04-08,36.8635,36.9265,36.3585,36.5435,1171846.0
2016-04-11,36.8425,36.931,36.437,36.447,1586653.0
2016-04-12,36.4915,36.816,36.148,36.786,1366777.0
2016-04-13,37.0855,37.3575,36.7995,37.1655,1771101.0
2016-04-14,37.338,37.5505,37.231,37.3395,1348313.0
2016-04-15,37.345,37.6165,37.3165,37.57,1559721.0
2016-04-18,37.5795,37.9975,37.4505,37.954,1674086.0
2016-04-19,38.095,38.1175,37.0835,37.3825,2195964.0
2016-04-20,37.528,37.553,37.1335,37.316,1711038.0
2016-04-21,37.4355,37.654,37.1475,37.57,3820890.0
2016-04-22,35.7655,36.266,35.0885,35.4585,7038951.0
2016-04-25,35.3375,35.814,35.325,35.6805,2471033.0
2016-04-26,35.791,35.8495,34.586,34.8385,2778659.0
2016-04-27,34.836,34.9275,34.024,34.643,3308721.0
2016-04-28,34.7345,35.033,33.73,33.823,3127134.0
2016-04-29,33.776,34.1755,33.759,33.964,2913586.0
2016-05-02,34.166,34.3405,33.888,34.2905,1673211.0
2016-05-03,34.195,34.2385,33.9365,33.992,1930485.0
2016-05-04,33.9085,34.3225,33.7725,34.1385,1708160.0
2016-05-05,34.32,34.4475,34.0425,34.3055,1482734.0
2016-05-06,34.18,34.8695,34.1675,34.829,1994510.0
2016-05-09,34.905,35.2845,34.745,35.0265,1900692.0
2016-05-10,35.318,35.57,35.1505,35.539,1630212.0
2016-05-11,35.596,35.61,34.965,35.0975,1489832.0
2016-05-12,35.17,35.3385,34.7835,34.9735,1354510.0
2016-05-13,34.901,35.1345,34.7455,34.8115,1260937.0
2016-05-16,34.786,35.204,34.57,35.085,1124748.0
2016-05-17,35.123,35.3625,34.47,34.5795,1668735.0
2016-05-18,34.495,34.8485,34.321,34.659,1623463.0
2016-05-19,34.485,34.595,34.085,34.3355,1523254.0
2016-05-20,34.393,34.955,34.3205,34.6555,1730463.0
2016-05-23,34.569,34.745,34.417,34.4325,1237568.0
2016-05-24,34.5625,35.28,34.552,35.2215,1893606.0
2016-05-25,35.32,35.5645,35.2,35.475,1615432.0
2016-05-26,35.37,35.625,35.22,35.4165,1359942.0
2016-05-27,35.4455,35.9655,35.4205,35.95,1739463.0
2016-05-31,36.008,36.244,35.8485,36.0125,2123537.0
2016-06-01,35.9935,36.1385,35.787,35.993,1039582.0
2016-06-02,35.875,35.935,35.42,35.7835,1695267.0
2016-06-03,35.6445,35.6445,35.2655,35.363,1230030.0
2016-06-06,35.495,35.495,34.9845,35.073,1495654.0
2016-06-07,35.2335,35.4055,35.11,35.1245,1215620.0
2016-06-08,35.545,35.7605,35.358,35.7165,1615696.0
2016-06-09,35.4235,35.7665,35.395,35.696,958747.0
2016-06-10,35.3675,35.552,35.0955,35.2295,1452260.0
2016-06-13,35.061,35.52,35.061,35.164,1166670.0
2016-06-14,35.0355,35.37,34.895,35.2325,1327852.0
2016-06-15,35.316,35.4275,35.1355,35.1795,1158517.0
2016-06-16,34.968,35.0895,34.347,34.7825,2246849.0
2016-06-17,34.6395,34.6395,33.626,33.7825,4112659.0
2016-06-20,34.0855,34.3635,33.8405,33.8765,2282347.0
2016-06-21,34.0725,34.339,33.803,34.014,1492642.0
2016-06-22,34.2725,34.2805,33.864,34.0935,1452017.0
2016-06-23,34.0975,34.314,33.5825,34.3135,2121606.0
2016-06-24,33.0785,33.82,32.8155,32.83,4767628.0
2016-06-27,32.6945,32.717,32.4865,32.5395,293708.0
2016-06-28,33.1385,33.207,32.8125,33.133,1910315.0
2016-06-29,33.283,33.545,33.204,33.3295,2155051.0
2016-06-30,33.4525,33.7585,33.315,33.7465,2112497.0
2016-07-01,33.825,34.1965,33.7565,34.0825,1548924.0
2016-07-05,33.8205,33.976,33.5265,33.8145,1421850.0
2016-07-06,33.562,34.22,33.52,34.0185,1444163.0
2016-07-07,34.0755,34.0785,33.6035,33.933,1057780.0
2016-07-08,34.098,34.465,33.9755,34.459,1496525.0
2016-07-11,34.541,35.016,34.513,34.93,1432943.0
2016-07-12,35.166,35.35,34.945,35.1955,1328656.0
2016-07-13,35.346,35.346,35.021,35.044,1021244.0
2016-07-14,35.267,35.377,35.0995,35.36,1069376.0
2016-07-15,35.62,35.62,35.302,35.3515,1615993.0
2016-07-18,35.4655,36.3265,35.3955,36.23,1933612.0
2016-07-19,36.0635,36.3995,35.994,36.2405,1521197.0
2016-07-20,36.2725,36.602,36.2725,36.424,1125013.0
2016-07-21,36.42,36.4775,36.146,36.2905,953043.0
2016-07-22,36.436,36.5425,36.2025,36.534,1045602.0
2016-07-25,36.454,36.561,36.2735,36.446,1073258.0
2016-07-26,36.446,36.533,36.2075,36.4525,1188079.0
2016-07-27,36.5185,36.7925,36.3665,36.6685,1596438.0
2016-07-28,37.012,37.0185,36.5245,36.862,3616329.0
2016-07-29,38.4555,38.767,38.07,38.137,5088925.0
2016-08-01,37.9035,38.9445,37.822,38.617,3024913.0
2016-08-02,38.4365,38.686,38.2965,38.576,1995260.0
2016-08-03,38.3935,38.547,38.221,38.516,1460555.0
2016-08-04,38.482,38.58,38.266,38.4325,1075554.0
2016-08-05,38.5755,38.931,38.4605,38.9165,1805966.0
2016-08-08,38.87,38.95,38.6545,38.8315,1221422.0
2016-08-09,38.7945,39.2365,38.773,38.944,1607256.0
2016-08-10,38.9225,39.1135,38.8945,38.9945,916611.0
2016-08-11,39.0935,39.2635,38.87,38.98,1281765.0
2016-08-12,38.8245,38.9295,38.752,38.9225,896852.0
2016-08-15,38.9305,39.138,38.7715,38.868,929916.0
2016-08-16,38.745,38.783,38.42,38.6295,1057091.0
2016-08-17,38.57,38.8515,38.385,38.841,1064851.0
2016-08-18,38.838,38.97,38.6515,38.7075,864660.0
2016-08-19,38.5595,38.6315,38.414,38.5525,1120336.0
2016-08-22,38.4955,38.535,38.2865,38.4175,853188.0
2016-08-23,38.594,38.62,38.3695,38.3995,916145.0
2016-08-24,38.413,38.493,38.108,38.25,1283869.0
2016-08-25,38.17,38.306,37.9315,38.135,1201902.0
2016-08-26,38.1945,38.54,38.04,38.231,1248467.0
2016-08-29,38.2225,38.496,38.086,38.361,773161.0
2016-08-30,38.214,38.47,38.0435,38.166,1190034.0
2016-08-31,38.05,38.1485,37.93,38.0625,1070184.0
2016-09-01,38.169,38.2145,37.8865,38.14,1303118.0
2016-09-02,38.3335,38.425,38.233,38.4135,1349109.0
2016-09-06,38.4895,39.1145,38.3415,38.971,1989233.0
2016-09-07,38.9665,39.1,38.756,38.9695,1145627.0
2016-09-08,38.831,38.991,38.6205,38.712,1176431.0
2016-09-09,38.5085,38.6575,37.9725,37.994,1882491.0
2016-09-12,37.796,38.5785,37.745,38.511,1861477.0
2016-09-13,38.2705,38.3595,37.7865,38.006,1808156.0
2016-09-14,37.9465,38.3865,37.9465,38.093,1313008.0
2016-09-15,38.0705,38.752,38.003,38.6315,1563907.0
2016-09-16,38.521,38.521,38.251,38.4685,2129528.0
2016-09-19,38.6255,38.7695,38.248,38.3395,1146770.0
2016-09-20,38.57,38.7075,38.483,38.559,1049912.0
2016-09-21,38.633,38.8655,38.3715,38.8215,1346660.0
2016-09-22,39.07,39.523,38.9555,39.3675,1757642.0
2016-09-23,39.327,39.42,39.2065,39.318,1411366.0
2016-09-26,39.061,39.074,38.5925,38.7025,1431785.0
2016-09-27,38.6615,39.2445,38.6615,39.1065,1362823.0
2016-09-28,38.774,39.0825,38.709,39.073,1469280.0
2016-09-29,38.9315,39.2655,38.6125,38.702,1348398.0
2016-09-30,38.75,38.9745,38.645,38.773,1630902.0
2016-10-03,38.6975,38.747,38.3815,38.589,1487294.0
2016-10-04,38.82,38.895,38.5535,38.7095,1257752.0
2016-10-05,38.87,38.995,38.6055,38.6315,1209208.0
2016-10-06,38.774,38.917,38.5955,38.724,1099164.0
2016-10-07,38.8665,38.867,38.411,38.6055,1163889.0
2016-10-10,38.7665,39.439,38.682,39.2785,1493693.0
2016-10-11,39.2785,39.563,38.9385,39.0485,1719835.0
2016-10-12,39.168,39.295,38.9975,39.1585,905903.0
2016-10-13,38.8735,38.898,38.501,38.774,1368331.0
2016-10-14,38.9425,39.0745,38.686,38.8,1110963.0
2016-10-17,38.8695,39.2445,38.7615,38.912,1055819.0
2016-10-18,39.2805,40.0105,39.2365,39.6445,2287519.0
2016-10-19,39.796,40.0605,39.73,39.9245,1497455.0
2016-10-20,39.948,39.993,39.5975,39.6515,1391831.0
2016-10-21,39.57,39.7845,39.4855,39.773,1612501.0
2016-10-24,40.0745,40.467,40.022,40.357,1444887.0
2016-10-25,40.495,40.495,39.835,39.9975,1887760.0
2016-10-26,39.926,39.9555,39.3875,39.675,1792166.0
2016-10-27,39.7205,39.899,39.3005,39.4375,2955590.0
2016-10-28,40.067,40.52,39.42,39.548,4353519.0
2016-10-31,39.6915,39.7015,38.97,39.065,2239043.0
2016-11-01,39.1135,39.268,38.483,38.844,2355172.0
2016-11-02,38.908,38.908,37.82,37.991,2288974.0
2016-11-03,37.795,38.07,37.5015,37.6795,2173445.0
2016-11-04,37.135,37.994,37.12,37.625,1967703.0
2016-11-07,38.3175,38.82,38.215,38.6715,1986469.0
2016-11-08,38.6715,39.372,38.551,39.169,1760113.0
2016-11-09,38.6615,39.1555,38.1715,38.8495,3095639.0
2016-11-10,39.07,39.073,36.9815,37.5845,5902359.0
2016-11-11,37.4105,37.4345,36.847,37.1575,3588958.0
2016-11-14,37.158,37.159,35.7495,36.231,3682042.0
2016-11-15,36.8435,37.5815,36.831,37.328,2940118.0
2016-11-16,37.091,37.745,36.8865,37.569,1796579.0
2016-11-17,37.695,38.015,37.5625,37.878,1532640.0
2016-11-18,37.9285,38.1345,37.3375,37.3685,1804696.0
2016-11-21,37.475,37.8975,37.385,37.81,1628657.0
2016-11-22,38.0195,38.2585,37.757,37.82,1393112.0
2016-11-23,38.046,38.046,37.2025,37.52,1311659.0
2016-11-25,37.7005,37.715,37.4795,37.5815,613549.0
2016-11-28,37.4875,38.557,37.475,37.8595,2570297.0
2016-11-29,37.989,38.392,37.837,38.042,1561016.0
2016-11-30,38.025,38.1455,37.227,37.364,2274812.0
2016-12-01,37.4975,37.5,36.238,36.7865,2864269.0
2016-12-02,36.665,37.095,36.52,36.793,1696616.0
2016-12-05,37.07,37.57,36.918,37.481,1685592.0
2016-12-06,37.5795,37.834,37.236,37.379,1733248.0
2016-12-07,37.5675,38.17,37.2465,38.1435,2028368.0
2016-12-08,38.2175,38.52,37.965,38.3285,1611979.0
2016-12-09,38.535,39.0675,38.4725,39.0425,1900070.0
2016-12-12,38.811,39.1375,38.7965,38.965,1627810.0
2016-12-13,39.1895,39.785,39.167,39.337,2104364.0
2016-12-14,39.366,39.783,39.209,39.4645,1797668.0
2016-12-15,39.438,39.72,39.17,39.3525,1768642.0
2016-12-16,39.4855,39.53,38.976,39.062,2597970.0
2016-12-19,39.034,39.381,38.795,39.195,1263466.0
2016-12-20,39.2385,39.3945,39.12,39.33,1271540.0
2016-12-21,39.356,39.356,38.825,39.18,1457480.0
2016-12-22,39.025,39.1235,38.8715,39.054,1132047.0
2016-12-23,38.9705,39.1185,38.8255,38.96,765392.0
2016-12-27,39.004,39.37,38.86,39.0665,974738.0
2016-12-28,39.2365,39.2365,38.692,38.7985,1202691.0
2016-12-29,38.6865,38.8575,38.477,38.714,1057004.0
2016-12-30,38.7305,38.734,38.051,38.1925,1735551.0
2017-01-03,38.601,39.1415,38.4145,38.9705,1958902.0
2017-01-04,39.0645,39.2415,38.7755,38.9585,1514809.0
2017-01-05,38.945,39.257,38.866,39.221,1339358.0
2017-01-06,39.3195,40.018,39.145,39.8305,2014491.0
2017-01-09,39.8885,40.0915,39.651,39.929,1408699.0
2017-01-10,39.9235,40.0405,39.727,39.8705,1197053.0
2017-01-11,39.901,40.065,39.6435,40.063,1323869.0
2017-01-12,39.989,40.089,39.6205,40.0465,1349930.0
2017-01-13,40.12,40.3025,40.046,40.117,1289873.0
2017-01-17,40.07,40.079,39.73,39.943,1440764.0
2017-01-18,40.06,40.0605,39.774,40.021,1026281.0
2017-01-19,40.02,40.22,39.768,39.7885,1069191.0
2017-01-20,40.0245,40.032,39.8,39.9785,1304621.0
2017-01-23,40.1505,40.847,40.005,40.7915,2456980.0
2017-01-24,40.919,41.146,40.684,41.0465,1686653.0
2017-01-25,41.2475,41.5095,41.057,41.4925,1658555.0
2017-01-26,41.5225,41.62,41.096,41.419,3465597.0
2017-01-27,41.52,41.92,40.665,40.8215,3751507.0
2017-01-30,40.423,40.4315,39.6215,39.7615,3514970.0
2017-01-31,39.545,39.7235,39.24,39.5795,2017959.0
2017-02-01,39.77,39.77,39.1825,39.332,2246950.0
2017-02-02,39.32,39.798,39.1725,39.483,1687163.0
2017-02-03,39.7265,39.8765,39.5375,39.5765,1527839.0
2017-02-06,39.616,39.6895,39.2845,39.651,1350478.0
2017-02-07,39.845,40.166,39.7345,40.0315,1666384.0
2017-02-08,40.0965,40.2825,39.8255,40.064,1301027.0
2017-02-09,40.1565,40.169,39.895,40.073,1193824.0
2017-02-10,40.2175,40.4275,40.0955,40.3125,1414231.0
2017-02-13,40.455,40.6565,40.382,40.518,1295263.0
2017-02-14,40.5585,40.67,40.3615,40.5715,1362226.0
2017-02-15,40.5105,40.6585,40.381,40.436,1356752.0
2017-02-16,40.495,40.7045,40.433,40.6785,1004611.0
2017-02-17,40.6355,40.917,40.559,40.8975,1459962.0
2017-02-21,40.9695,41.18,40.8975,41.0335,1260932.0
2017-02-22,40.97,41.2595,40.9055,41.138,1224654.0
2017-02-23,41.124,41.201,40.695,41.12,1386045.0
2017-02-24,40.9525,40.988,40.718,40.9605,1345705.0
2017-02-27,40.8175,41.1035,40.7205,41.0535,1009332.0
2017-02-28,40.9375,41.0115,40.642,40.8165,1381560.0
2017-03-01,41.139,41.47,41.021,41.4075,1817444.0
2017-03-02,41.3855,41.3945,41.006,41.0625,1249130.0
2017-03-03,41.017,41.111,40.805,41.024,1005401.0
2017-03-06,40.913,41.017,40.6285,40.9335,1046719.0
2017-03-07,40.933,41.2365,40.846,41.1275,1038359.0
2017-03-08,41.226,41.4165,41.1325,41.252,1029546.0
2017-03-09,41.2545,41.6055,41.2035,41.462,1342878.0
2017-03-10,41.705,41.781,41.4505,41.64,1336527.0
2017-03-13,41.6115,41.9265,41.611,41.799,1165562.0
2017-03-14,41.7575,41.949,41.5765,41.8655,1060230.0
2017-03-15,41.967,42.064,41.6345,41.9895,1332058.0
2017-03-16,42.0965,42.2055,41.946,42.07,1104327.0
2017-03-17,42.254,42.291,41.9885,42.1885,1852763.0
2017-03-20,42.044,42.087,41.803,41.9655,1540241.0
2017-03-21,42.073,42.2435,40.954,41.077,2530937.0
2017-03-22,41.044,41.3375,40.92,41.06,1361696.0
2017-03-23,40.6395,40.6545,40.22,40.5525,3285479.0
2017-03-24,40.67,40.77,40.025,40.327,2102815.0
2017-03-27,39.9745,40.639,39.785,40.4955,1934597.0
2017-03-28,40.5545,40.84,40.183,40.6015,1517927.0
2017-03-29,40.7075,41.149,40.639,41.0635,1456231.0
2017-03-30,41.169,41.17,40.9085,41.044,948614.0
2017-03-31,40.9115,41.048,40.832,40.96,1440223.0
2017-04-03,41.0075,41.52,40.9465,41.4075,1969069.0
2017-04-04,40.97,41.22,40.945,41.1985,1347746.0
2017-04-05,41.3055,41.5995,40.946,41.0155,1852135.0
2017-04-06,41.045,41.2495,40.77,40.8245,1530263.0
2017-04-07,40.82,40.864,40.435,40.675,1111332.0
2017-04-10,40.647,40.9065,40.6095,40.655,1045397.0
2017-04-11,40.655,40.8015,40.3,40.564,974263.0
2017-04-12,40.493,40.756,40.4495,40.643,1135741.0
2017-04-13,40.622,40.7565,40.4625,40.579,1071251.0
2017-04-17,40.639,41.352,40.6215,41.3265,1048290.0
2017-04-18,41.197,41.4395,41.1325,41.2695,935586.0
2017-04-19,41.439,41.58,41.246,41.3955,1078834.0
2017-04-20,41.557,41.7665,41.445,41.574,1187137.0
2017-04-21,41.601,41.692,41.4565,41.5175,1171702.0
2017-04-24,41.992,42.568,41.8755,42.5165,1692394.0
2017-04-25,42.683,43.1825,42.534,43.012,2033438.0
2017-04-26,43.1395,43.2195,42.8275,43.027,1321206.0
2017-04-27,43.07,43.2385,42.929,43.142,2308821.0
2017-04-28,45.02,45.365,44.731,44.796,3842209.0
2017-05-01,44.7775,45.361,44.61,45.211,2326641.0
2017-05-02,45.2335,45.719,45.12,45.4245,1749433.0
2017-05-03,45.3725,46.08,45.3305,45.9925,1822217.0
2017-05-04,46.0845,46.527,45.9385,46.306,1938006.0
2017-05-05,46.406,46.492,45.9745,46.084,1614638.0
2017-05-08,45.9425,46.6195,45.9395,46.5045,1875309.0
2017-05-09,46.6365,46.68,46.29,46.4055,1686772.0
2017-05-10,46.381,46.4055,46.062,46.312,1145873.0
2017-05-11,46.1345,46.4695,46.0005,46.3645,1031014.0
2017-05-12,46.4625,46.469,46.173,46.327,1214617.0
2017-05-15,46.3345,46.705,46.211,46.531,1332067.0
2017-05-16,46.7475,46.8645,46.5875,46.8005,1099932.0
2017-05-17,46.555,46.6195,45.573,45.6785,2447018.0
2017-05-18,45.73,46.279,45.6335,46.095,1799569.0
2017-05-19,46.211,46.548,46.17,46.3025,1359896.0
2017-05-22,46.42,46.811,46.398,46.7735,1384909.0
2017-05-23,47.068,47.2955,46.795,47.0975,1544933.0
2017-05-24,47.333,47.4755,47.1515,47.4505,1137885.0
2017-05-25,47.52,48.359,47.461,48.163,1952832.0
2017-05-26,48.17,48.3895,47.938,48.2335,1635891.0
2017-05-30,48.195,48.451,48.138,48.3785,1516553.0
2017-05-31,48.3805,48.55,47.654,47.9245,1725758.0
2017-06-01,48.118,48.227,47.6345,47.9845,1305190.0
2017-06-02,47.9995,48.394,47.9235,48.376,1734952.0
2017-06-05,48.4645,48.94,48.3425,48.764,1377960.0
2017-06-06,48.7355,49.0005,48.31,48.404,1550832.0
2017-06-07,48.511,48.7655,48.3605,48.6495,1372300.0
2017-06-08,48.7815,48.85,48.401,48.784,1681411.0
2017-06-09,48.8445,48.845,46.2385,47.076,3643062.0
2017-06-12,46.506,46.97,45.4095,46.6605,4197445.0
2017-06-13,47.172,47.4655,46.6705,47.095,2004195.0
2017-06-14,47.345,47.555,46.5455,46.9665,1499807.0
2017-06-15,45.971,46.6035,45.5885,46.579,2369353.0
2017-06-16,46.4655,46.5675,46.005,46.501,2545952.0
2017-06-19,47.0525,47.535,46.98,47.331,1466053.0
2017-06-20,47.3355,47.6095,46.98,47.0195,1297019.0
2017-06-21,47.1095,47.5535,47.028,47.4995,1146195.0
2017-06-22,47.4135,47.595,47.2355,47.401,1000838.0
2017-06-23,47.345,47.901,47.293,47.8745,1547284.0
2017-06-26,48.07,48.2695,47.0865,47.1745,1516720.0
2017-06-27,46.65,46.931,45.9245,45.9745,2441836.0
2017-06-28,46.103,46.732,45.378,46.6205,2738995.0
2017-06-29,46.1375,46.153,45.05,45.461,3203356.0
2017-06-30,45.7695,45.82,45.0505,45.054,2285012.0
2017-07-03,45.231,45.282,44.3355,44.543,1694811.0
2017-07-05,44.78,45.3845,44.5015,45.183,2091689.0
2017-07-06,44.82,45.377,44.5625,44.9545,2013951.0
2017-07-07,45.1195,45.803,45.0595,45.6105,1663302.0
2017-07-10,45.6675,46.2265,45.6675,46.12,1451460.0
2017-07-11,46.0895,46.3145,45.826,46.2465,1084327.0
2017-07-12,46.613,47.043,46.422,46.953,1091559.0
2017-07-13,47.11,47.505,46.81,47.006,1053313.0
2017-07-14,47.27,47.447,47.093,47.4155,783147.0
2017-07-17,47.495,47.7375,47.11,47.368,1233416.0
2017-07-18,47.238,48.1125,47.172,47.9175,1008075.0
2017-07-19,48.0705,48.35,47.9205,48.2085,1412148.0
2017-07-20,48.42,48.504,47.805,48.1795,990366.0
2017-07-21,47.825,48.32,47.7855,48.262,1083232.0
2017-07-24,48.275,48.875,48.089,48.4855,2638645.0
2017-07-25,47.077,47.4065,46.76,47.0215,4295943.0
2017-07-26,47.2505,47.2675,46.584,46.8355,1641014.0
2017-07-27,47.029,47.046,45.423,46.1955,3717900.0
2017-07-28,45.9105,46.6595,45.845,46.4865,1218936.0
2017-07-31,46.57,46.6295,45.6565,45.845,2293389.0
2017-08-01,46.07,46.2945,45.818,45.898,973140.0
2017-08-02,45.9885,46.025,45.196,45.952,1411869.0
2017-08-03,46.025,46.07,45.542,45.585,785886.0
2017-08-04,45.7675,45.947,45.56,45.8595,946530.0
2017-08-07,45.946,46.018,45.745,45.8575,1067140.0
2017-08-08,45.7855,46.1945,45.694,45.7795,1076553.0
2017-08-09,45.4925,45.758,45.266,45.574,1400852.0
2017-08-10,45.32,45.385,44.659,44.7495,2707393.0
2017-08-11,44.7555,45.238,44.631,45.0745,1616708.0
2017-08-14,45.5235,45.622,45.2945,45.5165,1150612.0
2017-08-15,45.6215,45.7235,45.402,45.474,1106484.0
2017-08-16,45.6325,46.065,45.572,45.7835,1345261.0
2017-08-17,45.7175,45.7605,44.952,44.953,1695694.0
2017-08-18,44.919,45.121,44.7485,44.879,1337404.0
2017-08-21,44.8585,44.9825,44.5,44.6135,1301243.0
2017-08-22,44.918,45.668,44.8785,45.59,1775099.0
2017-08-23,45.42,45.8415,45.332,45.699,1134464.0
2017-08-24,45.7555,45.8855,45.107,45.4145,1294559.0
2017-08-25,45.5305,45.6065,45.075,45.095,1187313.0
2017-08-28,45.164,45.3125,44.8755,44.9765,1049397.0
2017-08-29,44.5675,45.4795,44.5355,45.3575,1158576.0
2017-08-30,45.3535,45.863,45.2725,45.7515,1120342.0
2017-08-31,45.885,46.43,45.8825,46.332,1693313.0
2017-09-01,46.4435,46.4865,46.084,46.1695,1042885.0
2017-09-05,45.913,46.1395,45.35,45.644,1460830.0
2017-09-06,45.7635,45.795,45.204,45.671,1391529.0
2017-09-07,45.7825,46.095,45.4465,46.0645,1116575.0
2017-09-08,46.055,46.105,45.5705,45.6405,999916.0
2017-09-11,45.93,46.204,45.62,45.7345,1337365.0
2017-09-12,45.916,45.9745,45.445,45.9025,1284787.0
2017-09-13,45.845,46.2125,45.807,46.092,1095382.0
2017-09-14,45.87,45.9715,45.488,45.5765,1427379.0
2017-09-15,45.5745,45.6575,45.1325,45.3345,1994265.0
2017-09-18,45.3205,45.413,44.84,45.0575,1473651.0
2017-09-19,45.2405,45.467,44.903,45.413,1242726.0
2017-09-20,45.4565,46.07,45.445,45.947,2004018.0
2017-09-21,45.9765,46.21,45.539,45.9475,1370685.0
2017-09-22,45.7085,46.07,45.612,45.733,1074806.0
2017-09-25,45.5425,45.5575,44.7955,45.284,1873375.0
2017-09-26,45.4045,45.774,45.326,45.4415,1672749.0
2017-09-27,45.707,46.8415,45.6675,46.565,2334635.0
2017-09-28,46.3825,46.879,46.3475,46.8105,1400931.0
2017-09-29,46.87,47.3605,46.87,47.256,2031092.0
2017-10-02,47.3525,47.457,46.6675,46.9435,1539122.0
2017-10-03,46.948,47.192,46.7055,47.174,1083948.0
2017-10-04,47.158,47.29,46.8505,46.909,1057769.0
2017-10-05,47.2095,47.8955,47.0835,47.8295,1780946.0
2017-10-06,47.57,48.283,47.4955,48.252,1553033.0
2017-10-09,48.32,48.593,48.145,48.1855,1295467.0
2017-10-10,48.335,48.4435,47.6255,47.96,1163400.0
2017-10-11,48.022,48.9485,47.967,48.8525,1814999.0
2017-10-12,48.762,49.147,48.625,48.8525,1530664.0
2017-10-13,49.0255,49.308,48.923,48.9635,1327632.0
2017-10-16,49.0515,49.17,48.646,49.0375,1071023.0
2017-10-17,48.942,49.298,48.8725,49.12,1012998.0
2017-10-18,49.1225,49.3855,48.836,49.207,1279780.0
2017-10-19,48.8075,48.936,48.435,48.662,1714243.0
2017-10-20,48.9225,49.0025,48.6835,48.8235,1606031.0
2017-10-23,48.829,48.8595,47.725,47.847,1639294.0
2017-10-24,47.895,48.033,47.424,47.9945,1445129.0
2017-10-25,47.8835,48.2915,47.456,48.143,1528710.0
2017-10-26,48.4935,48.8955,48.0935,48.141,2369838.0
2017-10-27,50.1195,51.751,49.9125,50.2535,5184143.0
2017-10-30,50.028,50.5615,49.6865,50.2265,2340172.0
2017-10-31,50.22,50.62,49.885,50.222,1516278.0
2017-11-01,50.386,50.963,50.27,50.7,2163073.0
2017-11-02,50.5695,50.846,50.003,50.7185,1334697.0
2017-11-03,50.7075,51.098,50.4525,51.0695,1388461.0
2017-11-06,51.025,51.1995,50.67,50.704,914748.0
2017-11-07,51.0525,51.2405,50.72,51.1895,1305229.0
2017-11-08,51.0725,51.7045,50.9225,51.4845,1214600.0
2017-11-09,50.97,51.114,50.3625,50.956,1794575.0
2017-11-10,50.7635,50.9015,50.631,50.7775,972127.0
2017-11-13,50.61,51.007,50.533,50.63,940721.0
2017-11-14,50.456,50.685,50.0365,50.652,1050566.0
2017-11-15,50.32,50.5515,50.108,50.3905,905262.0
2017-11-16,50.5075,51.158,50.47,50.9935,1188392.0
2017-11-17,51.06,51.12,50.2565,50.3645,1335610.0
2017-11-20,50.37,50.505,50.204,50.303,876321.0
2017-11-21,50.572,51.0895,50.527,51.085,1110341.0
2017-11-22,51.128,51.3415,50.9325,51.166,726898.0
2017-11-24,51.2895,51.5735,51.166,51.396,825369.0
2017-11-27,51.4985,52.222,51.3085,52.1705,1771491.0
2017-11-28,52.2695,52.57,51.297,51.7345,1821171.0
2017-11-29,51.379,51.5085,50.0525,50.439,2793332.0
2017-11-30,50.567,50.777,50.0735,50.3785,2254590.0
2017-12-01,50.0905,50.4325,49.415,49.8235,1888081.0
2017-12-04,49.96,50.137,49.031,49.1635,1938861.0
2017-12-05,49.1195,50.404,48.686,49.55,1949865.0
2017-12-06,49.396,50.549,49.3355,50.206,1435549.0
2017-12-07,50.3735,51.016,50.338,50.7985,1543285.0
2017-12-08,51.1605,51.391,50.863,51.039,1558472.0
2017-12-11,51.1255,51.37,50.776,51.1685,1162694.0
2017-12-12,51.07,51.695,50.8135,51.0085,1694061.0
2017-12-13,51.174,51.344,50.899,51.1395,1384038.0
2017-12-14,51.3445,51.924,51.25,51.4435,1548139.0
2017-12-15,51.759,52.3325,51.5745,52.17,3187985.0
2017-12-18,52.3925,52.8945,52.0885,52.8245,1514601.0
2017-12-19,52.721,52.819,52.1835,52.559,1317519.0
2017-12-20,52.616,52.632,52.0,52.248,1436391.0
2017-12-21,52.3395,52.446,52.02,52.1125,1282025.0
2017-12-22,52.07,52.156,51.952,52.013,889446.0
2017-12-26,52.002,52.013,51.502,51.8625,918767.0
2017-12-27,51.9,51.9835,51.489,51.58,1116203.0
2017-12-28,51.6825,51.812,51.239,51.3675,994249.0
2017-12-29,51.3445,51.4725,51.205,51.24,1180340.0
2018-01-02,51.221,52.369,51.221,52.2305,1588268.0
2018-01-03,52.2665,53.375,52.2415,53.146,1565945.0
2018-01-04,53.4245,53.774,53.283,53.358,1302569.0
2018-01-05,53.7425,54.249,53.66,54.0845,1512526.0
2018-01-08,54.12,54.528,54.07,54.2805,1232221.0
2018-01-09,54.492,54.492,53.98,54.2095,1340381.0
2018-01-10,53.92,54.209,53.769,54.077,1036655.0
2018-01-11,54.1855,54.3125,53.894,54.1725,1121216.0
2018-01-12,54.075,55.135,53.9705,55.1025,1929306.0
2018-01-16,55.5855,56.014,54.903,55.105,1823100.0
2018-01-17,55.388,55.536,54.7445,55.525,1391510.0
2018-01-18,55.5375,55.5995,54.7935,55.3685,1374873.0
2018-01-19,55.4715,55.759,55.195,55.745,1527554.0
2018-01-22,55.761,56.914,55.661,56.778,1477520.0
2018-01-23,57.101,57.4955,56.9325,57.3785,1956865.0
2018-01-24,57.819,57.9225,56.94,57.1345,1856429.0
2018-01-25,57.6055,57.82,57.162,57.677,1499247.0
2018-01-26,57.9465,57.948,56.9715,57.948,2108502.0
2018-01-29,57.97,58.47,57.773,57.894,1574708.0
2018-01-30,57.456,57.9665,57.2955,57.4385,1866883.0
2018-01-31,57.7605,57.886,57.175,57.681,1801135.0
2018-02-01,57.3695,57.9425,57.038,57.6495,3675709.0
2018-02-02,54.941,55.135,54.1285,54.53,5892122.0
2018-02-05,53.6005,54.3195,51.407,51.6895,4177469.0
2018-02-06,50.269,52.939,50.0705,52.7915,3831524.0
2018-02-07,52.8185,52.8965,51.301,51.3405,2597094.0
2018-02-08,51.5635,51.7665,48.805,48.9555,3339601.0
2018-02-09,49.864,51.156,48.42,50.8835,4917970.0
2018-02-12,51.4035,51.8485,50.8445,51.298,2812011.0
2018-02-13,51.07,51.631,50.916,51.277,1579258.0
2018-02-14,51.286,52.3435,51.06,52.205,2065202.0
2018-02-15,52.7425,53.275,51.9315,53.138,1869763.0
2018-02-16,53.239,53.9855,53.1475,53.345,1997405.0
2018-02-20,53.208,54.3845,53.07,53.7495,1687656.0
2018-02-21,54.025,55.38,53.9455,54.2575,2074321.0
2018-02-22,54.5285,54.843,53.8275,54.065,1400536.0
2018-02-23,54.503,55.02,53.992,54.9745,1264638.0
2018-02-26,55.163,55.78,55.037,55.755,1545619.0
2018-02-27,55.755,55.7825,54.4095,54.4455,2148159.0
2018-02-28,54.67,54.9525,53.72,53.766,2464619.0
2018-03-01,54.047,54.1335,51.9345,52.1405,2766856.0
2018-03-02,51.469,52.9145,51.0755,52.777,2508145.0
2018-03-05,52.4765,53.629,52.1835,53.308,1432369.0
2018-03-06,53.675,53.8515,53.295,53.615,1169068.0
2018-03-07,53.211,54.38,53.0655,54.322,1537429.0
2018-03-08,54.43,55.142,54.43,55.039,1693133.0
2018-03-09,55.545,56.62,55.2845,56.612,2133087.0
2018-03-12,56.8225,57.478,56.53,56.8665,2215304.0
2018-03-13,57.1615,57.47,55.2985,55.5655,2156999.0
2018-03-14,55.86,56.558,55.6875,56.0145,2093482.0
2018-03-15,56.0485,56.695,55.353,56.1005,1669094.0
2018-03-16,56.3375,56.4105,55.138,55.291,2932759.0
2018-03-19,54.458,54.5385,53.016,53.5735,3182796.0
2018-03-20,53.49,53.8475,52.691,53.36,2729857.0
2018-03-21,53.1985,54.005,52.9305,53.27,2244865.0
2018-03-22,52.5705,52.766,51.052,51.2275,3465608.0
2018-03-23,51.1385,51.909,49.8135,49.8975,2493971.0
2018-03-26,51.1,51.5335,49.099,51.2745,3299151.0
2018-03-27,51.765,51.797,48.451,48.917,3040809.0
2018-03-28,48.6655,49.8195,47.77,48.829,3884943.0
2018-03-29,49.1305,50.9725,48.772,50.427,3466876.0
2018-04-02,49.951,50.5465,48.2825,49.2015,3245530.0
2018-04-03,49.3775,49.82,48.4325,49.504,2566146.0
2018-04-04,48.4815,50.207,48.3955,50.0555,2536198.0
2018-04-05,50.8895,50.9055,49.77,50.202,1791761.0
2018-04-06,49.725,50.37,48.8825,49.0675,2006683.0
2018-04-09,49.572,50.7995,49.53,49.5745,1661012.0
2018-04-10,50.083,50.6305,49.3405,50.395,1836678.0
2018-04-11,50.17,50.3635,49.53,49.823,1703015.0
2018-04-12,50.1435,50.8025,49.8725,50.4345,1644794.0
2018-04-13,50.9145,51.219,50.0775,50.372,1270461.0
2018-04-16,50.8475,51.1415,50.266,50.875,1488822.0
2018-04-17,51.63,52.82,51.4245,52.538,2729197.0
2018-04-18,52.5205,52.67,52.096,52.3395,1556298.0
2018-04-19,52.021,53.4455,52.021,53.0425,1994247.0
2018-04-20,52.7835,53.3075,52.175,52.436,2121692.0
2018-04-23,52.719,52.97,51.904,52.2605,3479496.0
2018-04-24,51.53,51.7945,49.213,49.702,6411038.0
2018-04-25,50.0575,50.3735,49.4205,49.7195,2893047.0
2018-04-26,50.231,51.171,49.5925,50.7355,2546332.0
2018-04-27,50.847,51.155,49.9495,50.1425,2037263.0
2018-04-30,50.291,50.4885,49.485,49.499,1724632.0
2018-05-01,49.385,50.6565,49.1005,50.6075,1766256.0
2018-05-02,50.27,50.769,49.728,49.8725,1734872.0
2018-05-03,49.8385,50.1045,48.9645,49.885,1964066.0
2018-05-04,49.5505,51.164,49.4725,51.12,1844600.0
2018-05-07,51.2645,51.82,51.0835,51.543,1719971.0
2018-05-08,51.801,51.8315,51.152,51.4995,1301524.0
2018-05-09,51.775,53.27,51.6755,53.0175,2357979.0
2018-05-10,53.32,54.0405,53.264,53.8435,1820676.0
2018-05-11,53.5905,54.0205,53.431,53.739,1525218.0
2018-05-14,53.8485,54.4775,53.81,53.9,1966893.0
2018-05-15,53.415,53.526,52.509,52.8135,1786926.0
2018-05-16,52.8245,53.289,52.6515,52.7745,1281406.0
2018-05-17,52.643,53.12,52.391,52.633,1286907.0
2018-05-18,51.87,52.2565,51.804,52.052,1774149.0
2018-05-21,52.52,53.235,52.47,52.7705,1258999.0
2018-05-22,53.06,53.16,52.183,52.3355,1111299.0
2018-05-23,52.07,52.97,51.918,52.868,1186998.0
2018-05-24,52.915,52.926,52.185,52.8425,1030194.0
2018-05-25,52.8975,53.0485,52.7,52.774,1111161.0
2018-05-29,52.37,52.637,51.724,51.9735,1803805.0
2018-05-30,52.244,52.5195,51.8975,52.4435,1434282.0
2018-05-31,52.67,54.07,52.47,53.57,3968362.0
2018-06-01,54.2135,55.478,54.1705,55.32,3160100.0
2018-06-04,55.495,56.463,55.42,56.222,2237701.0
2018-06-05,56.303,56.625,55.943,56.121,1648222.0
2018-06-06,56.2085,56.3055,55.386,55.9175,1746719.0
2018-06-07,55.799,55.8635,54.876,55.291,1805388.0
2018-06-08,55.1305,55.509,54.7315,55.2055,1364226.0
2018-06-11,55.217,55.957,55.14,55.615,1239770.0
2018-06-12,55.621,56.0075,55.621,55.9795,1304612.0
2018-06-13,56.184,56.352,55.739,55.7815,1715074.0
2018-06-14,56.1805,56.8695,56.1,56.5755,1771120.0
2018-06-15,56.566,56.7655,56.2545,56.5335,2221891.0
2018-06-18,56.2045,57.7765,56.12,57.749,1651913.0
2018-06-19,57.0755,57.7105,56.6505,57.5045,2364127.0
2018-06-20,57.735,58.6445,57.6715,57.7735,2584260.0
2018-06-21,57.8455,58.0865,56.744,57.042,2248277.0
2018-06-22,57.145,57.32,56.5525,57.0345,1711003.0
2018-06-25,56.32,56.3695,54.565,55.534,2884131.0
2018-06-26,55.777,55.9135,55.02,55.201,1734414.0
2018-06-27,55.37,55.8805,54.405,54.417,1726866.0
2018-06-28,54.1895,55.27,53.8735,54.909,1486675.0
2018-06-29,55.1855,55.638,54.921,55.0295,1578116.0
2018-07-02,54.3375,55.7195,53.9,55.6755,1161040.0
2018-07-03,56.041,56.0655,54.2915,54.384,822394.0
2018-07-05,54.8,55.777,54.726,55.6345,1429710.0
2018-07-06,55.6585,56.38,55.432,56.324,1090967.0
2018-07-09,56.57,56.9665,56.4315,56.934,1079201.0
2018-07-10,57.0695,57.245,56.698,56.927,1066704.0
2018-07-11,56.351,57.592,56.3385,57.143,1662633.0
2018-07-12,57.313,58.6695,57.225,58.633,2207431.0
2018-07-13,58.71,59.092,58.3345,58.791,1631857.0
2018-07-16,58.7605,59.0055,58.24,58.3955,1339237.0
2018-07-17,57.707,59.508,57.67,59.224,2008133.0
2018-07-18,58.9965,59.6495,58.798,59.2155,1947397.0
2018-07-19,58.9025,59.394,58.4565,58.525,1916892.0
2018-07-20,58.532,59.1085,58.3995,58.464,1898376.0
2018-07-23,58.353,59.325,58.1705,59.12,3272304.0
2018-07-24,62.12,62.32,60.777,61.4775,5380032.0
2018-07-25,61.201,62.482,61.0225,62.367,2575437.0
2018-07-26,61.929,62.94,61.72,62.845,2734302.0
2018-07-27,63.026,63.142,60.795,61.2145,2418090.0
2018-07-30,60.8225,61.2145,59.7785,60.072,2194837.0
2018-07-31,60.1555,60.6305,59.3795,59.931,1969111.0
2018-08-01,60.5255,60.865,59.817,60.2195,1849740.0
2018-08-02,59.495,60.7905,59.473,60.6265,1735180.0
2018-08-03,60.829,60.896,60.041,60.478,1063244.0
2018-08-06,60.6505,60.693,60.0965,60.4535,1105916.0
2018-08-07,61.1705,61.874,61.16,61.362,2125256.0
2018-08-08,61.406,62.156,61.176,61.6365,1718664.0
2018-08-09,61.7065,62.168,61.575,61.793,1366318.0
2018-08-10,61.529,61.63,60.928,61.1955,1334387.0
2018-08-13,61.13,61.8685,60.9215,61.002,1380882.0
2018-08-14,61.195,61.5995,60.547,61.477,1403991.0
2018-08-15,60.784,61.169,59.8825,60.181,1852558.0
2018-08-16,60.6695,60.755,59.5515,59.773,1608799.0
2018-08-17,59.672,59.9175,58.77,59.3625,1654629.0
2018-08-20,59.603,59.8655,59.005,59.6675,1111173.0
2018-08-21,59.721,60.208,59.3215,59.4405,1154093.0
2018-08-22,59.281,59.8965,59.231,59.6575,1114832.0
2018-08-23,59.564,60.3285,59.5375,59.628,1233347.0
2018-08-24,59.87,60.44,59.641,60.4075,1222653.0
2018-08-27,60.777,61.4635,60.604,61.3835,1428992.0
2018-08-28,61.365,61.398,60.7185,60.863,1366516.0
2018-08-29,61.32,61.9285,61.21,61.8025,1846615.0
2018-08-30,61.74,62.0445,60.9305,61.292,1505219.0
2018-08-31,61.12,61.1895,59.8675,60.16,2115424.0
2018-09-04,59.696,59.9635,58.898,59.1355,2072869.0
2018-09-05,59.031,59.3135,57.337,58.525,2699394.0
2018-09-06,58.4985,58.5195,56.7505,57.7695,2342722.0
2018-09-07,57.17,57.9975,57.0335,57.4495,1633190.0
2018-09-10,57.78,57.903,57.1005,57.323,1383938.0
2018-09-11,57.125,58.117,56.8675,58.0695,1462688.0
2018-09-12,57.67,58.1045,56.878,57.15,1785833.0
2018-09-13,57.555,57.963,57.031,57.677,2003418.0
2018-09-14,57.97,57.97,57.246,57.469,1208767.0
2018-09-17,57.4585,57.661,56.493,56.5615,1704790.0
2018-09-18,56.703,57.6365,56.6415,56.9255,1615701.0
2018-09-19,57.018,57.3835,56.501,57.2835,1298084.0
2018-09-20,57.6035,58.27,57.3825,58.1485,1462455.0
2018-09-21,58.316,58.399,57.173,57.176,4561119.0
2018-09-24,56.5405,57.8295,56.145,57.548,1557479.0
2018-09-25,57.7825,58.413,57.2745,58.2645,1657809.0
2018-09-26,58.2545,58.932,57.84,58.273,1882524.0
2018-09-27,58.57,59.413,58.4725,58.938,1813652.0
2018-09-28,58.7745,58.9925,58.4615,58.924,1780759.0
2018-10-01,59.22,59.78,58.7295,58.9965,1659364.0
2018-10-02,58.9035,59.796,58.553,58.952,2008956.0
2018-10-03,59.17,59.279,58.6775,59.1465,1312686.0
2018-10-04,58.8215,58.865,56.7625,57.4235,2328778.0
2018-10-05,57.37,57.67,56.286,56.9615,1593012.0
2018-10-08,56.57,57.363,55.34,56.366,2309539.0
2018-10-09,56.1355,56.6475,55.7785,55.8285,1684728.0
2018-10-10,55.39,55.421,53.1455,53.178,2949006.0
2018-10-11,52.522,54.373,52.3645,53.107,3384775.0
2018-10-12,54.552,54.8615,53.3215,54.597,2468920.0
2018-10-15,54.47,54.66,53.481,53.692,1503956.0
2018-10-16,54.244,55.3885,54.1575,55.224,1918879.0
2018-10-17,55.57,55.92,54.27,54.9495,1782614.0
2018-10-18,55.07,55.1875,52.887,53.4655,2307596.0
2018-10-19,53.7555,54.6175,53.4215,53.829,2064289.0
2018-10-22,54.1955,54.6545,53.57,54.1385,1355842.0
2018-10-23,53.1345,54.47,52.5205,54.3155,1884255.0
2018-10-24,54.32,54.401,51.323,51.426,2464295.0
2018-10-25,52.585,54.461,52.3475,53.7495,3647814.0
2018-10-26,50.9865,54.42,50.6815,52.7575,5321883.0
2018-10-29,53.397,54.0115,48.93,50.3065,4064452.0
2018-10-30,49.5705,51.115,49.2685,51.0455,2988418.0
2018-10-31,51.98,53.97,51.98,53.099,3545821.0
2018-11-01,53.14,53.565,52.461,52.869,2006575.0
2018-11-02,53.02,53.47,51.953,52.1445,2172215.0
2018-11-05,52.1965,52.2375,50.27,51.3565,2267870.0
2018-11-06,51.321,52.561,51.2505,52.0485,1433013.0
2018-11-07,52.7445,54.0665,52.5995,53.982,2169392.0
2018-11-08,53.935,53.981,52.788,53.3015,1685193.0
2018-11-09,52.771,52.9875,51.783,52.421,1743298.0
2018-11-12,52.2265,52.275,50.5875,51.038,1700091.0
2018-11-13,51.3105,51.9035,50.59,50.9685,1287475.0
2018-11-14,51.57,51.8595,50.6255,51.299,1733302.0
2018-11-15,51.143,52.5135,50.6345,52.1225,2079154.0
2018-11-16,51.8315,52.192,51.315,51.9835,1768308.0
2018-11-19,51.7395,51.97,49.7135,49.941,2284191.0
2018-11-20,48.9345,50.4375,48.6805,50.0925,2722934.0
2018-11-21,50.8355,51.3055,50.543,50.7415,1485172.0
2018-11-23,50.245,50.72,49.996,50.075,708859.0
2018-11-26,50.77,51.42,50.5585,51.367,1577941.0
2018-11-27,51.137,51.908,50.845,51.184,1652433.0
2018-11-28,51.443,53.213,50.7175,53.1595,2302121.0
2018-11-29,52.7465,53.5775,52.67,53.299,1550523.0
2018-11-30,53.3515,54.0525,52.729,54.0525,2983340.0
2018-12-03,55.178,55.32,54.1565,54.388,2876449.0
2018-12-04,54.2195,54.282,51.609,51.6935,2281485.0
2018-12-06,50.82,52.541,50.694,52.474,2371825.0
2018-12-07,52.1815,52.8215,50.5385,50.899,2134111.0
2018-12-10,50.717,51.55,50.22,51.229,1682646.0
2018-12-11,51.917,52.09,51.075,51.6525,1692576.0
2018-12-12,52.424,53.1565,52.1685,52.2565,1447973.0
2018-12-13,52.3535,52.991,51.8195,52.247,1249403.0
2018-12-14,51.571,52.156,51.0385,51.1555,1817949.0
2018-12-17,50.9205,51.689,49.4015,49.8525,2496551.0
2018-12-18,50.27,51.5545,50.094,50.7405,2182019.0
2018-12-19,50.9345,52.3555,49.5415,50.343,2913237.0
2018-12-20,49.87,50.942,48.963,49.749,2683670.0
2018-12-21,50.172,50.4535,47.6295,48.1325,5232490.0
2018-12-24,47.786,49.176,47.453,47.8035,1817955.0
2018-12-26,48.4695,50.9925,48.2025,50.9625,2315862.0
2018-12-27,49.88,51.237,48.92,51.215,2299806.0
2018-12-28,51.545,51.7815,50.67,50.904,1718352.0
2018-12-31,51.4615,51.7195,50.237,50.818,1655504.0
2019-01-02,49.93,51.6095,49.834,51.304,1593395.0
2019-01-03,51.1035,51.883,49.6885,49.8435,2097957.0
2019-01-04,50.698,52.57,50.413,52.4735,2301428.0
2019-01-07,52.6185,52.705,51.702,52.366,2372667.0
2019-01-08,52.87,53.2375,51.9875,52.8385,1770654.0
2019-01-09,52.9695,53.152,52.2885,52.6525,1349912.0
2019-01-10,52.317,52.5605,51.804,52.5115,1329861.0
2019-01-11,52.065,52.2385,51.3915,51.7935,1543238.0
2019-01-14,51.237,51.4925,50.9975,51.1455,1424486.0
2019-01-15,51.4705,52.9835,51.292,52.8955,1875852.0
2019-01-16,53.07,53.688,52.9705,53.0455,1914041.0
2019-01-17,52.9695,53.605,52.733,53.526,1244801.0
2019-01-18,54.0085,54.47,53.555,53.935,2244569.0
2019-01-22,53.37,53.5185,52.1145,52.5015,1981594.0
2019-01-23,52.913,53.2175,51.9485,52.7905,1259738.0
2019-01-24,52.6955,52.97,52.071,52.77,1455948.0
2019-01-25,53.2815,53.738,53.16,53.6455,1163788.0
2019-01-28,53.0735,53.2385,52.3005,52.563,1466714.0
2019-01-29,52.622,52.8065,51.871,52.073,985248.0
2019-01-30,52.438,53.546,52.402,53.4695,1472647.0
2019-01-31,54.182,54.9535,53.8325,54.8645,2011572.0
2019-02-01,54.6845,55.29,54.2825,54.501,1655813.0
2019-02-04,54.5205,55.687,54.4455,55.641,3920591.0
2019-02-05,55.0515,56.2085,54.75,56.1635,4114790.0
2019-02-06,56.0335,56.27,54.488,54.7145,2412820.0
2019-02-07,54.161,54.1695,53.2495,53.8655,1914877.0
2019-02-08,53.314,53.825,53.282,53.689,1088327.0
2019-02-11,53.7575,54.2415,53.57,53.676,924881.0
2019-02-12,54.1205,55.213,54.1205,54.949,1751771.0
2019-02-13,55.222,55.7125,54.87,55.0015,1402087.0
2019-02-14,54.82,55.3765,54.4245,55.03,1055297.0
2019-02-15,55.535,55.535,54.406,54.5515,1391348.0
2019-02-19,54.402,55.052,54.402,54.8955,1099259.0
2019-02-20,55.014,55.1165,54.1575,54.5995,1204533.0
2019-02-21,54.509,54.5275,53.469,53.7805,1663980.0
2019-02-22,54.055,54.4325,53.595,54.398,1471783.0
2019-02-25,54.6665,54.84,54.2755,54.4365,1310362.0
2019-02-26,54.2885,54.892,53.905,54.6705,1751261.0
2019-02-27,54.2705,54.8565,53.998,54.7145,1104881.0
2019-02-28,54.52,55.2695,54.4905,54.8975,1371355.0
2019-03-01,55.12,56.07,55.12,55.996,1704258.0
2019-03-04,56.298,56.846,55.4825,56.241,1774467.0
2019-03-05,56.37,57.3945,56.221,57.0295,2004723.0
2019-03-06,57.158,57.307,56.7225,56.817,1180052.0
2019-03-07,56.595,56.749,55.656,56.1125,1504328.0
2019-03-08,55.265,56.2425,55.08,56.0685,1184732.0
2019-03-11,56.17,57.5655,56.1485,57.533,1501633.0
2019-03-12,57.685,58.8555,57.685,58.4325,2110979.0
2019-03-13,58.8665,58.926,58.4655,58.523,1294354.0
2019-03-14,58.521,58.805,58.1315,58.1965,1365072.0
2019-03-15,58.47,58.6565,57.9205,58.085,2593338.0
2019-03-18,58.0545,58.3175,57.644,57.9975,1222203.0
2019-03-19,58.156,58.7405,58.043,58.693,1489407.0
2019-03-20,58.64,60.0695,58.5495,59.8915,2075442.0
2019-03-21,59.57,60.392,59.399,60.3765,1407480.0
2019-03-22,60.0125,60.2515,58.87,58.9525,1721133.0
2019-03-25,58.548,59.042,58.07,58.439,1378849.0
2019-03-26,58.8295,58.9525,57.658,58.062,1537606.0
2019-03-27,58.166,58.166,56.7815,57.4705,1471402.0
2019-03-28,57.345,57.4325,56.7415,57.1835,1120122.0
2019-03-29,57.579,57.7685,56.889,57.4145,1544615.0
2019-04-01,57.947,58.58,57.888,58.519,1385595.0
2019-04-02,58.5725,58.8605,58.132,58.847,914413.0
2019-04-03,59.205,59.6,58.824,59.1105,1109614.0
2019-04-04,59.1345,59.5975,59.022,59.5425,1051089.0
2019-04-05,59.535,59.5895,59.0715,59.1425,1001044.0
2019-04-08,59.1255,59.2675,58.805,58.984,1087588.0
2019-04-09,58.6645,58.9275,58.489,58.7045,983840.0
2019-04-10,58.8245,59.017,58.603,58.8925,775456.0
2019-04-11,59.015,59.207,58.797,59.0495,849947.0
2019-04-12,59.351,59.7225,59.2345,59.7065,1215610.0
2019-04-15,59.7745,60.035,59.298,59.8965,1189974.0
2019-04-16,60.07,60.369,59.822,60.1655,1131099.0
2019-04-17,60.42,60.825,60.215,60.577,1518286.0
2019-04-18,60.82,60.867,60.5405,60.6435,1237788.0
2019-04-22,60.4035,61.287,60.2385,61.258,954419.0
2019-04-23,61.402,62.2915,61.169,62.0995,1593449.0
2019-04-24,62.0995,62.27,61.5605,61.5725,1169797.0
2019-04-25,62.085,62.21,61.47,61.937,1567161.0
2019-04-26,62.239,62.5155,61.82,62.441,1361419.0
2019-04-29,62.5955,63.419,62.1555,63.38,3618362.0
2019-04-30,58.1015,58.619,57.72,58.518,6658855.0
2019-05-01,58.445,58.5325,57.154,57.236,3717018.0
2019-05-02,57.2,57.539,56.4865,56.8955,2254890.0
2019-05-03,57.4405,58.14,57.2475,58.0475,2079376.0
2019-05-06,57.17,58.3415,57.128,58.243,1588684.0
2019-05-07,57.8605,58.3085,56.82,57.513,1830238.0
2019-05-08,57.4345,57.7835,56.9515,57.109,1276022.0
2019-05-09,56.7,57.2735,56.302,56.9685,1477752.0
2019-05-10,57.012,57.384,55.8885,56.952,1582460.0
2019-05-13,55.832,56.1685,54.845,55.3995,2281686.0
2019-05-14,55.686,55.8135,54.7465,54.813,2019550.0
2019-05-15,54.6975,57.485,54.64,57.11,2965117.0
2019-05-16,57.162,58.278,56.9925,57.795,1765388.0
2019-05-17,57.3615,57.8845,56.891,57.009,1268050.0
2019-05-20,56.22,56.22,55.477,55.803,1530126.0
2019-05-21,56.294,56.47,55.7355,56.292,1028248.0
2019-05-22,56.1325,56.759,56.12,56.3625,941279.0
2019-05-23,55.8735,56.0725,55.228,55.837,1260657.0
2019-05-24,56.17,56.283,55.4055,55.5005,927651.0
2019-05-28,55.644,56.3945,55.5035,55.548,1047554.0
2019-05-29,55.205,55.32,54.1675,54.567,1811510.0
2019-05-30,54.5775,54.91,54.365,54.6405,904419.0
2019-05-31,53.852,54.24,53.7375,53.895,1579481.0
2019-06-03,51.9165,51.92,49.9215,50.507,4844480.0
2019-06-04,50.7945,51.492,50.3715,51.2945,3025564.0
2019-06-05,51.32,51.4105,50.22,50.802,2349436.0
2019-06-06,50.8805,51.07,50.3455,50.958,1451026.0
2019-06-07,51.284,52.2415,51.1275,51.9885,2191357.0
2019-06-10,52.42,53.312,52.334,52.708,1425464.0
2019-06-11,53.4195,53.7705,52.5485,52.622,1675817.0
2019-06-12,52.5675,52.696,52.05,52.525,1183650.0
2019-06-13,52.8055,53.3995,52.6985,53.1205,1040661.0
2019-06-14,53.057,53.308,52.644,52.885,1229304.0
2019-06-17,53.025,53.634,52.97,53.2645,988491.0
2019-06-18,54.145,54.509,53.6095,53.832,1726312.0
2019-06-19,53.932,54.0415,53.3715,53.7955,1336015.0
2019-06-20,54.655,54.706,53.92,54.23,1200908.0
2019-06-21,54.063,54.8985,54.056,54.8385,2538872.0
2019-06-24,54.57,54.7485,54.2355,54.405,1211893.0
2019-06-25,54.324,54.355,52.8,52.949,1582217.0
2019-06-26,53.12,53.326,52.2545,52.586,1734873.0
2019-06-27,52.9075,52.9935,52.3625,52.4015,1203914.0
2019-06-28,52.4315,52.71,52.26,52.71,1683568.0
2019-07-01,53.622,53.9995,53.3365,53.57,1464449.0
2019-07-02,53.8115,54.2145,53.5535,54.2,1031919.0
2019-07-03,54.495,54.9695,54.3125,54.7195,1007718.0
2019-07-05,54.5385,55.3025,54.445,55.2035,1489678.0
2019-07-08,54.8635,54.9305,54.158,54.4095,1494371.0
2019-07-09,54.086,54.963,53.9275,54.7845,1473622.0
2019-07-10,55.186,55.687,55.103,55.6155,1535546.0
2019-07-11,55.878,56.232,55.5465,55.774,1300529.0
2019-07-12,55.7165,55.945,55.498,55.837,1093933.0
2019-07-15,55.837,56.104,55.57,56.0955,1058431.0
2019-07-16,55.9065,56.499,55.9065,56.243,1267641.0
2019-07-17,56.116,56.492,55.901,55.907,976894.0
2019-07-18,55.67,55.9785,55.213,55.932,1273769.0
2019-07-19,56.036,56.149,55.1325,55.1475,1159153.0
2019-07-22,55.3435,55.571,54.8305,55.5305,1446757.0
2019-07-23,55.7425,56.013,55.2125,55.9725,1032438.0
2019-07-24,55.201,55.843,54.9955,55.5565,1359956.0
2019-07-25,55.5175,55.7495,54.7555,55.367,2738139.0
2019-07-26,59.97,61.9895,59.97,60.831,6060795.0
2019-07-29,60.695,61.02,60.08,60.662,2069127.0
2019-07-30,59.92,60.4155,59.836,59.97,1430775.0
2019-07-31,59.8135,60.3155,58.979,59.48,1997999.0
2019-08-01,59.4515,60.385,58.92,59.159,1771271.0
2019-08-02,58.72,59.045,58.07,58.386,1745450.0
2019-08-05,57.2185,57.414,55.7075,56.3075,2391972.0
2019-08-06,56.846,57.64,56.6465,57.124,1800707.0
2019-08-07,56.46,57.5635,56.112,57.3655,1534347.0
2019-08-08,57.8915,58.884,57.27,58.8795,1505848.0
2019-08-09,58.57,58.793,57.8145,58.015,1020945.0
2019-08-12,57.57,57.8505,57.006,57.295,1103243.0
2019-08-13,57.2875,58.8415,57.22,58.4065,1430240.0
2019-08-14,57.3735,57.7095,56.6235,56.7825,1771501.0
2019-08-15,56.9915,57.391,56.72,57.036,1430715.0
2019-08-16,57.6095,57.762,57.22,57.5305,1265187.0
2019-08-19,58.1615,59.0395,58.09,58.592,1222854.0
2019-08-20,58.3375,58.47,57.7225,57.7465,1010566.0
2019-08-21,58.361,58.598,57.966,58.149,708272.0
2019-08-22,58.26,58.509,57.5155,58.146,867915.0
2019-08-23,57.8285,58.3535,56.07,56.249,1813141.0
2019-08-26,56.5425,57.163,56.3125,57.129,1058926.0
2019-08-27,57.72,57.82,56.798,57.111,1173489.0
2019-08-28,56.8135,57.495,56.5825,57.2575,840829.0
2019-08-29,57.891,58.5295,57.834,58.282,982098.0
2019-08-30,58.5875,58.5875,57.856,58.0965,903375.0
2019-09-03,57.6625,58.024,56.756,57.0475,1296116.0
2019-09-04,57.5425,57.814,57.1465,57.6835,1065666.0
2019-09-05,58.253,59.27,58.2045,59.1795,1320656.0
2019-09-06,59.027,59.2175,58.733,58.886,948580.0
2019-09-09,58.924,59.5975,58.2285,58.8335,1592958.0
2019-09-10,58.3745,59.07,58.3705,58.855,1396077.0
2019-09-11,58.7645,59.6935,58.684,59.57,1176066.0
2019-09-12,59.7435,60.691,59.698,60.3185,1582230.0
2019-09-13,60.1755,60.6225,59.924,60.5715,1183762.0
2019-09-16,60.092,60.521,59.8295,60.1515,1410880.0
2019-09-17,60.1515,60.32,59.7375,60.064,1047201.0
2019-09-18,60.082,60.382,59.3935,60.2025,892788.0
2019-09-19,60.186,60.787,60.1855,60.5075,847002.0
2019-09-20,60.252,60.71,59.749,60.062,1937743.0
2019-09-23,59.8985,60.554,59.759,60.3045,1197069.0
2019-09-24,60.57,60.9255,59.102,59.4865,1835712.0
2019-09-25,59.3705,60.971,59.03,60.867,1355162.0
2019-09-26,60.677,60.8035,60.161,60.6845,1171577.0
2019-09-27,60.7115,60.8195,59.33,59.8675,1722481.0
2019-09-30,59.6,59.9405,59.241,59.627,1294609.0
2019-10-01,59.6945,60.213,58.8475,58.87,1282735.0
2019-10-02,58.395,58.508,57.2015,57.466,1674774.0
2019-10-03,57.737,58.12,56.727,58.0415,1469413.0
2019-10-04,58.2845,59.193,58.1185,59.118,1228686.0
2019-10-07,58.92,59.5155,58.788,58.9825,879020.0
2019-10-08,58.5085,58.9135,58.044,58.0765,1032426.0
2019-10-09,58.6365,58.993,58.476,58.69,813216.0
2019-10-10,58.5,59.351,58.463,59.0435,668244.0
2019-10-11,59.7715,60.0075,59.252,59.3555,1126452.0
2019-10-14,59.2645,59.864,59.164,59.4585,683926.0
2019-10-15,59.645,60.9265,59.616,60.682,1527216.0
2019-10-16,60.6605,61.2795,60.4965,60.72,1151028.0
2019-10-17,61.14,61.7575,61.0635,61.21,1063981.0
2019-10-18,61.3045,61.4755,60.577,60.7905,1582320.0
2019-10-21,61.005,61.2455,60.5695,60.784,1030085.0
2019-10-22,60.794,61.0065,60.5625,60.63,1281821.0
2019-10-23,60.5805,61.472,60.5805,61.4515,1176281.0
2019-10-24,61.5255,61.715,61.1875,61.5255,1140478.0
2019-10-25,61.17,61.97,61.0275,61.785,1355248.0
2019-10-28,62.32,63.532,62.1855,63.019,3271411.0
2019-10-29,62.37,62.61,61.3505,61.603,2632715.0
2019-10-30,61.3275,61.971,61.1025,61.605,1460193.0
2019-10-31,61.57,61.896,61.044,61.51,1595154.0
2019-11-01,61.86,62.22,61.5555,62.1825,1440607.0
2019-11-04,62.3755,63.195,62.3755,63.0505,1531622.0
2019-11-05,63.13,63.432,63.039,63.142,1257427.0
2019-11-06,63.0745,63.2195,62.6835,63.1205,1231265.0
2019-11-07,63.284,64.7025,63.2575,63.917,2257005.0
2019-11-08,63.646,64.4255,63.646,64.02,1521892.0
2019-11-11,63.77,63.815,63.3635,63.484,861860.0
2019-11-12,63.4985,64.0375,63.282,63.4305,1444342.0
2019-11-13,63.229,63.696,63.1775,63.379,936085.0
2019-11-14,63.32,64.356,63.267,64.0275,1450039.0
2019-11-15,64.3225,65.247,64.1645,65.247,1964955.0
2019-11-18,65.187,65.266,64.378,64.562,1399374.0
2019-11-19,64.9015,64.9015,64.1585,64.1995,1093629.0
2019-11-20,64.138,64.2305,63.0305,63.663,1445870.0
2019-11-21,63.5325,64.126,63.1075,63.577,1277338.0
2019-11-22,63.72,63.915,63.038,63.2535,1388912.0
2019-11-25,63.383,64.0905,63.3505,63.852,1179658.0
2019-11-26,64.0655,64.2705,63.772,64.22,1097089.0
2019-11-27,64.341,64.452,64.0435,64.1765,940536.0
2019-11-29,63.9,64.0675,63.7315,63.7745,640069.0
2019-12-02,63.698,63.842,62.589,63.013,1328889.0
2019-12-03,62.503,63.4315,62.4225,63.307,1480026.0
2019-12-04,63.875,64.7835,63.7225,64.517,1776392.0
2019-12-05,64.92,64.969,64.286,64.918,1220631.0
2019-12-06,65.2075,65.6935,65.1315,65.5395,1648729.0
2019-12-09,65.513,66.4475,65.3735,65.7195,1556889.0
2019-12-10,65.567,65.97,65.27,65.7145,880430.0
2019-12-11,65.985,66.0645,65.625,65.7825,1024308.0
2019-12-12,65.7305,66.299,65.48,65.9945,1456466.0
2019-12-13,65.965,66.1375,65.653,65.9135,1658684.0
2019-12-16,66.32,66.7465,66.1005,66.605,1406457.0
2019-12-17,66.6905,66.7865,66.1085,66.3145,1648549.0
2019-12-18,66.42,66.5415,66.093,66.1655,1166733.0
2019-12-19,66.1655,66.4465,66.0075,66.392,1521082.0
2019-12-20,66.725,66.77,66.1065,66.131,2513849.0
2019-12-23,66.5065,66.6625,65.97,66.1015,996967.0
2019-12-24,66.0805,66.1705,65.7785,65.7915,673410.0
2019-12-26,65.8975,66.73,65.8455,66.6935,1183800.0
2019-12-27,66.77,66.9235,66.22,66.302,1160873.0
2019-12-30,66.4105,66.42,65.462,65.5555,1000592.0
2019-12-31,65.3595,65.603,65.1765,65.5395,976061.0
2020-01-02,65.9905,67.004,65.8945,67.004,1364265.0
2020-01-03,65.97,67.2575,65.936,66.646,1170629.0
2020-01-06,66.1515,68.486,66.12,68.4605,2339343.0
2020-01-07,68.593,68.745,68.148,68.3255,1726456.0
2020-01-08,68.311,69.1625,68.2015,68.822,1766274.0
2020-01-09,69.6665,70.004,69.0805,69.5595,1661438.0
2020-01-10,70.0435,70.317,69.55,70.018,1313178.0
2020-01-13,70.3325,70.644,69.8385,70.5715,1537317.0
2020-01-14,70.57,70.7015,69.9585,70.0995,1305636.0
2020-01-15,70.221,70.609,70.153,70.53,1077519.0
2020-01-16,70.8425,71.105,70.57,71.078,1304040.0
2020-01-17,71.697,72.5975,71.3975,72.546,2621175.0
2020-01-21,72.52,73.064,72.0805,72.6825,2446601.0
2020-01-22,73.0565,73.599,72.703,72.7785,1422946.0
2020-01-23,72.9475,73.245,72.586,72.8045,1332562.0
2020-01-24,73.211,73.28,71.729,71.8785,1489280.0
2020-01-27,70.147,70.399,69.545,70.1565,1706566.0
2020-01-28,70.657,71.31,70.088,71.095,1486586.0
2020-01-29,71.493,71.777,70.8395,71.405,1081964.0
2020-01-30,70.475,71.3325,70.32,71.2825,1355472.0
2020-01-31,71.963,72.0535,69.923,70.209,2191075.0
2020-02-03,71.6525,72.885,71.4005,72.7,3608760.0
2020-02-04,71.2945,71.937,69.6715,70.8405,4793967.0
2020-02-05,71.7505,71.799,70.054,70.8725,1818793.0
2020-02-06,71.169,72.648,71.094,72.3685,1891079.0
2020-02-07,71.9395,72.8325,71.8405,72.5255,1418049.0
2020-02-10,72.4315,74.014,72.33,74.003,1915072.0
2020-02-11,74.2335,75.064,73.8425,74.073,1742647.0
2020-02-12,74.363,74.585,74.0035,74.5015,1552136.0
2020-02-13,74.07,74.8675,73.77,74.2395,1145658.0
2020-02-14,74.2965,74.5725,73.8475,74.5065,1159857.0
2020-02-18,74.287,75.098,74.1205,74.542,1284011.0
2020-02-19,74.93,75.107,74.619,74.8135,1137338.0
2020-02-20,74.5205,74.9235,73.783,74.4195,1298386.0
2020-02-21,73.799,74.1175,72.4945,72.743,2126843.0
2020-02-24,69.7225,70.389,68.9095,69.563,2478039.0
2020-02-25,70.12,70.4125,67.591,67.886,2578966.0
2020-02-26,68.319,69.2535,67.3975,68.0935,2490178.0
2020-02-27,66.527,67.04,64.282,64.3175,3114476.0
2020-02-28,62.2855,65.6925,61.9805,65.5325,4010900.0
2020-03-02,66.1395,67.9435,64.83,67.886,2771463.0
2020-03-03,68.454,68.9795,65.032,65.456,2830112.0
2020-03-04,66.518,67.709,65.42,67.65,2379856.0
2020-03-05,65.8475,66.2515,63.652,64.308,2718982.0
2020-03-06,62.0675,63.7075,61.4305,63.357,3232315.0
2020-03-09,58.818,61.2065,58.472,59.3595,3462578.0
2020-03-10,61.2895,62.3625,59.2955,62.3285,2743566.0
2020-03-11,60.9835,61.4165,58.127,59.115,2741694.0
2020-03-12,54.701,58.0075,53.9935,54.1475,4716293.0
2020-03-13,57.3195,59.29,54.1845,59.2835,3969973.0
2020-03-16,53.0505,55.8435,51.924,52.22,4825981.0
2020-03-17,53.102,54.87,51.025,54.473,4159686.0
2020-03-18,51.567,53.8195,50.42,53.1295,4652238.0
2020-03-19,52.981,56.2005,51.3475,54.1535,3703248.0
2020-03-20,55.115,55.494,51.675,51.9805,4143897.0
2020-03-23,51.3885,51.9155,49.0135,51.2765,4183629.0
2020-03-24,53.769,55.2365,52.8915,55.0705,3623435.0
2020-03-25,54.799,55.8785,52.7205,53.651,4516162.0
2020-03-26,54.306,57.144,53.1715,56.716,3834422.0
2020-03-27,54.9435,56.1225,53.77,54.083,3139661.0
2020-03-30,55.202,56.12,53.4945,55.8855,2936827.0
2020-03-31,56.0065,57.24,55.406,56.6675,3263971.0
2020-04-01,54.77,55.041,53.2445,53.675,2598519.0
2020-04-02,53.57,54.7085,53.2265,54.4215,2820534.0
2020-04-03,54.3055,54.5095,52.324,53.205,2568694.0
2020-04-06,55.22,58.1075,54.82,57.7295,3165991.0
2020-04-07,59.4205,59.609,57.4325,57.698,3080955.0
2020-04-08,58.725,59.315,57.7675,58.92,2016713.0
2020-04-09,59.479,59.6695,58.191,58.8985,2701423.0
2020-04-13,58.645,59.296,57.6865,59.0905,1935128.0
2020-04-14,60.5685,62.3575,59.997,61.8315,3167862.0
2020-04-15,60.8955,62.3255,60.27,61.435,2111842.0
2020-04-16,61.927,62.238,60.48,61.4415,2894757.0
2020-04-17,62.655,63.07,61.87,62.52,2552824.0
2020-04-20,62.0645,62.411,61.392,61.6275,1764608.0
2020-04-21,60.7055,61.07,58.82,59.178,2482404.0
2020-04-22,60.6255,62.564,60.43,61.4905,2315792.0
2020-04-23,61.857,62.9775,61.5965,62.1285,1710122.0
2020-04-24,61.32,62.4555,60.77,62.4,1872004.0
2020-04-27,63.17,63.275,61.823,62.113,2209333.0
2020-04-28,62.73,62.808,60.089,60.1995,4035007.0
2020-04-29,65.82,66.5775,64.9065,65.679,5417888.0
2020-04-30,65.138,66.07,64.645,65.905,2792124.0
2020-05-01,64.7745,66.1415,64.053,64.436,2443554.0
2020-05-04,63.9765,64.7935,63.3705,64.715,1540347.0
2020-05-05,65.445,67.1205,65.3215,66.021,1983318.0
2020-05-06,66.47,67.0045,65.8265,65.8415,1586629.0
2020-05-07,66.6355,67.37,66.197,67.034,1535819.0
2020-05-08,67.661,68.402,67.1705,67.787,1666487.0
2020-05-11,67.4095,69.3465,67.345,68.7495,1635856.0
2020-05-12,68.981,69.2865,67.2955,67.329,1695874.0
2020-05-13,67.378,67.8365,64.9705,65.9865,2018404.0
2020-05-14,65.246,66.4385,64.735,66.413,1833017.0
2020-05-15,65.983,67.299,65.52,67.223,2077199.0
2020-05-18,66.649,68.208,66.28,67.829,2356449.0
2020-05-19,67.844,68.1945,67.258,67.29,1579250.0
2020-05-20,68.028,69.1715,67.941,69.028,1913133.0
2020-05-21,69.1195,69.393,68.2895,68.9075,1544976.0
2020-05-22,68.765,69.42,68.3675,69.232,1427206.0
2020-05-26,70.668,70.8255,69.54,69.6385,2229488.0
2020-05-27,69.57,69.8375,68.3,69.584,1584185.0
2020-05-28,68.57,70.793,68.524,69.482,1759787.0
2020-05-29,69.5915,70.4065,69.369,70.246,1852522.0
2020-06-01,69.855,70.649,69.684,70.3135,1259254.0
2020-06-02,70.32,70.72,69.6505,70.6855,1172069.0
2020-06-03,70.705,71.0205,70.151,70.5325,1386640.0
2020-06-04,70.409,70.636,68.8705,69.285,1349105.0
2020-06-05,69.352,70.885,68.951,70.571,2132350.0
2020-06-08,69.884,71.02,69.794,70.972,1693881.0
2020-06-09,70.832,71.96,70.688,71.174,1681155.0
2020-06-10,71.6455,72.2085,71.288,71.805,1588116.0
2020-06-11,70.6215,71.15,68.4905,68.665,2357243.0
2020-06-12,69.863,70.2955,67.86,69.216,1833756.0
2020-06-15,68.0445,69.82,67.93,69.607,1527652.0
2020-06-16,71.02,71.4285,70.0195,70.8935,1534826.0
2020-06-17,71.217,71.68,70.3265,71.197,1530500.0
2020-06-18,71.0625,71.2185,69.882,70.276,1743071.0
2020-06-19,70.57,70.795,69.52,69.802,2639167.0
2020-06-22,69.8205,71.1175,69.5295,71.103,1472072.0
2020-06-23,71.17,72.33,70.82,71.769,1887583.0
2020-06-24,71.734,72.3595,70.07,70.205,1579579.0
2020-06-25,70.131,70.686,69.547,70.625,1197907.0
2020-06-26,70.2015,70.421,66.32,66.697,4882014.0
2020-06-29,66.587,68.47,66.1525,68.4285,2253678.0
2020-06-30,68.414,69.77,67.9165,69.4725,2014320.0
2020-07-01,69.5285,70.994,69.279,70.67,2109124.0
2020-07-02,71.162,72.996,71.1235,72.0665,2860915.0
2020-07-06,72.9775,74.07,72.419,73.5525,2235630.0
2020-07-07,73.3765,74.636,73.055,73.066,2118194.0
2020-07-08,73.61,74.1285,73.185,73.75,1588292.0
2020-07-09,74.0665,75.027,73.3495,74.503,2091833.0
2020-07-10,74.2325,75.637,73.606,75.5205,1796063.0
2020-07-13,76.067,77.388,73.898,74.1815,2147728.0
2020-07-14,73.2095,74.71,72.8665,74.613,1905400.0
2020-07-15,74.7315,75.3865,73.4615,74.414,1551325.0
2020-07-16,73.645,74.3655,72.9835,74.316,1324227.0
2020-07-17,74.4155,74.7415,73.475,74.4125,1713231.0
2020-07-20,74.32,77.0205,73.705,76.762,1508277.0
2020-07-21,77.8215,77.9225,76.201,76.366,1377718.0
2020-07-22,76.3555,76.919,75.7315,76.8125,1224100.0
2020-07-23,76.8665,77.0875,73.9995,74.4075,1695498.0
2020-07-24,73.5295,74.3415,72.9495,73.9805,1495381.0
2020-07-27,74.233,75.448,74.1865,75.0415,1356185.0
2020-07-28,74.82,74.8705,73.596,73.7525,1545534.0
2020-07-29,73.82,75.2365,73.7205,74.7455,1133773.0
2020-07-30,73.4685,75.6145,73.3285,75.4885,1802121.0
2020-07-31,73.4225,73.821,71.27,72.9675,4576382.0
2020-08-03,73.12,73.4565,72.156,72.708,2276085.0
2020-08-04,72.9055,73.2255,71.7715,72.235,1860609.0
2020-08-05,72.411,73.07,72.131,72.5245,1457518.0
2020-08-06,72.3775,73.8835,72.165,73.8175,1665261.0
2020-08-07,74.022,74.5745,72.8835,73.4885,1386294.0
2020-08-10,73.11,73.9275,72.4445,73.411,1027329.0
2020-08-11,73.27,74.092,72.4795,72.597,1554853.0
2020-08-12,72.926,74.1535,72.82,73.932,1126560.0
2020-08-13,73.9805,75.4185,73.9805,74.4025,1119711.0
2020-08-14,74.2505,74.5595,73.52,73.8015,1097059.0
2020-08-17,74.3685,74.759,73.82,74.382,999934.0
2020-08-18,74.876,76.4385,74.6535,76.359,1418850.0
2020-08-19,76.1945,77.013,75.57,75.8005,1523592.0
2020-08-20,75.5685,77.5785,75.293,77.3825,1319131.0
2020-08-21,77.16,78.164,76.6855,77.3485,1742275.0
2020-08-24,78.1935,79.009,77.322,77.8275,1281893.0
2020-08-25,77.575,79.014,77.464,78.8625,1257463.0
2020-08-26,78.885,81.2095,78.619,80.7765,2609363.0
2020-08-27,80.9005,80.9695,79.5105,79.996,1567503.0
2020-08-28,80.0435,80.6375,79.8505,80.5415,1121195.0
2020-08-31,80.7485,80.795,79.8365,80.0465,1321097.0
2020-09-01,80.178,81.531,80.0465,81.324,1133766.0
2020-09-02,81.9705,84.875,81.5795,84.4395,2476072.0
2020-09-03,83.546,83.57,78.9555,80.0455,3186287.0
2020-09-04,79.02,80.3195,75.4685,77.6305,2792533.0
2020-09-08,74.82,76.3475,74.395,74.75,2701586.0
2020-09-09,76.015,76.506,74.8285,75.9315,1962078.0
2020-09-10,76.079,77.253,74.57,74.8725,1651194.0
2020-09-11,74.9775,75.505,73.221,74.358,1535337.0
2020-09-14,75.1525,76.42,73.8255,74.0115,2133007.0
2020-09-15,74.9645,76.1195,74.675,75.326,1152055.0
2020-09-16,75.694,76.2885,74.1495,74.1745,1107169.0
2020-09-17,72.8605,73.503,71.693,72.922,2000356.0
2020-09-18,72.985,73.33,70.151,71.1245,3152788.0
2020-09-21,70.151,70.573,68.704,70.077,2845405.0
2020-09-22,71.086,71.7685,70.045,71.561,1697542.0
2020-09-23,71.1745,71.224,68.704,69.0395,1886299.0
2020-09-24,68.704,70.4695,68.6775,69.713,1727611.0
2020-09-25,69.8225,70.867,68.954,70.523,1516677.0
2020-09-28,72.1695,72.2195,70.884,71.503,1539236.0
2020-09-29,71.7655,72.17,71.27,71.871,1591112.0
2020-09-30,71.617,72.88,71.358,71.85,2046170.0
2020-10-01,72.753,73.3235,72.41,72.965,1644221.0
2020-10-02,71.5515,72.5215,70.9375,71.35,1561132.0
2020-10-05,71.7025,72.805,71.5745,72.7115,1080058.0
2020-10-06,72.345,72.796,70.8205,71.121,1304752.0
2020-10-07,71.5355,72.0185,70.2315,71.527,1805448.0
2020-10-08,71.8425,72.9715,71.8425,72.7415,1303802.0
2020-10-09,73.213,74.1625,72.92,74.0925,1648340.0
2020-10-12,75.47,77.991,75.035,76.7995,2767164.0
2020-10-13,77.4205,77.828,76.5015,76.9235,1953609.0
2020-10-14,77.3,77.7625,75.865,76.742,1659228.0
2020-10-15,75.795,77.14,75.6265,76.3435,1561485.0
2020-10-16,76.6615,77.4555,76.453,76.955,1710325.0
2020-10-19,77.3665,77.7665,74.716,75.0675,1486652.0
2020-10-20,74.7255,77.262,74.595,76.124,2085915.0
2020-10-21,77.0625,79.327,76.927,77.8695,3016053.0
2020-10-22,77.82,79.241,77.444,78.903,1525773.0
2020-10-23,79.3225,80.276,79.1655,80.219,1527402.0
2020-10-26,79.32,80.049,76.959,77.7845,1791317.0
2020-10-27,78.0165,78.67,77.4195,78.514,1295138.0
2020-10-28,76.0705,76.2605,73.994,74.11,2258675.0
2020-10-29,74.421,78.007,74.3975,76.414,2770343.0
2020-10-30,81.942,82.636,78.6485,79.3755,4996197.0
2020-11-02,79.747,81.482,79.282,79.786,2211449.0
2020-11-03,80.108,81.52,79.1755,80.853,1571641.0
2020-11-04,83.849,87.0715,83.72,85.8625,3567149.0
2020-11-05,87.0925,88.161,85.6215,86.695,1987907.0
2020-11-06,86.137,86.995,85.404,86.5565,1431084.0
2020-11-09,88.369,89.4145,86.4475,86.641,2672024.0
2020-11-10,85.0585,86.539,84.376,85.456,2151058.0
2020-11-11,85.99,86.715,85.723,85.9315,1591906.0
2020-11-12,85.67,86.819,85.4685,85.711,1324363.0
2020-11-13,85.97,87.4265,85.369,87.183,1487877.0
2020-11-16,86.777,88.287,86.6365,87.2715,1273393.0
2020-11-17,86.963,87.427,86.5445,86.653,1066034.0
2020-11-18,86.402,86.82,85.4985,85.602,1005377.0
2020-11-19,85.2315,86.7445,85.071,86.4985,1005340.0
2020-11-20,86.67,86.988,85.32,85.389,1385322.0
2020-11-23,85.581,85.8695,84.079,84.948,1127618.0
2020-11-24,84.945,86.894,84.6065,86.765,1400306.0
2020-11-25,86.9605,87.089,85.988,86.7765,979957.0
2020-11-27,86.797,88.4205,86.797,87.921,739507.0
2020-11-30,87.3525,87.587,85.962,86.29,1620887.0
2020-12-01,86.903,89.656,86.7215,88.338,1868134.0
2020-12-02,88.338,90.207,87.8285,89.8185,1471235.0
2020-12-03,89.597,90.7615,89.42,89.662,1236366.0
2020-12-04,89.581,90.045,89.2495,89.758,1027242.0
2020-12-07,89.3475,90.0345,88.722,89.4215,1114391.0
2020-12-08,88.996,89.3685,88.134,89.1365,996768.0
2020-12-09,89.088,89.9885,86.67,87.463,1586426.0
2020-12-10,86.7,87.3195,85.2465,86.9525,1434416.0
2020-12-11,86.57,87.4355,86.207,87.31,931431.0
2020-12-14,87.106,88.06,86.0265,86.183,1652471.0
2020-12-15,86.563,86.77,85.6535,86.624,1068292.0
2020-12-16,87.0255,87.0255,86.023,86.4295,1233836.0
2020-12-17,86.7665,86.9055,85.1275,85.5955,1744005.0
2020-12-18,85.8785,85.988,84.32,84.881,4262837.0
2020-12-21,84.0265,85.42,83.27,85.298,1698707.0
2020-12-22,85.0365,85.2005,83.859,84.581,1018829.0
2020-12-23,84.7665,85.7755,84.63,84.9815,1148684.0
2020-12-24,85.02,85.6905,84.7875,85.278,465638.0
2020-12-28,85.8155,87.92,85.661,87.268,1382537.0
2020-12-29,87.9315,87.9935,86.3255,86.458,986287.0
2020-12-30,86.82,86.958,84.97,85.3825,1051308.0
2020-12-31,85.4335,86.445,85.3745,86.202,1053479.0
2021-01-04,86.57,86.6945,83.927,84.8765,1865822.0
2021-01-05,84.8245,85.9115,84.415,85.5725,1017962.0
2021-01-06,83.583,85.7685,83.375,84.714,2329401.0
2021-01-07,84.908,87.461,84.908,87.287,2096829.0
2021-01-08,87.428,88.538,86.631,88.4615,1774226.0
2021-01-11,87.421,87.789,86.177,86.3845,1740618.0
2021-01-12,85.838,86.965,84.389,85.4415,1476715.0
2021-01-13,84.936,86.3895,84.936,85.9325,1171590.0
2021-01-14,86.0135,86.9475,84.8735,85.116,1460617.0
2021-01-15,85.021,85.951,84.1555,84.951,1572214.0
2021-01-19,85.72,88.762,85.2115,87.7935,2082951.0
2021-01-20,89.8885,93.556,89.5455,92.5735,3207570.0
2021-01-21,93.2525,95.174,92.5405,92.7775,2932973.0
2021-01-22,93.143,93.7895,92.395,93.198,1637195.0
2021-01-25,94.207,94.661,91.528,93.284,2529346.0
2021-01-26,92.8695,94.3575,92.3765,93.9675,1573078.0
2021-01-27,92.3155,92.5935,88.434,89.517,4125631.0
2021-01-28,90.12,92.9695,90.12,91.23,2763905.0
2021-01-29,90.271,90.947,88.648,89.938,2226509.0
2021-02-01,90.7995,94.347,90.7995,93.2235,2012603.0
2021-02-02,94.2265,96.0385,93.8885,94.526,3316620.0
2021-02-03,101.8505,103.901,99.2475,101.514,4894082.0
2021-02-04,101.601,102.035,100.325,101.2515,2429780.0
2021-02-05,101.548,103.367,101.07,103.0115,1493256.0
2021-02-08,103.57,104.32,101.7375,102.796,1441443.0
2021-02-09,102.31,103.4955,102.07,102.3395,1094583.0
2021-02-10,102.727,103.514,101.182,102.894,1255080.0
2021-02-11,103.12,103.27,102.013,103.0075,1024029.0
2021-02-12,102.5585,103.545,102.2485,103.3215,949525.0
2021-02-16,103.1575,105.827,103.1575,104.105,1550195.0
2021-02-17,103.269,104.692,102.9875,104.501,1015177.0
2021-02-18,103.82,104.6695,103.2365,103.8605,1128549.0
2021-02-19,103.9595,104.499,102.7415,103.0105,1896939.0
2021-02-22,101.25,102.5865,100.97,101.283,1473317.0
2021-02-23,99.2695,102.195,98.0815,101.576,1732899.0
2021-02-24,100.072,102.986,99.9465,102.7605,1130437.0
2021-02-25,101.3665,102.72,98.8945,99.3675,2077409.0
2021-02-26,100.0675,101.396,98.6205,99.6655,2002064.0
2021-03-01,100.97,102.3815,100.291,102.053,1303089.0
2021-03-02,101.812,103.307,101.4035,101.794,1278184.0
2021-03-03,101.1675,102.3695,98.27,99.1405,1694645.0
2021-03-04,99.3135,102.2995,98.8415,100.2665,2460786.0
2021-03-05,101.6275,103.88,99.959,103.4235,2654977.0
2021-03-08,102.773,104.257,98.8295,98.945,1843371.0
2021-03-09,101.0575,101.766,100.35,100.588,1696031.0
2021-03-10,101.64,101.64,99.5365,100.3795,1355004.0
2021-03-11,101.481,104.1335,101.3925,103.597,1385130.0
2021-03-12,102.3905,102.4505,100.191,101.07,1690899.0
2021-03-15,100.819,101.3195,99.9595,101.292,1310741.0
2021-03-16,101.8695,104.254,101.5345,102.7645,1595015.0
2021-03-17,101.9935,103.52,100.776,102.681,1319126.0
2021-03-18,100.979,102.0075,99.529,99.637,1585648.0
2021-03-19,100.0565,100.422,98.7165,99.918,2303596.0
2021-03-22,99.9515,100.987,99.27,100.1045,1676771.0
2021-03-23,100.5675,101.7755,99.97,100.6365,1425456.0
2021-03-24,101.158,101.95,100.02,100.1965,1260853.0
2021-03-25,100.0225,100.852,98.3745,100.193,1780787.0
2021-03-26,100.1595,100.5395,98.7625,99.8065,1398875.0
2021-03-29,99.678,101.0305,98.8425,100.8595,1324631.0
2021-03-30,101.219,101.7035,100.3775,100.8935,1365856.0
2021-03-31,101.29,102.883,100.92,101.696,2128482.0
2021-04-01,103.1825,105.3575,103.1415,105.059,1994005.0
2021-04-05,105.9275,110.0195,105.8305,109.518,2425480.0
2021-04-06,109.116,109.97,108.6595,109.033,1762039.0
2021-04-07,109.225,110.795,109.225,110.5215,1206696.0
2021-04-08,111.77,112.1595,110.7205,111.0915,1433214.0
2021-04-09,110.842,112.2685,110.433,112.1035,1307265.0
2021-04-12,111.276,111.4145,109.961,110.801,1251183.0
2021-04-13,111.1195,111.7435,110.7225,111.2915,1284078.0
2021-04-14,111.9415,111.9415,110.371,110.6655,1050143.0
2021-04-15,111.6675,113.37,111.1285,112.8325,1458749.0
2021-04-16,113.032,113.282,112.116,112.7075,1314139.0
2021-04-19,112.079,113.7745,112.079,113.058,1514470.0
2021-04-20,113.4445,113.52,111.426,112.5205,1114416.0
2021-04-21,112.1725,112.57,110.811,112.4875,1160209.0
2021-04-22,112.34,113.014,110.586,111.196,1207276.0
2021-04-23,111.92,113.876,111.6325,113.5665,1455554.0
2021-04-26,113.796,114.7965,113.436,114.0665,1601892.0
2021-04-27,114.4515,114.4925,112.878,113.119,2219280.0
2021-04-28,118.195,120.139,116.231,116.522,4055340.0
2021-04-29,118.0315,118.778,117.2625,118.208,2061654.0
2021-04-30,116.971,117.6625,115.898,116.245,2242838.0
2021-05-03,116.8155,117.6475,115.345,115.724,1412139.0
2021-05-04,114.2475,114.8195,111.404,113.9115,2240932.0
2021-05-05,115.0015,115.32,113.984,114.3085,1331809.0
2021-05-06,113.8865,115.4375,113.222,115.4375,1259523.0
2021-05-07,116.7645,117.1325,115.878,116.1665,1444862.0
2021-05-10,114.977,115.12,112.797,113.1575,1545729.0
2021-05-11,110.7235,112.584,110.266,112.073,1709292.0
2021-05-12,109.8795,110.969,108.251,108.5825,2318774.0
2021-05-13,109.876,110.542,108.906,110.022,1661020.0
2021-05-14,111.497,112.806,111.07,112.489,1599829.0
2021-05-17,111.7485,113.059,111.3455,113.016,1079869.0
2021-05-18,113.6875,113.954,111.6795,111.6935,1110185.0
2021-05-19,109.9915,112.3195,109.842,112.145,1184205.0
2021-05-20,113.12,114.17,112.746,113.9175,1617550.0
2021-05-21,114.4405,114.5145,113.035,113.2765,2031590.0
2021-05-24,114.3145,116.8475,114.168,116.622,1591610.0
2021-05-25,117.17,117.77,116.32,116.7135,1121982.0
2021-05-26,116.896,118.0195,116.893,117.5855,1078598.0
2021-05-27,118.0225,118.0225,116.383,116.704,1761201.0
2021-05-28,117.291,117.3735,116.2125,116.4125,1074540.0
2021-06-01,117.292,117.8555,116.284,117.629,1167901.0
2021-06-02,118.0275,118.252,116.188,117.0995,1058146.0
2021-06-03,115.8565,116.421,115.046,115.949,934796.0
2021-06-04,117.0335,118.5215,116.6905,118.2485,1222910.0
2021-06-07,118.042,118.7955,117.62,118.685,1205966.0
2021-06-08,119.1705,119.546,118.309,118.492,1211992.0
2021-06-09,119.1415,119.214,118.415,118.967,897052.0
2021-06-10,118.916,120.37,118.759,120.3265,1295375.0
2021-06-11,120.57,120.656,119.518,120.08,1097907.0
2021-06-14,120.183,121.016,119.47,121.0155,1104878.0
2021-06-15,121.02,121.3455,119.626,119.9895,1078107.0
2021-06-16,120.142,120.456,118.04,119.3425,1323593.0
2021-06-17,119.2675,121.0925,119.07,120.3135,1292444.0
2021-06-18,119.937,120.173,118.585,118.681,2305760.0
2021-06-21,119.0705,120.57,118.4685,120.3825,1370683.0
2021-06-22,120.32,120.97,119.634,120.9005,1119510.0
2021-06-23,120.6635,121.6655,120.4045,120.697,957708.0
2021-06-24,121.27,121.6255,120.87,121.07,1068257.0
2021-06-25,120.57,121.203,120.1355,121.0785,1729819.0
2021-06-28,121.2485,121.355,119.9755,121.106,1426271.0
2021-06-29,121.2405,121.591,120.261,120.8425,1155436.0
2021-06-30,120.5645,120.827,119.9245,120.6595,1223699.0
2021-07-01,120.295,121.157,120.1015,121.0145,905641.0
2021-07-02,121.72,123.974,121.6295,123.8275,1300109.0
2021-07-06,124.2185,124.998,123.1525,124.76,1320179.0
2021-07-07,125.732,125.854,124.723,125.044,1202951.0
2021-07-08,122.596,124.1655,122.592,123.614,1189467.0
2021-07-09,123.595,124.3045,123.1215,124.0885,931584.0
2021-07-12,124.748,125.6395,124.181,125.5455,883389.0
2021-07-13,125.6085,126.6275,125.2445,125.9115,962347.0
2021-07-14,126.528,127.8965,126.4845,126.807,1187283.0
2021-07-15,127.219,127.27,125.1,125.575,1210940.0
2021-07-16,126.233,126.3815,124.7235,125.54,1021227.0
2021-07-19,124.6595,124.775,122.075,123.148,1398379.0
2021-07-20,124.0975,125.613,122.9205,124.7795,1315822.0
2021-07-21,124.7035,126.166,124.5935,126.119,1037309.0
2021-07-22,126.414,127.053,126.069,126.9915,715094.0
2021-07-23,129.0005,131.969,128.3705,131.585,2075321.0
2021-07-26,131.8985,132.807,130.8715,132.605,1528574.0
2021-07-27,132.8205,132.969,128.674,130.47,2735474.0
2021-07-28,134.882,136.867,133.8475,134.664,4756530.0
2021-07-29,134.72,135.231,134.113,134.3475,1585786.0
2021-07-30,133.605,133.8745,132.825,133.2965,1278789.0
2021-08-02,133.687,133.9065,132.364,133.4245,1081710.0
2021-08-03,133.705,134.302,131.8895,134.2,1038094.0
2021-08-04,133.9195,134.2195,133.057,133.6955,983801.0
2021-08-05,134.2505,134.92,133.416,134.8215,893450.0
2021-08-06,134.612,135.0425,133.78,134.3085,1024406.0
2021-08-09,134.5125,135.754,133.9095,135.483,888300.0
2021-08-10,135.912,136.3425,134.9345,135.377,970704.0
2021-08-11,135.7515,136.2525,134.8415,134.849,767600.0
2021-08-12,134.5455,135.87,133.9955,135.764,825943.0
2021-08-13,135.82,136.4265,135.603,136.2975,797372.0
2021-08-16,136.095,136.9325,133.869,136.8795,1119918.0
2021-08-17,136.32,136.8355,134.652,135.2315,1085760.0
2021-08-18,135.07,135.6745,133.8915,134.019,962947.0
2021-08-19,133.0055,134.9225,132.82,134.25,1089127.0
2021-08-20,134.57,136.124,133.82,135.9995,1559658.0
2021-08-23,136.5395,139.4445,136.1775,138.6115,1422670.0
2021-08-24,139.1815,140.65,138.9085,139.8315,963361.0
2021-08-25,140.195,140.7595,139.946,140.649,792574.0
2021-08-26,140.32,140.9875,139.927,140.0105,1030466.0
2021-08-27,140.2225,143.0825,140.067,142.574,1439010.0
2021-08-30,142.97,144.5405,142.733,143.1605,1221710.0
2021-08-31,143.717,143.7415,142.851,143.2675,1122438.0
2021-09-01,143.57,144.824,143.4535,143.7855,1096805.0
2021-09-02,143.786,144.0895,141.755,141.857,1617907.0
2021-09-03,141.6505,142.725,140.9705,142.3095,992718.0
2021-09-07,142.4045,143.135,142.189,142.8505,1006595.0
2021-09-08,142.67,142.97,141.57,142.261,917511.0
2021-09-09,142.4105,142.8805,141.7475,142.111,765855.0
2021-09-10,142.7825,143.2885,139.308,139.446,1841967.0
2021-09-13,140.5195,141.52,139.82,140.9025,1104692.0
2021-09-14,141.5655,141.933,140.32,141.1145,983693.0
2021-09-15,141.3415,143.0205,139.9175,142.9995,1370379.0
2021-09-16,142.5205,142.87,140.9715,142.18,1309771.0
2021-09-17,141.6005,142.02,139.04,139.37,2669223.0
2021-09-20,136.7315,137.57,134.892,137.2895,2325902.0
2021-09-21,138.3195,138.5815,136.848,137.603,1266595.0
2021-09-22,137.874,139.457,137.1215,138.8535,1252778.0
2021-09-23,139.5575,140.2665,138.9715,139.786,1047550.0
2021-09-24,139.1085,140.9005,138.811,140.785,1149195.0
2021-09-27,139.3745,140.5085,138.6375,139.642,1094098.0
2021-09-28,137.225,137.6665,133.93,134.4,2288610.0
2021-09-29,135.55,135.721,132.435,132.9235,1542435.0
2021-09-30,132.8315,134.1125,132.126,132.246,1901440.0
2021-10-01,133.0175,135.4805,132.643,135.113,1768009.0
2021-10-04,134.5305,134.5305,129.62,132.2295,2560097.0
2021-10-05,132.611,135.7945,132.611,134.593,1620163.0
2021-10-06,133.32,136.32,133.12,136.135,1218214.0
2021-10-07,137.462,138.612,137.221,137.795,1255507.0
2021-10-08,138.147,138.901,137.7875,138.3555,1326292.0
2021-10-11,137.862,139.282,137.429,137.484,897681.0
2021-10-12,138.05,138.077,134.33,135.019,1816612.0
2021-10-13,135.9725,136.57,135.089,136.152,983116.0
2021-10-14,138.044,139.9075,137.395,139.721,1596397.0
2021-10-15,140.1845,140.288,139.325,139.938,1513722.0
2021-10-18,139.6465,141.366,139.6395,141.348,1019808.0
2021-10-19,141.9575,142.2325,141.17,141.807,1008150.0
2021-10-20,141.908,142.116,139.9465,140.339,1164403.0
2021-10-21,140.339,140.726,139.07,140.456,1314613.0
2021-10-22,137.72,139.153,134.626,136.1365,2529448.0
2021-10-25,136.12,136.57,133.994,136.017,1720613.0
2021-10-26,137.8335,138.653,136.8745,137.8785,2461751.0
2021-10-27,137.975,147.22,137.975,144.7875,4289070.0
2021-10-28,145.7045,145.728,143.197,144.419,1810319.0
2021-10-29,143.648,146.812,143.2195,146.616,2166015.0
2021-11-01,146.616,146.616,141.7955,142.067,2346162.0
2021-11-02,143.1495,145.179,142.9055,144.0025,1674112.0
2021-11-03,144.4705,145.239,143.161,145.168,1374662.0
2021-11-04,145.6945,148.3035,144.878,146.8375,1920563.0
2021-11-05,147.7395,148.8975,146.767,147.422,1917737.0
2021-11-08,148.395,149.185,147.0005,147.601,1152625.0
2021-11-09,147.803,148.4045,145.815,147.4885,976487.0
2021-11-10,146.07,146.64,143.1075,144.4635,1498490.0
2021-11-11,145.0595,146.1055,144.1705,144.3365,825874.0
2021-11-12,145.1855,147.42,143.981,147.248,1118000.0
2021-11-15,147.4705,148.1195,146.145,147.022,1175352.0
2021-11-16,146.7195,147.3325,145.8825,146.446,945200.0
2021-11-17,146.5975,147.1295,145.81,146.617,979975.0
2021-11-18,146.8115,149.1505,146.4545,148.4085,1781411.0
2021-11-19,148.5455,149.5365,147.469,147.4965,1684969.0
2021-11-22,147.9025,148.3995,144.7175,144.872,1531460.0
2021-11-23,144.723,145.23,142.685,144.352,1361558.0
2021-11-24,144.0435,144.8195,142.943,144.69,902007.0
2021-11-26,142.9185,143.1275,140.4125,140.753,1523462.0
2021-11-29,142.57,144.8675,142.4635,144.1005,1629752.0
2021-11-30,143.5785,144.57,140.1715,140.4675,2103361.0
2021-12-01,142.57,144.5205,139.482,139.6215,1702762.0
2021-12-02,139.82,142.4345,138.7845,141.536,1459742.0
2021-12-03,142.251,142.97,138.871,140.5715,2061508.0
2021-12-06,141.6105,142.4225,138.72,141.725,1530905.0
2021-12-07,144.1665,146.101,143.7975,145.8395,1612015.0
2021-12-08,146.1665,146.963,144.976,146.7565,1213516.0
2021-12-09,146.161,147.67,145.685,146.2085,1163486.0
2021-12-10,147.27,147.5475,145.274,146.5715,1223138.0
2021-12-13,146.3515,146.54,144.0875,144.3965,1353470.0
2021-12-14,142.538,143.05,139.785,142.477,1922312.0
2021-12-15,141.979,145.291,140.248,145.011,1818523.0
2021-12-16,145.7405,146.247,142.177,143.015,1682519.0
2021-12-17,141.07,142.4045,139.87,140.295,2550894.0
2021-12-20,138.57,140.3445,137.891,140.177,1359618.0
2021-12-21,140.6235,142.439,139.0725,142.0425,1437768.0
2021-12-22,141.6375,145.07,141.6375,144.985,1316119.0
2021-12-23,145.07,146.8135,145.022,145.4865,1319172.0
2021-12-27,145.826,146.914,145.7395,146.4765,799223.0
2021-12-28,146.806,146.869,144.6245,145.257,912715.0
2021-12-29,145.2145,145.987,144.2175,145.225,889373.0
2021-12-30,145.264,145.87,144.5645,144.7705,784386.0
2021-12-31,144.62,145.2685,143.422,143.422,906759.0
2022-01-03,143.625,144.421,142.283,143.5615,1433947.0
2022-01-04,143.966,145.055,142.2865,142.9695,1419972.0
2022-01-05,142.99,143.0695,136.258,136.345,2730914.0
2022-01-06,135.5685,138.51,135.1285,136.3175,1867371.0
2022-01-07,136.7155,137.0185,134.3365,135.587,1488028.0
2022-01-10,133.648,137.3895,131.7345,137.2395,2220406.0
2022-01-11,136.577,138.786,135.2625,138.306,1436485.0
2022-01-12,139.72,141.178,139.2645,140.0005,1305602.0
2022-01-13,140.11,141.42,136.979,137.157,1571830.0
2022-01-14,135.5685,139.312,135.5685,138.0505,1483064.0
2022-01-18,134.745,135.7015,134.0085,134.568,1744405.0
2022-01-19,135.0935,136.5295,133.5855,133.6865,1432382.0
2022-01-20,134.82,136.196,131.5345,131.8775,1495357.0
2022-01-21,131.1635,133.4355,128.6565,128.9215,2782571.0
2022-01-24,124.548,129.773,123.07,129.374,3834712.0
2022-01-25,127.31,127.969,125.0705,125.505,2348028.0
2022-01-26,129.689,131.57,125.712,127.803,2456475.0
2022-01-27,129.874,131.2225,127.5025,127.575,1600939.0
2022-01-28,128.229,131.9265,127.055,131.921,1718074.0
2022-01-31,132.732,134.043,130.7795,133.8735,1999300.0
2022-02-01,136.1645,136.363,132.9385,136.214,3432182.0
2022-02-02,149.82,150.1165,144.0925,146.57,6159961.0
2022-02-03,144.2755,148.245,141.2355,141.66,3575861.0
2022-02-04,142.0145,143.445,139.085,141.863,2899911.0
2022-02-07,142.82,142.82,137.47,137.771,2748665.0
2022-02-08,137.5965,138.57,135.584,137.969,2714180.0
2022-02-09,139.5335,141.0945,138.757,140.162,2007194.0
2022-02-10,138.2735,140.0545,136.527,137.19,1966533.0
2022-02-11,137.17,137.7265,131.97,132.8525,1997917.0
2022-02-14,131.8265,134.87,131.8265,134.096,1715054.0
2022-02-15,136.1405,136.6785,134.3915,135.1785,1335563.0
2022-02-16,135.2165,136.656,133.494,136.308,1251065.0
2022-02-17,134.813,135.6835,131.0485,131.109,1947475.0
2022-02-18,132.037,132.64,128.7665,128.973,2280972.0
2022-02-22,128.408,130.7505,126.7935,128.3835,2249537.0
2022-02-23,130.2185,130.621,126.0975,126.158,1639301.0
2022-02-24,123.5235,131.57,123.5235,131.261,2722754.0
2022-02-25,132.122,133.8415,130.3215,133.0295,1820299.0
2022-02-28,131.62,134.3215,131.1625,133.627,1943221.0
2022-03-01,133.4485,134.8255,131.7885,132.6315,1324768.0
2022-03-02,133.198,133.8325,131.6415,133.1415,1175990.0
2022-03-03,134.58,135.0095,131.5955,132.4695,1230162.0
2022-03-04,131.4975,132.4215,128.9075,130.4765,1522532.0
2022-03-07,130.058,130.305,124.865,124.9485,2255647.0
2022-03-08,124.82,129.82,124.2445,125.6745,2021355.0
2022-03-09,129.82,132.3055,128.4705,131.99,1851270.0
2022-03-10,129.836,131.842,129.4825,130.9995,1355070.0
2022-03-11,132.0585,132.3655,128.2015,128.4405,1576322.0
2022-03-14,128.82,128.979,123.845,124.521,1940563.0
2022-03-15,125.546,128.4245,124.2905,127.768,1545976.0
2022-03-16,129.303,131.903,127.3045,131.8505,1778849.0
2022-03-17,131.719,132.6505,130.755,132.409,1413196.0
2022-03-18,131.9945,134.814,130.8285,134.6955,2228345.0
2022-03-21,134.7335,135.62,132.6625,134.6715,1341584.0
2022-03-22,134.6715,139.62,134.6715,138.438,1774777.0
2022-03-23,137.2725,138.1585,136.405,136.8455,1257670.0
2022-03-24,137.77,140.189,136.3205,140.142,1319828.0
2022-03-25,140.486,140.605,138.3075,140.243,1207154.0
2022-03-28,139.4705,140.5725,138.3815,140.0255,1752463.0
2022-03-29,141.2175,142.3635,140.6085,141.0755,1715851.0
2022-03-30,141.03,141.2905,140.17,140.5085,994238.0
2022-03-31,140.623,140.678,137.5945,137.6375,1876236.0
2022-04-01,138.07,139.041,136.8775,138.7205,1297072.0
2022-04-04,138.9285,142.282,138.8805,141.5415,1298542.0
2022-04-05,141.439,141.5605,138.9525,139.161,1070906.0
2022-04-06,137.32,137.9305,134.087,135.118,1623424.0
2022-04-07,134.58,135.7345,132.7975,134.4585,1311680.0
2022-04-08,134.1535,134.24,131.5355,131.8575,1257140.0
2022-04-11,130.3935,130.6625,127.2385,127.3935,1844153.0
2022-04-12,130.17,130.17,125.359,126.2845,1635535.0
2022-04-13,126.57,128.904,126.3115,128.464,1396362.0
2022-04-14,129.0495,129.0495,125.171,125.3,1579899.0
2022-04-18,125.57,126.7825,124.752,126.2465,1040433.0
2022-04-19,126.2615,128.903,125.5695,128.579,1324488.0
2022-04-20,129.462,129.969,126.07,126.61,1584773.0
2022-04-21,127.82,128.6685,123.0965,123.3845,1822258.0
2022-04-22,123.57,123.972,117.495,118.2055,2844186.0
2022-04-25,117.671,121.8475,117.081,121.644,2306413.0
2022-04-26,120.8645,121.08,117.081,117.22,3652744.0
2022-04-27,113.0395,115.812,111.3065,112.8645,4591029.0
2022-04-28,114.985,118.2195,112.685,117.0925,2444232.0
2022-04-29,115.3045,116.49,112.3845,112.6795,2133800.0
2022-05-02,111.975,115.3155,111.17,115.153,1776651.0
2022-05-03,115.0005,117.012,114.6045,115.904,1248368.0
2022-05-04,115.6015,121.4245,113.686,120.831,2495764.0
2022-05-05,118.774,119.609,113.576,115.0755,2292029.0
2022-05-06,113.7545,116.1415,112.5855,114.3165,1985479.0
2022-05-09,111.82,113.647,110.5705,111.081,2040143.0
2022-05-10,114.0775,114.82,111.4705,112.965,1995019.0
2022-05-11,111.8065,114.9345,111.8065,112.1725,1876737.0
2022-05-12,109.9475,112.865,108.3945,111.414,2691809.0
2022-05-13,113.103,116.445,112.175,114.6205,1751924.0
2022-05-16,113.5255,114.74,112.4595,113.015,1299522.0
2022-05-17,115.4105,115.47,113.44,115.043,1152658.0
2022-05-18,113.57,113.97,110.1255,110.4695,1756299.0
2022-05-19,110.0015,111.58,108.57,108.954,1707220.0
2022-05-20,110.521,110.7535,104.3665,107.478,2448148.0
2022-05-23,108.1575,110.7175,107.311,110.058,1859247.0
2022-05-24,104.342,105.0285,100.4545,104.54,3838989.0
2022-05-25,103.5555,105.07,102.4265,104.375,2012867.0
2022-05-26,104.247,107.2195,103.795,106.3625,1897361.0
2022-05-27,108.053,110.888,107.7085,110.8865,1895706.0
2022-05-31,111.3165,114.305,110.6485,112.332,2500613.0
2022-06-01,113.425,115.6715,111.82,112.462,1830276.0
2022-06-02,112.57,116.4695,111.5165,116.1925,1899614.0
2022-06-03,114.6325,114.8915,112.0885,113.111,1306773.0
2022-06-06,115.2745,117.917,114.734,115.3905,1677077.0
2022-06-07,114.0505,116.261,113.622,115.7195,1579523.0
2022-06-08,115.3315,117.1405,115.17,115.764,1305387.0
2022-06-09,114.8975,116.869,113.346,113.4055,1289898.0
2022-06-10,111.015,111.849,108.936,109.7315,2074092.0
2022-06-13,105.3565,107.3615,104.689,104.9625,2362596.0
2022-06-14,105.105,106.4945,104.37,105.2855,1685313.0
2022-06-15,107.115,109.9935,106.2395,108.3345,1984909.0
2022-06-16,105.791,107.2185,103.708,104.6035,2584248.0
2022-06-17,104.6035,107.2695,103.616,105.7135,2568826.0
2022-06-21,107.4995,111.0595,107.17,110.114,2370790.0
2022-06-22,109.1265,111.9165,108.9525,110.0575,1538707.0
2022-06-23,110.8015,111.3125,109.0705,110.812,1418096.0
2022-06-24,111.565,116.649,111.5225,116.545,2058184.0
2022-06-27,116.843,117.1495,113.7495,114.4035,1821038.0
2022-06-28,114.3725,115.8795,110.418,110.5775,1794048.0
2022-06-29,110.122,111.7305,109.4425,110.2715,1235841.0
2022-06-30,108.57,109.458,105.32,107.533,2158453.0
2022-07-01,106.503,107.82,105.3005,107.3075,1773783.0
2022-07-05,105.6705,111.947,104.3015,111.833,1969982.0
2022-07-06,111.872,114.1595,110.046,113.142,1871569.0
2022-07-07,113.65,117.7595,113.4035,117.353,2046794.0
2022-07-08,115.82,118.255,115.4715,117.9235,1911908.0
2022-07-11,116.568,116.568,113.9005,114.2465,1562185.0
2022-07-12,114.785,115.544,112.26,112.5905,1497985.0
2022-07-13,110.271,112.766,109.7715,109.9235,2186101.0
2022-07-14,108.7805,109.663,106.943,108.9375,1850152.0
2022-07-15,110.5705,111.7105,109.47,110.3475,2338456.0
2022-07-18,111.21,112.25,106.94,107.6,43164588.0
2022-07-19,109.42,112.59,108.13,112.38,36530945.0
2022-07-20,111.74,113.97,111.05,112.47,35600426.0
2022-07-21,112.85,113.12,109.68,112.91,32676166.0
2022-07-22,109.57,110.91,105.07,106.47,48901184.0
2022-07-25,106.98,108.44,104.87,106.08,34690894.0
2022-07-26,105.17,105.77,102.64,103.59,47990963.0
2022-07-27,107.83,112.48,106.58,111.63,59858495.0
2022-07-28,110.94,112.91,110.03,112.79,32816568.0
2022-07-29,111.65,115.28,111.63,114.89,37223391.0
2022-08-01,113.87,115.29,112.91,113.43,26034288.0
2022-08-02,112.57,114.92,112.29,113.7,20236029.0
2022-08-03,114.28,117.19,114.05,116.65,28499014.0
2022-08-04,116.05,117.35,115.46,116.76,21602925.0
2022-08-05,114.8,116.68,114.57,116.04,19159520.0
2022-08-08,116.96,118.72,115.45,115.87,19169479.0
2022-08-09,115.71,115.89,114.28,115.2,19086465.0
2022-08-10,117.35,119.49,116.98,118.27,30930350.0
2022-08-11,119.85,120.06,117.13,117.41,24293654.0
2022-08-12,118.83,120.25,118.03,120.25,19096268.0
2022-08-15,119.7,120.87,119.18,120.65,19494825.0
2022-08-16,120.09,121.0,119.21,120.27,19041230.0
2022-08-17,118.69,119.86,117.95,118.12,22846958.0
2022-08-18,118.0,119.39,117.29,118.74,17987660.0
2022-08-19,117.63,117.72,115.33,115.78,21809528.0
2022-08-22,113.77,114.2,112.42,112.81,21456648.0
2022-08-23,112.04,113.58,112.0,112.43,15870373.0
2022-08-24,112.07,113.35,111.44,112.26,17734624.0
2022-08-25,112.81,115.29,112.68,115.22,16956794.0
2022-08-26,113.29,113.69,108.76,108.91,37245697.0
2022-08-29,108.56,109.52,107.37,107.99,21191157.0
2022-08-30,108.74,109.07,106.37,107.51,27513255.0
2022-08-31,109.22,109.42,106.7,106.79,28626972.0
2022-09-01,106.85,109.01,105.93,108.31,28360926.0
2022-09-02,109.16,109.31,105.83,106.42,24160711.0
2022-09-06,105.87,106.6,104.35,105.38,25068280.0
2022-09-07,105.63,108.55,105.47,108.02,23166967.0
2022-09-08,106.61,108.17,105.73,106.95,24238293.0
2022-09-09,107.64,109.56,107.59,109.22,23213585.0
2022-09-12,109.56,110.19,108.5,109.43,22966752.0
2022-09-13,106.37,106.87,102.66,102.89,38172871.0
2022-09-14,103.14,103.85,102.23,103.57,26395134.0
2022-09-15,102.6,103.84,100.92,101.48,34188284.0
2022-09-16,100.64,101.7,99.51,101.37,42797172.0
2022-09-19,100.32,101.9,100.12,101.64,23036811.0
2022-09-20,100.65,100.94,99.09,99.71,26517123.0
2022-09-21,100.24,101.45,97.84,97.85,31487265.0
2022-09-22,97.39,99.81,97.36,98.71,34298619.0
2022-09-23,98.2,98.23,96.04,97.31,31625437.0
2022-09-26,96.67,98.45,96.37,96.74,27072662.0
2022-09-27,98.0,98.57,95.44,96.07,30072781.0
2022-09-28,96.22,99.27,95.68,98.62,32466323.0
2022-09-29,97.21,97.21,94.53,95.99,31047224.0
2022-09-30,95.62,97.47,94.13,94.22,32941493.0
2022-10-03,95.33,97.86,95.09,97.21,27982031.0
2022-10-04,99.01,100.41,98.95,100.21,28850773.0
2022-10-05,98.4,100.5,97.37,100.0,22176903.0
2022-10-06,99.25,101.5,99.16,99.99,22323989.0
2022-10-07,98.42,99.1,96.87,97.25,27502765.0
2022-10-10,97.57,97.67,95.58,96.43,18225094.0
2022-10-11,96.0,97.82,94.88,95.75,26507103.0
2022-10-12,95.87,97.32,95.31,96.13,21876362.0
2022-10-13,93.72,98.35,92.95,97.63,34574549.0
2022-10-14,98.56,99.26,94.94,95.13,25410674.0
2022-10-17,97.43,99.5,97.4,98.54,28419192.0
2022-10-18,101.7,102.04,98.54,99.34,24060671.0
2022-10-19,98.58,99.59,97.49,98.2,23811064.0
2022-10-20,98.57,100.89,97.96,98.54,25323202.0
2022-10-21,96.42,99.88,96.29,99.7,32458722.0
2022-10-24,100.37,101.32,98.55,101.09,27176417.0
2022-10-25,101.47,103.39,101.29,103.05,40611375.0
2022-10-26,95.0,96.88,93.26,93.5,88279042.0
2022-10-27,93.09,94.0,90.37,90.79,60710859.0
2022-10-28,90.84,95.12,90.7,94.86,43697286.0
2022-10-31,93.99,94.6,92.55,93.08,31675036.0
2022-11-01,94.02,94.6,88.94,89.04,47161351.0
2022-11-02,89.51,89.75,85.45,85.54,57038282.0
2022-11-03,84.89,85.09,81.91,82.0,61288019.0
2022-11-04,83.97,85.21,82.28,85.15,51124904.0
2022-11-07,85.85,87.47,85.42,87.06,34078912.0
2022-11-08,87.47,88.89,86.16,87.47,30429025.0
2022-11-09,87.02,88.01,85.85,85.89,31769099.0
2022-11-10,90.82,92.96,90.18,92.51,51620136.0
2022-11-11,93.26,95.5,92.49,94.98,33090482.0
2022-11-14,93.66,95.36,93.08,94.27,30179539.0
2022-11-15,96.83,98.71,95.28,97.01,41640816.0
2022-11-16,96.47,98.21,96.21,97.42,29105154.0
2022-11-17,95.54,97.85,95.36,96.93,26052599.0
2022-11-18,97.34,97.47,94.94,96.0,28342297.0
2022-11-21,95.86,96.97,93.93,94.17,21647387.0
2022-11-22,94.52,95.79,92.62,95.62,23438480.0
2022-11-23,95.66,97.33,95.66,97.03,18868092.0
2022-11-25,96.81,97.21,95.97,96.03,9701441.0
2022-11-28,95.61,96.15,94.18,94.62,26252433.0
2022-11-29,94.3,94.69,92.68,93.76,20061720.0
2022-11-30,93.39,99.61,92.99,99.56,43647481.0
2022-12-01,99.59,100.82,98.82,99.56,28687096.0
2022-12-02,97.62,99.34,97.47,99.01,21480703.0
2022-12-05,97.97,99.95,97.57,98.05,24405087.0
2022-12-06,97.87,98.35,94.99,95.55,24910655.0
2022-12-07,94.98,95.45,93.29,93.51,31045449.0
2022-12-08,93.95,94.15,92.02,92.28,32213288.0
2022-12-09,92.34,92.83,91.32,91.4,28225448.0
2022-12-12,91.28,92.13,90.18,91.88,29009013.0
2022-12-13,96.33,98.1,93.6,94.2,40593656.0
2022-12-14,93.77,95.44,92.17,93.64,28733599.0
2022-12-15,91.7,92.21,88.58,89.43,40107033.0
2022-12-16,89.33,89.9,88.09,88.83,58011847.0
2022-12-19,88.83,89.13,86.78,87.01,29493030.0
2022-12-20,86.68,87.75,86.01,87.59,23453836.0
2022-12-21,87.65,88.79,86.89,88.15,24745637.0
2022-12-22,86.73,87.11,84.89,86.33,27658293.0
2022-12-23,85.68,88.12,85.64,87.8,23003035.0
2022-12-27,87.37,87.51,85.58,85.96,20097346.0
2022-12-28,85.55,86.61,84.51,84.59,19523176.0
2022-12-29,85.19,87.42,85.18,87.02,23333537.0
2022-12-30,85.55,86.87,85.14,86.8,23986297.0
2023-01-03,88.16,89.62,87.09,87.69,28131224.0
2023-01-04,88.92,89.22,85.84,86.65,34854776.0
2023-01-05,86.04,86.14,84.47,84.77,27194375.0
2023-01-06,85.36,86.26,83.43,85.91,41381495.0
2023-01-09,86.93,88.62,86.43,86.59,29003901.0
2023-01-10,84.55,87.24,84.4,86.99,30467755.0
2023-01-11,87.75,90.17,87.58,90.09,26861969.0
2023-01-12,90.05,90.44,88.32,89.7,30258135.0
2023-01-13,89.42,90.76,88.7,90.69,26329212.0
2023-01-17,90.63,90.82,88.62,89.86,32602423.0
2023-01-18,90.71,91.37,89.21,89.69,29116691.0
2023-01-19,89.29,92.18,89.2,91.62,37000395.0
2023-01-20,93.67,96.87,93.59,96.59,63191078.0
2023-01-23,96.52,98.61,96.07,98.36,40005055.0
2023-01-24,96.67,98.18,95.77,96.27,33078512.0
2023-01-25,94.14,94.73,92.33,93.79,42329952.0
2023-01-26,95.07,96.14,93.95,96.09,30113974.0
2023-01-27,95.88,98.89,95.88,97.94,33879753.0
2023-01-30,96.05,96.86,94.97,95.51,27226198.0
2023-01-31,95.44,97.45,95.39,97.41,29870669.0
2023-02-01,97.28,99.76,96.15,99.0,35531104.0
2023-02-02,104.37,106.42,104.18,106.31,69883762.0
2023-02-03,101.5,106.38,101.15,103.35,65309261.0
2023-02-06,100.97,102.93,100.45,101.47,31999562.0
2023-02-07,101.79,106.75,101.69,106.21,49010230.0
2023-02-08,100.62,101.71,96.61,97.94,94743515.0
2023-02-09,98.57,98.6,92.2,93.58,119455020.0
2023-02-10,94.02,95.32,92.82,93.14,54980696.0
2023-02-13,93.31,93.77,92.41,93.18,50076120.0
2023-02-14,93.0,93.42,90.83,93.25,54726120.0
2023-02-15,93.06,95.69,92.72,95.51,50298481.0
2023-02-16,93.94,96.25,93.31,94.08,42462618.0
2023-02-17,93.42,94.13,91.78,92.92,34284118.0
2023-02-21,91.57,91.67,90.29,90.36,33629256.0
2023-02-22,90.27,90.68,89.18,90.22,30884017.0
2023-02-23,90.49,90.51,88.33,89.46,41206380.0
2023-02-24,88.01,88.46,87.15,87.7,36585093.0
2023-02-27,88.44,88.73,87.91,88.44,27502302.0
2023-02-28,87.9,89.8,87.89,88.63,30142039.0
2023-03-01,88.55,89.6,88.24,88.93,31111225.0
2023-03-02,88.23,90.85,88.16,90.57,32226229.0
2023-03-03,91.05,92.3,91.02,92.22,35160105.0
2023-03-06,92.59,94.54,92.57,93.7,32639313.0
2023-03-07,93.55,94.24,92.1,92.43,27835476.0
2023-03-08,92.69,94.53,92.57,92.82,34103265.0
2023-03-09,92.62,94.1,90.47,90.89,28813532.0
2023-03-10,90.74,91.36,88.97,89.2,35941046.0
2023-03-13,88.66,91.14,87.99,89.68,37335573.0
2023-03-14,91.13,92.93,91.01,92.54,36050214.0
2023-03-15,91.79,95.5,91.21,94.68,50622050.0
2023-03-16,94.77,99.76,94.07,98.89,65567656.0
2023-03-17,98.83,101.41,98.67,100.19,61028547.0
2023-03-20,98.69,100.32,98.44,99.79,32960440.0
2023-03-21,99.82,103.67,99.79,103.49,42110279.0
2023-03-22,102.84,105.16,101.9,101.94,43427419.0
2023-03-23,103.63,104.87,103.03,104.17,40797769.0
2023-03-24,103.56,104.06,102.41,104.01,30411043.0
2023-03-27,103.19,103.33,100.5,101.03,31120864.0
2023-03-28,101.01,101.02,98.31,99.6,32057865.0
2023-03-29,100.85,101.06,99.22,99.96,28779572.0
2023-03-30,99.48,99.73,98.35,99.46,33086183.0
2023-03-31,99.87,102.46,99.61,102.3,36863369.0
2023-04-03,100.96,103.1,100.5,102.93,25035399.0
2023-04-04,102.9,104.15,102.61,103.29,24420079.0
2023-04-05,104.35,104.67,102.23,103.04,28290503.0
2023-04-06,103.83,107.74,102.9,106.99,48711480.0
2023-04-10,105.55,106.16,103.69,105.01,27067355.0
2023-04-11,105.12,105.3,103.25,103.92,26311803.0
2023-04-12,105.15,105.32,102.91,103.21,24370274.0
2023-04-13,104.41,106.06,104.41,106.0,24843579.0
2023-04-14,105.46,107.51,105.41,107.44,26578002.0
2023-04-17,103.23,104.73,103.09,104.54,37571218.0
2023-04-18,105.06,105.11,102.64,103.07,26596445.0
2023-04-19,102.15,103.55,101.64,102.75,20905684.0
2023-04-20,102.48,104.82,102.44,103.86,27820794.0
2023-04-21,104.04,104.57,103.35,103.98,25800082.0
2023-04-24,104.06,105.2,103.27,104.54,23542829.0
2023-04-25,104.4,105.26,102.41,102.42,46664104.0
2023-04-26,103.49,104.92,101.2,102.28,53347560.0
2023-04-27,103.02,106.94,102.11,106.16,50089187.0
2023-04-28,105.61,105.92,103.66,105.91,36139847.0
2023-05-01,105.41,106.56,105.39,105.77,26681680.0
2023-05-02,105.71,105.77,102.28,103.89,30997245.0
2023-05-03,104.1,106.06,103.53,103.98,21795405.0
2023-05-04,104.06,104.17,102.54,103.26,23419506.0
2023-05-05,103.39,104.45,102.68,104.14,26639254.0
2023-05-08,103.75,106.53,103.73,106.34,26511445.0
2023-05-09,106.96,108.72,105.76,105.92,36360141.0
2023-05-10,106.54,111.51,106.5,110.32,63153367.0
2023-05-11,113.97,116.49,112.98,115.14,78900029.0
2023-05-12,115.25,116.6,114.68,116.08,41102330.0
2023-05-15,114.68,117.05,114.58,115.08,36266765.0
2023-05-16,115.06,119.32,115.0,118.08,45035558.0
2023-05-17,118.18,120.24,117.46,119.41,33323588.0
2023-05-18,119.52,121.88,119.4,121.4,35234233.0
2023-05-19,122.12,124.54,120.72,121.33,41353445.0
2023-05-22,121.51,125.0,121.31,123.62,35253034.0
2023-05-23,122.73,123.2,120.78,121.13,34046251.0
2023-05-24,119.69,120.48,118.43,119.47,34182635.0
2023-05-25,123.09,123.89,120.53,122.05,42316986.0
2023-05-26,121.74,123.83,121.02,123.18,35635937.0
2023-05-30,124.21,124.23,120.57,122.24,35076658.0
2023-05-31,121.32,122.63,121.07,121.44,37325787.0
2023-06-01,121.39,122.99,121.19,122.29,30772683.0
2023-06-02,122.56,124.72,122.33,123.24,26980147.0
2023-06-05,122.58,126.0,122.41,124.58,32305531.0
2023-06-06,124.58,126.86,123.93,125.88,26638295.0
2023-06-07,125.54,127.61,120.69,121.07,52538986.0
2023-06-08,120.8,121.8,119.81,120.71,29389167.0
2023-06-09,120.82,122.33,120.48,120.8,23778319.0
2023-06-12,121.36,122.62,120.23,122.21,28338743.0
2023-06-13,123.55,123.73,121.75,122.4,22278313.0
2023-06-14,121.67,122.62,120.02,122.24,30592297.0
2023-06-15,121.71,124.03,120.97,123.66,35246268.0
2023-06-16,124.5,124.68,121.85,122.1,45535553.0
2023-06-20,121.5,123.14,120.71,121.67,26097492.0
2023-06-21,120.97,121.23,118.67,119.12,30306336.0
2023-06-22,118.57,121.81,117.4,121.72,26952246.0
2023-06-23,119.95,121.36,119.63,120.91,34913637.0
2023-06-26,119.33,120.57,116.84,116.91,33969897.0
2023-06-27,115.65,117.65,114.67,116.9,39535936.0
2023-06-28,115.66,118.96,115.42,118.75,27091449.0
2023-06-29,117.81,118.63,116.87,117.67,24090902.0
2023-06-30,118.74,119.65,118.26,118.27,29532241.0
2023-07-03,117.81,118.76,117.39,118.47,14467850.0
2023-07-05,117.81,121.18,117.8,120.32,27584809.0
2023-07-06,118.37,118.87,116.97,118.68,24778801.0
2023-07-07,118.67,119.62,117.97,118.05,21709549.0
2023-07-10,116.87,116.88,114.71,115.02,35315235.0
2023-07-11,114.86,116.28,113.92,115.71,23078782.0
2023-07-12,117.37,118.9,116.98,117.5,30404409.0
2023-07-13,119.5,123.4,119.02,123.11,44297915.0
2023-07-14,123.37,125.35,122.06,123.99,33283076.0
2023-07-17,124.51,125.67,122.77,123.22,25716215.0
2023-07-18,123.17,123.25,121.53,122.33,26226447.0
2023-07-19,123.17,123.75,120.37,120.6,37224033.0
2023-07-20,119.99,122.66,116.79,117.77,37906763.0
2023-07-21,119.19,119.56,117.3,118.59,71606474.0
2023-07-24,120.23,121.57,119.55,120.1,29723667.0
2023-07-25,119.93,121.72,119.59,120.78,52509551.0
2023-07-26,128.64,129.55,126.89,127.84,61682093.0
2023-07-27,130.24,131.81,127.36,127.97,44952074.0
2023-07-28,129.35,132.31,129.14,131.15,36591158.0
2023-07-31,131.3,132.1,130.35,131.29,28055531.0
2023-08-01,129.35,131.2,129.25,130.12,23276440.0
2023-08-02,128.02,128.66,126.13,126.95,26273258.0
2023-08-03,126.54,127.96,125.99,127.02,20159528.0
2023-08-04,127.85,130.08,126.48,126.68,26147158.0
2023-08-07,127.73,130.18,127.59,130.1,22746290.0
2023-08-08,129.19,130.08,128.12,129.97,23535181.0
2023-08-09,130.23,130.61,127.57,128.23,24912918.0
2023-08-10,129.89,130.62,128.02,128.26,20857754.0
2023-08-11,127.23,128.5,126.74,128.13,19591080.0
2023-08-14,127.96,129.94,127.53,129.9,24695608.0
2023-08-15,129.67,129.99,127.85,128.35,19770732.0
2023-08-16,127.27,128.85,126.44,127.27,25216068.0
2023-08-17,128.37,130.56,127.86,128.49,33446280.0
2023-08-18,127.08,127.82,124.95,126.03,30504769.0
2023-08-21,125.75,127.3,125.13,126.94,25248729.0
2023-08-22,127.08,128.85,126.89,127.65,22067520.0
2023-08-23,128.75,131.98,128.44,130.94,27819713.0
2023-08-24,132.52,132.82,128.14,128.35,28500694.0
2023-08-25,128.11,129.33,125.82,128.45,26762891.0
2023-08-28,129.88,131.11,128.71,129.58,20543266.0
2023-08-29,130.81,135.14,130.81,133.14,43075556.0
2023-08-30,133.35,134.85,132.64,134.45,28315769.0
2023-08-31,134.58,136.57,134.36,134.74,30053800.0
2023-09-01,136.03,136.03,133.42,134.23,21543687.0
2023-09-05,134.01,134.99,133.15,134.34,19403112.0
2023-09-06,134.59,135.1,132.24,133.03,18684534.0
2023-09-07,132.16,134.15,131.52,133.83,18844342.0
2023-09-08,133.48,135.23,133.42,134.95,23584188.0
2023-09-11,135.11,136.05,134.36,135.49,20763350.0
2023-09-12,134.83,135.44,133.76,133.91,18405505.0
2023-09-13,133.66,135.47,132.72,135.28,20749496.0
2023-09-14,136.17,137.27,134.81,136.67,24750968.0
2023-09-15,136.55,137.09,135.05,135.97,38919614.0
2023-09-18,135.18,137.73,135.18,136.78,21861346.0
2023-09-19,135.99,136.98,135.19,136.61,20353653.0
2023-09-20,136.65,136.65,132.19,132.31,29927475.0
2023-09-21,130.01,130.8,128.64,129.01,31503910.0
2023-09-22,129.33,130.6,128.17,128.82,26397337.0
2023-09-25,128.4,129.74,127.53,129.68,20094643.0
2023-09-26,128.34,128.93,125.79,127.14,25718704.0
2023-09-27,127.14,129.47,127.14,129.11,22746452.0
2023-09-28,128.41,131.87,128.36,130.88,22513132.0
2023-09-29,131.85,132.62,128.93,129.43,30859790.0
2023-10-02,129.78,132.99,129.74,132.74,22288038.0
2023-10-03,132.51,132.83,130.41,131.0,22989401.0
2023-10-04,131.36,134.14,131.1,133.81,26752295.0
2023-10-05,133.64,134.06,132.02,133.64,19832615.0
2023-10-06,132.58,136.73,132.58,136.15,27597598.0
2023-10-09,135.51,137.51,134.18,136.99,19278070.0
2023-10-10,137.07,138.29,135.9,136.63,27786613.0
2023-10-11,137.15,139.68,137.15,139.12,25884303.0
2023-10-12,139.62,139.79,136.83,137.54,24765537.0
2023-10-13,137.95,138.57,135.19,135.93,23435599.0
2023-10-16,136.74,138.2,136.56,137.67,28501871.0
2023-10-17,137.2,138.47,135.75,138.29,23515780.0
2023-10-18,138.02,139.29,135.95,136.53,23374998.0
2023-10-19,137.07,138.23,135.95,136.32,26065949.0
2023-10-20,135.9,136.44,133.65,134.17,26335673.0
2023-10-23,133.61,136.2299,132.52,135.07,26317793.0
2023-10-24,136.4,137.9299,135.99,137.38,44814170.0
2023-10-25,126.73,126.88,123.64,124.18,84365888.0
2023-10-26,121.84,122.8997,119.84,120.85,57061136.0
2023-10-27,121.45,121.88,118.7757,120.74,44566471.0
2023-10-30,121.78,123.97,121.32,123.03,28939527.0
2023-10-31,123.63,123.94,121.255,122.65,26291893.0
2023-11-01,122.64,125.06,122.285,125.02,30082336.0
2023-11-02,126.99,127.55,125.5,126.06,27124377.0
2023-11-03,126.59,128.095,126.43,127.67,26393087.0
2023-11-06,127.62,128.91,127.24,128.82,19052709.0
2023-11-07,129.28,130.48,128.45,129.54,29757264.0
2023-11-08,129.54,130.78,129.35,130.41,26425838.0
2023-11-09,130.53,131.12,128.635,128.81,23747498.0
2023-11-10,128.675,131.37,127.98,131.16,26927826.0
2023-11-13,130.35,131.16,129.82,130.66,18324751.0
2023-11-14,132.76,134.27,131.89,132.19,32395068.0
2023-11-15,133.44,133.6,132.14,133.19,23861464.0
2023-11-16,133.76,135.7899,132.89,135.5,28012850.0
2023-11-17,134.57,134.63,132.22,133.88,37287260.0
2023-11-20,132.26,135.23,132.19,134.82,27850485.0
2023-11-21,134.86,135.75,134.53,135.54,22635272.0
2023-11-22,136.04,137.99,136.04,137.06,17819948.0
2023-11-24,136.6,136.7,134.56,135.26,12485500.0
2023-11-27,134.6,136.99,134.57,134.98,23436475.0
2023-11-28,134.65,135.82,133.9922,135.77,18730032.0
2023-11-29,136.14,136.858,133.41,133.56,23967191.0
2023-11-30,133.62,134.12,129.85,131.1,38988244.0
2023-12-01,130.43,130.68,129.235,130.43,31442154.0
2023-12-04,128.45,128.6,126.47,127.84,36669533.0
2023-12-05,127.52,130.71,126.82,129.56,27384649.0
2023-12-06,130.01,130.41,128.445,128.59,23576052.0
2023-12-07,133.61,137.13,133.27,135.5,56767100.0
2023-12-08,132.77,134.97,132.595,133.56,32260112.0
2023-12-11,130.95,131.905,129.93,131.86,31137882.0
2023-12-12,130.38,131.57,129.83,131.09,29032769.0
2023-12-13,131.95,132.07,130.14,131.14,30104676.0
2023-12-14,131.95,132.29,128.255,130.51,38722115.0
2023-12-15,130.19,132.08,129.75,131.17,50847086.0
2023-12-18,131.2,135.7178,131.0,134.37,32257957.0
2023-12-19,135.41,136.04,134.65,135.22,25476590.0
2023-12-20,137.54,140.265,136.635,136.91,49107149.0
2023-12-21,138.06,139.255,137.75,138.99,27487807.0
2023-12-22,139.34,140.56,139.28,140.06,26531850.0
2023-12-26,140.16,141.25,139.76,140.09,16780014.0
2023-12-27,140.16,140.65,138.456,138.94,19628618.0
2023-12-28,139.35,139.71,138.32,138.8,16045602.0
2023-12-29,138.2,138.93,137.35,138.26,18732626.0
2024-01-02,137.12,138.02,135.05,136.74,23711220.0
2024-01-03,135.82,138.2,135.65,137.49,24212004.0
2024-01-04,136.99,137.73,134.92,134.96,27137504.0
2024-01-05,135.315,135.7258,133.72,134.3,22513793.0
2024-01-08,134.86,137.58,134.83,137.41,21403978.0
2024-01-09,137.07,140.055,136.72,139.52,24758409.0
2024-01-10,139.57,141.57,139.48,140.85,21319998.0
2024-01-11,142.06,143.79,139.205,140.65,24008671.0
2024-01-12,141.24,141.765,140.39,141.22,18785514.0
2024-01-16,140.57,142.92,140.02,141.06,22670431.0
2024-01-17,139.915,140.41,137.47,140.04,20968647.0
2024-01-18,140.62,142.78,140.56,142.05,25746317.0
2024-01-19,143.31,145.02,142.95,144.95,34271867.0
2024-01-22,145.67,146.96,144.41,144.56,32200369.0
2024-01-23,144.46,145.752,144.07,145.61,21636040.0
2024-01-24,147.11,148.425,146.67,147.27,25233323.0
2024-01-25,148.635,151.62,148.11,150.44,29149068.0
2024-01-26,149.67,151.105,149.58,150.755,26115420.0
2024-01-29,150.63,152.35,150.0,152.08,27783941.0
2024-01-30,151.37,152.19,149.755,150.03,36331724.0
2024-01-31,142.19,142.57,138.44,138.67,71910042.0
2024-02-01,140.69,141.63,139.36,139.73,40465957.0
2024-02-02,137.83,141.19,135.07,140.95,62499450.0
2024-02-05,141.39,144.04,141.35,142.25,38505309.0
2024-02-06,143.22,143.93,141.76,142.67,29128047.0
2024-02-07,143.33,144.185,142.495,144.11,25208862.0
2024-02-08,144.4,144.9,143.675,144.48,22563554.0
2024-02-09,145.25,148.01,144.75,147.57,26829378.0
2024-02-12,146.99,147.905,145.94,146.1,21563911.0
2024-02-13,143.49,145.24,142.26,143.71,27837719.0
2024-02-14,144.65,145.09,142.664,144.51,22703819.0
2024-02-15,141.71,142.09,139.03,141.34,37590695.0
2024-02-16,141.56,141.76,138.71,139.09,31468816.0
2024-02-20,138.225,140.65,138.06,139.69,24935355.0
2024-02-21,140.02,141.26,139.245,141.12,23315687.0
2024-02-22,143.5,143.57,141.37,142.66,27191764.0
2024-02-23,142.24,143.25,142.0,142.53,19493468.0
2024-02-26,140.71,141.01,135.96,136.14,53641641.0
2024-02-27,136.59,137.82,135.66,137.45,33099185.0
2024-02-28,136.47,136.58,133.98,134.95,37328409.0
2024-02-29,135.85,137.43,134.97,137.03,42132953.0
2024-03-01,137.0,137.44,135.49,135.71,31150997.0
2024-03-04,134.23,134.23,130.48,131.87,55998834.0
2024-03-05,130.45,131.81,129.235,131.24,40194757.0
2024-03-06,131.69,132.15,129.42,129.97,35318560.0
2024-03-07,131.365,133.51,130.18,132.95,37737900.0
2024-03-08,132.78,136.655,132.57,133.98,39370221.0
2024-03-11,134.7,137.665,134.7,136.24,32437772.0
2024-03-12,135.6,137.945,135.6,137.07,27563353.0
2024-03-13,137.57,139.66,137.56,138.36,23346960.0
2024-03-14,139.76,142.155,139.025,141.67,42753286.0
2024-03-15,141.07,141.75,138.6,139.75,49475237.0
2024-03-18,147.18,150.72,145.74,146.25,69273697.0
2024-03-19,146.73,147.3613,144.65,145.6,24070214.0
2024-03-20,146.57,147.43,145.305,147.31,21311338.0
2024-03-21,148.04,148.94,145.4701,146.17,24755262.0
2024-03-22,147.69,150.15,147.55,149.34,29211419.0
2024-03-25,148.51,148.945,146.39,148.64,19229124.0
2024-03-26,148.79,150.826,148.55,149.24,22149000.0
2024-03-27,149.75,150.205,147.47,149.44,22879132.0
2024-03-28,149.42,150.0,148.74,149.5,24485390.0
2024-04-01,149.26,154.31,149.18,154.06,31730434.0
2024-04-02,152.07,153.27,150.72,153.13,24585948.0
2024-04-03,152.17,153.65,151.3,153.49,24704991.0
2024-04-04,152.07,153.34,149.02,149.1,34724738.0
2024-04-05,148.6,151.99,148.17,151.07,23459246.0
2024-04-08,151.35,153.84,151.18,153.42,20701974.0
2024-04-09,154.66,157.13,153.76,155.17,31113013.0
2024-04-10,154.78,155.18,153.25,154.71,22838629.0
2024-04-11,155.48,158.25,155.03,157.98,27166431.0
2024-04-12,156.53,158.79,155.71,156.3,25353746.0
2024-04-15,157.43,157.81,153.16,153.43,27136472.0
2024-04-16,152.76,154.22,152.0,152.97,20779495.0
2024-04-17,154.19,155.65,153.15,154.04,21763130.0
2024-04-18,153.91,155.51,153.19,154.58,19883044.0
2024-04-19,154.77,154.93,150.87,152.66,32615639.0
2024-04-22,152.88,156.21,152.63,154.85,26446206.0
2024-04-23,155.53,157.54,154.85,156.83,21151568.0
2024-04-24,156.06,158.14,155.74,157.7,22779112.0
2024-04-25,149.9,155.06,149.44,154.57,57109730.0
2024-04-26,172.94,173.28,168.22,170.52,64665299.0
2024-04-29,167.63,168.12,163.78,164.72,45610024.0
2024-04-30,164.18,166.67,161.17,161.35,33562861.0
2024-05-01,162.87,165.69,161.66,162.43,33493151.0
2024-05-02,163.36,165.3,162.46,165.19,24294549.0
2024-05-03,166.13,166.53,161.62,165.81,34662095.0
2024-05-06,166.03,166.71,164.6,166.67,21871014.0
2024-05-07,167.07,170.33,166.96,169.82,28039694.0
2024-05-08,167.57,168.72,167.305,167.95,19569099.0
2024-05-09,167.96,169.26,166.75,168.53,15346700.0
2024-05-10,166.595,168.42,164.76,167.22,29799929.0
2024-05-13,162.83,167.85,162.57,167.71,31327600.0
2024-05-14,168.34,169.82,167.37,168.91,25126863.0
2024-05-15,169.2,171.22,169.08,171.08,26948200.0
2024-05-16,171.86,173.685,171.26,172.75,27867757.0
2024-05-17,172.75,174.835,172.26,174.63,24479237.0
2024-05-20,174.762,177.34,174.65,175.49,22554399.0
2024-05-21,175.47,176.72,174.38,176.42,16989233.0
2024-05-22,175.214,175.72,173.78,174.95,17879829.0
2024-05-23,175.64,176.82,171.52,172.12,21024820.0
2024-05-24,173.55,174.34,172.22,173.56,16579288.0
2024-05-28,173.02,175.84,172.935,174.97,20571941.0
2024-05-29,174.0,175.406,173.29,174.47,23388611.0
2024-05-30,173.77,173.79,170.36,170.68,22958582.0
2024-05-31,170.43,171.63,168.01,171.07,37638458.0
2024-06-03,171.11,173.095,169.73,171.74,27458896.0
2024-06-04,171.85,172.415,170.46,172.36,26879596.0
2024-06-05,173.77,175.215,172.5039,173.98,22068407.0
2024-06-06,174.465,175.72,174.32,175.3,23250912.0
2024-06-07,175.62,176.44,172.87,173.03,19660899.0
2024-06-10,173.74,175.83,171.53,173.78,23778806.0
2024-06-11,174.99,175.61,172.5401,175.39,21540378.0
2024-06-12,177.02,179.18,174.88,176.56,27864606.0
2024-06-13,174.88,175.51,173.65,173.93,20913141.0
2024-06-14,172.99,175.8323,172.92,175.56,18063152.0
2024-06-17,174.23,177.13,173.58,176.01,19618247.0
2024-06-18,175.91,176.155,172.8742,173.86,21869835.0
2024-06-20,174.14,176.06,173.76,175.07,20159953.0
2024-06-21,175.77,179.62,175.38,178.4,58582538.0
2024-06-24,178.93,179.66,177.44,177.99,18297364.0
2024-06-25,178.39,183.06,178.19,182.8,23235347.0
2024-06-26,181.4,183.28,181.25,182.65,19838802.0
2024-06-27,182.95,184.82,182.79,184.18,18848467.0
2024-06-28,183.09,183.9,180.73,180.92,29156365.0
2024-07-01,181.8,182.65,180.07,181.76,16006107.0
2024-07-02,180.82,184.34,180.33,184.01,17372485.0
2024-07-03,183.62,184.86,182.77,184.59,10214991.0
2024-07-05,184.625,189.63,184.57,189.37,20967449.0
2024-07-08,188.665,188.94,186.55,187.8,21035607.0
2024-07-09,189.08,190.13,187.49,187.75,15139975.0
2024-07-10,187.92,190.52,187.8,189.95,15952272.0
2024-07-11,188.615,189.63,183.85,184.34,25625782.0
2024-07-12,183.85,185.88,183.26,183.84,22895527.0
2024-07-15,183.69,187.01,183.69,185.3,16473881.0
2024-07-16,186.13,187.45,182.1436,182.69,18290589.0
2024-07-17,181.735,182.32,178.67,179.79,20734060.0
2024-07-18,180.7,181.27,175.24,176.46,25315649.0
2024-07-19,177.65,179.06,175.9,176.43,18881687.0
2024-07-22,179.36,181.47,179.0,180.44,24100340.0
2024-07-23,180.82,182.38,180.31,180.56,36352649.0
2024-07-24,172.37,174.96,170.59,171.4,49584981.0
2024-07-25,171.29,172.19,165.96,166.05,44851942.0
2024-07-26,165.92,166.86,162.83,165.77,41336756.0
2024-07-29,167.6,169.2,166.76,168.3,20293763.0
2024-07-30,169.01,169.9999,167.21,169.06,18959686.0
2024-07-31,172.01,173.015,168.78,170.31,25729032.0
2024-08-01,169.02,172.82,167.65,169.53,24531392.0
2024-08-02,165.21,167.28,163.44,165.43,29129520.0
2024-08-05,154.27,163.2,153.7,158.02,53630663.0
2024-08-06,158.1,159.34,155.18,157.06,49004444.0
2024-08-07,160.02,161.75,157.24,157.71,25138573.0
2024-08-08,159.28,162.46,158.98,160.8,25578777.0
2024-08-09,158.78,162.56,157.83,162.44,28602184.0
2024-08-12,163.12,163.67,160.61,161.06,15894622.0
2024-08-13,162.18,163.5,161.74,162.93,18551316.0
2024-08-14,161.17,161.99,156.48,159.14,40590624.0
2024-08-15,159.27,160.405,158.38,160.07,31524227.0
2024-08-16,160.24,163.83,159.9,161.73,24208558.0
2024-08-19,164.05,165.46,163.03,165.44,22416180.0
2024-08-20,165.67,167.41,165.59,165.95,18340752.0
2024-08-21,163.92,165.62,163.44,164.62,22901591.0
2024-08-22,166.03,166.36,162.08,162.57,22493275.0
2024-08-23,163.49,164.95,162.6,164.39,13955360.0
2024-08-26,165.15,166.32,163.225,164.93,14190330.0
2024-08-27,164.605,165.2126,163.23,163.45,11821880.0
2024-08-28,163.805,164.37,160.2984,161.62,16407440.0
2024-08-29,163.08,164.74,159.02,160.55,19699757.0
2024-08-30,161.385,162.43,160.4625,162.15,22123145.0
2024-09-03,160.49,160.62,155.25,156.13,38945116.0
2024-09-04,155.425,157.77,154.7316,155.22,19353657.0
2024-09-05,155.07,158.22,154.7505,156.01,18688518.0
2024-09-06,156.07,156.6,149.32,149.69,37911899.0
2024-09-09,151.48,152.37,146.185,147.68,39260194.0
2024-09-10,149.42,150.24,147.31,147.63,31118765.0
2024-09-11,148.89,150.47,146.49,150.13,29607547.0
2024-09-12,152.77,153.79,151.62,153.66,29694862.0
2024-09-13,154.4,157.35,154.18,156.43,29590949.0
2024-09-16,156.28,157.22,155.57,157.03,18379775.0
2024-09-17,157.99,159.52,157.345,158.29,20715612.0
2024-09-18,158.83,159.47,157.565,158.78,23677315.0
2024-09-19,162.68,162.76,160.31,161.11,26587733.0
2024-09-20,162.47,162.7,161.03,162.56,40895645.0
2024-09-23,163.32,164.46,160.64,160.82,24150220.0
2024-09-24,162.0,162.1858,159.66,161.26,23332079.0
2024-09-25,160.44,161.78,160.27,160.46,18869053.0
2024-09-26,162.61,163.05,161.25,161.7,20319146.0
2024-09-27,161.78,164.67,161.5961,162.92,21101306.0
2024-09-30,162.29,165.12,162.23,164.82,20481174.0
2024-10-01,166.655,168.13,163.55,165.96,28337811.0
2024-10-02,165.39,166.49,163.7,164.83,17760122.0
2024-10-03,163.38,165.61,162.893,164.83,15073030.0
2024-10-04,167.03,167.2,164.45,166.03,19093556.0
2024-10-07,166.69,167.45,161.72,161.95,22462981.0
2024-10-08,162.91,163.695,161.84,163.35,23072581.0
2024-10-09,162.42,163.81,158.71,160.83,31181772.0
2024-10-10,159.84,162.04,159.365,161.05,14144056.0
2024-10-11,161.1,162.87,160.205,162.21,15343304.0
2024-10-14,162.61,165.196,162.37,163.93,19016141.0
2024-10-15,164.755,166.65,163.595,164.43,20246972.0
2024-10-16,163.5,164.77,162.71,164.13,16405872.0
2024-10-17,164.7,165.34,161.73,161.9,21453317.0
2024-10-18,162.16,163.68,162.05,162.39,19757646.0
2024-10-21,161.92,163.47,161.59,163.04,20946436.0
2024-10-22,161.95,164.74,161.95,164.11,16568036.0
2024-10-23,163.73,164.79,160.895,161.75,18280465.0
2024-10-24,161.8,162.3,159.98,161.69,22412464.0
2024-10-25,162.64,164.56,162.39,164.24,19828851.0
2024-10-28,167.72,167.72,162.92,165.69,32138556.0
2024-10-29,166.7,169.35,166.0596,168.65,42168822.0
2024-10-30,179.65,180.99,173.0299,173.43,68890144.0
2024-10-31,172.1,175.79,169.97,170.08,44768981.0
2024-11-01,169.04,171.29,167.85,170.26,31796477.0
2024-11-04,168.9,169.7,166.981,168.21,21491187.0
2024-11-05,168.4,169.5,167.81,168.71,18241904.0
2024-11-06,172.77,175.91,172.47,175.48,33695538.0
2024-11-07,176.38,180.05,176.16,179.72,25352890.0
2024-11-08,179.615,179.87,177.05,177.32,22006041.0
2024-11-11,177.55,179.515,177.44,179.32,17450130.0
2024-11-12,178.79,181.46,178.36,180.59,25134367.0
2024-11-13,179.43,179.93,177.51,177.85,23182913.0
2024-11-14,177.25,177.79,173.2918,174.55,31006536.0
2024-11-15,172.7,173.11,170.19,171.46,32504372.0
2024-11-18,172.39,174.408,171.87,174.27,20206563.0
2024-11-19,172.69,177.84,172.53,177.09,23434796.0
2024-11-20,176.31,176.645,172.75,174.95,18996636.0
2024-11-21,172.87,173.1,162.67,166.6,59734271.0
2024-11-22,164.82,165.43,162.87,163.73,38604211.0
2024-11-25,165.06,167.6,164.5772,166.62,33135050.0
2024-11-26,166.6,168.79,166.55,168.09,20486225.0
2024-11-27,167.97,168.4532,166.99,168.2,19266089.0
2024-11-29,167.47,168.4,166.13,167.92,13901741.0
2024-12-02,167.735,171.045,167.54,170.46,23788826.0
2024-12-03,170.46,171.65,169.82,170.31,22248699.0
2024-12-04,170.115,173.88,170.03,173.34,31615137.0
2024-12-05,174.33,175.03,171.3,171.61,21356231.0
2024-12-06,171.0,174.05,170.83,173.68,21462288.0
2024-12-09,173.13,175.43,172.82,174.54,25389160.0
2024-12-10,182.015,185.53,180.22,184.34,54812866.0
2024-12-11,184.48,194.78,184.02,194.57,67894071.0
2024-12-12,194.17,194.35,190.88,191.13,34817345.0
2024-12-13,190.18,191.9,188.81,188.99,25142218.0
2024-12-16,192.04,198.17,191.79,195.83,44934853.0
2024-12-17,196.42,200.59,194.15,194.59,43504025.0
2024-12-18,194.39,196.17,186.91,187.57,34165380.0
2024-12-19,190.795,192.2,187.55,187.68,32264631.0
2024-12-20,184.95,192.06,184.39,190.58,63462830.0
2024-12-23,191.79,194.27,189.32,193.8,25675014.0
2024-12-24,194.01,195.28,192.95,195.28,9779478.0
2024-12-26,194.32,195.918,193.545,194.77,12057002.0
2024-12-27,194.12,194.49,189.82,191.93,18891274.0
2024-12-30,188.97,191.72,188.29,190.41,14264150.0
2024-12-31,190.245,191.13,187.68,188.47,17466918.0
2025-01-02,189.82,191.17,186.67,188.6,20370809.0
2025-01-03,190.54,192.38,189.145,190.96,18595931.0
2025-01-06,193.15,197.3922,193.02,196.04,29563511.0
2025-01-07,196.28,200.17,193.77,194.66,26486987.0
2025-01-08,191.74,195.46,191.55,193.12,24863877.0
2025-01-10,193.465,195.69,189.48,191.21,26665158.0
2025-01-13,189.24,190.35,186.53,190.18,21823649.0
2025-01-14,190.41,191.15,187.4782,188.83,17174747.0
2025-01-15,192.26,195.53,191.03,194.72,21775916.0
2025-01-16,193.31,194.65,191.98,192.08,17815243.0
2025-01-17,195.7,196.4,192.92,195.17,27735006.0
2025-01-21,198.24,201.46,197.04,197.22,29971046.0
2025-01-22,198.23,199.65,196.7,197.54,26200541.0
2025-01-23,197.31,199.47,194.37,197.15,26951321.0
2025-01-24,197.27,200.07,197.17,199.38,23877491.0
2025-01-27,191.58,196.05,189.9,190.98,41728893.0
2025-01-28,191.915,194.65,189.85,194.47,24157807.0
2025-01-29,194.725,195.955,192.6,194.58,18218164.0
2025-01-30,197.17,200.57,196.84,200.04,24354654.0
2025-01-31,201.17,204.65,200.97,203.19,32041952.0
2025-02-03,199.86,202.92,199.27,200.4,27838348.0
2025-02-04,202.56,206.22,201.98,205.55,43856423.0
2025-02-05,190.24,191.92,187.2,190.5,70461453.0
2025-02-06,188.67,191.27,187.89,190.77,29297237.0
2025-02-07,190.22,190.35,182.41,184.51,49314961.0
2025-02-10,186.52,187.37,185.03,185.64,23105347.0
2025-02-11,184.2,186.11,183.45,184.49,21239437.0
2025-02-12,182.39,184.28,181.0,182.78,22072450.0
2025-02-13,183.49,185.45,182.31,185.31,21402248.0
2025-02-14,184.225,185.57,183.49,184.4,20448333.0
2025-02-18,184.77,185.13,180.9101,182.94,29916664.0
2025-02-19,183.24,184.63,182.76,184.44,19549346.0
2025-02-20,183.97,184.48,181.89,183.73,20441389.0
2025-02-21,184.32,184.51,178.25,178.83,35199173.0
2025-02-24,181.16,182.29,178.055,178.42,29853784.0
2025-02-25,177.21,177.91,173.8639,174.59,41913208.0
2025-02-26,174.24,175.25,170.7507,171.9,35430383.0
2025-02-27,173.16,173.73,167.11,167.67,39990463.0
2025-02-28,167.85,169.78,165.94,169.45,48130550.0
2025-03-03,171.095,172.54,165.1,166.18,40770450.0
2025-03-04,165.41,172.4646,164.97,170.09,45387996.0
2025-03-05,169.69,172.95,168.23,172.19,30954907.0
2025-03-06,169.7,173.98,169.67,171.52,28301842.0
2025-03-07,170.43,174.14,169.44,173.03,27385733.0
2025-03-10,167.63,167.83,163.06,165.24,43604007.0
2025-03-11,164.28,166.12,160.74,163.41,39587390.0
2025-03-12,165.95,167.0099,162.9,166.48,28372312.0
2025-03-13,165.405,165.5,161.48,162.13,31755763.0
2025-03-14,162.64,165.86,161.82,164.86,31995793.0
2025-03-17,164.4,165.67,163.04,163.66,31184301.0
2025-03-18,163.045,163.62,156.09,160.04,42074726.0
2025-03-19,161.13,165.24,160.37,163.26,34275416.0
2025-03-20,160.94,164.26,160.33,162.17,28138439.0
2025-03-21,160.575,163.61,160.2601,163.36,36625754.0
2025-03-24,166.435,167.69,164.51,167.05,30879083.0
2025-03-25,168.35,170.0,167.685,169.93,24174369.0
2025-03-26,168.37,168.98,164.21,164.43,28939246.0
2025-03-27,164.0,164.79,161.37,161.61,24507615.0
2025-03-28,159.86,161.19,153.0,153.7,48669222.0
2025-03-31,152.48,154.91,150.032,154.01,54603404.0
2025-04-01,152.99,157.47,152.99,156.44,30672891.0
2025-04-02,154.52,157.7752,154.07,156.41,25041709.0
2025-04-03,150.48,152.1499,149.76,150.09,46883052.0
2025-04-04,147.38,150.44,144.75,144.97,62259452.0
2025-04-07,140.92,152.22,139.9,146.12,76794111.0
2025-04-08,150.59,151.61,142.4,144.07,52199886.0
2025-04-09,143.785,158.92,143.275,158.08,70406011.0
2025-04-10,155.91,157.09,149.3,152.19,48021458.0
2025-04-11,152.27,157.04,152.19,156.51,33636239.0
2025-04-14,159.365,161.09,156.93,158.44,30332735.0
2025-04-15,158.495,159.02,154.58,155.68,27551494.0
2025-04-16,152.47,155.26,150.88,152.7,28187343.0
2025-04-17,153.66,154.05,147.87,150.53,33046128.0
2025-04-21,148.25,148.315,145.47,147.04,26048925.0
2025-04-22,148.26,151.56,147.91,150.84,26971667.0
2025-04-23,154.98,156.895,153.18,154.72,31128788.0
2025-04-24,155.52,158.96,155.16,158.65,45893914.0
2025-04-25,164.44,165.47,160.41,161.33,56033995.0
2025-04-28,161.795,162.52,157.97,159.98,29745722.0
2025-04-29,159.695,160.11,156.89,159.53,26808958.0
2025-04-30,157.345,158.64,154.77,158.17,34981059.0
2025-05-01,159.82,161.32,158.28,160.67,30202867.0
2025-05-02,162.775,164.34,161.24,163.4,25714976.0
2025-05-05,162.37,164.76,162.09,163.58,21341785.0
2025-05-06,161.54,164.17,160.56,162.6,21277205.0
2025-05-07,163.45,164.37,147.21,150.75,127747409.0
2025-05-08,154.37,155.3,152.27,153.65,57498112.0
2025-05-09,153.54,154.42,151.57,152.12,32435119.0
2025-05-12,156.855,158.47,155.62,157.83,44138398.0
2025-05-13,158.16,159.94,155.53,158.9,42382102.0
2025-05-14,159.33,166.37,158.98,164.74,48755687.0
2025-05-15,165.21,165.575,161.7432,163.33,33146669.0
2025-05-16,167.095,168.72,164.99,165.56,42846920.0
2025-05-19,163.88,166.01,163.59,165.91,30425712.0
2025-05-20,165.8,167.87,162.27,163.35,46607656.0
2025-05-21,163.06,172.51,162.93,167.93,73415863.0
2025-05-22,171.22,176.14,170.08,170.24,74864418.0
2025-05-23,168.425,169.33,167.26,167.84,35211438.0
2025-05-27,169.53,172.54,169.37,172.27,37995649.0
2025-05-28,172.53,174.635,171.2807,171.73,34783828.0
2025-05-29,173.37,173.7893,170.0,171.23,29373606.0
2025-05-30,170.72,171.575,166.81,171.11,52639722.0
2025-06-02,167.21,169.24,166.76,168.4,38612171.0
2025-06-03,166.86,167.845,164.65,165.55,45084902.0
2025-06-04,166.105,167.585,165.73,167.42,26900696.0
2025-06-05,169.71,170.3,166.96,167.58,36444245.0
2025-06-06,170.2,173.87,170.2,173.05,35731832.0
2025-06-09,174.12,176.05,173.95,175.67,28935842.0
2025-06-10,175.78,180.685,174.49,178.18,61766046.0
2025-06-11,179.35,179.95,176.33,176.93,31646449.0
2025-06-12,175.76,176.3,174.325,175.28,20941381.0
2025-06-13,172.02,176.71,171.965,174.25,27662981.0
2025-06-16,174.31,176.52,174.23,176.35,27389204.0
2025-06-17,175.28,176.9448,174.16,175.53,24972828.0
2025-06-18,175.59,176.14,172.78,172.9,28707098.0
2025-06-20,173.525,173.92,165.04,166.22,75659917.0
2025-06-23,165.85,166.92,161.58,164.77,57670843.0
2025-06-24,166.5,167.8,165.71,166.35,40524312.0
2025-06-25,167.21,171.94,167.13,170.26,35478619.0
2025-06-26,172.01,173.27,169.52,173.12,31796523.0
2025-06-27,173.12,178.26,171.31,178.11,108140014.0
2025-06-30,180.36,180.81,174.16,175.81,63378854.0
2025-07-01,175.315,175.67,173.11,175.42,35904305.0
2025-07-02,175.12,178.44,174.65,178.22,29128886.0
2025-07-03,178.08,179.25,176.63,179.11,21445819.0
2025-07-07,178.64,178.877,175.26,176.37,34175629.0
2025-07-08,177.43,177.53,172.39,173.94,40442452.0
2025-07-09,174.83,179.02,172.35,176.2,43025592.0
2025-07-10,175.21,178.009,173.96,177.2,29252315.0
2025-07-11,176.365,181.01,176.06,179.77,34282774.0
2025-07-14,180.59,183.25,179.26,181.14,32536514.0
2025-07-15,182.39,183.8,181.18,181.58,33448144.0
2025-07-16,182.815,183.907,181.61,182.55,33104193.0
2025-07-17,181.72,183.64,180.06,183.16,31992558.0
2025-07-18,184.98,186.0,183.29,184.64,34013929.0
2025-07-21,185.83,189.865,185.73,189.68,45802623.0
2025-07-22,191.075,191.225,187.04,190.92,44659996.0
2025-07-23,191.08,192.11,188.76,189.81,58681948.0
2025-07-24,196.61,197.53,190.58,191.75,74881524.0
2025-07-25,191.56,193.91,190.84,192.76,39785743.0
2025-07-28,193.23,193.63,190.42,192.16,38139495.0
2025-07-29,192.01,195.5,191.66,195.33,41388887.0
2025-07-30,195.18,197.1799,194.265,196.11,32445404.0
2025-07-31,195.29,195.57,190.67,191.48,51329162.0
2025-08-01,188.605,190.41,187.4,188.71,34831925.0
2025-08-04,189.87,194.85,189.7,194.62,31547214.0
2025-08-05,194.29,197.4399,193.465,194.25,31602321.0
2025-08-06,194.08,196.21,193.25,195.67,21562884.0
2025-08-07,196.64,197.12,193.91,196.1,26321671.0
2025-08-08,196.8,202.19,196.75,201.0,39161716.0
2025-08-11,200.515,201.055,198.65,200.58,25831867.0
2025-08-12,200.945,204.08,200.17,202.92,30424024.0
2025-08-13,203.71,204.11,197.0901,201.54,28342702.0
2025-08-14,201.08,204.02,200.805,202.52,25230392.0
2025-08-15,203.43,206.02,200.86,203.48,34931075.0
2025-08-18,203.78,204.845,202.07,203.08,18526385.0
2025-08-19,202.61,203.02,199.54,201.15,24240204.0
2025-08-20,200.31,200.86,196.175,198.9,28955476.0
2025-08-21,199.325,202.06,199.01,199.33,19774573.0
2025-08-22,202.31,208.12,200.88,205.67,42827040.0
2025-08-25,206.01,210.1,204.86,208.07,29928849.0
2025-08-26,207.09,207.43,205.28,206.72,28464068.0
2025-08-27,205.28,208.49,205.23,207.06,23022749.0
2025-08-28,206.83,211.8,206.48,211.22,32339305.0
2025-08-29,210.09,214.225,209.78,212.49,39728352.0
2025-09-02,208.02,211.255,205.775,210.93,47523037.0
2025-09-03,225.79,230.89,224.37,230.24,103336125.0
2025-09-04,229.23,231.95,225.69,231.88,51684167.0
2025-09-05,231.78,235.34,231.48,234.58,46588539.0
2025-09-08,235.26,237.92,233.46,233.83,32474677.0
2025-09-09,233.955,240.26,233.019,239.42,38060929.0
2025-09-10,238.69,241.45,237.64,238.96,35141061.0
2025-09-11,239.67,242.04,236.04,240.16,30599327.0
2025-09-12,240.16,241.865,237.79,240.59,26770950.0
2025-09-15,244.45,252.1999,244.45,251.4,58383773.0
2025-09-16,251.87,252.83,249.26,250.95,34109645.0
2025-09-17,251.01,251.39,246.07,249.32,34107992.0
2025-09-18,251.47,253.78,249.59,251.82,31239092.0
2025-09-19,253.04,255.79,251.6,254.51,55571261.0
2025-09-22,254.22,255.57,250.09,252.32,32290512.0
2025-09-23,252.83,254.15,250.27,251.45,26628016.0
2025-09-24,251.45,252.1401,246.23,246.93,28200948.0
2025-09-25,244.19,246.28,240.53,245.58,31020370.0
2025-09-26,246.855,249.21,245.76,246.33,18503079.0
2025-09-29,247.64,250.9386,242.56,243.84,32505777.0
2025-09-30,242.6,243.08,239.035,242.89,34724105.0
2025-10-01,240.54,246.09,238.4,244.69,31658020.0
2025-10-02,244.94,246.6,242.09,245.48,25483052.0
2025-10-03,244.28,246.09,241.445,245.14,30248987.0
2025-10-06,244.57,251.11,244.37,250.22,28894458.0
2025-10-07,248.06,250.23,245.31,245.55,23181061.0
2025-10-08,244.75,245.795,243.61,244.41,21307036.0
2025-10-09,244.26,244.55,238.94,241.32,27891993.0
2025-10-10,241.22,243.88,235.63,236.36,33180039.0
2025-10-13,240.0,244.29,239.5,243.94,24994903.0
2025-10-14,241.02,246.91,240.3,245.24,22111501.0
2025-10-15,247.035,251.9,245.78,250.82,27007099.0
2025-10-16,251.555,256.75,249.891,251.25,27997020.0
2025-10-17,250.55,254.01,247.6,253.09,29671422.0
2025-10-20,254.48,257.12,254.02,256.34,22350075.0
2025-10-21,254.53,254.67,243.94,250.25,47312095.0
2025-10-22,254.16,256.15,249.08,251.48,35029370.0
2025-10-23,252.77,254.83,251.64,252.87,19901425.0
2025-10-24,256.37,261.47,255.105,259.71,28655053.0
2025-10-27,264.605,269.93,264.07,269.06,35234502.0
2025-10-28,269.48,270.52,266.29,267.26,29738208.0
2025-10-29,267.54,275.126,267.46,274.36,43580117.0
2025-10-30,291.38,291.38,279.85,281.27,74875990.0
2025-10-31,283.0,285.79,276.82,280.98,39267758.0
2025-11-03,281.965,285.32,279.59,283.51,29785995.0
2025-11-04,276.54,281.06,276.05,277.33,30078364.0
2025-11-05,278.66,286.205,277.13,284.1,31010290.0
2025-11-06,285.12,288.14,280.93,284.54,37173224.0
2025-11-07,282.995,283.57,274.98,278.62,34479588.0
2025-11-10,284.21,290.59,282.645,289.89,29557307.0
2025-11-11,287.535,291.705,287.11,291.1,19842041.0
2025-11-12,291.465,291.795,283.48,286.5,24829359.0
2025-11-13,282.13,282.63,277.03,278.36,29493522.0
2025-11-14,271.195,278.35,270.49,276.2,31647227.0
2025-11-17,285.565,293.74,283.36,284.81,52669973.0
2025-11-18,287.705,288.59,277.99,284.07,49158743.0
2025-11-19,286.95,303.6,286.42,292.6,68198930.0
2025-11-20,304.33,306.21,288.46,289.24,62025200.0
2025-11-21,296.205,303.71,293.635,299.45,74137696.0
2025-11-24,310.92,319.27,309.385,318.37,85164917.0
2025-11-25,326.0,328.62,317.44,323.23,88632074.0
2025-11-26,320.47,324.29,316.58,319.74,51373281.0
2025-11-28,323.155,326.64,316.58,319.97,25849011.0
2025-12-01,317.49,319.64,313.68,314.68,41182931.0
2025-12-02,316.53,318.17,313.7,315.6,35854744.0
2025-12-03,315.68,321.37,313.89,319.42,41838315.0
2025-12-04,322.015,322.15,314.49,317.41,31240924.0
2025-12-05,319.28,322.95,318.955,321.06,28851073.0
2025-12-08,320.05,320.44,311.2219,313.72,33909351.0
2025-12-09,312.37,317.99,311.895,317.08,30194027.0
2025-12-10,315.83,321.31,314.68,320.21,33428923.0
2025-12-11,320.08,321.12,308.6,312.43,42353487.0
2025-12-12,313.7,314.87,305.56,309.29,35940077.0
2025-12-15,311.315,311.42,304.88,308.22,29151797.0
2025-12-16,304.945,310.77,302.59,306.57,30584988.0
2025-12-17,308.01,308.09,296.12,296.72,43930354.0
2025-12-18,301.72,303.96,299.2308,302.46,33518038.0
2025-12-19,301.73,307.25,300.97,307.16,59943118.0
2025-12-22,309.875,310.13,305.3,309.78,26429885.0
2025-12-23,309.625,314.94,309.32,314.35,25478659.0
2025-12-24,314.77,315.08,311.92,314.09,9821959.0
2025-12-26,314.48,315.085,312.275,313.51,10898838.0
2025-12-29,311.365,314.02,310.62,313.56,19621292.0
2025-12-30,312.5,316.95,312.46,313.85,17380779.0
2025-12-31,312.845,314.58,311.44,313.0,16377373.0
2026-01-02,316.9,322.5,310.33,315.15,32009272.0
2026-01-05,317.655,319.015,314.63,316.54,30195597.0
2026-01-06,316.4,320.94,311.78,314.34,31212021.0
2026-01-07,314.36,326.15,314.19,321.98,35103745.0
2026-01-08,328.965,330.3196,321.5,325.44,31896092.0
2026-01-09,327.09,330.83,325.8,328.57,26214100.0
2026-01-12,325.8,334.04,325.0,331.86,33923926.0
2026-01-13,334.95,340.49,333.62,335.97,33517529.0
2026-01-14,335.06,336.52,330.48,335.84,28525482.0
2026-01-15,337.65,337.69,330.74,332.78,28442397.0
2026-01-16,334.41,334.65,327.7,330.0,40341587.0
2026-01-20,320.87,327.73,320.43,322.0,35360982.0
2026-01-21,320.92,332.4799,319.3518,328.38,35386291.0
2026-01-22,334.45,335.15,328.75,330.54,26253523.0
2026-01-23,332.485,333.6889,327.45,327.93,27279900.0
2026-01-26,327.805,335.84,327.0,333.26,26041860.0
2026-01-27,335.365,337.91,333.48,334.55,21636164.0
2026-01-28,336.06,337.535,331.94,336.01,27434188.0
