date,open,high,low,close,volume
1999-01-22,-0.1999,-0.1973,-0.2024,-0.2012,67867200.0
1999-01-25,-0.1996,-0.1988,-0.2012,-0.1991,12762000.0
1999-01-26,-0.1988,-0.1984,-0.2012,-0.2009,8580000.0
1999-01-27,-0.2008,-0.2003,-0.202,-0.2009,6109200.0
1999-01-28,-0.2009,-0.2008,-0.2011,-0.201,5688000.0
1999-01-29,-0.201,-0.2009,-0.202,-0.202,6100800.0
1999-02-01,-0.202,-0.2014,-0.202,-0.2016,3867600.0
1999-02-02,-0.202,-0.2014,-0.2037,-0.2031,6602400.0
1999-02-03,-0.2034,-0.2025,-0.2035,-0.2027,1878000.0
1999-02-04,-0.2025,-0.2012,-0.2027,-0.2017,4548000.0
1999-02-05,-0.2014,-0.2009,-0.2019,-0.2011,3421200.0
1999-02-08,-0.201,-0.2009,-0.2018,-0.2018,3852000.0
1999-02-09,-0.2014,-0.2013,-0.2029,-0.2026,2174400.0
1999-02-10,-0.2026,-0.2021,-0.2031,-0.2028,3705600.0
1999-02-11,-0.2027,-0.2004,-0.2027,-0.2012,3306000.0
1999-02-12,-0.2009,-0.1999,-0.2009,-0.2,2743200.0
1999-02-16,-0.1996,-0.1987,-0.2021,-0.1999,5275200.0
1999-02-17,-0.2004,-0.2001,-0.2014,-0.2011,1693200.0
1999-02-18,-0.2004,-0.2001,-0.2013,-0.2007,1767600.0
1999-02-19,-0.2009,-0.1996,-0.2012,-0.2,1884000.0
1999-02-22,-0.1996,-0.1994,-0.2011,-0.1999,5131200.0
1999-02-23,-0.1994,-0.1984,-0.2007,-0.1988,3452400.0
1999-02-24,-0.1954,-0.1944,-0.1976,-0.197,15319200.0
1999-02-25,-0.196,-0.1952,-0.1982,-0.1978,3728400.0
1999-02-26,-0.1975,-0.1967,-0.1991,-0.1989,4315200.0
1999-03-01,-0.1983,-0.1978,-0.1999,-0.1988,2304000.0
1999-03-02,-0.1988,-0.1987,-0.1994,-0.199,1381200.0
1999-03-03,-0.1988,-0.1988,-0.2007,-0.2005,1534800.0
1999-03-04,-0.1995,-0.1994,-0.2012,-0.201,1434000.0
1999-03-05,-0.2008,-0.1997,-0.2008,-0.1998,1969200.0
1999-03-08,-0.2004,-0.1988,-0.2008,-0.1995,1897200.0
1999-03-09,-0.1996,-0.1984,-0.1996,-0.1988,3579600.0
1999-03-10,-0.1984,-0.1984,-0.1995,-0.1992,5883600.0
1999-03-11,-0.1996,-0.1992,-0.2001,-0.2001,1357200.0
1999-03-12,-0.2,-0.2,-0.2009,-0.2005,2269200.0
1999-03-15,-0.2,-0.1994,-0.2001,-0.1996,2720400.0
1999-03-16,-0.1995,-0.1992,-0.2005,-0.2003,1978800.0
1999-03-17,-0.2001,-0.1997,-0.2007,-0.2002,1284000.0
1999-03-18,-0.2001,-0.1996,-0.2007,-0.1999,1158000.0
1999-03-19,-0.2,-0.1992,-0.2,-0.1999,2632800.0
1999-03-22,-0.1994,-0.1994,-0.2005,-0.2005,916800.0
1999-03-23,-0.2004,-0.2004,-0.2022,-0.2018,4099200.0
1999-03-24,-0.202,-0.2018,-0.2027,-0.202,1521600.0
1999-03-25,-0.202,-0.2009,-0.2021,-0.2017,1008000.0
1999-03-26,-0.2014,-0.1999,-0.2014,-0.1999,2206800.0
1999-03-29,-0.1993,-0.1988,-0.1997,-0.1993,1648800.0
1999-03-30,-0.1992,-0.199,-0.2013,-0.2012,1737600.0
1999-03-31,-0.2005,-0.1995,-0.2015,-0.1997,3840000.0
1999-04-01,-0.1997,-0.1996,-0.2008,-0.2004,760800.0
1999-04-05,-0.2007,-0.2001,-0.2012,-0.2011,2466000.0
1999-04-06,-0.2009,-0.2008,-0.202,-0.2016,1742400.0
1999-04-07,-0.2014,-0.1997,-0.2016,-0.1999,2232000.0
1999-04-08,-0.1997,-0.1988,-0.2,-0.1995,3253200.0
1999-04-09,-0.1994,-0.1994,-0.2,-0.1999,1215600.0
1999-04-12,-0.2001,-0.2001,-0.2012,-0.2008,832800.0
1999-04-13,-0.2004,-0.2004,-0.202,-0.2016,903600.0
1999-04-14,-0.2017,-0.2012,-0.2022,-0.2022,1207200.0
1999-04-15,-0.2017,-0.2017,-0.2022,-0.2017,896400.0
1999-04-16,-0.2018,-0.2007,-0.2018,-0.2011,973200.0
1999-04-19,-0.2008,-0.2008,-0.2022,-0.202,782400.0
1999-04-20,-0.202,-0.2012,-0.2025,-0.2024,1692000.0
1999-04-21,-0.2024,-0.202,-0.2025,-0.202,937200.0
1999-04-22,-0.202,-0.202,-0.2031,-0.2029,5679600.0
1999-04-23,-0.2029,-0.2029,-0.2039,-0.2038,3151200.0
1999-04-26,-0.2038,-0.2035,-0.2051,-0.2047,3087600.0
1999-04-27,-0.2043,-0.2027,-0.2046,-0.2029,5673600.0
1999-04-28,-0.2027,-0.2027,-0.2036,-0.203,3002400.0
1999-04-29,-0.2029,-0.2029,-0.2034,-0.203,1203600.0
1999-04-30,-0.2028,-0.202,-0.2029,-0.2027,2482800.0
1999-05-03,-0.2025,-0.2025,-0.2031,-0.2026,846000.0
1999-05-04,-0.2026,-0.2026,-0.204,-0.2037,2401200.0
1999-05-05,-0.2035,-0.2033,-0.2046,-0.2033,3614400.0
1999-05-06,-0.2034,-0.203,-0.2042,-0.2036,890400.0
1999-05-07,-0.2042,-0.2034,-0.2042,-0.2035,625200.0
1999-05-10,-0.2037,-0.2031,-0.2037,-0.2035,492000.0
1999-05-11,-0.2027,-0.202,-0.2031,-0.2025,4293600.0
1999-05-12,-0.2024,-0.2019,-0.2026,-0.202,4212000.0
1999-05-13,-0.202,-0.2014,-0.202,-0.202,1748400.0
1999-05-14,-0.202,-0.202,-0.2033,-0.203,711600.0
1999-05-17,-0.2033,-0.2021,-0.2033,-0.2021,894000.0
1999-05-18,-0.2019,-0.2009,-0.2025,-0.2012,3788400.0
1999-05-19,-0.2003,-0.1995,-0.2024,-0.2021,11293200.0
1999-05-20,-0.202,-0.202,-0.2044,-0.2037,4454400.0
1999-05-21,-0.2039,-0.2039,-0.2046,-0.204,7587600.0
1999-05-24,-0.2039,-0.2035,-0.2044,-0.2041,4065600.0
1999-05-25,-0.204,-0.2038,-0.2042,-0.204,3252000.0
1999-05-26,-0.204,-0.2031,-0.204,-0.204,2618400.0
1999-05-27,-0.2039,-0.2039,-0.2042,-0.2042,2058000.0
1999-05-28,-0.2039,-0.2039,-0.2042,-0.204,2216400.0
1999-06-01,-0.204,-0.2039,-0.2043,-0.2039,2463600.0
1999-06-02,-0.2039,-0.2039,-0.2046,-0.2046,3253200.0
1999-06-03,-0.2041,-0.204,-0.2043,-0.2041,1039200.0
1999-06-04,-0.204,-0.2039,-0.2041,-0.204,1972800.0
1999-06-07,-0.2039,-0.2035,-0.2039,-0.2038,3128400.0
1999-06-08,-0.2037,-0.203,-0.2038,-0.2033,3832800.0
1999-06-09,-0.2033,-0.2026,-0.2033,-0.203,2379600.0
1999-06-10,-0.203,-0.2029,-0.2031,-0.2029,902400.0
1999-06-11,-0.2029,-0.2029,-0.204,-0.2033,1525200.0
1999-06-14,-0.2033,-0.2033,-0.2042,-0.204,1291200.0
1999-06-15,-0.204,-0.2039,-0.2043,-0.204,1232400.0
1999-06-16,-0.2038,-0.203,-0.204,-0.2035,1610400.0
1999-06-17,-0.2037,-0.2034,-0.204,-0.204,1873200.0
1999-06-18,-0.2039,-0.2039,-0.2047,-0.2047,3968400.0
1999-06-21,-0.2042,-0.2038,-0.2046,-0.2038,2086800.0
1999-06-22,-0.2038,-0.2038,-0.2045,-0.2041,4826400.0
1999-06-23,-0.2043,-0.2038,-0.2045,-0.2038,5272800.0
1999-06-24,-0.2037,-0.2037,-0.2043,-0.2042,2880000.0
1999-06-25,-0.2043,-0.2037,-0.2043,-0.2039,1838400.0
1999-06-28,-0.2033,-0.2033,-0.204,-0.2037,2728800.0
1999-06-29,-0.2034,-0.2032,-0.2037,-0.2035,2317200.0
1999-06-30,-0.2029,-0.2018,-0.2033,-0.2018,6730800.0
1999-07-01,-0.2018,-0.2018,-0.2039,-0.2029,2224800.0
1999-07-02,-0.2026,-0.2015,-0.203,-0.2015,5622000.0
1999-07-06,-0.2013,-0.2013,-0.2017,-0.2014,4952400.0
1999-07-07,-0.2013,-0.2013,-0.2018,-0.2018,1578000.0
1999-07-08,-0.2017,-0.2011,-0.2024,-0.2014,4651200.0
1999-07-09,-0.2014,-0.1995,-0.2014,-0.1996,5293200.0
1999-07-12,-0.1983,-0.1977,-0.1992,-0.1986,10026000.0
1999-07-13,-0.1984,-0.1982,-0.1996,-0.1986,3471600.0
1999-07-14,-0.1986,-0.1981,-0.1996,-0.1995,3448800.0
1999-07-15,-0.1993,-0.1986,-0.1994,-0.1994,3426000.0
1999-07-16,-0.199,-0.1987,-0.1994,-0.1989,2596800.0
1999-07-19,-0.1988,-0.1988,-0.1996,-0.1995,1090800.0
1999-07-20,-0.1995,-0.1995,-0.2007,-0.1999,4468800.0
1999-07-21,-0.2001,-0.2001,-0.2012,-0.2005,2802000.0
1999-07-22,-0.2007,-0.2007,-0.2017,-0.2015,5331600.0
1999-07-23,-0.2016,-0.2009,-0.2016,-0.2015,2006400.0
1999-07-26,-0.201,-0.201,-0.2014,-0.2014,1513200.0
1999-07-27,-0.2014,-0.2013,-0.2017,-0.2014,2464800.0
1999-07-28,-0.2014,-0.2008,-0.2015,-0.2011,6105600.0
1999-07-29,-0.2014,-0.2008,-0.2016,-0.2009,9720000.0
1999-07-30,-0.2009,-0.2003,-0.2009,-0.2008,11307600.0
1999-08-02,-0.2008,-0.2005,-0.2009,-0.2006,7833600.0
1999-08-03,-0.2006,-0.2006,-0.2013,-0.2011,6380400.0
1999-08-04,-0.201,-0.2009,-0.2012,-0.2011,2248800.0
1999-08-05,-0.2011,-0.2008,-0.2014,-0.2008,6014400.0
1999-08-06,-0.2009,-0.2007,-0.2009,-0.2008,4599600.0
1999-08-09,-0.2007,-0.2005,-0.2009,-0.2008,776400.0
1999-08-10,-0.2007,-0.1995,-0.2008,-0.2004,5301600.0
1999-08-11,-0.2,-0.1987,-0.2003,-0.199,4942800.0
1999-08-12,-0.1988,-0.1973,-0.199,-0.1979,5990400.0
1999-08-13,-0.1981,-0.1976,-0.1983,-0.1981,2116800.0
1999-08-16,-0.1979,-0.1979,-0.1998,-0.199,5586000.0
1999-08-17,-0.199,-0.1986,-0.1996,-0.199,4838400.0
1999-08-18,-0.1992,-0.1982,-0.1997,-0.1984,6997200.0
1999-08-19,-0.1968,-0.1922,-0.1977,-0.1935,49174800.0
1999-08-20,-0.1934,-0.1932,-0.1948,-0.1938,8827200.0
1999-08-23,-0.1941,-0.1941,-0.1964,-0.1954,12699600.0
1999-08-24,-0.1958,-0.1953,-0.1971,-0.1956,9951600.0
1999-08-25,-0.1955,-0.1952,-0.1967,-0.1957,8758800.0
1999-08-26,-0.1957,-0.1953,-0.1965,-0.1961,6884400.0
1999-08-27,-0.1956,-0.1936,-0.1957,-0.1947,13809600.0
1999-08-30,-0.1942,-0.1937,-0.1959,-0.1948,3966000.0
1999-08-31,-0.1947,-0.1923,-0.1952,-0.1925,19671600.0
1999-09-01,-0.1925,-0.1925,-0.1943,-0.1938,14133600.0
1999-09-02,-0.1947,-0.194,-0.1953,-0.1941,8527200.0
1999-09-03,-0.1936,-0.1932,-0.1941,-0.1939,6471600.0
1999-09-07,-0.1935,-0.1935,-0.1942,-0.1941,3110400.0
1999-09-08,-0.194,-0.1938,-0.1941,-0.1941,4251600.0
1999-09-09,-0.1939,-0.1937,-0.1951,-0.1945,5236800.0
1999-09-10,-0.1941,-0.1938,-0.1943,-0.1941,4185600.0
1999-09-13,-0.194,-0.194,-0.1953,-0.1951,4360800.0
1999-09-14,-0.1951,-0.1951,-0.196,-0.1958,6259200.0
1999-09-15,-0.1962,-0.1953,-0.1964,-0.1956,5318400.0
1999-09-16,-0.196,-0.1957,-0.1966,-0.1963,3952800.0
1999-09-17,-0.1965,-0.1962,-0.1973,-0.1964,4291200.0
1999-09-20,-0.1968,-0.1965,-0.1973,-0.1973,5727600.0
1999-09-21,-0.1978,-0.1977,-0.1999,-0.1996,18433200.0
1999-09-22,-0.1996,-0.199,-0.2009,-0.1991,9399600.0
1999-09-23,-0.199,-0.199,-0.2012,-0.201,9489600.0
1999-09-24,-0.2009,-0.2004,-0.2043,-0.2029,17122800.0
1999-09-27,-0.2016,-0.2013,-0.2029,-0.2017,10800000.0
1999-09-28,-0.2017,-0.1996,-0.2017,-0.1999,10329600.0
1999-09-29,-0.1994,-0.1986,-0.202,-0.2016,14851200.0
1999-09-30,-0.2009,-0.2003,-0.202,-0.2017,8563200.0
1999-10-01,-0.202,-0.2013,-0.2029,-0.2018,8694000.0
1999-10-04,-0.2012,-0.2011,-0.2017,-0.2014,4440000.0
1999-10-05,-0.2014,-0.1994,-0.2014,-0.1995,11952000.0
1999-10-06,-0.1994,-0.1957,-0.1996,-0.1968,37718400.0
1999-10-07,-0.1958,-0.1958,-0.1986,-0.1984,12182400.0
1999-10-08,-0.1984,-0.1966,-0.1994,-0.1973,9973200.0
1999-10-11,-0.1971,-0.197,-0.1986,-0.1979,13611600.0
1999-10-12,-0.1978,-0.1975,-0.1983,-0.1982,8074800.0
1999-10-13,-0.1985,-0.1985,-0.1994,-0.1989,7009200.0
1999-10-14,-0.1988,-0.1988,-0.1996,-0.1994,4808400.0
1999-10-15,-0.2005,-0.1994,-0.2005,-0.1995,5268000.0
1999-10-18,-0.1994,-0.1994,-0.2008,-0.2007,5379600.0
1999-10-19,-0.2,-0.2,-0.2019,-0.2015,7723200.0
1999-10-20,-0.2012,-0.2005,-0.2015,-0.2008,8718000.0
1999-10-21,-0.2009,-0.1998,-0.2014,-0.1998,9553200.0
1999-10-22,-0.1999,-0.1986,-0.1999,-0.1993,7168800.0
1999-10-25,-0.1994,-0.1991,-0.2004,-0.2004,5346000.0
1999-10-26,-0.1995,-0.1975,-0.1996,-0.1983,12031200.0
1999-10-27,-0.1982,-0.1981,-0.1997,-0.1994,5353200.0
1999-10-28,-0.1992,-0.1988,-0.2005,-0.2004,5569200.0
1999-10-29,-0.2001,-0.1983,-0.2003,-0.1987,8263200.0
1999-11-01,-0.1991,-0.1964,-0.1991,-0.1973,19563600.0
1999-11-02,-0.1968,-0.1956,-0.197,-0.1957,20937600.0
1999-11-03,-0.1947,-0.1925,-0.1949,-0.1932,50292000.0
1999-11-04,-0.1928,-0.1906,-0.1928,-0.1913,31508400.0
1999-11-05,-0.1905,-0.1902,-0.1938,-0.1923,15409200.0
1999-11-08,-0.1932,-0.1906,-0.1941,-0.1915,11750400.0
1999-11-09,-0.1915,-0.1914,-0.1931,-0.1919,6808800.0
1999-11-10,-0.1918,-0.1918,-0.1928,-0.1922,3601200.0
1999-11-11,-0.1922,-0.1886,-0.1928,-0.1901,14067600.0
1999-11-12,-0.1887,-0.1884,-0.1906,-0.1884,12537600.0
1999-11-15,-0.1882,-0.1872,-0.1896,-0.1891,9055200.0
1999-11-16,-0.1883,-0.1853,-0.1884,-0.1859,18094800.0
1999-11-17,-0.1853,-0.1827,-0.1858,-0.1846,19659600.0
1999-11-18,-0.1838,-0.1835,-0.1848,-0.1844,5899200.0
1999-11-19,-0.1799,-0.1755,-0.1801,-0.1771,54129600.0
1999-11-22,-0.1759,-0.1759,-0.1798,-0.1772,13504800.0
1999-11-23,-0.1817,-0.1799,-0.1822,-0.1803,13831200.0
1999-11-24,-0.1805,-0.1801,-0.1847,-0.1816,10171200.0
1999-11-26,-0.182,-0.1816,-0.1832,-0.1819,1794000.0
1999-11-29,-0.182,-0.1815,-0.1842,-0.1833,7465200.0
1999-11-30,-0.1832,-0.1826,-0.1857,-0.1857,7867200.0
1999-12-01,-0.1857,-0.1833,-0.1857,-0.1839,5588400.0
1999-12-02,-0.1837,-0.1805,-0.1837,-0.1811,7747200.0
1999-12-03,-0.1807,-0.1799,-0.1826,-0.182,8569200.0
1999-12-06,-0.1819,-0.1807,-0.1819,-0.1809,4465200.0
1999-12-07,-0.1806,-0.1805,-0.1839,-0.1823,4659600.0
1999-12-08,-0.1824,-0.1801,-0.1826,-0.1805,5042400.0
1999-12-09,-0.1806,-0.1796,-0.1832,-0.1818,5373600.0
1999-12-10,-0.1811,-0.1809,-0.1829,-0.1822,2457600.0
1999-12-13,-0.1827,-0.1813,-0.1832,-0.1824,4596000.0
1999-12-14,-0.1823,-0.1813,-0.1834,-0.183,6847200.0
1999-12-15,-0.1833,-0.1831,-0.1852,-0.1842,5149200.0
1999-12-16,-0.1841,-0.1835,-0.1846,-0.1845,3314400.0
1999-12-17,-0.1835,-0.182,-0.1837,-0.1826,6552000.0
1999-12-20,-0.1825,-0.1785,-0.1839,-0.1793,10060800.0
1999-12-21,-0.1793,-0.1774,-0.1809,-0.1775,9709200.0
1999-12-22,-0.1773,-0.1759,-0.179,-0.1764,6279600.0
1999-12-23,-0.1764,-0.1733,-0.1766,-0.1734,7005600.0
1999-12-27,-0.1724,-0.1723,-0.1758,-0.1753,5060400.0
1999-12-28,-0.1753,-0.1736,-0.1755,-0.1754,4479600.0
1999-12-29,-0.1755,-0.1733,-0.1755,-0.1738,3303600.0
1999-12-30,-0.1738,-0.1731,-0.1746,-0.1734,3494400.0
1999-12-31,-0.1735,-0.1728,-0.1737,-0.1729,3183600.0
2000-01-03,-0.1725,-0.1721,-0.1758,-0.173,7522800.0
2000-01-04,-0.1738,-0.1737,-0.1767,-0.1743,7512000.0
2000-01-05,-0.1757,-0.1749,-0.1765,-0.1759,4708800.0
2000-01-06,-0.1759,-0.1759,-0.1806,-0.1788,3012000.0
2000-01-07,-0.179,-0.1777,-0.1797,-0.1781,1779600.0
2000-01-10,-0.178,-0.1749,-0.1788,-0.1767,5996400.0
2000-01-11,-0.177,-0.1764,-0.1785,-0.1785,3703200.0
2000-01-12,-0.1785,-0.1785,-0.1802,-0.1796,3088800.0
2000-01-13,-0.1797,-0.1775,-0.1802,-0.1779,3304800.0
2000-01-14,-0.1772,-0.1742,-0.1773,-0.176,15114000.0
2000-01-18,-0.1754,-0.1738,-0.1775,-0.174,6541200.0
2000-01-19,-0.1738,-0.1738,-0.1749,-0.1745,4117200.0
2000-01-20,-0.1741,-0.1715,-0.175,-0.1746,4489200.0
2000-01-21,-0.1747,-0.1746,-0.1763,-0.1751,13606800.0
2000-01-24,-0.1736,-0.1736,-0.1775,-0.1772,6423600.0
2000-01-25,-0.177,-0.1766,-0.179,-0.1776,5928000.0
2000-01-26,-0.1776,-0.1764,-0.1802,-0.1794,5811600.0
2000-01-27,-0.1791,-0.1791,-0.1832,-0.1816,11455200.0
2000-01-28,-0.1822,-0.1819,-0.1844,-0.1828,4861200.0
2000-01-31,-0.1826,-0.1818,-0.1853,-0.1831,4560000.0
2000-02-01,-0.1831,-0.1819,-0.1845,-0.1822,2324400.0
2000-02-02,-0.182,-0.1803,-0.1822,-0.1811,3726000.0
2000-02-03,-0.1798,-0.179,-0.1807,-0.1805,2706000.0
2000-02-04,-0.1792,-0.1792,-0.1803,-0.1795,3092400.0
2000-02-07,-0.1793,-0.1793,-0.1822,-0.1821,5437200.0
2000-02-08,-0.1811,-0.1788,-0.1822,-0.1802,11720400.0
2000-02-09,-0.1786,-0.1779,-0.1792,-0.1792,14726400.0
2000-02-10,-0.1766,-0.1697,-0.1766,-0.1704,24252000.0
2000-02-11,-0.1679,-0.1678,-0.1734,-0.1697,10594800.0
2000-02-14,-0.1695,-0.1613,-0.1701,-0.1613,16252800.0
2000-02-15,-0.1612,-0.1611,-0.1661,-0.1637,11262000.0
2000-02-16,-0.163,-0.159,-0.1637,-0.161,25489200.0
2000-02-17,-0.1611,-0.1585,-0.162,-0.1589,13394400.0
2000-02-18,-0.1598,-0.1507,-0.1602,-0.1516,24021600.0
2000-02-22,-0.1538,-0.1529,-0.1561,-0.1535,13562400.0
2000-02-23,-0.1543,-0.1524,-0.1551,-0.1531,12784800.0
2000-02-24,-0.1527,-0.1523,-0.1566,-0.1538,6108000.0
2000-02-25,-0.1537,-0.1537,-0.1608,-0.158,6968400.0
2000-02-28,-0.1583,-0.1577,-0.1595,-0.1585,12946800.0
2000-02-29,-0.1589,-0.1543,-0.1589,-0.1551,7651200.0
2000-03-01,-0.1551,-0.1551,-0.1581,-0.157,9589200.0
2000-03-02,-0.1565,-0.1565,-0.1616,-0.1614,4776000.0
2000-03-03,-0.1613,-0.1598,-0.1619,-0.1604,6842400.0
2000-03-06,-0.16,-0.1553,-0.1613,-0.1608,10802400.0
2000-03-07,-0.1436,-0.1309,-0.147,-0.135,48805200.0
2000-03-08,-0.135,-0.1335,-0.1413,-0.1342,16718400.0
2000-03-09,-0.1332,-0.1092,-0.1335,-0.1173,23823600.0
2000-03-10,-0.1119,-0.0707,-0.1126,-0.0988,54030000.0
2000-03-13,-0.1103,-0.0655,-0.1113,-0.0663,60379200.0
2000-03-14,-0.0671,-0.0671,-0.1092,-0.107,39194400.0
2000-03-15,-0.0988,-0.0956,-0.1155,-0.1117,24890400.0
2000-03-16,-0.1082,-0.1043,-0.1253,-0.1237,18759600.0
2000-03-17,-0.1259,-0.1103,-0.1259,-0.1177,13940400.0
2000-03-20,-0.1136,-0.1102,-0.1211,-0.1178,9132000.0
2000-03-21,-0.1176,-0.1167,-0.1311,-0.1229,13416000.0
2000-03-22,-0.1221,-0.1191,-0.1238,-0.1222,5764800.0
2000-03-23,-0.1231,-0.115,-0.1233,-0.1204,7735200.0
2000-03-24,-0.1211,-0.1165,-0.128,-0.1247,5790000.0
2000-03-27,-0.1249,-0.1217,-0.1319,-0.1311,9723600.0
2000-03-28,-0.1342,-0.1332,-0.1395,-0.1378,9832800.0
2000-03-29,-0.1375,-0.1356,-0.1467,-0.1434,11736000.0
2000-03-30,-0.1457,-0.1366,-0.1483,-0.1438,9048000.0
2000-03-31,-0.1385,-0.1302,-0.14,-0.1337,24074400.0
2000-04-03,-0.1345,-0.1342,-0.1429,-0.1406,8248800.0
2000-04-04,-0.1363,-0.1349,-0.1624,-0.1436,12844800.0
2000-04-05,-0.1428,-0.1202,-0.1469,-0.1262,15990000.0
2000-04-06,-0.1218,-0.1167,-0.1266,-0.1218,10114800.0
2000-04-07,-0.1168,-0.1124,-0.1212,-0.1149,7964400.0
2000-04-10,-0.1131,-0.1068,-0.1264,-0.1244,9882000.0
2000-04-11,-0.1311,-0.1228,-0.1384,-0.1301,11439600.0
2000-04-12,-0.13,-0.128,-0.14,-0.1397,7836000.0
2000-04-13,-0.139,-0.1361,-0.1445,-0.1432,7832400.0
2000-04-14,-0.1482,-0.1425,-0.1535,-0.1501,10548000.0
2000-04-17,-0.1561,-0.1436,-0.1561,-0.1464,7352400.0
2000-04-18,-0.1388,-0.1283,-0.1413,-0.1331,11937600.0
2000-04-19,-0.1303,-0.129,-0.1384,-0.1373,6958800.0
2000-04-20,-0.135,-0.1334,-0.1389,-0.1378,3848400.0
2000-04-24,-0.1426,-0.1391,-0.1461,-0.1419,5149200.0
2000-04-25,-0.1384,-0.1306,-0.1386,-0.1332,6242400.0
2000-04-26,-0.127,-0.1249,-0.1342,-0.1341,6352800.0
2000-04-27,-0.14,-0.1261,-0.1404,-0.127,7024800.0
2000-04-28,-0.1255,-0.1217,-0.1289,-0.1289,4476000.0
2000-05-01,-0.1254,-0.1233,-0.1282,-0.1259,2985600.0
2000-05-02,-0.1259,-0.1203,-0.1323,-0.1296,5850000.0
2000-05-03,-0.1302,-0.1272,-0.1384,-0.1311,8229600.0
2000-05-04,-0.1313,-0.1262,-0.1321,-0.13,6030000.0
2000-05-05,-0.1304,-0.1236,-0.1316,-0.1258,4264800.0
2000-05-08,-0.1283,-0.1249,-0.1294,-0.1293,4628400.0
2000-05-09,-0.1277,-0.127,-0.1332,-0.1306,4420800.0
2000-05-10,-0.1315,-0.1314,-0.1404,-0.1396,6852000.0
2000-05-11,-0.1384,-0.1346,-0.1395,-0.1361,6147600.0
2000-05-12,-0.1337,-0.129,-0.1387,-0.1387,4695600.0
2000-05-15,-0.1391,-0.1315,-0.1431,-0.1329,7052400.0
2000-05-16,-0.129,-0.121,-0.1301,-0.1238,9160800.0
2000-05-17,-0.1186,-0.1024,-0.1187,-0.1066,32265600.0
2000-05-18,-0.106,-0.1041,-0.1152,-0.1145,12747600.0
2000-05-19,-0.1176,-0.1119,-0.1184,-0.1154,13029600.0
2000-05-22,-0.1165,-0.1085,-0.1259,-0.1085,12928800.0
2000-05-23,-0.1113,-0.0989,-0.1132,-0.1094,19464000.0
2000-05-24,-0.1095,-0.1077,-0.1257,-0.1108,18490800.0
2000-05-25,-0.1092,-0.1025,-0.1137,-0.1124,14229600.0
2000-05-26,-0.1118,-0.1088,-0.1186,-0.1118,4586400.0
2000-05-30,-0.1089,-0.1044,-0.1094,-0.1073,7591200.0
2000-05-31,-0.1077,-0.1009,-0.1077,-0.1029,11738400.0
2000-06-01,-0.0994,-0.0982,-0.1026,-0.0996,10474800.0
2000-06-02,-0.097,-0.0832,-0.097,-0.0847,14804400.0
2000-06-05,-0.0849,-0.0749,-0.0904,-0.0818,12297600.0
2000-06-06,-0.0812,-0.076,-0.0895,-0.0887,9397200.0
2000-06-07,-0.0897,-0.0886,-0.0966,-0.0947,8308800.0
2000-06-08,-0.0914,-0.0913,-0.0988,-0.0937,11517600.0
2000-06-09,-0.0913,-0.0842,-0.0932,-0.09,11682000.0
2000-06-12,-0.0895,-0.0884,-0.0965,-0.0936,9500400.0
2000-06-13,-0.0971,-0.0895,-0.0978,-0.0895,11196000.0
2000-06-14,-0.0871,-0.0863,-0.0914,-0.0897,6877200.0
2000-06-15,-0.09,-0.0862,-0.0971,-0.0862,8464800.0
2000-06-16,-0.0867,-0.0655,-0.0867,-0.0658,24696000.0
2000-06-19,-0.0661,-0.0434,-0.0701,-0.056,26304000.0
2000-06-20,-0.0531,-0.0512,-0.0603,-0.0582,15256800.0
2000-06-21,-0.0607,-0.0384,-0.0607,-0.0416,15372000.0
2000-06-22,-0.0424,-0.0387,-0.0531,-0.0514,15358800.0
2000-06-23,-0.056,-0.0539,-0.0676,-0.0675,15184800.0
2000-06-26,-0.0645,-0.0479,-0.0669,-0.0489,15457200.0
2000-06-27,-0.0504,-0.0475,-0.0779,-0.0733,15115200.0
2000-06-28,-0.0702,-0.0645,-0.0832,-0.079,14665200.0
2000-06-29,-0.0815,-0.0815,-0.102,-0.0996,29622000.0
2000-06-30,-0.0939,-0.0871,-0.1001,-0.0893,30229800.0
2000-07-03,-0.0884,-0.0842,-0.0957,-0.0944,5817000.0
2000-07-05,-0.0949,-0.0947,-0.1119,-0.1081,19448400.0
2000-07-06,-0.1079,-0.097,-0.1107,-0.1012,15098400.0
2000-07-07,-0.0967,-0.0947,-0.103,-0.1005,8664000.0
2000-07-10,-0.1026,-0.0913,-0.1038,-0.0943,8781600.0
2000-07-11,-0.096,-0.0775,-0.0974,-0.084,18882600.0
2000-07-12,-0.0783,-0.0729,-0.0828,-0.0801,9703800.0
2000-07-13,-0.0771,-0.066,-0.0774,-0.0668,11468400.0
2000-07-14,-0.0637,-0.0607,-0.0717,-0.068,7005000.0
2000-07-17,-0.0656,-0.0655,-0.0702,-0.0697,2638800.0
2000-07-18,-0.078,-0.0655,-0.078,-0.0727,4591800.0
2000-07-19,-0.078,-0.077,-0.0852,-0.0822,4737600.0
2000-07-20,-0.0823,-0.0749,-0.0827,-0.0784,3574800.0
2000-07-21,-0.078,-0.0738,-0.0801,-0.0766,6298200.0
2000-07-24,-0.0764,-0.0754,-0.0947,-0.0889,7027800.0
2000-07-25,-0.0869,-0.0858,-0.0941,-0.0939,8382600.0
2000-07-26,-0.0939,-0.0939,-0.1069,-0.1034,9501600.0
2000-07-27,-0.1072,-0.1056,-0.1134,-0.1119,8289000.0
2000-07-28,-0.1113,-0.101,-0.1176,-0.1092,12816600.0
2000-07-31,-0.103,-0.0965,-0.1092,-0.0967,9280800.0
2000-08-01,-0.0967,-0.0957,-0.1001,-0.0992,8765400.0
2000-08-02,-0.1009,-0.0947,-0.1029,-0.0967,8635800.0
2000-08-03,-0.1092,-0.0884,-0.1092,-0.0913,9216600.0
2000-08-04,-0.0882,-0.0863,-0.091,-0.0889,4869600.0
2000-08-07,-0.088,-0.0774,-0.0885,-0.0785,6173400.0
2000-08-08,-0.0816,-0.0738,-0.0822,-0.0816,3202800.0
2000-08-09,-0.0798,-0.0789,-0.0878,-0.0858,3406200.0
2000-08-10,-0.0889,-0.0811,-0.0915,-0.0842,3910800.0
2000-08-11,-0.084,-0.083,-0.0939,-0.0875,3298200.0
2000-08-14,-0.0858,-0.0845,-0.0905,-0.0862,2714400.0
2000-08-15,-0.0856,-0.0707,-0.0859,-0.0734,11083200.0
2000-08-16,-0.0654,-0.0654,-0.0742,-0.0697,6655800.0
2000-08-17,-0.0717,-0.066,-0.0723,-0.0668,3245400.0
2000-08-18,-0.0675,-0.0595,-0.0677,-0.0613,5118000.0
2000-08-21,-0.0555,-0.0526,-0.0592,-0.0589,11611800.0
2000-08-22,-0.0673,-0.0639,-0.0757,-0.0742,16471800.0
2000-08-23,-0.0766,-0.0654,-0.0796,-0.0656,8820000.0
2000-08-24,-0.0665,-0.0599,-0.0694,-0.0615,8315400.0
2000-08-25,-0.0632,-0.0598,-0.0663,-0.0655,3826200.0
2000-08-28,-0.0647,-0.0572,-0.0665,-0.0592,4731600.0
2000-08-29,-0.0586,-0.0582,-0.0613,-0.0596,3734400.0
2000-08-30,-0.0615,-0.056,-0.0632,-0.0582,4452000.0
2000-08-31,-0.0557,-0.0499,-0.059,-0.0564,9722400.0
2000-09-01,-0.053,-0.0514,-0.058,-0.0561,5103600.0
2000-09-05,-0.0522,-0.0521,-0.057,-0.0559,6153600.0
2000-09-06,-0.0552,-0.0552,-0.0686,-0.0673,5753400.0
2000-09-07,-0.065,-0.0587,-0.0715,-0.059,5994000.0
2000-09-08,-0.0608,-0.0572,-0.0691,-0.0686,5566200.0
2000-09-11,-0.0706,-0.0697,-0.0806,-0.0749,7147200.0
2000-09-12,-0.0747,-0.0671,-0.078,-0.0758,3149400.0
2000-09-13,-0.0762,-0.0734,-0.0793,-0.0759,5999400.0
2000-09-14,-0.0751,-0.0686,-0.079,-0.0772,5408400.0
2000-09-15,-0.078,-0.072,-0.079,-0.0741,6064800.0
2000-09-18,-0.0737,-0.0728,-0.0842,-0.0827,4087200.0
2000-09-19,-0.0891,-0.078,-0.0905,-0.0784,7527600.0
2000-09-20,-0.0823,-0.0796,-0.0853,-0.0831,5689200.0
2000-09-21,-0.082,-0.074,-0.0822,-0.0771,8670600.0
2000-09-22,-0.0914,-0.0728,-0.0915,-0.0746,9681600.0
2000-09-25,-0.0701,-0.0619,-0.0712,-0.0641,11689200.0
2000-09-26,-0.0624,-0.0585,-0.0697,-0.0603,8433600.0
2000-09-27,-0.0616,-0.0439,-0.0616,-0.0514,16903200.0
2000-09-28,-0.053,-0.0452,-0.0572,-0.0462,8345400.0
2000-09-29,-0.0512,-0.0447,-0.054,-0.0512,9346800.0
2000-10-02,-0.0488,-0.0421,-0.0595,-0.0552,8514600.0
2000-10-03,-0.0543,-0.053,-0.0655,-0.0642,7506600.0
2000-10-04,-0.0684,-0.0634,-0.0705,-0.066,10489200.0
2000-10-05,-0.0649,-0.0649,-0.0729,-0.0697,13126200.0
2000-10-06,-0.0693,-0.0682,-0.0812,-0.0792,25679400.0
2000-10-09,-0.0828,-0.0738,-0.0926,-0.076,16631400.0
2000-10-10,-0.0822,-0.0751,-0.0884,-0.0871,10398600.0
2000-10-11,-0.0953,-0.0785,-0.1004,-0.0859,13394400.0
2000-10-12,-0.083,-0.0749,-0.0926,-0.0913,10040400.0
2000-10-13,-0.0904,-0.0822,-0.0918,-0.0861,14474400.0
2000-10-16,-0.0861,-0.0861,-0.0923,-0.0892,8480400.0
2000-10-17,-0.0897,-0.0892,-0.1003,-0.0988,11581200.0
2000-10-18,-0.1068,-0.0937,-0.1122,-0.1008,10423800.0
2000-10-19,-0.093,-0.0874,-0.0949,-0.0891,7372200.0
2000-10-20,-0.0922,-0.0733,-0.0931,-0.0767,9684000.0
2000-10-23,-0.0755,-0.0746,-0.0845,-0.08,4552800.0
2000-10-24,-0.0806,-0.0783,-0.085,-0.0845,4849200.0
2000-10-25,-0.0883,-0.0863,-0.0974,-0.0965,9637800.0
2000-10-26,-0.0957,-0.0863,-0.1046,-0.0911,6644400.0
2000-10-27,-0.091,-0.0878,-0.0988,-0.0941,5274000.0
2000-10-30,-0.0962,-0.0934,-0.1032,-0.1031,4803000.0
2000-10-31,-0.0984,-0.0902,-0.1022,-0.0923,7481400.0
2000-11-01,-0.0954,-0.0905,-0.0999,-0.0923,7613400.0
2000-11-02,-0.0878,-0.079,-0.09,-0.0824,4822200.0
2000-11-03,-0.0842,-0.0707,-0.0853,-0.0733,6715800.0
2000-11-06,-0.0698,-0.0551,-0.0707,-0.0619,15876000.0
2000-11-07,-0.0645,-0.0645,-0.078,-0.0727,6456000.0
2000-11-08,-0.071,-0.071,-0.0793,-0.0771,4677000.0
2000-11-09,-0.0858,-0.079,-0.0986,-0.0922,14113200.0
2000-11-10,-0.0878,-0.0811,-0.1025,-0.0992,20131200.0
2000-11-13,-0.1053,-0.0853,-0.1092,-0.0987,13251000.0
2000-11-14,-0.0905,-0.0751,-0.0915,-0.0762,11768400.0
2000-11-15,-0.0788,-0.0742,-0.0846,-0.0781,10596600.0
2000-11-16,-0.0822,-0.0785,-0.0884,-0.0871,5888400.0
2000-11-17,-0.0861,-0.0792,-0.0941,-0.0897,4469400.0
2000-11-20,-0.0946,-0.0945,-0.1013,-0.0999,7468800.0
2000-11-21,-0.0947,-0.0936,-0.1085,-0.1022,9562800.0
2000-11-22,-0.1072,-0.1035,-0.1134,-0.1085,10243800.0
2000-11-24,-0.1072,-0.0975,-0.1072,-0.102,4126800.0
2000-11-27,-0.0934,-0.0926,-0.1108,-0.106,9096600.0
2000-11-28,-0.1042,-0.103,-0.1172,-0.1146,9558600.0
2000-11-29,-0.113,-0.1129,-0.1293,-0.1212,15910200.0
2000-11-30,-0.1298,-0.1298,-0.146,-0.1374,24540600.0
2000-12-01,-0.1322,-0.1202,-0.1327,-0.129,19602000.0
2000-12-04,-0.1285,-0.1254,-0.1348,-0.1276,11856600.0
2000-12-05,-0.121,-0.1173,-0.1303,-0.1215,24930600.0
2000-12-06,-0.1234,-0.1207,-0.1363,-0.1358,23773200.0
2000-12-07,-0.14,-0.1328,-0.1444,-0.1374,19629600.0
2000-12-08,-0.1286,-0.1176,-0.1373,-0.1181,21334800.0
2000-12-11,-0.1215,-0.116,-0.1241,-0.1181,18940800.0
2000-12-12,-0.1207,-0.1189,-0.1244,-0.121,10237800.0
2000-12-13,-0.1214,-0.1197,-0.1306,-0.1288,16876800.0
2000-12-14,-0.1294,-0.1286,-0.1374,-0.1352,14225400.0
2000-12-15,-0.1406,-0.1355,-0.1441,-0.1437,27360600.0
2000-12-18,-0.1405,-0.1384,-0.1423,-0.1412,16471800.0
2000-12-19,-0.14,-0.1327,-0.1488,-0.1473,23655000.0
2000-12-20,-0.151,-0.1407,-0.159,-0.1554,27634800.0
2000-12-21,-0.1562,-0.1473,-0.1645,-0.1637,21131400.0
2000-12-22,-0.159,-0.1421,-0.159,-0.1487,23727000.0
2000-12-26,-0.1478,-0.147,-0.1564,-0.1517,8595600.0
2000-12-27,-0.1525,-0.1441,-0.1554,-0.147,8486400.0
2000-12-28,-0.15,-0.1447,-0.1512,-0.1466,10480800.0
2000-12-29,-0.1467,-0.1443,-0.1551,-0.1535,12379200.0
2001-01-02,-0.2103,-0.2101,-0.2114,-0.2114,7270200.0
2001-01-03,-0.2117,-0.208,-0.2119,-0.2082,22759200.0
2001-01-04,-0.2084,-0.2062,-0.2088,-0.2066,20386200.0
2001-01-05,-0.2067,-0.2067,-0.2092,-0.2089,10819200.0
2001-01-08,-0.2092,-0.2071,-0.2092,-0.2076,14344200.0
2001-01-09,-0.2074,-0.2071,-0.2081,-0.2074,7572600.0
2001-01-10,-0.2081,-0.2063,-0.2084,-0.2064,9823200.0
2001-01-11,-0.2067,-0.2044,-0.207,-0.2051,11191200.0
2001-01-12,-0.2048,-0.2038,-0.2056,-0.2054,16725000.0
2001-01-16,-0.2053,-0.2053,-0.2069,-0.2067,10374600.0
2001-01-17,-0.2056,-0.2051,-0.2062,-0.2062,14814600.0
2001-01-18,-0.2062,-0.2027,-0.2065,-0.2032,23704200.0
2001-01-19,-0.2026,-0.202,-0.2039,-0.2037,25467600.0
2001-01-22,-0.2042,-0.2035,-0.2049,-0.2044,9442800.0
2001-01-23,-0.2046,-0.2023,-0.2047,-0.2026,10840800.0
2001-01-24,-0.2027,-0.2025,-0.2038,-0.2027,11293200.0
2001-01-25,-0.2035,-0.2033,-0.205,-0.2046,11000400.0
2001-01-26,-0.2056,-0.2039,-0.2057,-0.2041,6481200.0
2001-01-29,-0.2046,-0.204,-0.2052,-0.204,8854200.0
2001-01-30,-0.2037,-0.2032,-0.2041,-0.2036,6093000.0
2001-01-31,-0.2036,-0.2029,-0.2042,-0.2038,8958600.0
2001-02-01,-0.2038,-0.2036,-0.2046,-0.2037,9296400.0
2001-02-02,-0.2037,-0.2033,-0.2056,-0.2055,8013000.0
2001-02-05,-0.2055,-0.2054,-0.2065,-0.2055,9189600.0
2001-02-06,-0.2058,-0.2051,-0.2058,-0.2054,6261000.0
2001-02-07,-0.2055,-0.2054,-0.207,-0.2062,18009600.0
2001-02-08,-0.2061,-0.2052,-0.2063,-0.2062,9607200.0
2001-02-09,-0.2064,-0.2063,-0.2069,-0.2064,6490200.0
2001-02-12,-0.2065,-0.2064,-0.2075,-0.2068,8858400.0
2001-02-13,-0.2065,-0.2056,-0.2067,-0.2063,11693400.0
2001-02-14,-0.2065,-0.2048,-0.2072,-0.2052,17272200.0
2001-02-15,-0.2029,-0.2018,-0.203,-0.2021,27712800.0
2001-02-16,-0.2031,-0.2006,-0.2032,-0.2011,27029400.0
2001-02-20,-0.2016,-0.2012,-0.2032,-0.2031,17532600.0
2001-02-21,-0.2038,-0.2015,-0.204,-0.2023,16162800.0
2001-02-22,-0.2024,-0.2009,-0.203,-0.2015,20382600.0
2001-02-23,-0.2016,-0.2012,-0.2035,-0.2029,25866600.0
2001-02-26,-0.2034,-0.2029,-0.2041,-0.2033,18795600.0
2001-02-27,-0.2037,-0.203,-0.2045,-0.2044,13345800.0
2001-02-28,-0.2045,-0.2035,-0.2065,-0.2062,19601400.0
2001-03-01,-0.2064,-0.2047,-0.2079,-0.205,22882200.0
2001-03-02,-0.2062,-0.2051,-0.2068,-0.2066,35337600.0
2001-03-05,-0.2072,-0.2061,-0.2073,-0.2065,18557400.0
2001-03-06,-0.2057,-0.2044,-0.206,-0.205,20860200.0
2001-03-07,-0.2046,-0.2036,-0.2049,-0.2036,23457000.0
2001-03-08,-0.2042,-0.2028,-0.2042,-0.203,20733600.0
2001-03-09,-0.204,-0.2039,-0.206,-0.2044,30419400.0
2001-03-12,-0.2049,-0.2042,-0.2057,-0.205,19053600.0
2001-03-13,-0.2048,-0.2027,-0.2049,-0.203,27058800.0
2001-03-14,-0.2038,-0.2019,-0.2038,-0.2019,33778200.0
2001-03-15,-0.2007,-0.1996,-0.2015,-0.201,46899600.0
2001-03-16,-0.2013,-0.2005,-0.2019,-0.201,30630000.0
2001-03-19,-0.2011,-0.1997,-0.2023,-0.1998,23597400.0
2001-03-20,-0.2001,-0.1987,-0.2021,-0.2019,49764000.0
2001-03-21,-0.2018,-0.1998,-0.202,-0.2004,46933800.0
2001-03-22,-0.2002,-0.1982,-0.2004,-0.1982,42444000.0
2001-03-23,-0.1978,-0.1974,-0.1996,-0.1985,37741800.0
2001-03-26,-0.1985,-0.1971,-0.1985,-0.1972,38574000.0
2001-03-27,-0.1977,-0.1969,-0.1991,-0.1981,42553800.0
2001-03-28,-0.1987,-0.1975,-0.1988,-0.1981,35832000.0
2001-03-29,-0.1983,-0.1969,-0.1988,-0.1977,40824000.0
2001-03-30,-0.1979,-0.1975,-0.1993,-0.1992,35579400.0
2001-04-02,-0.1993,-0.1987,-0.2004,-0.2001,31629000.0
2001-04-03,-0.2004,-0.1988,-0.2005,-0.1994,49790400.0
2001-04-04,-0.2003,-0.2002,-0.2031,-0.2017,84061800.0
2001-04-05,-0.2004,-0.1995,-0.201,-0.1999,43119000.0
2001-04-06,-0.2002,-0.1988,-0.2005,-0.2,38691600.0
2001-04-09,-0.1995,-0.199,-0.2014,-0.201,27429000.0
2001-04-10,-0.2005,-0.1984,-0.2007,-0.1991,29660400.0
2001-04-11,-0.1977,-0.1968,-0.1984,-0.1977,35671800.0
2001-04-12,-0.1981,-0.1963,-0.1986,-0.1974,36006600.0
2001-04-16,-0.1978,-0.1973,-0.1985,-0.1979,19102800.0
2001-04-17,-0.1983,-0.1957,-0.1983,-0.1968,27811200.0
2001-04-18,-0.1957,-0.1924,-0.1957,-0.1949,57546600.0
2001-04-19,-0.1947,-0.1921,-0.1949,-0.1926,40806600.0
2001-04-20,-0.193,-0.1905,-0.1937,-0.1915,44346000.0
2001-04-23,-0.1922,-0.1922,-0.1934,-0.1931,30975000.0
2001-04-24,-0.1932,-0.1911,-0.1956,-0.1952,45708000.0
2001-04-25,-0.1951,-0.193,-0.1952,-0.1939,35593200.0
2001-04-26,-0.1933,-0.1933,-0.1964,-0.1961,37150200.0
2001-04-27,-0.1951,-0.194,-0.1957,-0.1943,22891800.0
2001-04-30,-0.1936,-0.1912,-0.1942,-0.1928,39582000.0
2001-05-01,-0.1927,-0.19,-0.1932,-0.1901,46684200.0
2001-05-02,-0.1893,-0.1893,-0.1912,-0.1908,38694600.0
2001-05-03,-0.1917,-0.1908,-0.192,-0.191,24012600.0
2001-05-04,-0.1919,-0.1901,-0.192,-0.1905,23838000.0
2001-05-07,-0.1907,-0.1889,-0.191,-0.1891,24390000.0
2001-05-08,-0.1887,-0.1886,-0.1918,-0.1915,40503600.0
2001-05-09,-0.1925,-0.1919,-0.1931,-0.1929,32976000.0
2001-05-10,-0.1921,-0.1917,-0.1942,-0.1939,24972600.0
2001-05-11,-0.194,-0.1938,-0.1952,-0.1946,23030400.0
2001-05-14,-0.1945,-0.194,-0.1955,-0.1944,17560800.0
2001-05-15,-0.1941,-0.1922,-0.1944,-0.1934,31065000.0
2001-05-16,-0.194,-0.1919,-0.1942,-0.192,23927400.0
2001-05-17,-0.192,-0.1907,-0.1924,-0.1915,22976400.0
2001-05-18,-0.1916,-0.1908,-0.1924,-0.1918,14395800.0
2001-05-21,-0.1918,-0.1898,-0.1924,-0.1904,26617200.0
2001-05-22,-0.19,-0.1892,-0.1912,-0.1895,26249400.0
2001-05-23,-0.1882,-0.187,-0.1901,-0.1897,56122800.0
2001-05-24,-0.19,-0.1885,-0.1909,-0.1893,42014400.0
2001-05-25,-0.1899,-0.1895,-0.1905,-0.1899,23698800.0
2001-05-29,-0.1901,-0.1901,-0.1916,-0.1912,23014200.0
2001-05-30,-0.1919,-0.1904,-0.1921,-0.1918,82722600.0
2001-05-31,-0.1915,-0.1914,-0.1926,-0.192,31573200.0
2001-06-01,-0.1918,-0.1901,-0.192,-0.1904,25561800.0
2001-06-04,-0.1903,-0.1902,-0.1913,-0.1909,15538800.0
2001-06-05,-0.1909,-0.1889,-0.1909,-0.1892,24679200.0
2001-06-06,-0.1891,-0.1887,-0.1896,-0.1891,17474400.0
2001-06-07,-0.1894,-0.1871,-0.1896,-0.1872,28528800.0
2001-06-08,-0.1874,-0.1873,-0.1885,-0.1881,17817000.0
2001-06-11,-0.1881,-0.1881,-0.1896,-0.1891,14548200.0
2001-06-12,-0.1898,-0.1875,-0.1899,-0.188,27568200.0
2001-06-13,-0.1878,-0.1873,-0.1895,-0.1892,23467800.0
2001-06-14,-0.1896,-0.1887,-0.19,-0.1892,23653800.0
2001-06-15,-0.1896,-0.1882,-0.1902,-0.1887,27363600.0
2001-06-18,-0.1888,-0.1883,-0.1904,-0.19,21416400.0
2001-06-19,-0.1894,-0.1887,-0.1924,-0.1918,37828200.0
2001-06-20,-0.1923,-0.1901,-0.1929,-0.1905,43980000.0
2001-06-21,-0.1906,-0.1893,-0.1914,-0.1899,37114200.0
2001-06-22,-0.19,-0.1892,-0.1905,-0.19,19029600.0
2001-06-25,-0.1897,-0.1895,-0.191,-0.1901,16000800.0
2001-06-26,-0.1908,-0.189,-0.1909,-0.1892,18948000.0
2001-06-27,-0.1893,-0.1893,-0.1907,-0.1902,22393800.0
2001-06-28,-0.1898,-0.1894,-0.1901,-0.1898,22733400.0
2001-06-29,-0.1897,-0.189,-0.1901,-0.1895,18273000.0
2001-07-02,-0.1908,-0.1905,-0.1914,-0.191,26000400.0
2001-07-03,-0.1912,-0.1902,-0.1913,-0.1906,10157400.0
2001-07-05,-0.1909,-0.1907,-0.1929,-0.1928,25502400.0
2001-07-06,-0.1932,-0.193,-0.1943,-0.1937,20070600.0
2001-07-09,-0.1941,-0.1934,-0.1949,-0.1946,25351800.0
2001-07-10,-0.1943,-0.1939,-0.1947,-0.1944,30543600.0
2001-07-11,-0.1945,-0.194,-0.1953,-0.1945,22615800.0
2001-07-12,-0.1932,-0.1928,-0.1939,-0.193,24538800.0
2001-07-13,-0.1932,-0.1929,-0.1942,-0.1936,17253600.0
2001-07-16,-0.1939,-0.1936,-0.196,-0.1959,29792400.0
2001-07-17,-0.1963,-0.1942,-0.1966,-0.1944,29247600.0
2001-07-18,-0.1951,-0.1944,-0.1959,-0.1954,21024600.0
2001-07-19,-0.195,-0.1939,-0.1954,-0.195,21000600.0
2001-07-20,-0.1957,-0.195,-0.1966,-0.1957,18561600.0
2001-07-23,-0.1957,-0.1957,-0.1982,-0.1982,38699400.0
2001-07-24,-0.1979,-0.1966,-0.1984,-0.1966,34132800.0
2001-07-25,-0.1966,-0.1966,-0.1977,-0.1969,31147200.0
2001-07-26,-0.1971,-0.1941,-0.1972,-0.1944,42853800.0
2001-07-27,-0.1944,-0.1933,-0.1952,-0.1936,27367200.0
2001-07-30,-0.1936,-0.1935,-0.1946,-0.1943,14557200.0
2001-07-31,-0.1942,-0.1935,-0.1952,-0.1936,29694000.0
2001-08-01,-0.1931,-0.1918,-0.1933,-0.1919,30123600.0
2001-08-02,-0.1915,-0.1911,-0.1926,-0.1912,27448200.0
2001-08-03,-0.1915,-0.191,-0.1921,-0.1914,20508600.0
2001-08-06,-0.1917,-0.1902,-0.192,-0.1905,32314200.0
2001-08-07,-0.1905,-0.1904,-0.1914,-0.191,27215400.0
2001-08-08,-0.1913,-0.1905,-0.1919,-0.1918,28142400.0
2001-08-09,-0.1919,-0.1913,-0.1929,-0.1923,41090400.0
2001-08-10,-0.1923,-0.1919,-0.1932,-0.1924,25912200.0
2001-08-13,-0.1918,-0.1908,-0.1923,-0.1911,37869600.0
2001-08-14,-0.1917,-0.1915,-0.1923,-0.1919,58029000.0
2001-08-15,-0.1912,-0.1909,-0.1921,-0.1919,45409800.0
2001-08-16,-0.1925,-0.1906,-0.1926,-0.1906,25652400.0
2001-08-17,-0.1914,-0.191,-0.1929,-0.1926,41721000.0
2001-08-20,-0.1928,-0.1925,-0.1937,-0.1929,29583000.0
2001-08-21,-0.1928,-0.192,-0.1935,-0.1935,29666400.0
2001-08-22,-0.193,-0.1923,-0.1939,-0.1923,37452600.0
2001-08-23,-0.1924,-0.192,-0.1931,-0.1929,25339800.0
2001-08-24,-0.1926,-0.1915,-0.1928,-0.1921,27773400.0
2001-08-27,-0.1928,-0.1907,-0.1929,-0.1911,31990200.0
2001-08-28,-0.1912,-0.1905,-0.1917,-0.1915,29469000.0
2001-08-29,-0.1914,-0.1912,-0.1927,-0.1925,35895000.0
2001-08-30,-0.193,-0.1924,-0.1937,-0.1926,35782800.0
2001-08-31,-0.1927,-0.1921,-0.1931,-0.1923,22197600.0
2001-09-04,-0.1924,-0.1924,-0.1946,-0.1943,46403400.0
2001-09-05,-0.1944,-0.1936,-0.1955,-0.1938,59889600.0
2001-09-06,-0.1943,-0.1935,-0.1951,-0.1949,48769200.0
2001-09-07,-0.1954,-0.1942,-0.1955,-0.1946,49256400.0
2001-09-10,-0.1949,-0.1945,-0.196,-0.1954,46809000.0
2001-09-17,-0.123,-0.1206,-0.1277,-0.1272,28464900.0
2001-09-18,-0.1254,-0.1247,-0.1351,-0.133,22359300.0
2001-09-19,-0.1325,-0.1314,-0.1466,-0.1341,39047700.0
2001-09-20,-0.1387,-0.1366,-0.1439,-0.1415,36767400.0
2001-09-21,-0.1477,-0.1432,-0.1495,-0.1468,30657600.0
2001-09-24,-0.1408,-0.1372,-0.1444,-0.1384,37687500.0
2001-09-25,-0.1381,-0.1345,-0.1419,-0.1417,23543100.0
2001-09-26,-0.1406,-0.1403,-0.1453,-0.1445,10770300.0
2001-09-27,-0.1448,-0.1439,-0.1508,-0.1488,22682400.0
2001-09-28,-0.1467,-0.1417,-0.1499,-0.1454,26121900.0
2001-10-01,-0.1455,-0.1442,-0.1531,-0.1519,24320100.0
2001-10-02,-0.152,-0.1492,-0.1587,-0.1554,28075800.0
2001-10-03,-0.1557,-0.1381,-0.1557,-0.1423,44970600.0
2001-10-04,-0.1381,-0.1278,-0.141,-0.132,49514400.0
2001-10-05,-0.1333,-0.1281,-0.1367,-0.1303,26955300.0
2001-10-08,-0.1339,-0.1247,-0.1339,-0.1282,19147500.0
2001-10-09,-0.128,-0.1262,-0.135,-0.1323,22938900.0
2001-10-10,-0.1339,-0.1258,-0.1345,-0.1266,24203100.0
2001-10-11,-0.1215,-0.116,-0.122,-0.1162,22950000.0
2001-10-12,-0.1189,-0.1092,-0.1192,-0.1094,31327500.0
2001-10-15,-0.1127,-0.1064,-0.1157,-0.1099,22714200.0
2001-10-16,-0.11,-0.0973,-0.1123,-0.0987,34596300.0
2001-10-17,-0.0959,-0.0958,-0.1064,-0.1058,42388500.0
2001-10-18,-0.1061,-0.0998,-0.1062,-0.101,25521600.0
2001-10-19,-0.1027,-0.0967,-0.1042,-0.0985,26481600.0
2001-10-22,-0.0993,-0.0939,-0.1021,-0.0956,24270600.0
2001-10-23,-0.0939,-0.0917,-0.1006,-0.0977,23825700.0
2001-10-24,-0.1,-0.092,-0.1014,-0.0923,30303600.0
2001-10-25,-0.0953,-0.0824,-0.0972,-0.0847,28809900.0
2001-10-26,-0.0857,-0.0816,-0.0953,-0.0945,27428100.0
2001-10-29,-0.0941,-0.0918,-0.1053,-0.1048,25119900.0
2001-10-30,-0.107,-0.0997,-0.1096,-0.105,28834500.0
2001-10-31,-0.1007,-0.0974,-0.1043,-0.1027,24732300.0
2001-11-01,-0.1011,-0.0915,-0.1029,-0.0925,27344400.0
2001-11-02,-0.0931,-0.0891,-0.0978,-0.0907,27181200.0
2001-11-05,-0.0884,-0.0847,-0.0922,-0.0902,23336400.0
2001-11-06,-0.0904,-0.0805,-0.0912,-0.0812,35384400.0
2001-11-07,-0.0822,-0.0757,-0.0831,-0.081,35478600.0
2001-11-08,-0.0792,-0.0774,-0.0877,-0.0835,47879700.0
2001-11-09,-0.0775,-0.0737,-0.08,-0.0739,56762100.0
2001-11-12,-0.0758,-0.0662,-0.0789,-0.0699,36465900.0
2001-11-13,-0.0694,-0.0694,-0.0733,-0.0712,36162900.0
2001-11-14,-0.0701,-0.0686,-0.0794,-0.0753,28755600.0
2001-11-15,-0.077,-0.0726,-0.0788,-0.0746,21873600.0
2001-11-16,-0.0744,-0.0729,-0.0778,-0.0758,12403200.0
2001-11-19,-0.0744,-0.0731,-0.087,-0.0791,48576300.0
2001-11-20,-0.0783,-0.0758,-0.0847,-0.0831,23447100.0
2001-11-21,-0.0854,-0.0812,-0.0889,-0.0848,18210300.0
2001-11-23,-0.0843,-0.0827,-0.0867,-0.0829,6350400.0
2001-11-26,-0.0806,-0.0728,-0.081,-0.073,30394500.0
2001-11-27,-0.0731,-0.0681,-0.0758,-0.0714,29599800.0
2001-11-28,-0.0733,-0.0708,-0.0793,-0.079,18521100.0
2001-11-29,-0.0687,-0.0678,-0.0744,-0.0727,128386800.0
2001-11-30,-0.0728,-0.0688,-0.075,-0.0699,25850700.0
2001-12-03,-0.0731,-0.0712,-0.0748,-0.0722,21287400.0
2001-12-04,-0.0714,-0.06,-0.0714,-0.0602,34616100.0
2001-12-05,-0.0589,-0.0468,-0.059,-0.0472,42675900.0
2001-12-06,-0.0485,-0.048,-0.0542,-0.0499,28473600.0
2001-12-07,-0.0512,-0.0496,-0.0581,-0.0552,20175900.0
2001-12-10,-0.056,-0.0497,-0.0573,-0.0535,17396700.0
2001-12-11,-0.0505,-0.0435,-0.0522,-0.0474,19806300.0
2001-12-12,-0.0461,-0.0419,-0.0495,-0.042,25115700.0
2001-12-13,-0.0456,-0.0433,-0.0478,-0.0472,22035000.0
2001-12-14,-0.0469,-0.0385,-0.048,-0.0393,18867000.0
2001-12-17,-0.0407,-0.0302,-0.0407,-0.0327,27024000.0
2001-12-18,-0.0369,-0.0343,-0.0392,-0.0377,22174200.0
2001-12-19,-0.0407,-0.037,-0.0433,-0.0427,21366300.0
2001-12-20,-0.0419,-0.0387,-0.0503,-0.0497,23780700.0
2001-12-21,-0.046,-0.0411,-0.048,-0.0422,18099300.0
2001-12-24,-0.0423,-0.0369,-0.0424,-0.0378,6632700.0
2001-12-26,-0.0369,-0.0302,-0.0369,-0.0333,16053900.0
2001-12-27,-0.0317,-0.0281,-0.0319,-0.0289,18253800.0
2001-12-28,-0.0277,-0.0265,-0.0354,-0.0336,18942000.0
2001-12-31,-0.0322,-0.0311,-0.0362,-0.0358,18439500.0
2002-01-02,-0.035,-0.0315,-0.0397,-0.0347,32472600.0
2002-01-03,-0.0343,-0.0217,-0.0344,-0.0224,35368800.0
2002-01-04,-0.0198,-0.0198,-0.0317,-0.0282,23407200.0
2002-01-07,-0.0275,-0.0272,-0.0361,-0.0335,24326700.0
2002-01-08,-0.0338,-0.0267,-0.0345,-0.0312,19359000.0
2002-01-09,-0.0286,-0.0251,-0.0365,-0.0338,28529700.0
2002-01-10,-0.0348,-0.0323,-0.04,-0.0383,24812700.0
2002-01-11,-0.0372,-0.0371,-0.0472,-0.0465,34521300.0
2002-01-14,-0.0468,-0.0457,-0.0559,-0.0557,34239000.0
2002-01-15,-0.0487,-0.0397,-0.0489,-0.0402,45970200.0
2002-01-16,-0.0427,-0.0415,-0.0479,-0.0472,27884700.0
2002-01-17,-0.0415,-0.0411,-0.048,-0.0412,28038600.0
2002-01-18,-0.0479,-0.0432,-0.0481,-0.0444,20091900.0
2002-01-22,-0.0427,-0.0423,-0.0509,-0.0489,27125700.0
2002-01-23,-0.0473,-0.0444,-0.0507,-0.0457,22229100.0
2002-01-24,-0.0439,-0.0375,-0.0477,-0.0393,28442100.0
2002-01-25,-0.0419,-0.0352,-0.0442,-0.0398,20443800.0
2002-01-28,-0.0362,-0.0327,-0.0381,-0.0328,23107200.0
2002-01-29,-0.0323,-0.0318,-0.045,-0.0421,34548300.0
2002-01-30,-0.0411,-0.0397,-0.0454,-0.0399,30461400.0
2002-01-31,-0.0375,-0.0361,-0.0452,-0.0391,24349500.0
2002-02-01,-0.0393,-0.0374,-0.0446,-0.0435,17206800.0
2002-02-04,-0.0439,-0.0396,-0.0522,-0.0519,27621600.0
2002-02-05,-0.0531,-0.0516,-0.0602,-0.0536,36865500.0
2002-02-06,-0.0491,-0.0464,-0.0525,-0.0494,31063200.0
2002-02-07,-0.0492,-0.0479,-0.0557,-0.055,24111900.0
2002-02-08,-0.0538,-0.0529,-0.0677,-0.0613,46782300.0
2002-02-11,-0.0616,-0.0522,-0.0622,-0.0525,31230600.0
2002-02-12,-0.055,-0.0457,-0.0569,-0.0489,30412500.0
2002-02-13,-0.0467,-0.0437,-0.0527,-0.0511,30760800.0
2002-02-14,-0.0497,-0.0454,-0.0518,-0.049,30642300.0
2002-02-15,-0.0569,-0.056,-0.064,-0.0623,99713696.0
2002-02-19,-0.0696,-0.0676,-0.0742,-0.0729,49313100.0
2002-02-20,-0.0756,-0.0635,-0.0758,-0.0652,45968400.0
2002-02-21,-0.0672,-0.0672,-0.076,-0.0758,38276100.0
2002-02-22,-0.0787,-0.0771,-0.0849,-0.083,64640400.0
2002-02-25,-0.0824,-0.0711,-0.0824,-0.0722,39989100.0
2002-02-26,-0.0688,-0.0662,-0.0729,-0.0689,47566800.0
2002-02-27,-0.0654,-0.0647,-0.0744,-0.074,43080600.0
2002-02-28,-0.075,-0.0723,-0.0812,-0.08,39636000.0
2002-03-01,-0.0786,-0.0647,-0.079,-0.0662,32784900.0
2002-03-04,-0.0658,-0.0558,-0.0673,-0.0576,37118100.0
2002-03-05,-0.0602,-0.0537,-0.0602,-0.058,34486200.0
2002-03-06,-0.0629,-0.0613,-0.0666,-0.0632,36151500.0
2002-03-07,-0.0609,-0.0604,-0.0688,-0.0644,33663300.0
2002-03-08,-0.0614,-0.0564,-0.0622,-0.0597,31758900.0
2002-03-11,-0.0619,-0.0597,-0.0643,-0.0617,20263500.0
2002-03-12,-0.0665,-0.0657,-0.0711,-0.07,31375800.0
2002-03-13,-0.0714,-0.0703,-0.0733,-0.0727,25790400.0
2002-03-14,-0.0739,-0.0734,-0.0813,-0.081,28486500.0
2002-03-15,-0.08,-0.0749,-0.0827,-0.0751,31207200.0
2002-03-18,-0.0724,-0.0692,-0.0767,-0.0751,30924900.0
2002-03-19,-0.074,-0.0737,-0.0791,-0.0782,21151800.0
2002-03-20,-0.0806,-0.0802,-0.0929,-0.0925,57314700.0
2002-03-21,-0.0902,-0.0841,-0.0937,-0.0856,43042800.0
2002-03-22,-0.0833,-0.0832,-0.0878,-0.0867,31228500.0
2002-03-25,-0.0874,-0.0872,-0.0939,-0.0937,22104000.0
2002-03-26,-0.0951,-0.0878,-0.0958,-0.0912,28087800.0
2002-03-27,-0.0932,-0.0905,-0.0975,-0.0953,26700300.0
2002-03-28,-0.0944,-0.0937,-0.1054,-0.0985,78102000.0
2002-04-01,-0.1053,-0.0996,-0.109,-0.1005,59133600.0
2002-04-02,-0.1042,-0.0976,-0.1043,-0.1037,35950200.0
2002-04-03,-0.1032,-0.0999,-0.1056,-0.1014,27366000.0
2002-04-04,-0.1023,-0.0979,-0.104,-0.102,28274100.0
2002-04-05,-0.1012,-0.0993,-0.106,-0.1047,25672500.0
2002-04-08,-0.1102,-0.1006,-0.1102,-0.1008,28782900.0
2002-04-09,-0.0997,-0.0987,-0.1098,-0.1085,34519200.0
2002-04-10,-0.1076,-0.1067,-0.1228,-0.1147,92243104.0
2002-04-11,-0.1156,-0.1142,-0.1206,-0.1194,35932200.0
2002-04-12,-0.1172,-0.1163,-0.123,-0.1198,34422000.0
2002-04-15,-0.1178,-0.1139,-0.1181,-0.1157,28930200.0
2002-04-16,-0.1109,-0.1078,-0.1132,-0.1111,21371400.0
2002-04-17,-0.1097,-0.1082,-0.1132,-0.1097,23612100.0
2002-04-18,-0.1109,-0.1097,-0.1149,-0.1117,17328900.0
2002-04-19,-0.1153,-0.1141,-0.1193,-0.1192,28141800.0
2002-04-22,-0.1202,-0.1166,-0.1203,-0.1187,20204400.0
2002-04-23,-0.1178,-0.1167,-0.1237,-0.1228,19337700.0
2002-04-24,-0.1217,-0.1202,-0.1317,-0.1315,39573900.0
2002-04-25,-0.1318,-0.1262,-0.1318,-0.128,29207400.0
2002-04-26,-0.1269,-0.1268,-0.1375,-0.1373,29778000.0
2002-04-29,-0.1272,-0.1218,-0.1305,-0.1232,98271296.0
2002-04-30,-0.1209,-0.1196,-0.1271,-0.125,44412600.0
2002-05-01,-0.1266,-0.1219,-0.1291,-0.1232,42972600.0
2002-05-02,-0.1227,-0.1203,-0.1276,-0.1272,28127100.0
2002-05-03,-0.1271,-0.1264,-0.1312,-0.1307,21318900.0
2002-05-06,-0.1331,-0.1289,-0.1349,-0.1342,27551100.0
2002-05-07,-0.1322,-0.1304,-0.1364,-0.132,35311200.0
2002-05-08,-0.1259,-0.1202,-0.1289,-0.1217,42217200.0
2002-05-09,-0.122,-0.1199,-0.1263,-0.126,30771000.0
2002-05-10,-0.124,-0.1237,-0.1342,-0.1332,33038700.0
2002-05-13,-0.1322,-0.1275,-0.133,-0.1277,20022300.0
2002-05-14,-0.1217,-0.1174,-0.1235,-0.1184,38152800.0
2002-05-15,-0.12,-0.1145,-0.1214,-0.1164,37613700.0
2002-05-16,-0.1164,-0.1141,-0.1185,-0.1162,24639000.0
2002-05-17,-0.1133,-0.1126,-0.1161,-0.1129,23360100.0
2002-05-20,-0.1138,-0.111,-0.1143,-0.1117,23835300.0
2002-05-21,-0.1103,-0.1087,-0.1203,-0.1201,34565100.0
2002-05-22,-0.1193,-0.1141,-0.1195,-0.116,38699700.0
2002-05-23,-0.1157,-0.1155,-0.1256,-0.1224,63919500.0
2002-05-24,-0.1243,-0.1238,-0.1267,-0.1244,18444600.0
2002-05-28,-0.1235,-0.1235,-0.1302,-0.1282,34177200.0
2002-05-29,-0.1297,-0.1243,-0.1312,-0.1247,32775300.0
2002-05-30,-0.1267,-0.1238,-0.1286,-0.1262,26652000.0
2002-05-31,-0.1256,-0.1252,-0.1289,-0.1287,16852800.0
2002-06-03,-0.131,-0.1306,-0.1353,-0.1342,22531200.0
2002-06-04,-0.1347,-0.1293,-0.1349,-0.1298,27385800.0
2002-06-05,-0.1296,-0.1296,-0.1343,-0.1312,27857700.0
2002-06-06,-0.1321,-0.1299,-0.1337,-0.1311,18483900.0
2002-06-07,-0.1385,-0.1308,-0.1385,-0.132,34282500.0
2002-06-10,-0.1307,-0.1282,-0.1329,-0.1327,18728700.0
2002-06-11,-0.1312,-0.1308,-0.1369,-0.1367,21482700.0
2002-06-12,-0.1387,-0.1372,-0.1477,-0.1441,56688600.0
2002-06-13,-0.1435,-0.1421,-0.1473,-0.1449,31647300.0
2002-06-14,-0.1477,-0.1428,-0.1502,-0.1434,27911100.0
2002-06-17,-0.1417,-0.1407,-0.1441,-0.1427,26353500.0
2002-06-18,-0.1437,-0.1409,-0.1447,-0.1432,25207500.0
2002-06-19,-0.147,-0.147,-0.1561,-0.1555,64840500.0
2002-06-20,-0.1553,-0.1535,-0.1569,-0.1561,35626200.0
2002-06-21,-0.1564,-0.1539,-0.1601,-0.1587,37109100.0
2002-06-24,-0.1604,-0.1557,-0.1622,-0.1576,34489800.0
2002-06-25,-0.1564,-0.1564,-0.1633,-0.1629,29305800.0
2002-06-26,-0.1696,-0.164,-0.171,-0.166,51695700.0
2002-06-27,-0.1639,-0.1635,-0.1751,-0.1742,79570200.0
2002-06-28,-0.1751,-0.172,-0.1761,-0.174,49779600.0
2002-07-01,-0.1742,-0.1728,-0.1751,-0.1741,29109300.0
2002-07-02,-0.1747,-0.1745,-0.1783,-0.1771,34204500.0
2002-07-03,-0.1774,-0.1732,-0.1774,-0.1732,26832600.0
2002-07-05,-0.1697,-0.1689,-0.1712,-0.1692,18488100.0
2002-07-08,-0.1696,-0.1655,-0.1697,-0.1674,39679500.0
2002-07-09,-0.1672,-0.1666,-0.1712,-0.1701,26877000.0
2002-07-10,-0.1688,-0.1684,-0.1718,-0.1715,23174700.0
2002-07-11,-0.1717,-0.1662,-0.1722,-0.1663,28598700.0
2002-07-12,-0.1634,-0.1632,-0.1676,-0.1664,33622500.0
2002-07-15,-0.1662,-0.1607,-0.1687,-0.1609,37381800.0
2002-07-16,-0.1624,-0.1568,-0.1635,-0.1626,44335800.0
2002-07-17,-0.1638,-0.1627,-0.1699,-0.1676,48059100.0
2002-07-18,-0.1685,-0.1653,-0.1702,-0.169,31079700.0
2002-07-19,-0.1706,-0.1686,-0.1717,-0.1713,21144300.0
2002-07-22,-0.1716,-0.1702,-0.1757,-0.1737,32268600.0
2002-07-23,-0.1734,-0.1731,-0.1789,-0.1772,35241300.0
2002-07-24,-0.1779,-0.1737,-0.1779,-0.1744,29377500.0
2002-07-25,-0.1762,-0.1762,-0.1814,-0.1799,44911200.0
2002-07-26,-0.1787,-0.1777,-0.182,-0.1808,30547500.0
2002-07-29,-0.1792,-0.1789,-0.1811,-0.1797,30693000.0
2002-07-30,-0.1799,-0.1746,-0.1801,-0.1767,45450300.0
2002-07-31,-0.1889,-0.1882,-0.1915,-0.191,120928496.0
2002-08-01,-0.1907,-0.1907,-0.1939,-0.1939,43142700.0
2002-08-02,-0.193,-0.1928,-0.1965,-0.1957,44881500.0
2002-08-05,-0.1962,-0.1961,-0.1982,-0.1978,33267900.0
2002-08-06,-0.1967,-0.1957,-0.1972,-0.1966,29220000.0
2002-08-07,-0.1955,-0.1941,-0.1982,-0.1972,22324500.0
2002-08-08,-0.1969,-0.1952,-0.1976,-0.1956,18885600.0
2002-08-09,-0.1962,-0.1953,-0.1967,-0.1962,14532600.0
2002-08-12,-0.1965,-0.1952,-0.1972,-0.1962,14820000.0
2002-08-13,-0.196,-0.1947,-0.1967,-0.1967,16360500.0
2002-08-14,-0.1962,-0.1947,-0.1965,-0.195,15817200.0
2002-08-15,-0.194,-0.1926,-0.1942,-0.1932,28503000.0
2002-08-16,-0.1947,-0.191,-0.1955,-0.192,41435700.0
2002-08-19,-0.1907,-0.1843,-0.1908,-0.1866,56098200.0
2002-08-20,-0.1863,-0.1856,-0.1886,-0.1882,35737200.0
2002-08-21,-0.1866,-0.1859,-0.1882,-0.1863,29871900.0
2002-08-22,-0.1874,-0.186,-0.1877,-0.1876,33962400.0
2002-08-23,-0.1885,-0.1883,-0.19,-0.1898,22998300.0
2002-08-26,-0.1892,-0.189,-0.1911,-0.1896,17464200.0
2002-08-27,-0.189,-0.1888,-0.1916,-0.1914,17167800.0
2002-08-28,-0.1916,-0.1915,-0.1934,-0.1932,17508900.0
2002-08-29,-0.1937,-0.1916,-0.1939,-0.1929,20388000.0
2002-08-30,-0.1932,-0.192,-0.1942,-0.1937,26647200.0
2002-09-03,-0.195,-0.1944,-0.1958,-0.1954,21182100.0
2002-09-04,-0.1953,-0.1946,-0.1967,-0.1956,23263800.0
2002-09-05,-0.1958,-0.1957,-0.1967,-0.1966,17857800.0
2002-09-06,-0.1955,-0.1952,-0.1964,-0.196,18661500.0
2002-09-09,-0.1962,-0.1952,-0.197,-0.1961,14451000.0
2002-09-10,-0.1962,-0.191,-0.1962,-0.1923,57940800.0
2002-09-11,-0.1914,-0.1887,-0.1914,-0.1909,41438400.0
2002-09-12,-0.1917,-0.19,-0.1922,-0.1919,32373300.0
2002-09-13,-0.1922,-0.1907,-0.1926,-0.1923,19921800.0
2002-09-16,-0.1928,-0.1927,-0.1949,-0.1942,23136600.0
2002-09-17,-0.193,-0.1923,-0.1948,-0.1947,22101300.0
2002-09-18,-0.1951,-0.1946,-0.1962,-0.1954,20292300.0
2002-09-19,-0.196,-0.1951,-0.1965,-0.1963,15462300.0
2002-09-20,-0.1961,-0.1956,-0.1967,-0.1962,17182800.0
2002-09-23,-0.1966,-0.1963,-0.1974,-0.1972,13041900.0
2002-09-24,-0.1976,-0.1959,-0.198,-0.1971,15611100.0
2002-09-25,-0.1957,-0.1952,-0.1967,-0.1957,22415400.0
2002-09-26,-0.1952,-0.1949,-0.1975,-0.1971,18489000.0
2002-09-27,-0.1972,-0.1965,-0.198,-0.198,16267200.0
2002-09-30,-0.1981,-0.1969,-0.1986,-0.198,14603100.0
2002-10-01,-0.1977,-0.1965,-0.1987,-0.1967,22209000.0
2002-10-02,-0.1965,-0.1952,-0.1967,-0.1967,18727500.0
2002-10-03,-0.197,-0.1966,-0.198,-0.1979,14764200.0
2002-10-04,-0.198,-0.1972,-0.1995,-0.1992,13244700.0
2002-10-07,-0.1994,-0.199,-0.2004,-0.2002,12326700.0
2002-10-08,-0.1995,-0.1995,-0.2017,-0.2009,17856300.0
2002-10-09,-0.2012,-0.1998,-0.2017,-0.2012,14328300.0
2002-10-10,-0.2015,-0.1996,-0.2015,-0.2002,13450800.0
2002-10-11,-0.1994,-0.1969,-0.1995,-0.1972,24853500.0
2002-10-14,-0.198,-0.1972,-0.1985,-0.198,15287100.0
2002-10-15,-0.1953,-0.1944,-0.1978,-0.1955,21319200.0
2002-10-16,-0.1973,-0.1971,-0.1982,-0.1977,14453100.0
2002-10-17,-0.1957,-0.1947,-0.1962,-0.1959,14644800.0
2002-10-18,-0.196,-0.1953,-0.197,-0.1957,12459300.0
2002-10-21,-0.196,-0.1923,-0.1966,-0.1932,23265600.0
2002-10-22,-0.1946,-0.1906,-0.1946,-0.1923,31804200.0
2002-10-23,-0.1918,-0.1907,-0.1922,-0.1911,23135700.0
2002-10-24,-0.1905,-0.1902,-0.1931,-0.1927,26379300.0
2002-10-25,-0.1926,-0.1907,-0.1929,-0.1909,18648900.0
2002-10-28,-0.1895,-0.1892,-0.1909,-0.1907,26763600.0
2002-10-29,-0.1907,-0.1904,-0.1937,-0.1921,19318200.0
2002-10-30,-0.1912,-0.1895,-0.1912,-0.1905,28487400.0
2002-10-31,-0.1902,-0.1884,-0.1903,-0.1887,31386900.0
2002-11-01,-0.1892,-0.1821,-0.1892,-0.1826,53220900.0
2002-11-04,-0.1802,-0.1758,-0.1803,-0.1782,67203296.0
2002-11-05,-0.1787,-0.1777,-0.1818,-0.1799,50863500.0
2002-11-06,-0.1786,-0.1767,-0.1802,-0.1767,41150400.0
2002-11-07,-0.1779,-0.1779,-0.1817,-0.1813,41514000.0
2002-11-08,-0.1876,-0.1855,-0.1912,-0.1902,94972496.0
2002-11-11,-0.1917,-0.1912,-0.1933,-0.1926,34461300.0
2002-11-12,-0.1919,-0.1889,-0.1922,-0.19,34529700.0
2002-11-13,-0.1907,-0.1881,-0.1914,-0.189,45052800.0
2002-11-14,-0.1868,-0.1862,-0.1879,-0.1868,28468200.0
2002-11-15,-0.1851,-0.1831,-0.1855,-0.1843,51358200.0
2002-11-18,-0.1813,-0.1812,-0.1831,-0.1829,49561800.0
2002-11-19,-0.1832,-0.1804,-0.1836,-0.1823,49298700.0
2002-11-20,-0.1812,-0.1801,-0.1817,-0.1804,32319900.0
2002-11-21,-0.1787,-0.1748,-0.1787,-0.1769,51348000.0
2002-11-22,-0.1796,-0.1772,-0.1801,-0.1781,31297500.0
2002-11-25,-0.176,-0.1753,-0.1778,-0.1765,30752100.0
2002-11-26,-0.1763,-0.1753,-0.1778,-0.1777,27108300.0
2002-11-27,-0.1758,-0.1735,-0.1764,-0.1742,27213900.0
2002-11-29,-0.173,-0.1723,-0.1745,-0.1742,12984900.0
2002-12-02,-0.1717,-0.171,-0.1747,-0.1745,29187600.0
2002-12-03,-0.1754,-0.1752,-0.1777,-0.1776,26155500.0
2002-12-04,-0.1804,-0.1801,-0.183,-0.1829,55163700.0
2002-12-05,-0.1804,-0.1801,-0.1835,-0.1825,39871800.0
2002-12-06,-0.1842,-0.1817,-0.1848,-0.1825,28980600.0
2002-12-09,-0.1837,-0.1832,-0.1859,-0.1856,24244800.0
2002-12-10,-0.1847,-0.1818,-0.1852,-0.1826,34747200.0
2002-12-11,-0.1828,-0.1817,-0.1842,-0.1828,34105200.0
2002-12-12,-0.1813,-0.1809,-0.1835,-0.1834,32563800.0
2002-12-13,-0.1842,-0.1842,-0.1852,-0.1849,17693100.0
2002-12-16,-0.1837,-0.1826,-0.1846,-0.1827,26424300.0
2002-12-17,-0.1821,-0.1807,-0.1832,-0.1828,26943600.0
2002-12-18,-0.1841,-0.184,-0.1859,-0.1858,28170900.0
2002-12-19,-0.1864,-0.1846,-0.1869,-0.1866,27515100.0
2002-12-20,-0.1864,-0.1851,-0.1878,-0.1861,20114400.0
2002-12-23,-0.1862,-0.185,-0.1863,-0.1858,12466200.0
2002-12-24,-0.1857,-0.1849,-0.1867,-0.1866,7508400.0
2002-12-26,-0.186,-0.1855,-0.1875,-0.1872,17994000.0
2002-12-27,-0.1873,-0.1862,-0.1888,-0.1885,17563200.0
2002-12-30,-0.1884,-0.188,-0.1904,-0.1897,19618500.0
2002-12-31,-0.19,-0.1889,-0.1907,-0.1897,20634900.0
2003-01-02,-0.1884,-0.1872,-0.1895,-0.1875,32563500.0
2003-01-03,-0.1874,-0.1863,-0.1881,-0.1875,25937400.0
2003-01-06,-0.1867,-0.1842,-0.1867,-0.1847,25835700.0
2003-01-07,-0.184,-0.1832,-0.1852,-0.1848,37456800.0
2003-01-08,-0.1858,-0.1847,-0.1887,-0.1885,46313100.0
2003-01-09,-0.1876,-0.1872,-0.1882,-0.1879,35901900.0
2003-01-10,-0.1884,-0.1868,-0.1888,-0.1873,23112300.0
2003-01-13,-0.1861,-0.1857,-0.1878,-0.1877,21228000.0
2003-01-14,-0.1875,-0.1871,-0.1884,-0.1874,21713100.0
2003-01-15,-0.1873,-0.1871,-0.1884,-0.1884,22614600.0
2003-01-16,-0.1887,-0.1885,-0.1912,-0.1907,50999400.0
2003-01-17,-0.1917,-0.1911,-0.1922,-0.1918,26470800.0
2003-01-21,-0.1913,-0.1907,-0.1927,-0.1926,24183900.0
2003-01-22,-0.1927,-0.1918,-0.1927,-0.1926,13774800.0
2003-01-23,-0.1918,-0.1913,-0.1926,-0.1917,22961400.0
2003-01-24,-0.192,-0.1919,-0.194,-0.1935,22427700.0
2003-01-27,-0.1941,-0.1927,-0.1946,-0.1939,22227900.0
2003-01-28,-0.1942,-0.1923,-0.1952,-0.1929,44637000.0
2003-01-29,-0.1937,-0.1921,-0.1937,-0.1923,25551000.0
2003-01-30,-0.1917,-0.1915,-0.1938,-0.1935,18576600.0
2003-01-31,-0.1943,-0.1922,-0.1946,-0.1931,23741400.0
2003-02-03,-0.1925,-0.1919,-0.1931,-0.1925,18888900.0
2003-02-04,-0.1927,-0.1926,-0.1942,-0.1938,15693000.0
2003-02-05,-0.1932,-0.1924,-0.1937,-0.1936,14537700.0
2003-02-06,-0.1916,-0.1916,-0.1938,-0.1933,30654600.0
2003-02-07,-0.1927,-0.1927,-0.1947,-0.1946,22878900.0
2003-02-10,-0.1947,-0.1941,-0.1958,-0.1942,24565800.0
2003-02-11,-0.1941,-0.1932,-0.1949,-0.1947,21267900.0
2003-02-12,-0.1947,-0.1937,-0.195,-0.1947,16035000.0
2003-02-13,-0.1942,-0.1941,-0.1949,-0.1943,22229100.0
2003-02-14,-0.1906,-0.1882,-0.1913,-0.1882,88721104.0
2003-02-18,-0.187,-0.1857,-0.1874,-0.1863,43512900.0
2003-02-19,-0.1866,-0.1858,-0.187,-0.186,28530300.0
2003-02-20,-0.1859,-0.1849,-0.1862,-0.186,24453300.0
2003-02-21,-0.1861,-0.1859,-0.1872,-0.186,22831500.0
2003-02-24,-0.1863,-0.1842,-0.1865,-0.1856,28425300.0
2003-02-25,-0.1867,-0.1856,-0.1872,-0.1857,30980100.0
2003-02-26,-0.1862,-0.1857,-0.1877,-0.1875,18672300.0
2003-02-27,-0.1872,-0.1867,-0.1877,-0.1868,16882800.0
2003-02-28,-0.1879,-0.1866,-0.1889,-0.1867,41333400.0
2003-03-03,-0.1862,-0.1856,-0.1877,-0.1872,17550900.0
2003-03-04,-0.1872,-0.1868,-0.1878,-0.1875,13459800.0
2003-03-05,-0.1878,-0.1867,-0.1879,-0.187,13053900.0
2003-03-06,-0.1872,-0.1869,-0.1877,-0.1876,13701600.0
2003-03-07,-0.1881,-0.1869,-0.1884,-0.187,14528700.0
2003-03-10,-0.1874,-0.1872,-0.1881,-0.188,8619900.0
2003-03-11,-0.1877,-0.1872,-0.1881,-0.1877,10428600.0
2003-03-12,-0.1875,-0.1867,-0.1877,-0.1868,12348000.0
2003-03-13,-0.1857,-0.1831,-0.1859,-0.1833,34068300.0
2003-03-14,-0.1832,-0.1828,-0.1847,-0.1844,27355500.0
2003-03-17,-0.1851,-0.1815,-0.1852,-0.1822,32695200.0
2003-03-18,-0.1824,-0.182,-0.1834,-0.1826,23307000.0
2003-03-19,-0.1825,-0.182,-0.1837,-0.1824,17824800.0
2003-03-20,-0.1823,-0.1812,-0.1834,-0.182,19501500.0
2003-03-21,-0.1807,-0.1805,-0.1842,-0.1824,42045000.0
2003-03-24,-0.184,-0.1828,-0.1842,-0.1838,20975400.0
2003-03-25,-0.1837,-0.1822,-0.1839,-0.1827,16820700.0
2003-03-26,-0.1819,-0.181,-0.1822,-0.1817,27696000.0
2003-03-27,-0.1822,-0.1814,-0.183,-0.1828,34818300.0
2003-03-28,-0.1828,-0.1827,-0.185,-0.1844,32267100.0
2003-03-31,-0.1856,-0.1851,-0.1862,-0.1859,17012700.0
2003-04-01,-0.1852,-0.1845,-0.186,-0.1849,13345200.0
2003-04-02,-0.1836,-0.1829,-0.1842,-0.1835,19297500.0
2003-04-03,-0.1828,-0.1828,-0.1838,-0.183,17569500.0
2003-04-04,-0.1829,-0.1828,-0.1847,-0.1845,12846000.0
2003-04-07,-0.182,-0.1817,-0.1845,-0.1842,16781400.0
2003-04-08,-0.1838,-0.1836,-0.1847,-0.1845,11875800.0
2003-04-09,-0.1843,-0.1833,-0.1847,-0.1847,17356500.0
2003-04-10,-0.1842,-0.1842,-0.1848,-0.1845,9102600.0
2003-04-11,-0.1841,-0.1837,-0.1852,-0.1849,9354600.0
2003-04-14,-0.1855,-0.1842,-0.1856,-0.1842,11144400.0
2003-04-15,-0.1845,-0.184,-0.1854,-0.1845,12255300.0
2003-04-16,-0.1836,-0.1835,-0.1847,-0.1845,16799700.0
2003-04-17,-0.1842,-0.1837,-0.185,-0.1838,13018500.0
2003-04-21,-0.1837,-0.1827,-0.1841,-0.1828,14928600.0
2003-04-22,-0.183,-0.1823,-0.1837,-0.1823,19684800.0
2003-04-23,-0.1824,-0.1812,-0.1827,-0.1814,15155100.0
2003-04-24,-0.1814,-0.1814,-0.1832,-0.1827,16522800.0
2003-04-25,-0.1828,-0.1822,-0.1844,-0.1841,22116300.0
2003-04-28,-0.1837,-0.1822,-0.1841,-0.1829,16874700.0
2003-04-29,-0.1821,-0.1812,-0.1823,-0.1817,16758600.0
2003-04-30,-0.182,-0.1809,-0.1822,-0.1821,11665500.0
2003-05-01,-0.1822,-0.1812,-0.1824,-0.1817,18334200.0
2003-05-02,-0.1812,-0.1772,-0.1813,-0.1776,42277200.0
2003-05-05,-0.1772,-0.1744,-0.1779,-0.1765,39404100.0
2003-05-06,-0.1766,-0.1752,-0.1775,-0.1764,28596600.0
2003-05-07,-0.1771,-0.176,-0.1779,-0.1772,22434300.0
2003-05-08,-0.1777,-0.1753,-0.1782,-0.1771,48936300.0
2003-05-09,-0.1694,-0.1619,-0.1709,-0.1623,230771392.0
2003-05-12,-0.1623,-0.1609,-0.1645,-0.164,75196496.0
2003-05-13,-0.1658,-0.1642,-0.1663,-0.1651,45602700.0
2003-05-14,-0.1649,-0.1642,-0.1659,-0.1652,24139500.0
2003-05-15,-0.1644,-0.1631,-0.1647,-0.1632,27641400.0
2003-05-16,-0.1637,-0.1617,-0.164,-0.1627,25722900.0
2003-05-19,-0.1634,-0.1629,-0.1667,-0.1665,30512100.0
2003-05-20,-0.1659,-0.1652,-0.1662,-0.1656,22103100.0
2003-05-21,-0.1656,-0.1636,-0.1659,-0.1637,22636800.0
2003-05-22,-0.1636,-0.1629,-0.1649,-0.1634,22220400.0
2003-05-23,-0.1634,-0.1622,-0.164,-0.1637,21690300.0
2003-05-27,-0.1643,-0.1584,-0.1655,-0.1586,41935200.0
2003-05-28,-0.1585,-0.1581,-0.1603,-0.1587,30888900.0
2003-05-29,-0.1589,-0.1523,-0.1589,-0.1545,57443400.0
2003-05-30,-0.148,-0.1477,-0.1499,-0.149,53557800.0
2003-06-02,-0.1472,-0.1471,-0.1535,-0.1531,39153600.0
2003-06-03,-0.1538,-0.1496,-0.1547,-0.1517,39920100.0
2003-06-04,-0.1518,-0.1499,-0.1529,-0.15,29390100.0
2003-06-05,-0.1507,-0.1477,-0.1518,-0.1479,30110100.0
2003-06-06,-0.145,-0.1447,-0.1507,-0.1502,34470900.0
2003-06-09,-0.1505,-0.1487,-0.1521,-0.151,18014700.0
2003-06-10,-0.151,-0.1499,-0.1518,-0.15,14082600.0
2003-06-11,-0.1507,-0.1493,-0.1517,-0.1499,23595900.0
2003-06-12,-0.1496,-0.1487,-0.1512,-0.151,26167200.0
2003-06-13,-0.1541,-0.1522,-0.157,-0.1565,45670200.0
2003-06-16,-0.1558,-0.1543,-0.1601,-0.1552,47621700.0
2003-06-17,-0.1536,-0.1531,-0.1556,-0.1536,24996300.0
2003-06-18,-0.1542,-0.1496,-0.1547,-0.1509,28051800.0
2003-06-19,-0.1507,-0.1502,-0.1556,-0.1552,29763300.0
2003-06-20,-0.1547,-0.1545,-0.157,-0.1559,23446200.0
2003-06-23,-0.156,-0.1557,-0.1596,-0.1582,18369600.0
2003-06-24,-0.1587,-0.1572,-0.1604,-0.1584,25220400.0
2003-06-25,-0.1582,-0.1557,-0.1585,-0.158,26515500.0
2003-06-26,-0.1578,-0.1571,-0.1598,-0.1579,24013500.0
2003-06-27,-0.1575,-0.1566,-0.1593,-0.1591,17727600.0
2003-06-30,-0.1582,-0.157,-0.1589,-0.1581,13603200.0
2003-07-01,-0.1589,-0.1554,-0.1595,-0.1555,24425400.0
2003-07-02,-0.1549,-0.154,-0.1566,-0.1557,21170700.0
2003-07-03,-0.1572,-0.1547,-0.1573,-0.1564,10522800.0
2003-07-07,-0.1555,-0.1517,-0.1556,-0.1522,20805000.0
2003-07-08,-0.1541,-0.152,-0.1542,-0.1529,15071400.0
2003-07-09,-0.1529,-0.1502,-0.1531,-0.1513,18883800.0
2003-07-10,-0.1537,-0.1527,-0.1554,-0.1542,16114200.0
2003-07-11,-0.1534,-0.153,-0.1544,-0.1538,12375000.0
2003-07-14,-0.152,-0.1517,-0.1547,-0.1544,17358600.0
2003-07-15,-0.1532,-0.1531,-0.1572,-0.1566,28586400.0
2003-07-16,-0.1553,-0.1551,-0.1589,-0.1574,22011900.0
2003-07-17,-0.1591,-0.1585,-0.1614,-0.1606,21344100.0
2003-07-18,-0.1619,-0.1616,-0.1648,-0.1627,32020800.0
2003-07-21,-0.1624,-0.1622,-0.1649,-0.1636,24628500.0
2003-07-22,-0.1618,-0.1615,-0.1629,-0.1626,14561100.0
2003-07-23,-0.1627,-0.1614,-0.1644,-0.1618,15133200.0
2003-07-24,-0.1607,-0.1602,-0.1647,-0.1642,27920700.0
2003-07-25,-0.1642,-0.1629,-0.1662,-0.1632,25052100.0
2003-07-28,-0.1627,-0.1626,-0.1652,-0.165,17593800.0
2003-07-29,-0.1702,-0.1657,-0.1707,-0.1687,69869696.0
2003-07-30,-0.1687,-0.1683,-0.1697,-0.1693,19718100.0
2003-07-31,-0.1682,-0.1673,-0.1692,-0.1687,22440000.0
2003-08-01,-0.1685,-0.1665,-0.1692,-0.1669,19188900.0
2003-08-04,-0.1672,-0.1639,-0.1673,-0.1649,35721300.0
2003-08-05,-0.1633,-0.1621,-0.1655,-0.1651,26587200.0
2003-08-06,-0.1657,-0.1651,-0.1687,-0.1673,25646700.0
2003-08-07,-0.1676,-0.1667,-0.1688,-0.1681,26008500.0
2003-08-08,-0.1757,-0.1756,-0.1793,-0.1787,94189504.0
2003-08-11,-0.178,-0.1757,-0.1782,-0.1763,41893800.0
2003-08-12,-0.1757,-0.1753,-0.1765,-0.1754,19104000.0
2003-08-13,-0.1752,-0.1743,-0.1764,-0.1751,17338800.0
2003-08-14,-0.1767,-0.176,-0.1772,-0.1767,38192400.0
2003-08-15,-0.177,-0.1766,-0.1772,-0.1768,5442900.0
2003-08-18,-0.1761,-0.1755,-0.1769,-0.1755,17942100.0
2003-08-19,-0.1745,-0.1717,-0.1745,-0.172,35099400.0
2003-08-20,-0.1729,-0.1717,-0.1737,-0.1727,21758700.0
2003-08-21,-0.1714,-0.1709,-0.1722,-0.1713,16118700.0
2003-08-22,-0.1682,-0.1676,-0.171,-0.171,25059900.0
2003-08-25,-0.1703,-0.17,-0.1717,-0.1712,10850700.0
2003-08-26,-0.1719,-0.1712,-0.1734,-0.1721,19224600.0
2003-08-27,-0.1718,-0.1701,-0.1722,-0.1706,14195400.0
2003-08-28,-0.1698,-0.1698,-0.1725,-0.1719,20707800.0
2003-08-29,-0.172,-0.171,-0.1722,-0.1712,13322100.0
2003-09-02,-0.1703,-0.1699,-0.1719,-0.1717,17786400.0
2003-09-03,-0.1709,-0.1708,-0.1729,-0.1727,21249300.0
2003-09-04,-0.1726,-0.171,-0.1728,-0.1722,18501600.0
2003-09-05,-0.1718,-0.1687,-0.1727,-0.1698,29968500.0
2003-09-08,-0.169,-0.1668,-0.1697,-0.1674,37717800.0
2003-09-09,-0.1689,-0.1621,-0.1697,-0.1641,62235900.0
2003-09-10,-0.1657,-0.1642,-0.1685,-0.1681,34515600.0
2003-09-11,-0.1673,-0.1657,-0.1709,-0.1687,65318400.0
2003-09-12,-0.1692,-0.1668,-0.1697,-0.168,29060100.0
2003-09-15,-0.1675,-0.1672,-0.1691,-0.1688,14900700.0
2003-09-16,-0.1687,-0.1671,-0.1687,-0.1672,15518400.0
2003-09-17,-0.1668,-0.1655,-0.1673,-0.1666,22569600.0
2003-09-18,-0.1669,-0.1662,-0.1675,-0.1662,15087300.0
2003-09-19,-0.1654,-0.1652,-0.1671,-0.1666,16202400.0
2003-09-22,-0.1677,-0.1676,-0.1692,-0.1687,18387600.0
2003-09-23,-0.1687,-0.168,-0.1694,-0.1682,15723300.0
2003-09-24,-0.1694,-0.1689,-0.1724,-0.1723,40016700.0
2003-09-25,-0.1718,-0.1711,-0.1732,-0.173,18419400.0
2003-09-26,-0.1732,-0.173,-0.1755,-0.1749,22397700.0
2003-09-29,-0.1772,-0.1757,-0.1781,-0.1774,48624900.0
2003-09-30,-0.1778,-0.1758,-0.178,-0.1773,25522200.0
2003-10-01,-0.1772,-0.1765,-0.1774,-0.177,21930600.0
2003-10-02,-0.1774,-0.1757,-0.1774,-0.1763,21440700.0
2003-10-03,-0.1753,-0.1739,-0.1758,-0.1751,21570300.0
2003-10-06,-0.1747,-0.1746,-0.1758,-0.1755,9425700.0
2003-10-07,-0.1755,-0.1751,-0.1761,-0.1751,12764700.0
2003-10-08,-0.1751,-0.1747,-0.177,-0.1767,18486000.0
2003-10-09,-0.176,-0.1742,-0.1764,-0.1761,21310200.0
2003-10-10,-0.1753,-0.1749,-0.1759,-0.1752,10349400.0
2003-10-13,-0.1747,-0.1738,-0.1751,-0.1747,10872600.0
2003-10-14,-0.1752,-0.1737,-0.1756,-0.1739,15588900.0
2003-10-15,-0.1733,-0.1725,-0.1748,-0.1745,17587200.0
2003-10-16,-0.1745,-0.1737,-0.1752,-0.1739,11152200.0
2003-10-17,-0.1742,-0.1733,-0.1755,-0.1754,11492400.0
2003-10-20,-0.1754,-0.1743,-0.1757,-0.1744,11684700.0
2003-10-21,-0.1734,-0.1721,-0.1742,-0.173,18968100.0
2003-10-22,-0.1737,-0.1726,-0.1741,-0.1738,15523800.0
2003-10-23,-0.1745,-0.1731,-0.1746,-0.174,11288100.0
2003-10-24,-0.1748,-0.1737,-0.1749,-0.1742,11177100.0
2003-10-27,-0.1739,-0.1734,-0.1742,-0.1739,6361500.0
2003-10-28,-0.1733,-0.1707,-0.1735,-0.1709,23901600.0
2003-10-29,-0.1725,-0.1703,-0.1725,-0.1709,12350100.0
2003-10-30,-0.1697,-0.1696,-0.172,-0.1719,14531400.0
2003-10-31,-0.1714,-0.171,-0.1734,-0.1726,14953800.0
2003-11-03,-0.1728,-0.1707,-0.1731,-0.1717,19343100.0
2003-11-04,-0.1707,-0.1705,-0.1718,-0.1715,17522400.0
2003-11-05,-0.1725,-0.1708,-0.1733,-0.1713,22050600.0
2003-11-06,-0.1706,-0.1703,-0.1722,-0.1712,29382000.0
2003-11-07,-0.1616,-0.1604,-0.1628,-0.1613,107320496.0
2003-11-10,-0.1611,-0.1602,-0.1618,-0.1615,30251400.0
2003-11-11,-0.1628,-0.1618,-0.164,-0.163,19978500.0
2003-11-12,-0.1632,-0.162,-0.1634,-0.1622,15441600.0
2003-11-13,-0.1622,-0.1613,-0.1625,-0.1622,14508300.0
2003-11-14,-0.162,-0.162,-0.1658,-0.1657,22210500.0
2003-11-17,-0.1667,-0.1656,-0.1672,-0.1662,14997000.0
2003-11-18,-0.1649,-0.1642,-0.1672,-0.1671,24785700.0
2003-11-19,-0.1667,-0.1653,-0.1669,-0.1656,14188800.0
2003-11-20,-0.1667,-0.1652,-0.1672,-0.1671,18471300.0
2003-11-21,-0.1663,-0.1663,-0.1679,-0.1668,13581000.0
2003-11-24,-0.1667,-0.1634,-0.1667,-0.1635,23516100.0
2003-11-25,-0.1632,-0.162,-0.1639,-0.1625,20570100.0
2003-11-26,-0.1616,-0.1613,-0.1636,-0.1625,10750800.0
2003-11-28,-0.1625,-0.1623,-0.1632,-0.1627,5153400.0
2003-12-01,-0.1621,-0.1615,-0.1627,-0.1619,13174500.0
2003-12-02,-0.1624,-0.1609,-0.1625,-0.1622,14368500.0
2003-12-03,-0.162,-0.1601,-0.1629,-0.1627,17750700.0
2003-12-04,-0.1627,-0.1615,-0.1645,-0.1631,13048800.0
2003-12-05,-0.1645,-0.1628,-0.1654,-0.165,13996200.0
2003-12-08,-0.165,-0.164,-0.1655,-0.1646,8524500.0
2003-12-09,-0.1647,-0.1641,-0.1676,-0.1675,14953200.0
2003-12-10,-0.1676,-0.166,-0.1676,-0.1663,14216400.0
2003-12-11,-0.1663,-0.1628,-0.1665,-0.1635,17371800.0
2003-12-12,-0.1628,-0.1623,-0.1647,-0.1638,17517300.0
2003-12-15,-0.1624,-0.1621,-0.1652,-0.165,15568800.0
2003-12-16,-0.1655,-0.1638,-0.1663,-0.1642,15043200.0
2003-12-17,-0.1647,-0.1645,-0.1662,-0.1653,12477900.0
2003-12-18,-0.1652,-0.1635,-0.1652,-0.1641,10918200.0
2003-12-19,-0.1626,-0.1617,-0.1638,-0.1632,22923900.0
2003-12-22,-0.1641,-0.163,-0.1647,-0.1631,9279600.0
2003-12-23,-0.1633,-0.1602,-0.1633,-0.1607,18069000.0
2003-12-24,-0.1607,-0.1606,-0.1613,-0.1612,5271300.0
2003-12-26,-0.1607,-0.1582,-0.1609,-0.1586,9099000.0
2003-12-29,-0.1573,-0.1557,-0.1577,-0.1559,18915600.0
2003-12-30,-0.1565,-0.1545,-0.1567,-0.1557,13772100.0
2003-12-31,-0.1556,-0.1555,-0.1583,-0.1572,12431700.0
2004-01-02,-0.1562,-0.1553,-0.1576,-0.1576,10910400.0
2004-01-05,-0.1565,-0.1551,-0.1572,-0.1555,14382300.0
2004-01-06,-0.1557,-0.1519,-0.156,-0.1528,27333600.0
2004-01-07,-0.1537,-0.1519,-0.1541,-0.1522,16825800.0
2004-01-08,-0.1512,-0.151,-0.1527,-0.152,10843800.0
2004-01-09,-0.1526,-0.1501,-0.153,-0.151,19164600.0
2004-01-12,-0.1508,-0.1499,-0.1514,-0.1502,13549500.0
2004-01-13,-0.1505,-0.1498,-0.1546,-0.1538,21645000.0
2004-01-14,-0.1535,-0.1526,-0.155,-0.1543,13621800.0
2004-01-15,-0.1549,-0.1537,-0.1561,-0.1542,15230100.0
2004-01-16,-0.1534,-0.1527,-0.1542,-0.1532,11293200.0
2004-01-20,-0.1523,-0.1512,-0.1532,-0.1513,12194100.0
2004-01-21,-0.1518,-0.1516,-0.1547,-0.1546,12361500.0
2004-01-22,-0.1544,-0.1531,-0.1569,-0.1561,15143100.0
2004-01-23,-0.1553,-0.1552,-0.1577,-0.1576,12061800.0
2004-01-26,-0.157,-0.1547,-0.1577,-0.1551,9842100.0
2004-01-27,-0.1563,-0.1553,-0.1593,-0.1588,23352600.0
2004-01-28,-0.1582,-0.1571,-0.1593,-0.159,15380100.0
2004-01-29,-0.1588,-0.1585,-0.163,-0.1608,23242500.0
2004-01-30,-0.161,-0.1585,-0.1613,-0.1599,11661600.0
2004-02-02,-0.1595,-0.1577,-0.1601,-0.1589,14021100.0
2004-02-03,-0.1594,-0.158,-0.16,-0.1592,10450800.0
2004-02-04,-0.1597,-0.1595,-0.1609,-0.1608,10920000.0
2004-02-05,-0.1605,-0.1592,-0.1609,-0.1599,8299500.0
2004-02-06,-0.1591,-0.1576,-0.1594,-0.1585,11778300.0
2004-02-09,-0.1582,-0.157,-0.159,-0.1589,9349800.0
2004-02-10,-0.1587,-0.1566,-0.1587,-0.1567,12742500.0
2004-02-11,-0.156,-0.1542,-0.156,-0.1543,18445200.0
2004-02-12,-0.1546,-0.1543,-0.1574,-0.1564,24372300.0
2004-02-13,-0.158,-0.1553,-0.1587,-0.157,43687500.0
2004-02-17,-0.1567,-0.1561,-0.1577,-0.1562,14399400.0
2004-02-18,-0.1562,-0.1557,-0.1567,-0.1562,8006100.0
2004-02-19,-0.1555,-0.1543,-0.1564,-0.1563,15775800.0
2004-02-20,-0.1564,-0.1545,-0.1567,-0.1547,15453000.0
2004-02-23,-0.1547,-0.1547,-0.1579,-0.157,21333300.0
2004-02-24,-0.1581,-0.1573,-0.1602,-0.1596,17709600.0
2004-02-25,-0.1592,-0.158,-0.1599,-0.1592,16312800.0
2004-02-26,-0.1588,-0.1582,-0.1596,-0.1588,8624400.0
2004-02-27,-0.1587,-0.1586,-0.1608,-0.1599,14888700.0
2004-03-01,-0.159,-0.1589,-0.1602,-0.159,12665700.0
2004-03-02,-0.159,-0.1585,-0.1604,-0.1602,20333700.0
2004-03-03,-0.1603,-0.1603,-0.162,-0.161,13812300.0
2004-03-04,-0.1605,-0.1595,-0.1608,-0.1597,10333800.0
2004-03-05,-0.1601,-0.1587,-0.1612,-0.1601,8872200.0
2004-03-08,-0.1622,-0.1592,-0.1627,-0.1622,11629200.0
2004-03-09,-0.1627,-0.1617,-0.1637,-0.1627,9280800.0
2004-03-10,-0.1624,-0.1616,-0.1639,-0.1635,12042300.0
2004-03-11,-0.1642,-0.1622,-0.1642,-0.1639,13171800.0
2004-03-12,-0.1626,-0.162,-0.1638,-0.1627,9448800.0
2004-03-15,-0.1641,-0.1628,-0.1644,-0.1641,10530600.0
2004-03-16,-0.1616,-0.1613,-0.1637,-0.1616,14937600.0
2004-03-17,-0.1606,-0.1595,-0.1608,-0.1601,13114800.0
2004-03-18,-0.1604,-0.1587,-0.1606,-0.1594,13201200.0
2004-03-19,-0.1602,-0.1591,-0.1605,-0.1602,11324100.0
2004-03-22,-0.1606,-0.1602,-0.162,-0.1606,14417700.0
2004-03-23,-0.1597,-0.1591,-0.1611,-0.1603,14400900.0
2004-03-24,-0.1576,-0.1566,-0.1606,-0.1576,19683600.0
2004-03-25,-0.1568,-0.1536,-0.157,-0.1539,24928200.0
2004-03-26,-0.1541,-0.153,-0.155,-0.1541,13790100.0
2004-03-29,-0.1532,-0.1502,-0.1532,-0.1512,24644100.0
2004-03-30,-0.1516,-0.1487,-0.1517,-0.1491,18123900.0
2004-03-31,-0.1484,-0.1476,-0.1491,-0.1484,15118800.0
2004-04-01,-0.1497,-0.1468,-0.1515,-0.1497,32987700.0
2004-04-02,-0.1479,-0.1477,-0.1503,-0.1487,16243500.0
2004-04-05,-0.1483,-0.1457,-0.1491,-0.1461,14418600.0
2004-04-06,-0.1476,-0.147,-0.1495,-0.1491,15602400.0
2004-04-07,-0.1486,-0.1485,-0.1507,-0.1495,11196600.0
2004-04-08,-0.148,-0.1467,-0.1484,-0.1474,11177400.0
2004-04-12,-0.1488,-0.1465,-0.1492,-0.1488,11094600.0
2004-04-13,-0.1482,-0.1481,-0.1509,-0.1505,11067600.0
2004-04-14,-0.1509,-0.1488,-0.1517,-0.1502,12800400.0
2004-04-15,-0.1539,-0.1508,-0.1542,-0.1539,20702100.0
2004-04-16,-0.1545,-0.1542,-0.1562,-0.1562,16371600.0
2004-04-19,-0.1561,-0.1557,-0.1574,-0.1562,13070100.0
2004-04-20,-0.1562,-0.1553,-0.159,-0.159,12845100.0
2004-04-21,-0.1588,-0.1567,-0.1594,-0.1589,17220300.0
2004-04-22,-0.1586,-0.1575,-0.1608,-0.1586,17388000.0
2004-04-23,-0.1577,-0.1561,-0.158,-0.1572,11098200.0
2004-04-26,-0.1569,-0.1567,-0.1598,-0.1597,10747800.0
2004-04-27,-0.1589,-0.1573,-0.1604,-0.1602,12364200.0
2004-04-28,-0.1602,-0.1592,-0.1609,-0.1605,11719200.0
2004-04-29,-0.1622,-0.1604,-0.163,-0.1622,16126200.0
2004-04-30,-0.1626,-0.1622,-0.1649,-0.1647,12823200.0
2004-05-03,-0.1654,-0.1635,-0.1664,-0.1654,15266700.0
2004-05-04,-0.1647,-0.1612,-0.1647,-0.1618,19309500.0
2004-05-05,-0.1618,-0.1608,-0.1623,-0.1613,11607000.0
2004-05-06,-0.1609,-0.1604,-0.1632,-0.1608,17783700.0
2004-05-07,-0.1591,-0.1579,-0.1607,-0.1604,23919300.0
2004-05-10,-0.1619,-0.1614,-0.1641,-0.1627,16726800.0
2004-05-11,-0.162,-0.1607,-0.1622,-0.1613,9998400.0
2004-05-12,-0.1616,-0.1616,-0.1642,-0.1622,12058200.0
2004-05-13,-0.1627,-0.1609,-0.1628,-0.162,8698800.0
2004-05-14,-0.1617,-0.1607,-0.1622,-0.162,11475000.0
2004-05-17,-0.1628,-0.1621,-0.1638,-0.1629,7708500.0
2004-05-18,-0.1624,-0.1612,-0.1626,-0.162,5110500.0
2004-05-19,-0.1607,-0.1597,-0.1624,-0.1621,12456900.0
2004-05-20,-0.1622,-0.1612,-0.1632,-0.163,10537200.0
2004-05-21,-0.1622,-0.1622,-0.1637,-0.1628,7052400.0
2004-05-24,-0.1629,-0.1623,-0.1637,-0.163,7540500.0
2004-05-25,-0.1627,-0.1602,-0.164,-0.1605,17031600.0
2004-05-26,-0.1607,-0.1584,-0.1608,-0.1592,13114200.0
2004-05-27,-0.1582,-0.1572,-0.1591,-0.159,13913700.0
2004-05-28,-0.1566,-0.1562,-0.1587,-0.1566,15949500.0
2004-06-01,-0.1575,-0.156,-0.1577,-0.1567,7960500.0
2004-06-02,-0.1547,-0.1547,-0.1572,-0.1572,16095000.0
2004-06-03,-0.1571,-0.157,-0.1604,-0.1602,17520600.0
2004-06-04,-0.159,-0.1588,-0.1609,-0.1608,16240200.0
2004-06-07,-0.1598,-0.1587,-0.1607,-0.1594,14298900.0
2004-06-08,-0.1597,-0.1597,-0.1614,-0.1605,15375000.0
2004-06-09,-0.1602,-0.1601,-0.1636,-0.1633,12458400.0
2004-06-10,-0.1628,-0.1623,-0.1645,-0.1639,14112900.0
2004-06-14,-0.1642,-0.1642,-0.1662,-0.1657,10618800.0
2004-06-15,-0.1647,-0.1641,-0.1654,-0.1649,9864600.0
2004-06-16,-0.1651,-0.1647,-0.166,-0.1658,6314400.0
2004-06-17,-0.1661,-0.1648,-0.1672,-0.1669,12059400.0
2004-06-18,-0.1668,-0.1653,-0.1676,-0.1668,13358400.0
2004-06-21,-0.1667,-0.1659,-0.1682,-0.1678,6664200.0
2004-06-22,-0.1676,-0.166,-0.1678,-0.1662,10757700.0
2004-06-23,-0.1664,-0.1651,-0.1666,-0.1653,6616500.0
2004-06-24,-0.1638,-0.1637,-0.1662,-0.1658,14766300.0
2004-06-25,-0.1661,-0.1648,-0.1661,-0.1655,8228100.0
2004-06-28,-0.1647,-0.1645,-0.1662,-0.1659,7484400.0
2004-06-29,-0.1656,-0.1639,-0.1658,-0.164,9096300.0
2004-06-30,-0.1648,-0.164,-0.1656,-0.1648,8231700.0
2004-07-01,-0.1675,-0.1642,-0.1676,-0.1675,12640500.0
2004-07-02,-0.1669,-0.1668,-0.1687,-0.1682,7373700.0
2004-07-06,-0.1683,-0.1683,-0.1719,-0.1713,14384700.0
2004-07-07,-0.1707,-0.1697,-0.1713,-0.1711,8603400.0
2004-07-08,-0.1716,-0.1707,-0.1727,-0.1727,10751400.0
2004-07-09,-0.1728,-0.1727,-0.1757,-0.1747,27862500.0
2004-07-12,-0.1761,-0.1747,-0.1765,-0.1758,16901100.0
2004-07-13,-0.1753,-0.1745,-0.1764,-0.1759,14177700.0
2004-07-14,-0.177,-0.1763,-0.1788,-0.178,22540200.0
2004-07-15,-0.1775,-0.1771,-0.1786,-0.1782,15283800.0
2004-07-16,-0.177,-0.1769,-0.1796,-0.1796,11617500.0
2004-07-19,-0.1789,-0.1786,-0.18,-0.1791,11527200.0
2004-07-20,-0.1791,-0.1781,-0.1795,-0.1782,8538600.0
2004-07-21,-0.1776,-0.1775,-0.181,-0.1808,15335400.0
2004-07-22,-0.1807,-0.1797,-0.1817,-0.18,13036500.0
2004-07-23,-0.1797,-0.1797,-0.1814,-0.1811,9287400.0
2004-07-26,-0.1806,-0.1802,-0.1827,-0.1822,12580200.0
2004-07-27,-0.1827,-0.1808,-0.1832,-0.1809,19747200.0
2004-07-28,-0.181,-0.1809,-0.1831,-0.182,12627900.0
2004-07-29,-0.1816,-0.1783,-0.1816,-0.1793,18684000.0
2004-07-30,-0.1794,-0.1781,-0.18,-0.1789,10098900.0
2004-08-02,-0.179,-0.1782,-0.1796,-0.1783,10524600.0
2004-08-03,-0.1782,-0.1781,-0.1809,-0.1806,18538500.0
2004-08-04,-0.1806,-0.1797,-0.1811,-0.1802,12695400.0
2004-08-05,-0.1799,-0.1795,-0.182,-0.1812,21498000.0
2004-08-06,-0.1937,-0.1934,-0.1959,-0.1956,127223696.0
2004-08-09,-0.1947,-0.1937,-0.1953,-0.1944,39480300.0
2004-08-10,-0.1927,-0.1919,-0.1933,-0.1922,51297900.0
2004-08-11,-0.1927,-0.1926,-0.1932,-0.1931,24095400.0
2004-08-12,-0.1932,-0.1929,-0.1937,-0.1937,16359600.0
2004-08-13,-0.1931,-0.1923,-0.1933,-0.1926,20392500.0
2004-08-16,-0.1928,-0.1921,-0.1931,-0.1928,13293300.0
2004-08-17,-0.1923,-0.1911,-0.1925,-0.1912,18622800.0
2004-08-18,-0.1911,-0.1892,-0.1913,-0.1892,21810600.0
2004-08-19,-0.1896,-0.1888,-0.1898,-0.1893,18110100.0
2004-08-20,-0.1895,-0.1869,-0.1896,-0.1874,29976000.0
2004-08-23,-0.1867,-0.1863,-0.1871,-0.1867,20000700.0
2004-08-24,-0.1862,-0.186,-0.1887,-0.188,23485500.0
2004-08-25,-0.1872,-0.1862,-0.1878,-0.1865,18032700.0
2004-08-26,-0.1867,-0.1862,-0.1868,-0.1864,15318000.0
2004-08-27,-0.1864,-0.1852,-0.1864,-0.1857,14128200.0
2004-08-30,-0.1858,-0.1857,-0.187,-0.187,15701400.0
2004-08-31,-0.1868,-0.1867,-0.1882,-0.1871,14676600.0
2004-09-01,-0.1876,-0.1859,-0.188,-0.1864,14793600.0
2004-09-02,-0.1862,-0.1847,-0.1866,-0.185,19252200.0
2004-09-03,-0.1861,-0.1854,-0.1864,-0.1861,17876400.0
2004-09-07,-0.1859,-0.1852,-0.1872,-0.1867,18183300.0
2004-09-08,-0.1867,-0.1864,-0.1876,-0.1875,20874600.0
2004-09-09,-0.1867,-0.1835,-0.1868,-0.1841,32483100.0
2004-09-10,-0.1847,-0.1824,-0.1848,-0.1827,25983600.0
2004-09-13,-0.1827,-0.1811,-0.1827,-0.1819,24193800.0
2004-09-14,-0.1822,-0.1814,-0.1826,-0.1817,17088900.0
2004-09-15,-0.183,-0.1828,-0.1844,-0.1839,29097600.0
2004-09-16,-0.1833,-0.1822,-0.1834,-0.1825,20250600.0
2004-09-17,-0.1822,-0.1807,-0.1826,-0.1809,25095000.0
2004-09-20,-0.1817,-0.1798,-0.1822,-0.181,19865700.0
2004-09-21,-0.1804,-0.1796,-0.1806,-0.1799,12597600.0
2004-09-22,-0.1809,-0.18,-0.182,-0.1818,15648000.0
2004-09-23,-0.1815,-0.1812,-0.1825,-0.1815,14466600.0
2004-09-24,-0.1813,-0.1812,-0.1832,-0.1827,11907900.0
2004-09-27,-0.183,-0.1826,-0.1841,-0.1834,10150500.0
2004-09-28,-0.1837,-0.1825,-0.184,-0.1828,11871000.0
2004-09-29,-0.1828,-0.1807,-0.1833,-0.1819,13430700.0
2004-09-30,-0.1814,-0.1805,-0.1822,-0.1814,15492000.0
2004-10-01,-0.1812,-0.1795,-0.1814,-0.1797,14760300.0
2004-10-04,-0.1792,-0.178,-0.1794,-0.1785,16848300.0
2004-10-05,-0.1792,-0.1785,-0.1799,-0.1795,15829500.0
2004-10-06,-0.1796,-0.1792,-0.1806,-0.1793,12462600.0
2004-10-07,-0.1786,-0.1776,-0.1793,-0.1791,19951800.0
2004-10-08,-0.1795,-0.1793,-0.1817,-0.1814,17335500.0
2004-10-11,-0.1816,-0.1806,-0.1821,-0.1813,9346200.0
2004-10-12,-0.1827,-0.1817,-0.1833,-0.1819,20680800.0
2004-10-13,-0.1807,-0.1802,-0.1825,-0.1822,16820400.0
2004-10-14,-0.1822,-0.1818,-0.1837,-0.1834,12831600.0
2004-10-15,-0.1833,-0.1832,-0.1854,-0.1844,32012100.0
2004-10-18,-0.1847,-0.1834,-0.185,-0.1837,14349300.0
2004-10-19,-0.1828,-0.1825,-0.1843,-0.184,15462000.0
2004-10-20,-0.1842,-0.1834,-0.1843,-0.1836,13505100.0
2004-10-21,-0.1833,-0.1822,-0.1835,-0.1827,25349100.0
2004-10-22,-0.1825,-0.1822,-0.1849,-0.1848,17161500.0
2004-10-25,-0.1852,-0.1838,-0.1852,-0.1847,13229100.0
2004-10-26,-0.181,-0.1795,-0.1823,-0.1815,61394400.0
2004-10-27,-0.1817,-0.1796,-0.1822,-0.1803,26850900.0
2004-10-28,-0.1809,-0.1801,-0.1812,-0.1808,14038800.0
2004-10-29,-0.1812,-0.1807,-0.1819,-0.1815,18571500.0
2004-11-01,-0.181,-0.1807,-0.1815,-0.1807,16347300.0
2004-11-02,-0.1809,-0.1792,-0.1811,-0.1801,27393900.0
2004-11-03,-0.1784,-0.1782,-0.1799,-0.1797,22758900.0
2004-11-04,-0.1797,-0.1784,-0.1802,-0.1789,24888600.0
2004-11-05,-0.1725,-0.1696,-0.1732,-0.1727,96225296.0
2004-11-08,-0.1732,-0.1715,-0.1735,-0.1722,17965500.0
2004-11-09,-0.1729,-0.1717,-0.173,-0.1725,15398400.0
2004-11-10,-0.1726,-0.172,-0.1727,-0.1725,16147800.0
2004-11-11,-0.1722,-0.1715,-0.1725,-0.1715,12675000.0
2004-11-12,-0.1707,-0.1706,-0.1719,-0.1714,16176900.0
2004-11-15,-0.1719,-0.1703,-0.1722,-0.1707,13411800.0
2004-11-16,-0.1705,-0.17,-0.1718,-0.1708,11818200.0
2004-11-17,-0.1702,-0.1687,-0.1706,-0.17,15069300.0
2004-11-18,-0.1696,-0.1689,-0.1707,-0.1693,13313100.0
2004-11-19,-0.1653,-0.1647,-0.1695,-0.1691,53151300.0
2004-11-22,-0.1688,-0.1676,-0.1693,-0.1676,18344700.0
2004-11-23,-0.168,-0.1667,-0.1684,-0.1673,16922400.0
2004-11-24,-0.1674,-0.1662,-0.1675,-0.1671,10714500.0
2004-11-26,-0.1673,-0.1661,-0.1673,-0.1666,8769000.0
2004-11-29,-0.1662,-0.1657,-0.1681,-0.1677,17609700.0
2004-11-30,-0.1674,-0.1673,-0.1689,-0.1686,14413500.0
2004-12-01,-0.1682,-0.1672,-0.1685,-0.1672,12864300.0
2004-12-02,-0.1677,-0.1661,-0.1682,-0.1665,18966300.0
2004-12-03,-0.1652,-0.1634,-0.1654,-0.1642,33682800.0
2004-12-06,-0.1638,-0.1609,-0.1649,-0.1614,24262500.0
2004-12-07,-0.1578,-0.1524,-0.1591,-0.1583,73176304.0
2004-12-08,-0.1574,-0.1564,-0.1581,-0.1576,21818100.0
2004-12-09,-0.1589,-0.1575,-0.16,-0.1582,21749100.0
2004-12-10,-0.1565,-0.1562,-0.1573,-0.157,16321200.0
2004-12-13,-0.1579,-0.1571,-0.1591,-0.1587,18450600.0
2004-12-14,-0.1587,-0.1574,-0.1588,-0.1575,12824700.0
2004-12-15,-0.1568,-0.1567,-0.1578,-0.1569,10819200.0
2004-12-16,-0.1548,-0.1527,-0.1562,-0.156,38100900.0
2004-12-17,-0.1548,-0.1545,-0.1584,-0.1577,30356100.0
2004-12-20,-0.1571,-0.1559,-0.1587,-0.1583,22468200.0
2004-12-21,-0.1583,-0.1574,-0.1599,-0.1579,22485000.0
2004-12-22,-0.1566,-0.1563,-0.1579,-0.1578,10545600.0
2004-12-23,-0.1582,-0.1569,-0.1585,-0.1577,9174300.0
2004-12-27,-0.1567,-0.1565,-0.1585,-0.1582,7705200.0
2004-12-28,-0.1581,-0.1576,-0.1587,-0.1585,7290300.0
2004-12-29,-0.1587,-0.1572,-0.1589,-0.158,7368300.0
2004-12-30,-0.1579,-0.1574,-0.1585,-0.1582,6495300.0
2004-12-31,-0.1573,-0.1559,-0.1576,-0.1562,14399100.0
2009-09-16,0.1658,0.178,0.1603,0.1773,14292564.0
2009-09-17,0.1658,0.178,0.1603,0.1773,14292564.0
2009-09-18,0.1658,0.178,0.1603,0.1773,14292564.0
2009-09-21,0.1543,0.1635,0.151,0.157,14719101.0
2009-09-22,0.1598,0.162,0.1548,0.1578,9034613.0
2009-09-23,0.16,0.1633,0.1513,0.1518,11961702.0
2009-09-24,0.158,0.158,0.1455,0.1468,13818638.0
2009-09-25,0.1448,0.1465,0.1395,0.1415,4049103.0
2009-09-28,0.1448,0.1465,0.1395,0.1415,4049103.0
2009-09-29,0.1513,0.1558,0.1415,0.1423,11770382.0
2009-09-30,0.1498,0.1585,0.1415,0.154,21604582.0
2009-10-01,0.1528,0.1528,0.127,0.1273,24861273.0
2009-10-02,0.1238,0.132,0.1218,0.1245,15245867.0
2009-10-05,0.1283,0.1295,0.1168,0.1228,18839641.0
2009-10-06,0.127,0.1345,0.1245,0.1285,18950410.0
2009-10-07,0.126,0.1298,0.122,0.1258,11439543.0
2009-10-08,0.1278,0.1288,0.1155,0.128,31037744.0
2009-10-09,0.126,0.133,0.1255,0.1325,15462143.0
2009-10-12,0.1265,0.1353,0.1263,0.1285,12473020.0
2009-10-13,0.1305,0.1345,0.124,0.1273,14920108.0
2009-10-14,0.1408,0.1408,0.125,0.1268,27472929.0
2009-10-15,0.1263,0.1295,0.1143,0.1165,26685041.0
2009-10-16,0.1123,0.1133,0.1028,0.1088,25341730.0
2009-10-19,0.1115,0.1235,0.1088,0.1208,17367202.0
2009-10-20,0.1265,0.129,0.1183,0.121,16501890.0
2009-10-21,0.1198,0.125,0.111,0.1128,12596147.0
2009-10-22,0.111,0.1168,0.1053,0.115,9483188.0
2009-10-23,0.1195,0.1195,0.105,0.107,10735283.0
2009-10-26,0.1095,0.1145,0.101,0.1028,12038524.0
2009-10-27,0.1013,0.106,0.0885,0.0918,14793846.0
2009-10-28,0.0848,0.0918,0.0773,0.0788,19339225.0
2009-10-29,0.0835,0.0935,0.0808,0.092,15910447.0
2009-10-30,0.0905,0.0918,0.0758,0.0773,15075992.0
2009-11-02,0.0768,0.0865,0.0715,0.079,13753801.0
2009-11-03,0.0703,0.08,0.0673,0.078,20137382.0
2009-11-04,0.0808,0.084,0.0765,0.0773,20944863.0
2009-11-05,0.0813,0.088,0.0803,0.0843,18993171.0
2009-11-06,0.1043,0.114,0.1003,0.1078,37707029.0
2009-11-09,0.1118,0.1195,0.1115,0.1153,17709925.0
2009-11-10,0.116,0.116,0.1023,0.1058,17607330.0
2009-11-11,0.112,0.1238,0.1115,0.117,18679360.0
2009-11-12,0.1188,0.1245,0.1138,0.1145,11500625.0
2009-11-13,0.1145,0.119,0.113,0.118,8955531.0
2009-11-16,0.1203,0.126,0.1185,0.1213,9095753.0
2009-11-17,0.1223,0.1223,0.115,0.121,7887034.0
2009-11-18,0.1183,0.1195,0.1105,0.115,9499843.0
2009-11-19,0.109,0.109,0.0968,0.1023,18874854.0
2009-11-20,0.0953,0.1023,0.0945,0.1015,9291240.0
2009-11-23,0.1055,0.1113,0.102,0.102,8357907.0
2009-11-24,0.1018,0.104,0.096,0.1018,9092670.0
2009-11-25,0.105,0.1095,0.1025,0.1058,8974667.0
2009-11-27,0.0933,0.1018,0.0915,0.098,6998289.0
2009-11-30,0.0993,0.1045,0.0958,0.1043,9539550.0
2009-12-01,0.1065,0.115,0.1048,0.1128,10073504.0
2009-12-02,0.112,0.122,0.11,0.1215,13551454.0
2009-12-03,0.1253,0.1315,0.1248,0.1258,15006887.0
2009-12-04,0.1305,0.1363,0.125,0.134,18322473.0
2009-12-07,0.1743,0.1895,0.1558,0.181,64678986.0
2009-12-08,0.174,0.1758,0.1588,0.162,24833485.0
2009-12-09,0.165,0.1733,0.1613,0.1695,15673216.0
2009-12-10,0.1733,0.1758,0.1623,0.163,9242088.0
2009-12-11,0.1668,0.1673,0.1575,0.1583,9303068.0
2009-12-14,0.164,0.1713,0.1598,0.17,8669647.0
2009-12-15,0.1673,0.176,0.1663,0.1693,9679970.0
2009-12-16,0.1835,0.2055,0.1813,0.2018,38694222.0
2009-12-17,0.2023,0.2153,0.1928,0.1998,22804502.0
2009-12-18,0.2025,0.204,0.1938,0.1983,17223477.0
2009-12-21,0.2013,0.2155,0.2008,0.2138,9350496.0
2009-12-22,0.2138,0.229,0.2133,0.2285,17522860.0
2009-12-23,0.2295,0.2325,0.2238,0.2313,9624755.0
2009-12-24,0.2328,0.2335,0.2288,0.2305,3420100.0
2009-12-28,0.2298,0.2338,0.2188,0.222,10876213.0
2009-12-29,0.2218,0.23,0.2208,0.2285,8676542.0
2009-12-30,0.233,0.2478,0.2298,0.2453,16150651.0
2009-12-31,0.246,0.252,0.2453,0.2465,15888412.0
2010-01-04,0.241,0.2438,0.231,0.2403,18643753.0
2010-01-05,0.2388,0.2523,0.2388,0.2463,16843839.0
2010-01-06,0.247,0.2513,0.2425,0.249,14266650.0
2010-01-07,0.2478,0.2498,0.2375,0.2405,12284438.0
2010-01-08,0.2373,0.2453,0.2345,0.242,10910630.0
2010-01-11,0.2445,0.2465,0.229,0.236,13310399.0
2010-01-12,0.2288,0.2305,0.2105,0.2193,13625083.0
2010-01-13,0.223,0.2275,0.2058,0.2275,11723385.0
2010-01-14,0.2205,0.2238,0.2115,0.2198,13665397.0
2010-01-15,0.2158,0.2195,0.2003,0.2068,17787583.0
2010-01-19,0.2028,0.2168,0.2015,0.2135,12055476.0
2010-01-20,0.2085,0.214,0.2028,0.2118,15750248.0
2010-01-21,0.212,0.2198,0.2005,0.205,13562237.0
2010-01-22,0.1995,0.2073,0.1875,0.189,23377903.0
2010-01-25,0.1965,0.2048,0.1935,0.1968,14558384.0
2010-01-26,0.1948,0.1975,0.1838,0.184,15898328.0
2010-01-27,0.1833,0.196,0.1788,0.1958,18696602.0
2010-01-28,0.1978,0.1993,0.1748,0.1818,15260435.0
2010-01-29,0.185,0.1895,0.157,0.1628,16799731.0
2010-02-01,0.1645,0.1928,0.1613,0.1918,20679870.0
2010-02-04,0.1965,0.1965,0.1713,0.1758,19461485.0
2010-02-05,0.1753,0.1848,0.1683,0.1838,15031979.0
2010-02-08,0.1825,0.1928,0.175,0.183,11106508.0
2010-02-09,0.1895,0.1915,0.1758,0.1798,23253536.0
2010-02-10,0.1823,0.1913,0.1795,0.1875,13391660.0
2010-02-11,0.194,0.2108,0.191,0.2063,17290816.0
2010-02-12,0.2033,0.2208,0.1983,0.212,19193266.0
2010-02-16,0.2178,0.2218,0.2125,0.22,11370130.0
2010-02-17,0.2255,0.2258,0.2113,0.2243,21435200.0
2010-02-18,0.1998,0.202,0.1835,0.195,37604871.0
2010-02-19,0.1933,0.1978,0.1908,0.1928,12755299.0
2010-02-22,0.1945,0.2008,0.1908,0.1935,11399162.0
2010-02-23,0.1948,0.1965,0.1793,0.1835,12187376.0
2010-02-24,0.187,0.196,0.1858,0.192,11107964.0
2010-02-25,0.1825,0.1893,0.1723,0.1883,14395138.0
2010-02-26,0.1863,0.1893,0.1808,0.1833,9746107.0
2010-03-01,0.1835,0.2015,0.1803,0.1995,13800802.0
2010-03-02,0.2033,0.2085,0.1963,0.1993,13450530.0
2010-03-03,0.2018,0.204,0.1905,0.194,9924315.0
2010-03-04,0.1958,0.199,0.1895,0.1948,13921628.0
2010-03-05,0.1918,0.2105,0.1918,0.2075,15722893.0
2010-03-08,0.2078,0.209,0.1995,0.2013,10873713.0
2010-03-09,0.2055,0.2213,0.2053,0.217,20594824.0
2010-03-10,0.2158,0.2228,0.2155,0.218,10460114.0
2010-03-11,0.2145,0.216,0.2063,0.208,13362504.0
2010-03-12,0.2128,0.214,0.2073,0.2095,12973103.0
2010-03-15,0.209,0.2133,0.2033,0.2073,8972598.0
2010-03-16,0.207,0.2248,0.2068,0.222,16486964.0
2010-03-17,0.2248,0.2368,0.2248,0.2308,15894754.0
2010-03-18,0.2315,0.2315,0.2108,0.2148,18523529.0
2010-03-19,0.2213,0.2225,0.204,0.2095,14615083.0
2010-03-22,0.204,0.2183,0.204,0.2165,10883314.0
2010-03-23,0.2198,0.2278,0.2168,0.2255,12336748.0
2010-03-24,0.2218,0.223,0.2095,0.2105,10904452.0
2010-03-25,0.2168,0.2195,0.2108,0.2118,12379558.0
2010-03-26,0.2155,0.22,0.2083,0.2118,8616883.0
2010-03-29,0.2145,0.2183,0.2085,0.2173,9860722.0
2010-03-30,0.2223,0.2245,0.2115,0.219,8102521.0
2010-03-31,0.2173,0.2193,0.211,0.2133,9745918.0
2010-04-01,0.2153,0.2203,0.2043,0.2088,8490484.0
2010-04-05,0.2115,0.216,0.211,0.2153,10340826.0
2010-04-06,0.2098,0.2108,0.197,0.2045,20205320.0
2010-04-07,0.2018,0.2145,0.1983,0.2073,20435136.0
2010-04-08,0.2045,0.2078,0.198,0.2003,25939669.0
2010-04-09,0.1993,0.2045,0.197,0.203,20438024.0
2010-04-12,0.2035,0.2125,0.2028,0.2108,13661188.0
2010-04-13,0.2125,0.2213,0.2108,0.2198,16062020.0
2010-04-14,0.2293,0.2315,0.2183,0.2253,22504803.0
2010-04-19,0.2015,0.204,0.1885,0.2028,27362065.0
2010-04-20,0.2058,0.2103,0.1988,0.2043,16953680.0
2010-04-21,0.2065,0.207,0.1883,0.1933,22394184.0
2010-04-22,0.1865,0.1963,0.1808,0.195,16423298.0
2010-04-23,0.1938,0.1948,0.182,0.1893,18822647.0
2010-04-26,0.1898,0.1983,0.189,0.1933,12277219.0
2010-04-27,0.1903,0.1945,0.1803,0.1815,15167088.0
2010-04-28,0.1813,0.188,0.174,0.1823,16803170.0
2010-04-29,0.1835,0.195,0.1775,0.1945,24677119.0
2010-04-30,0.1895,0.1903,0.1708,0.171,26705598.0
2010-05-03,0.173,0.1753,0.1608,0.1668,26973434.0
2010-05-04,0.1608,0.1615,0.1415,0.147,32784372.0
2010-05-05,0.1395,0.15,0.1363,0.1408,33260632.0
2010-05-06,0.1383,0.1458,0.1043,0.1333,25069314.0
2010-05-07,0.1365,0.1365,0.1148,0.1273,28842769.0
2010-05-10,0.1483,0.1528,0.1383,0.1423,24473744.0
2010-05-11,0.1388,0.1455,0.1355,0.1383,20726756.0
2010-05-12,0.1408,0.1473,0.1385,0.1453,22502984.0
2010-05-13,0.1438,0.1605,0.141,0.1445,31098527.0
2010-05-14,0.1203,0.1208,0.0933,0.1023,62327669.0
2010-05-17,0.1028,0.107,0.0928,0.103,21401147.0
2010-05-18,0.1058,0.1078,0.0905,0.0923,16834262.0
2010-05-19,0.0908,0.0978,0.0885,0.0973,20662974.0
2010-05-20,0.088,0.0973,0.0785,0.0898,28211609.0
2010-05-21,0.0808,0.105,0.0808,0.0965,26743094.0
2010-05-24,0.0955,0.0993,0.0863,0.0873,16614825.0
2010-05-25,0.0775,0.097,0.0745,0.0955,24164606.0
2010-05-26,0.1083,0.1145,0.096,0.097,24872659.0
2010-05-27,0.105,0.1158,0.1043,0.1158,17830683.0
2010-05-28,0.1153,0.1153,0.1018,0.1068,13629704.0
2010-06-01,0.1023,0.106,0.0925,0.0928,13186754.0
2010-06-02,0.0933,0.0965,0.0913,0.0963,16224717.0
2010-06-03,0.0898,0.0965,0.0888,0.0958,14658963.0
2010-06-04,0.0865,0.092,0.079,0.0808,16786307.0
2010-06-07,0.082,0.084,0.0645,0.0658,14415751.0
2010-06-08,0.0645,0.0645,0.0505,0.0578,24190743.0
2010-06-09,0.0593,0.0668,0.05,0.051,17428718.0
2010-06-10,0.0565,0.0633,0.0558,0.062,15273718.0
2010-06-11,0.059,0.0695,0.0583,0.0685,11053621.0
2010-06-14,0.0728,0.0733,0.0615,0.0623,9371930.0
2010-06-15,0.0655,0.0778,0.065,0.0763,13213919.0
2010-06-16,0.0743,0.077,0.0685,0.0725,9075687.0
2010-06-17,0.0828,0.0845,0.0723,0.0838,21475614.0
2010-06-18,0.0855,0.0895,0.0833,0.0858,23325152.0
2010-06-21,0.0923,0.093,0.0758,0.0785,14459634.0
2010-06-22,0.0823,0.086,0.0658,0.0673,20431095.0
2010-06-23,0.07,0.0735,0.0618,0.0705,15350552.0
2010-06-24,0.0688,0.0703,0.055,0.056,18123223.0
2010-06-25,0.058,0.0583,0.0508,0.0553,12686525.0
2010-06-28,0.0573,0.0598,0.0508,0.0558,9300184.0
2010-06-29,0.0498,0.05,0.0385,0.0403,16503838.0
2010-06-30,0.0408,0.0435,0.0335,0.0335,15572470.0
2010-07-01,0.0343,0.0395,0.0265,0.0378,18424646.0
2010-07-02,0.0388,0.0393,0.0258,0.0345,18428399.0
2010-07-06,0.0335,0.0418,0.0295,0.0318,17797887.0
2010-07-07,0.0328,0.0455,0.0323,0.044,15202044.0
2010-07-08,0.0458,0.046,0.0328,0.036,19579505.0
2010-07-09,0.0373,0.0388,0.0338,0.037,14291233.0
2010-07-12,0.037,0.045,0.0368,0.0418,14127403.0
2010-07-13,0.046,0.053,0.0445,0.0513,17793924.0
2010-07-14,0.0633,0.0653,0.05,0.054,33878287.0
2010-07-15,0.0543,0.0545,0.043,0.0463,23778735.0
2010-07-16,0.0463,0.047,0.0285,0.0295,32215099.0
2010-07-19,0.033,0.0408,0.0313,0.0398,19942285.0
2010-07-20,0.033,0.0478,0.0308,0.0463,29003020.0
2010-07-21,0.0488,0.049,0.035,0.0375,15607521.0
2010-07-22,0.0403,0.0445,0.0388,0.0418,11544706.0
2010-07-23,0.0415,0.0418,0.0348,0.0373,20440044.0
2010-07-26,0.0365,0.043,0.0325,0.042,17040795.0
2010-07-27,0.0428,0.0433,0.0365,0.0398,17060345.0
2010-07-28,0.0355,0.04,0.0308,0.0315,32778796.0
2010-07-29,0.0133,0.0183,0.005,0.0065,66556171.0
2010-07-30,0.0048,0.012,0.0013,0.008,24616930.0
2010-08-02,0.012,0.013,0.0068,0.0078,22901588.0
2010-08-03,0.006,0.0063,0.0,0.0018,23871072.0
2010-08-04,0.0038,0.012,0.0028,0.0113,21386910.0
2010-08-05,0.012,0.0148,0.0078,0.0143,20011549.0
2010-08-06,0.0133,0.0195,0.0113,0.017,18504102.0
2010-08-09,0.0195,0.0198,0.0133,0.0193,11650201.0
2010-08-10,0.0153,0.0158,0.0083,0.0093,19298313.0
2010-08-11,0.0045,0.0045,-0.0005,0.0003,19871738.0
2010-08-12,-0.0037,0.0073,-0.0055,0.0023,32683438.0
2010-08-13,0.0095,0.0163,0.009,0.013,44943717.0
2010-08-16,0.0098,0.0145,0.004,0.007,20349623.0
2010-08-17,0.0093,0.0143,0.007,0.01,12029585.0
2010-08-18,0.0093,0.0133,0.0078,0.0113,8675348.0
2010-08-19,0.0138,0.026,0.0125,0.0253,40342427.0
2010-08-20,0.0235,0.0335,0.0233,0.0275,32632825.0
2010-08-23,0.0283,0.0345,0.023,0.0238,18656651.0
2010-08-24,0.0158,0.0238,0.0153,0.0213,16008557.0
2010-08-25,0.0185,0.0283,0.0173,0.0263,18937475.0
2010-08-26,0.0295,0.0323,0.0233,0.0233,16435454.0
2010-08-27,0.0248,0.0333,0.0185,0.0313,26517115.0
2010-08-30,0.0283,0.0303,0.0193,0.0193,15067716.0
2010-08-31,0.0158,0.0233,0.0108,0.0113,23279728.0
2010-09-01,0.015,0.018,0.012,0.0133,21285972.0
2010-09-02,0.014,0.0183,0.0118,0.0175,14906592.0
2010-09-03,0.0233,0.0265,0.0203,0.0258,14165444.0
2010-09-07,0.025,0.0338,0.0245,0.028,22479558.0
2010-09-08,0.0285,0.038,0.0258,0.0363,30584254.0
2010-09-09,0.0395,0.0398,0.0295,0.0328,17369930.0
2010-09-10,0.0345,0.0353,0.0278,0.03,15232216.0
2010-09-13,0.0345,0.0475,0.0343,0.0443,25391443.0
2010-09-14,0.042,0.0453,0.0395,0.0418,17447691.0
2010-09-15,0.0393,0.0425,0.0358,0.0423,13889216.0
2010-09-16,0.0388,0.0448,0.0388,0.0423,9107883.0
2010-09-17,0.045,0.0453,0.0413,0.042,10422289.0
2010-09-20,0.042,0.047,0.0395,0.046,11072436.0
2010-09-21,0.0445,0.065,0.0445,0.0605,44489202.0
2010-09-22,0.0595,0.0655,0.0578,0.063,24997026.0
2010-09-23,0.0663,0.0778,0.0638,0.0688,31014499.0
2010-09-24,0.0753,0.0858,0.073,0.0848,27174329.0
2010-09-27,0.087,0.0873,0.0743,0.078,24984696.0
2010-09-28,0.0785,0.0818,0.0723,0.0775,18078768.0
2010-09-29,0.0748,0.084,0.072,0.0753,24372575.0
2010-09-30,0.079,0.0825,0.0678,0.0703,19690730.0
2010-10-01,0.0745,0.075,0.0598,0.062,24984553.0
2010-10-04,0.0593,0.064,0.0535,0.0593,18737332.0
2010-10-05,0.0653,0.0658,0.0605,0.0613,18836502.0
2010-10-06,0.0613,0.0625,0.045,0.0478,26440071.0
2010-10-07,0.0448,0.0458,0.041,0.045,1023462.0
2010-10-08,0.0448,0.052,0.041,0.0498,17679077.0
2010-10-11,0.051,0.0533,0.0473,0.0485,11066191.0
2010-10-12,0.0463,0.055,0.044,0.0538,15114246.0
2010-10-13,0.0463,0.055,0.044,0.0538,15114246.0
2010-10-14,0.0463,0.055,0.044,0.0538,15114246.0
2010-10-15,0.0618,0.065,0.0573,0.0605,16000083.0
2010-10-18,0.0608,0.0635,0.0558,0.0623,11203283.0
2010-10-19,0.056,0.0625,0.0538,0.0605,21641236.0
2010-10-20,0.0608,0.0683,0.0558,0.0605,19088301.0
2010-10-21,0.0608,0.0613,0.0513,0.0555,25316947.0
2010-10-22,0.0573,0.0755,0.0543,0.0733,33069658.0
2010-10-25,0.0755,0.078,0.0728,0.076,16828046.0
2010-10-26,0.0725,0.0795,0.07,0.075,16880148.0
2010-10-27,0.0723,0.0803,0.0715,0.0793,12410064.0
2010-10-28,0.0833,0.0843,0.0768,0.0795,17611111.0
2010-10-29,0.079,0.082,0.0758,0.0788,13872645.0
2010-11-01,0.0808,0.0855,0.0768,0.0793,11846607.0
2010-11-02,0.0805,0.0905,0.0788,0.0855,14523010.0
2010-11-03,0.0875,0.0898,0.0795,0.0878,16793678.0
2010-11-04,0.0908,0.094,0.0878,0.0883,17483749.0
2010-11-05,0.0905,0.0963,0.089,0.0935,18379982.0
2010-11-08,0.0933,0.0975,0.0908,0.0948,15121676.0
2010-11-09,0.0948,0.0973,0.0913,0.093,15855589.0
2010-11-10,0.0953,0.0968,0.0908,0.0968,13007614.0
2010-11-11,0.0893,0.0988,0.085,0.0935,26371250.0
2010-11-12,0.1055,0.1203,0.104,0.1098,53563896.0
2010-11-15,0.1113,0.116,0.105,0.1058,18332891.0
2010-11-16,0.1003,0.1048,0.0955,0.096,18471223.0
2010-11-17,0.0958,0.105,0.0928,0.1013,13792117.0
2010-11-18,0.1055,0.1145,0.1055,0.1113,24814328.0
2010-11-19,0.1105,0.1233,0.11,0.122,17915198.0
2010-11-22,0.1198,0.1243,0.1168,0.1223,11519405.0
2010-11-23,0.1183,0.1218,0.1118,0.1143,11438211.0
2010-11-24,0.1178,0.1238,0.1175,0.1225,9946748.0
2010-11-26,0.1223,0.1243,0.1183,0.1183,3577967.0
2010-11-29,0.1168,0.1233,0.1153,0.122,11699762.0
2010-11-30,0.1168,0.1203,0.1123,0.1185,18022961.0
2010-12-01,0.1253,0.1355,0.1248,0.1335,15646230.0
2010-12-02,0.1335,0.14,0.1333,0.1378,13177627.0
2010-12-03,0.136,0.148,0.1353,0.148,15152794.0
2010-12-06,0.1493,0.15,0.1395,0.141,10952415.0
2010-12-07,0.1523,0.16,0.1495,0.1508,5703359.0
2010-12-08,0.1523,0.16,0.1495,0.156,15328971.0
2010-12-09,0.147,0.1523,0.1418,0.1498,23552747.0
2010-12-10,0.1498,0.1555,0.1488,0.152,11297538.0
2010-12-13,0.1535,0.1543,0.1415,0.1425,15223667.0
2010-12-14,0.1495,0.1563,0.1425,0.143,18766875.0
2010-12-15,0.1438,0.1483,0.1345,0.135,15603656.0
2010-12-16,0.1388,0.1408,0.1345,0.1355,15741055.0
2010-12-17,0.1358,0.1395,0.1315,0.1375,14836529.0
2010-12-20,0.1388,0.1405,0.1358,0.136,8587856.0
2010-12-21,0.1395,0.15,0.1393,0.15,11660707.0
2010-12-22,0.1493,0.1545,0.1458,0.154,11946320.0
2010-12-23,0.154,0.154,0.1498,0.1513,6844574.0
2010-12-27,0.1503,0.156,0.1435,0.1533,6384624.0
2010-12-28,0.1533,0.1558,0.1495,0.1518,4856433.0
2010-12-29,0.1515,0.1545,0.1483,0.1518,4441344.0
2010-12-30,0.1513,0.1553,0.15,0.153,4361723.0
2010-12-31,0.1533,0.1638,0.1528,0.1633,9782457.0
2011-01-03,0.1663,0.1775,0.1658,0.1738,20421513.0
2011-01-04,0.1745,0.1763,0.1638,0.1725,16278397.0
2011-01-05,0.1798,0.2033,0.1758,0.2028,35548473.0
2011-01-06,0.2138,0.2618,0.2125,0.2615,87250701.0
2011-01-07,0.256,0.2765,0.2453,0.275,64509431.0
2011-01-10,0.266,0.295,0.2623,0.294,42439172.0
2011-01-11,0.301,0.306,0.275,0.286,67770009.0
2011-01-12,0.2863,0.3625,0.2845,0.362,85660124.0
2011-01-13,0.3558,0.3743,0.3378,0.363,67343716.0
2011-01-14,0.353,0.3778,0.3495,0.368,39883784.0
2011-01-18,0.36,0.364,0.34,0.3543,45081092.0
2011-01-19,0.3545,0.3683,0.3373,0.3385,29909373.0
2011-01-20,0.333,0.3423,0.323,0.339,27780794.0
2011-01-21,0.345,0.353,0.3328,0.3338,18485615.0
2011-01-24,0.3593,0.4045,0.3528,0.3965,51393510.0
2011-01-25,0.3838,0.4033,0.3795,0.3918,26515639.0
2011-01-26,0.3838,0.4033,0.3795,0.3918,26430307.0
2011-01-27,0.4005,0.402,0.3783,0.39,16354626.0
2011-01-28,0.3915,0.4018,0.3583,0.3723,27190958.0
2011-01-31,0.3733,0.3845,0.3635,0.3763,18305072.0
2011-02-01,0.3815,0.3945,0.3775,0.39,16263512.0
2011-02-02,0.3865,0.4325,0.3865,0.4178,40045298.0
2011-02-03,0.4188,0.4188,0.392,0.4055,25728679.0
2011-02-04,0.4145,0.425,0.412,0.42,21533351.0
2011-02-07,0.4113,0.414,0.391,0.3933,23194304.0
2011-02-08,0.394,0.3978,0.3723,0.375,26818720.0
2011-02-09,0.3773,0.3833,0.3498,0.3605,31830031.0
2011-02-10,0.3475,0.3585,0.3433,0.3488,25929440.0
2011-02-11,0.3468,0.3835,0.3375,0.365,33861034.0
2011-02-14,0.372,0.3908,0.3538,0.356,32104118.0
2011-02-15,0.357,0.359,0.3395,0.342,22043189.0
2011-02-16,0.3495,0.371,0.3475,0.3628,28230372.0
2011-02-17,0.3463,0.4285,0.3435,0.4203,86514496.0
2011-02-18,0.4168,0.427,0.409,0.419,34863217.0
2011-02-22,0.398,0.3998,0.3565,0.3585,34704537.0
2011-02-23,0.3585,0.364,0.3228,0.331,37168751.0
2011-02-24,0.3338,0.3543,0.3298,0.3445,31035452.0
2011-02-25,0.3598,0.3658,0.3518,0.3563,19056436.0
2011-02-28,0.3658,0.366,0.3318,0.3448,22404834.0
2011-03-01,0.3458,0.353,0.3195,0.3195,24554048.0
2011-03-02,0.3188,0.329,0.2845,0.297,42862247.0
2011-03-03,0.309,0.312,0.2843,0.3,39656534.0
2011-03-04,0.3005,0.3058,0.2915,0.297,23802870.0
2011-03-07,0.301,0.3028,0.277,0.29,25426909.0
2011-03-08,0.2955,0.2983,0.2563,0.267,48554745.0
2011-03-09,0.2655,0.2703,0.2525,0.2568,32877152.0
2011-03-10,0.2458,0.2493,0.2258,0.2263,42760761.0
2011-03-11,0.2298,0.242,0.2198,0.2295,37064087.0
2011-03-14,0.233,0.2445,0.2258,0.2333,24984818.0
2011-03-15,0.211,0.2273,0.2035,0.2198,30510126.0
2011-03-16,0.2158,0.237,0.2108,0.2163,36566273.0
2011-03-17,0.2283,0.229,0.2083,0.2248,30842269.0
2011-03-18,0.2318,0.2333,0.2183,0.2188,21297509.0
2011-03-21,0.2283,0.2328,0.2178,0.2223,18739658.0
2011-03-22,0.221,0.2253,0.2125,0.2143,17703999.0
2011-03-23,0.2138,0.2248,0.2043,0.2235,19532463.0
2011-03-24,0.233,0.2645,0.232,0.259,44255414.0
2011-03-25,0.2633,0.2643,0.2433,0.244,29863452.0
2011-03-28,0.255,0.2693,0.2508,0.2613,29951515.0
2011-03-29,0.2613,0.263,0.251,0.2575,17731204.0
2011-03-30,0.2613,0.2633,0.2335,0.2395,29271807.0
2011-03-31,0.2403,0.2453,0.2313,0.2398,16236715.0
2011-04-01,0.2458,0.2463,0.227,0.2333,21073021.0
2011-04-04,0.2333,0.2345,0.2138,0.217,22598758.0
2011-04-05,0.2235,0.227,0.2168,0.2178,20329834.0
2011-04-06,0.221,0.2215,0.211,0.2148,21372398.0
2011-04-07,0.2158,0.2335,0.214,0.2308,25385799.0
2011-04-08,0.2343,0.2343,0.2158,0.217,18622967.0
2011-04-11,0.2188,0.221,0.2065,0.2113,13486276.0
2011-04-12,0.207,0.2155,0.199,0.2125,20913625.0
2011-04-13,0.217,0.225,0.2115,0.2223,18674965.0
2011-04-14,0.2183,0.2413,0.2158,0.241,31186141.0
2011-04-15,0.2375,0.2518,0.2353,0.246,24109000.0
2011-04-18,0.235,0.238,0.2233,0.2305,18510601.0
2011-04-19,0.2308,0.2325,0.2165,0.2288,16337162.0
2011-04-20,0.2453,0.252,0.235,0.2425,15995823.0
2011-04-21,0.2475,0.2503,0.2403,0.2413,10405138.0
2011-04-25,0.2433,0.2563,0.243,0.2485,15418185.0
2011-04-26,0.2525,0.2655,0.2478,0.2608,16684863.0
2011-04-27,0.2633,0.2633,0.2508,0.2608,11227552.0
2011-04-28,0.2608,0.2758,0.2553,0.266,16813571.0
2011-04-29,0.2693,0.2893,0.2685,0.2783,19734268.0
2011-05-02,0.2888,0.289,0.269,0.2715,15311782.0
2011-05-03,0.2658,0.2673,0.242,0.248,20069885.0
2011-05-04,0.2495,0.2548,0.2358,0.2445,15830068.0
2011-05-05,0.2408,0.2503,0.2345,0.2448,13483776.0
2011-05-06,0.2545,0.2658,0.2508,0.2613,20994989.0
2011-05-09,0.2628,0.2745,0.2615,0.272,17508583.0
2011-05-10,0.276,0.2765,0.2678,0.2728,17126771.0
2011-05-11,0.2753,0.2803,0.2683,0.275,15377519.0
2011-05-12,0.2733,0.2913,0.272,0.2908,27398645.0
2011-05-13,0.2583,0.2595,0.2313,0.2348,50381654.0
2011-05-16,0.2335,0.2345,0.2205,0.2208,18078482.0
2011-05-17,0.2193,0.2195,0.2063,0.219,35422897.0
2011-05-18,0.2208,0.233,0.2193,0.2293,16401568.0
2011-05-19,0.2328,0.233,0.216,0.2228,16208825.0
2011-05-20,0.2218,0.2315,0.2198,0.2305,14351472.0
2011-05-23,0.224,0.2333,0.2183,0.23,14567368.0
2011-05-24,0.2323,0.25,0.231,0.2318,17983086.0
2011-05-25,0.2295,0.2403,0.225,0.2373,13572724.0
2011-05-26,0.2373,0.2528,0.236,0.2488,17567251.0
2011-05-27,0.2508,0.2665,0.2503,0.2658,16420599.0
2011-05-31,0.2753,0.2795,0.2633,0.2793,29580597.0
2011-06-01,0.277,0.2778,0.2558,0.2568,18711283.0
2011-06-02,0.2538,0.2603,0.2493,0.2538,19701450.0
2011-06-03,0.249,0.2533,0.2375,0.2398,13658915.0
2011-06-06,0.239,0.2433,0.2295,0.23,10783152.0
2011-06-07,0.2335,0.236,0.2278,0.2298,10793112.0
2011-06-08,0.2275,0.2303,0.214,0.2175,14143185.0
2011-06-09,0.2173,0.2183,0.1968,0.2125,18359888.0
2011-06-10,0.2133,0.2158,0.2028,0.2063,12277419.0
2011-06-13,0.2063,0.2118,0.2003,0.203,14341067.0
2011-06-14,0.207,0.2163,0.205,0.2068,13186368.0
2011-06-15,0.201,0.2035,0.1888,0.1975,23238787.0
2011-06-16,0.1978,0.204,0.177,0.183,25589574.0
2011-06-17,0.1878,0.188,0.161,0.1733,35140052.0
2011-06-20,0.17,0.1783,0.1658,0.1688,18624964.0
2011-06-21,0.1703,0.1803,0.1665,0.1773,17475186.0
2011-06-22,0.1745,0.1798,0.171,0.1718,16235631.0
2011-06-23,0.1668,0.186,0.1633,0.1835,18391591.0
2011-06-24,0.1815,0.185,0.1693,0.1718,12610004.0
2011-06-27,0.1718,0.1743,0.1498,0.1635,28442565.0
2011-06-28,0.1635,0.1703,0.1608,0.1658,17264780.0
2011-06-29,0.1683,0.1758,0.1548,0.1718,23971079.0
2011-06-30,0.1728,0.181,0.1668,0.1765,16102309.0
2011-07-01,0.1768,0.1835,0.1688,0.1818,13396378.0
2011-07-05,0.1815,0.1853,0.1718,0.1753,13218689.0
2011-07-06,0.175,0.1758,0.1653,0.17,13166441.0
2011-07-07,0.172,0.174,0.1645,0.1713,24578193.0
2011-07-08,0.166,0.1688,0.1608,0.164,15312307.0
2011-07-11,0.1568,0.1583,0.1495,0.1505,17794268.0
2011-07-12,0.1488,0.1523,0.1393,0.1455,21517027.0
2011-07-13,0.1505,0.153,0.1413,0.1448,15700968.0
2011-07-14,0.1463,0.1485,0.1285,0.1303,27051204.0
2011-07-15,0.1323,0.1345,0.1235,0.1308,20638684.0
2011-07-18,0.128,0.13,0.1188,0.123,20423111.0
2011-07-19,0.1243,0.1345,0.1243,0.1338,14966160.0
2011-07-20,0.135,0.137,0.1283,0.1293,16393221.0
2011-07-21,0.1298,0.1483,0.1245,0.1458,28297926.0
2011-07-22,0.149,0.1545,0.1443,0.1533,18236710.0
2011-07-25,0.1475,0.149,0.142,0.1473,14150590.0
2011-07-26,0.1368,0.1458,0.133,0.1383,17353530.0
2011-07-27,0.1333,0.135,0.1238,0.1245,16190737.0
2011-07-28,0.1235,0.1313,0.118,0.124,16101307.0
2011-07-29,0.1205,0.1273,0.1188,0.124,16890145.0
2011-08-01,0.132,0.1435,0.129,0.1425,25411247.0
2011-08-02,0.14,0.1628,0.1388,0.1388,33749195.0
2011-08-03,0.1395,0.1498,0.136,0.1485,19065106.0
2011-08-04,0.1418,0.1418,0.1133,0.1133,24271619.0
2011-08-05,0.121,0.1253,0.0933,0.102,31686224.0
2011-08-08,0.0863,0.0973,0.0745,0.0765,26779506.0
2011-08-09,0.0823,0.102,0.0783,0.1015,32950927.0
2011-08-10,0.092,0.101,0.085,0.0868,28336980.0
2011-08-11,0.0868,0.118,0.0868,0.1135,21613295.0
2011-08-12,0.1493,0.1498,0.095,0.1003,79759793.0
2011-08-15,0.1035,0.1133,0.1018,0.1125,21510961.0
2011-08-16,0.1088,0.1133,0.097,0.103,17632581.0
2011-08-17,0.104,0.1095,0.0943,0.0985,13766673.0
2011-08-18,0.084,0.087,0.0733,0.0768,19725956.0
2011-08-19,0.0718,0.088,0.0695,0.0715,18858070.0
2011-08-22,0.0795,0.0833,0.0733,0.0768,15169225.0
2011-08-23,0.084,0.1093,0.0835,0.109,23206001.0
2011-08-24,0.1083,0.1093,0.0958,0.1043,17095367.0
2011-08-25,0.0978,0.1035,0.0898,0.0903,17183238.0
2011-08-26,0.089,0.1068,0.0835,0.1035,17672862.0
2011-08-29,0.1128,0.1135,0.105,0.1123,14914296.0
2011-08-30,0.11,0.123,0.1078,0.1203,16784417.0
2011-08-31,0.1228,0.1263,0.1083,0.111,17330868.0
2011-09-01,0.1155,0.1228,0.11,0.1103,18838884.0
2011-09-02,0.1028,0.1073,0.0988,0.1013,11723853.0
2011-09-06,0.0908,0.1085,0.0878,0.1078,16913464.0
2011-09-07,0.1345,0.1443,0.1248,0.1345,39756585.0
2011-09-08,0.131,0.1395,0.127,0.1328,21829911.0
2011-09-09,0.1298,0.1393,0.1223,0.1253,21626464.0
2011-09-12,0.1205,0.1365,0.1205,0.1335,22700596.0
2011-09-13,0.1365,0.1433,0.131,0.1415,21130033.0
2011-09-14,0.151,0.165,0.1508,0.1603,38502069.0
2011-09-15,0.1688,0.1708,0.1623,0.1655,18739046.0
2011-09-16,0.1665,0.1808,0.1628,0.1648,34105303.0
2011-09-19,0.1583,0.161,0.147,0.1568,23890781.0
2011-09-20,0.1615,0.163,0.1453,0.147,19549618.0
2011-09-21,0.149,0.1553,0.1398,0.1398,17648802.0
2011-09-22,0.1258,0.1263,0.1095,0.116,32640123.0
2011-09-23,0.114,0.1328,0.112,0.123,25062587.0
2011-09-26,0.1273,0.1283,0.1083,0.1238,24101098.0
2011-09-27,0.1325,0.1355,0.1215,0.1243,19340390.0
2011-09-28,0.125,0.1338,0.1083,0.1138,30698339.0
2011-09-29,0.1198,0.1255,0.097,0.1055,21586446.0
2011-09-30,0.1003,0.102,0.0905,0.091,16773056.0
2011-10-03,0.087,0.0968,0.0735,0.0735,23557568.0
2011-10-04,0.066,0.1008,0.065,0.1008,33892783.0
2011-10-05,0.1,0.1153,0.0935,0.1123,21133354.0
2011-10-06,0.114,0.1265,0.1135,0.1255,19203744.0
2011-10-07,0.127,0.1373,0.1198,0.132,20115891.0
2011-10-10,0.138,0.1478,0.1373,0.1478,13216731.0
2011-10-11,0.1448,0.1508,0.1425,0.1438,20379215.0
2011-10-12,0.1508,0.151,0.1433,0.1435,15191002.0
2011-10-13,0.1418,0.1655,0.1408,0.1648,21280670.0
2011-10-14,0.1715,0.1755,0.1618,0.1713,17377850.0
2011-10-17,0.1668,0.1668,0.1498,0.1518,15191339.0
2011-10-18,0.1498,0.1663,0.1475,0.1653,14551837.0
2011-10-19,0.1658,0.1725,0.1563,0.1575,13669124.0
2011-10-20,0.1473,0.1488,0.1243,0.1385,24634069.0
2011-10-21,0.143,0.149,0.1343,0.1403,15425315.0
2011-10-24,0.1418,0.1595,0.141,0.1538,13334669.0
2011-10-25,0.1485,0.1515,0.1388,0.1395,14234331.0
2011-10-26,0.1465,0.1485,0.1333,0.1438,12417787.0
2011-10-27,0.1573,0.1633,0.1488,0.1595,14229243.0
2011-10-28,0.1563,0.1718,0.1553,0.1683,12073138.0
2011-10-31,0.1558,0.158,0.1483,0.1483,12926130.0
2011-11-01,0.1348,0.1358,0.1263,0.1298,19612131.0
2011-11-02,0.1333,0.135,0.1165,0.1235,23721634.0
2011-11-03,0.1275,0.1453,0.1183,0.1445,18104992.0
2011-11-04,0.1413,0.15,0.1355,0.149,16239294.0
2011-11-07,0.146,0.1523,0.1383,0.1468,15273778.0
2011-11-08,0.1515,0.1575,0.1455,0.1553,13633088.0
2011-11-09,0.1465,0.1513,0.1348,0.1363,13059925.0
2011-11-10,0.145,0.1488,0.131,0.14,23113648.0
2011-11-11,0.1503,0.1558,0.13,0.1528,43623398.0
2011-11-14,0.1528,0.1565,0.1445,0.1455,12346484.0
2011-11-15,0.142,0.1528,0.141,0.1503,12572929.0
2011-11-16,0.1433,0.153,0.1415,0.1428,12736103.0
2011-11-17,0.142,0.143,0.1233,0.1298,16264634.0
2011-11-18,0.1318,0.1318,0.1225,0.1265,12481528.0
2011-11-21,0.121,0.1475,0.1158,0.144,33114522.0
2011-11-22,0.148,0.1573,0.1458,0.1553,32105400.0
2011-11-23,0.1513,0.154,0.139,0.1393,20529063.0
2011-11-25,0.1345,0.1428,0.1283,0.1293,10165406.0
2011-11-28,0.1408,0.1545,0.1408,0.149,16974912.0
2011-11-29,0.1485,0.1558,0.145,0.151,15516362.0
2011-11-30,0.1623,0.17,0.159,0.169,17774453.0
2011-12-01,0.1658,0.1748,0.164,0.1738,13177204.0
2011-12-02,0.178,0.1795,0.1675,0.1713,13594293.0
2011-12-05,0.1778,0.1783,0.162,0.1653,15771699.0
2011-12-06,0.1675,0.1683,0.1558,0.1598,14224637.0
2011-12-07,0.1573,0.1603,0.1495,0.1575,12703087.0
2011-12-08,0.1538,0.16,0.1443,0.1455,12243705.0
2011-12-09,0.1428,0.1538,0.1375,0.1508,13810663.0
2011-12-12,0.1428,0.1443,0.1348,0.1415,14269183.0
2011-12-13,0.1463,0.1508,0.1293,0.1315,12797636.0
2011-12-14,0.1285,0.1305,0.114,0.1178,15815499.0
2011-12-15,0.1235,0.1258,0.114,0.1148,10788847.0
2011-12-16,0.1175,0.124,0.1145,0.116,14225261.0
2011-12-19,0.1175,0.1215,0.106,0.107,11513832.0
2011-12-20,0.1148,0.127,0.1148,0.1258,9879062.0
2011-12-21,0.1238,0.1275,0.1145,0.1213,13602341.0
2011-12-22,0.1223,0.137,0.1223,0.1358,14358095.0
2011-12-23,0.1378,0.1383,0.1295,0.1325,6158752.0
2011-12-27,0.131,0.1353,0.1288,0.1298,4876766.0
2011-12-28,0.1298,0.1303,0.1208,0.121,5821948.0
2011-12-29,0.1245,0.1283,0.1195,0.1275,5236241.0
2011-12-30,0.1263,0.13,0.1243,0.1248,4604791.0
2012-01-03,0.1358,0.1383,0.1285,0.1293,11645036.0
2012-01-04,0.1295,0.1348,0.1263,0.1333,8641714.0
2012-01-05,0.1315,0.1478,0.13,0.146,13977716.0
2012-01-06,0.1458,0.146,0.1375,0.1418,12460687.0
2012-01-09,0.142,0.1488,0.1393,0.1418,12660489.0
2012-01-10,0.1473,0.1475,0.1378,0.1403,13558055.0
2012-01-11,0.137,0.1403,0.1315,0.133,12041736.0
2012-01-12,0.1338,0.134,0.123,0.1308,16276988.0
2012-01-13,0.1283,0.129,0.1198,0.1215,12431355.0
2012-01-17,0.1268,0.1268,0.1158,0.1163,15633913.0
2012-01-18,0.1228,0.1305,0.1208,0.1278,15759697.0
2012-01-19,0.1308,0.1375,0.127,0.137,15077233.0
2012-01-20,0.1365,0.1408,0.1325,0.1338,13489549.0
2012-01-23,0.134,0.1438,0.1295,0.1435,13490376.0
2012-01-24,0.141,0.1533,0.1408,0.1518,17837223.0
2012-01-25,0.1418,0.1505,0.1313,0.1495,31774307.0
2012-01-26,0.155,0.1593,0.144,0.146,19913927.0
2012-01-27,0.1438,0.153,0.1408,0.151,11226483.0
2012-01-30,0.1445,0.15,0.139,0.1483,9925889.0
2012-01-31,0.1493,0.1495,0.141,0.1475,8862236.0
2012-02-01,0.1518,0.1558,0.1465,0.1515,10640664.0
2012-02-02,0.1535,0.167,0.1498,0.1653,17379903.0
2012-02-03,0.1713,0.177,0.1705,0.1738,12354246.0
2012-02-06,0.1718,0.1723,0.1673,0.1705,6937125.0
2012-02-07,0.1713,0.174,0.1648,0.1718,10232143.0
2012-02-08,0.1718,0.1938,0.1698,0.186,21058839.0
2012-02-09,0.191,0.1933,0.185,0.1858,14004194.0
2012-02-10,0.1818,0.1833,0.1735,0.1755,10889900.0
2012-02-13,0.1858,0.1873,0.1738,0.182,15224290.0
2012-02-14,0.182,0.1878,0.1785,0.1843,11278558.0
2012-02-15,0.188,0.2008,0.1815,0.1825,26523946.0
2012-02-16,0.1548,0.1928,0.1533,0.1895,47171151.0
2012-02-17,0.1895,0.1925,0.1708,0.1745,25411161.0
2012-02-21,0.1743,0.1863,0.1735,0.1763,12894017.0
2012-02-22,0.1745,0.1783,0.1683,0.176,8026426.0
2012-02-23,0.1745,0.1783,0.1683,0.176,8026426.0
2012-02-24,0.1773,0.1778,0.1713,0.173,9105621.0
2012-02-27,0.168,0.1698,0.1593,0.165,18546391.0
2012-02-28,0.165,0.1695,0.1575,0.1615,17276737.0
2012-02-29,0.1628,0.1693,0.1568,0.157,17061281.0
2012-03-01,0.1585,0.164,0.157,0.1595,11136707.0
2012-03-02,0.1583,0.1683,0.1583,0.1628,17050639.0
2012-03-05,0.16,0.1608,0.147,0.1498,12850135.0
2012-03-06,0.1455,0.1485,0.1398,0.1463,11693049.0
2012-03-07,0.1483,0.15,0.1433,0.1485,11045392.0
2012-03-08,0.1495,0.1535,0.1475,0.1495,10752965.0
2012-03-09,0.1508,0.1535,0.1468,0.1488,9159702.0
2012-03-12,0.1503,0.1528,0.142,0.1428,7446454.0
2012-03-13,0.1445,0.15,0.1428,0.148,13769537.0
2012-03-14,0.148,0.1485,0.1363,0.1373,18118504.0
2012-03-15,0.1385,0.1448,0.1373,0.1428,9525130.0
2012-03-16,0.143,0.1448,0.141,0.143,6244683.0
2012-03-19,0.1453,0.147,0.1425,0.1443,10117744.0
2012-03-20,0.1423,0.1423,0.135,0.1383,11101811.0
2012-03-21,0.1383,0.143,0.1343,0.1398,11695252.0
2012-03-22,0.137,0.1423,0.136,0.1393,10618199.0
2012-03-23,0.1383,0.143,0.1358,0.1418,7856711.0
2012-03-26,0.1455,0.148,0.142,0.1463,5633837.0
2012-03-27,0.1478,0.1533,0.147,0.1488,10482065.0
2012-03-28,0.1535,0.1623,0.1508,0.1573,22273667.0
2012-03-29,0.1568,0.162,0.152,0.159,9305270.0
2012-03-30,0.1623,0.1655,0.1568,0.163,13120302.0
2012-04-02,0.1623,0.1655,0.156,0.1615,10157406.0
2012-04-03,0.1643,0.1645,0.1533,0.1553,10679720.0
2012-04-04,0.1495,0.1543,0.1423,0.1445,12314649.0
2012-04-05,0.145,0.1495,0.1428,0.144,7120881.0
2012-04-09,0.1383,0.1405,0.1323,0.1393,9045665.0
2012-04-10,0.1378,0.1428,0.1305,0.1323,11684198.0
2012-04-11,0.137,0.1445,0.1358,0.1368,9231875.0
2012-04-12,0.1373,0.1473,0.1358,0.1453,9470031.0
2012-04-13,0.142,0.1438,0.132,0.1323,7743789.0
2012-04-16,0.1348,0.1358,0.1223,0.128,11566631.0
2012-04-17,0.129,0.1333,0.1275,0.1288,11444792.0
2012-04-18,0.1265,0.1283,0.1208,0.125,9980838.0
2012-04-19,0.1205,0.1335,0.118,0.12,14978475.0
2012-04-20,0.1218,0.1228,0.1123,0.113,12544221.0
2012-04-23,0.1073,0.1103,0.101,0.109,17539719.0
2012-04-24,0.11,0.1128,0.097,0.0988,18190026.0
2012-04-25,0.1035,0.1078,0.0975,0.1053,17990917.0
2012-04-26,0.105,0.1083,0.1028,0.1055,13396489.0
2012-04-27,0.105,0.1068,0.0993,0.1028,11499360.0
2012-04-30,0.101,0.105,0.0988,0.1033,6476103.0
2012-05-01,0.1015,0.1125,0.1015,0.109,10201411.0
2012-05-02,0.1078,0.109,0.0978,0.0995,17005885.0
2012-05-03,0.1003,0.102,0.092,0.094,10396780.0
2012-05-04,0.092,0.0938,0.0848,0.0848,13572099.0
2012-05-07,0.0903,0.0955,0.0875,0.09,15098349.0
2012-05-08,0.0873,0.0918,0.0818,0.0898,11520904.0
2012-05-09,0.0843,0.0935,0.0813,0.091,12983152.0
2012-05-10,0.094,0.0945,0.0838,0.0888,14798567.0
2012-05-11,0.1145,0.1203,0.1073,0.1085,35766288.0
2012-05-14,0.1058,0.1115,0.099,0.1065,10880743.0
2012-05-15,0.1065,0.1138,0.1018,0.1033,14925337.0
2012-05-16,0.1038,0.1075,0.0958,0.0965,11658200.0
2012-05-17,0.098,0.101,0.0945,0.0945,8283545.0
2012-05-18,0.0953,0.0968,0.0788,0.0803,14042398.0
2012-05-21,0.0808,0.087,0.0785,0.0855,10289340.0
2012-05-22,0.0853,0.0858,0.0773,0.0818,10197797.0
2012-05-23,0.0785,0.0898,0.0738,0.0893,12274442.0
2012-05-24,0.091,0.0915,0.0788,0.081,12984540.0
2012-05-25,0.0808,0.0908,0.0808,0.0883,9766304.0
2012-05-29,0.0933,0.0983,0.092,0.0963,7656957.0
2012-05-30,0.0928,0.095,0.087,0.0925,9434401.0
2012-05-31,0.0925,0.0938,0.085,0.089,8710651.0
2012-06-01,0.0825,0.0855,0.0773,0.0778,10914736.0
2012-06-04,0.0793,0.081,0.069,0.0715,10760198.0
2012-06-05,0.07,0.0808,0.07,0.0798,9066902.0
2012-06-06,0.0823,0.0888,0.08,0.088,9145020.0
2012-06-07,0.0925,0.0943,0.0753,0.0755,12845494.0
2012-06-08,0.0765,0.0823,0.076,0.0813,9086442.0
2012-06-11,0.091,0.0965,0.084,0.0848,20855381.0
2012-06-12,0.0883,0.094,0.0878,0.091,12325467.0
2012-06-13,0.0908,0.0915,0.0813,0.0828,11947080.0
2012-06-14,0.0823,0.0848,0.076,0.079,14728891.0
2012-06-15,0.0813,0.0858,0.0785,0.0855,9047739.0
2012-06-18,0.0833,0.0908,0.0808,0.0883,7542830.0
2012-06-19,0.101,0.114,0.0995,0.109,23935632.0
2012-06-20,0.1125,0.1208,0.1105,0.1145,24187296.0
2012-06-21,0.1143,0.1143,0.0985,0.099,12743771.0
2012-06-22,0.1033,0.107,0.0988,0.103,13849120.0
2012-06-25,0.1035,0.1045,0.0918,0.093,12168811.0
2012-06-26,0.0948,0.0988,0.0903,0.0965,10876177.0
2012-06-27,0.0968,0.109,0.0968,0.1068,12618948.0
2012-06-28,0.1038,0.1113,0.101,0.1093,13592071.0
2012-07-02,0.1255,0.1258,0.1118,0.1143,14511730.0
2012-07-03,0.1145,0.124,0.1143,0.1233,5483773.0
2012-07-05,0.121,0.1225,0.1145,0.1198,6957110.0
2012-07-06,0.1173,0.1183,0.1095,0.1133,8699334.0
2012-07-09,0.1113,0.1128,0.106,0.1088,7591347.0
2012-07-10,0.1053,0.115,0.0963,0.0988,12690419.0
2012-07-11,0.0998,0.1038,0.092,0.0935,12091843.0
2012-07-12,0.09,0.0905,0.0853,0.0883,11752819.0
2012-07-13,0.0885,0.0935,0.0865,0.092,8033411.0
2012-07-16,0.0903,0.0958,0.0873,0.093,8245379.0
2012-07-17,0.0943,0.096,0.0823,0.0875,11141053.0
2012-07-18,0.0868,0.1093,0.0853,0.1048,15327316.0
2012-07-19,0.107,0.1123,0.1048,0.1078,9978343.0
2012-07-20,0.106,0.1083,0.095,0.0983,11261252.0
2012-07-23,0.09,0.105,0.0865,0.1028,11240843.0
2012-07-24,0.1033,0.1053,0.0953,0.0993,8526191.0
2012-07-25,0.0983,0.1088,0.0968,0.1055,10320413.0
2012-07-26,0.1115,0.1153,0.1045,0.107,8405910.0
2012-07-27,0.1083,0.1163,0.1058,0.115,9399857.0
2012-07-30,0.1153,0.1195,0.1088,0.1115,9031259.0
2012-07-31,0.1115,0.1215,0.111,0.1168,9543541.0
2012-08-01,0.1188,0.122,0.1115,0.113,8392350.0
2012-08-02,0.1113,0.1193,0.1058,0.1143,9168913.0
2012-08-03,0.1195,0.1248,0.1115,0.1213,8133644.0
2012-08-06,0.1245,0.1303,0.124,0.1285,8944222.0
2012-08-07,0.1328,0.1358,0.13,0.132,10147941.0
2012-08-08,0.1318,0.1378,0.1308,0.134,11665015.0
2012-08-09,0.1345,0.1468,0.134,0.146,19076241.0
2012-08-10,0.1558,0.1588,0.139,0.1438,31947100.0
2012-08-13,0.1443,0.1488,0.1428,0.1485,11143572.0
2012-08-14,0.1498,0.1503,0.1415,0.143,9633759.0
2012-08-15,0.1443,0.1473,0.1383,0.1403,14847168.0
2012-08-16,0.1435,0.1488,0.1423,0.1478,9229427.0
2012-08-17,0.1478,0.1478,0.1413,0.1445,7738097.0
2012-08-20,0.1433,0.145,0.139,0.1445,7853504.0
2012-08-21,0.1458,0.148,0.1398,0.1435,7937319.0
2012-08-22,0.1413,0.1458,0.14,0.1443,7815225.0
2012-08-23,0.1435,0.1438,0.1345,0.1358,9392711.0
2012-08-24,0.136,0.145,0.1353,0.1433,7467060.0
2012-08-27,0.143,0.144,0.1368,0.137,8476272.0
2012-08-28,0.1343,0.139,0.1335,0.1355,7729455.0
2012-08-29,0.1353,0.1385,0.1345,0.1363,6173756.0
2012-08-30,0.1355,0.1368,0.1278,0.1295,7582224.0
2012-08-31,0.132,0.1345,0.1255,0.129,11751687.0
2012-09-04,0.1233,0.1245,0.107,0.11,17288941.0
2012-09-05,0.1115,0.1163,0.1078,0.1113,11977809.0
2012-09-06,0.1138,0.1305,0.1135,0.1215,16337310.0
2012-09-07,0.1128,0.1155,0.102,0.1133,19472562.0
2012-09-10,0.1125,0.1173,0.1095,0.1103,9202413.0
2012-09-11,0.11,0.1195,0.1088,0.1143,9560559.0
2012-09-12,0.117,0.1198,0.1138,0.118,8049339.0
2012-09-13,0.121,0.1223,0.1138,0.12,10781699.0
2012-09-14,0.12,0.1303,0.12,0.1243,8418980.0
2012-09-17,0.125,0.125,0.111,0.1148,12243339.0
2012-09-18,0.111,0.121,0.1105,0.117,8979717.0
2012-09-19,0.1178,0.1258,0.1138,0.121,9544123.0
2012-09-20,0.1203,0.122,0.1158,0.1185,7970221.0
2012-09-21,0.119,0.122,0.1178,0.1198,8113993.0
2012-09-24,0.1145,0.1203,0.1138,0.1198,8846088.0
2012-09-25,0.1243,0.1258,0.113,0.1135,11941139.0
2012-09-26,0.1123,0.1123,0.1038,0.1078,10885708.0
2012-09-27,0.1085,0.1108,0.1058,0.11,13874670.0
2012-09-28,0.1088,0.1165,0.1043,0.1118,12070915.0
2012-10-01,0.1133,0.1153,0.105,0.106,12530757.0
2012-10-02,0.1085,0.1085,0.1038,0.1075,7322103.0
2012-10-03,0.1083,0.1093,0.1025,0.104,9110205.0
2012-10-04,0.105,0.1208,0.1033,0.1188,12510053.0
2012-10-05,0.1198,0.1233,0.1095,0.1108,12052095.0
2012-10-08,0.1095,0.111,0.105,0.1075,5986779.0
2012-10-09,0.107,0.108,0.0995,0.1005,9068225.0
2012-10-10,0.099,0.1005,0.0938,0.095,8153950.0
2012-10-11,0.098,0.099,0.0943,0.0968,7997254.0
2012-10-12,0.0945,0.097,0.092,0.094,6516465.0
2012-10-15,0.0945,0.0983,0.0908,0.098,6190155.0
2012-10-16,0.1008,0.1083,0.0978,0.1073,9076976.0
2012-10-17,0.1033,0.1063,0.1,0.1048,9774107.0
2012-10-18,0.104,0.104,0.0983,0.0998,6339451.0
2012-10-19,0.095,0.0973,0.079,0.0808,17705685.0
2012-10-22,0.0823,0.084,0.075,0.0775,11975444.0
2012-10-23,0.0748,0.0885,0.074,0.0865,14295844.0
2012-10-24,0.0885,0.0898,0.0795,0.0825,8280331.0
2012-10-25,0.085,0.0883,0.0815,0.0828,7572995.0
2012-10-26,0.0833,0.085,0.0795,0.0795,9579255.0
2012-10-31,0.0808,0.0833,0.077,0.0775,8645905.0
2012-11-01,0.0793,0.0923,0.079,0.092,11802340.0
2012-11-02,0.0953,0.0958,0.0885,0.0905,6343498.0
2012-11-05,0.0898,0.105,0.0898,0.1038,10943588.0
2012-11-06,0.1045,0.1045,0.098,0.1035,8668912.0
2012-11-07,0.101,0.103,0.092,0.0935,8070203.0
2012-11-08,0.097,0.1053,0.0945,0.0953,20006528.0
2012-11-09,0.097,0.1005,0.082,0.083,21126908.0
2012-11-12,0.0835,0.0848,0.0733,0.076,15766137.0
2012-11-13,0.0748,0.0815,0.0738,0.074,12191235.0
2012-11-14,0.0758,0.0788,0.0665,0.0668,15074601.0
2012-11-15,0.0685,0.076,0.066,0.068,11653309.0
2012-11-16,0.068,0.069,0.057,0.0628,15340454.0
2012-11-19,0.068,0.0718,0.0645,0.0705,9977358.0
2012-11-20,0.0678,0.069,0.0625,0.0655,8411007.0
2012-11-21,0.0655,0.0745,0.0653,0.0738,10423116.0
2012-11-23,0.075,0.0793,0.0733,0.0758,6923263.0
2012-11-26,0.0763,0.0818,0.0758,0.0808,9095395.0
2012-11-27,0.0798,0.0868,0.0773,0.082,11245169.0
2012-11-28,0.081,0.0863,0.0773,0.0848,9560531.0
2012-11-29,0.0853,0.0868,0.0783,0.0793,12203468.0
2012-11-30,0.079,0.0813,0.0758,0.0775,11113945.0
2012-12-03,0.0813,0.0813,0.0713,0.072,9779103.0
2012-12-04,0.0725,0.0813,0.0708,0.0805,13180277.0
2012-12-05,0.0783,0.0803,0.073,0.0773,15596926.0
2012-12-06,0.0765,0.0798,0.0753,0.0778,10253100.0
2012-12-07,0.078,0.0795,0.0738,0.077,8420800.0
2012-12-10,0.0773,0.0895,0.0765,0.0873,12803319.0
2012-12-11,0.0883,0.0985,0.0875,0.0945,20364707.0
2012-12-12,0.0955,0.0973,0.09,0.0913,9976184.0
2012-12-13,0.0908,0.0975,0.0885,0.0915,9313148.0
2012-12-14,0.0928,0.0963,0.0905,0.093,8436589.0
2012-12-17,0.0923,0.094,0.087,0.0915,11113424.0
2012-12-18,0.0918,0.0958,0.0908,0.0923,10351990.0
2012-12-19,0.0945,0.0983,0.0933,0.0945,11440971.0
2012-12-20,0.0958,0.096,0.0908,0.0943,8164781.0
2012-12-21,0.09,0.09,0.0835,0.087,10892499.0
2012-12-24,0.0868,0.0878,0.0835,0.0845,3188164.0
2012-12-26,0.0838,0.0888,0.083,0.0843,4889232.0
2012-12-27,0.0848,0.0853,0.0788,0.0823,7438343.0
2012-12-28,0.0795,0.0855,0.079,0.0808,5464908.0
2012-12-31,0.0798,0.086,0.079,0.0848,8088766.0
2013-01-02,0.0923,0.0965,0.091,0.0963,11898563.0
2013-01-03,0.0963,0.1,0.0928,0.0965,7354489.0
2013-01-04,0.097,0.108,0.096,0.107,12997638.0
2013-01-07,0.1068,0.1078,0.0953,0.0975,15244674.0
2013-01-08,0.0983,0.0993,0.0883,0.0905,11577178.0
2013-01-09,0.093,0.0945,0.0815,0.0835,17344910.0
2013-01-10,0.0863,0.0878,0.0823,0.084,12607663.0
2013-01-11,0.0853,0.0855,0.0805,0.0835,12771646.0
2013-01-14,0.0855,0.0855,0.0798,0.0833,7604417.0
2013-01-15,0.0818,0.0818,0.076,0.0778,9332937.0
2013-01-16,0.0773,0.083,0.0773,0.0805,8373661.0
2013-01-17,0.0815,0.0858,0.0808,0.0845,14453913.0
2013-01-18,0.0845,0.0845,0.0788,0.0825,9890885.0
2013-01-22,0.0823,0.085,0.0795,0.081,7670111.0
2013-01-23,0.082,0.0823,0.0783,0.0815,10424112.0
2013-01-24,0.0805,0.0843,0.079,0.083,9825975.0
2013-01-25,0.0835,0.0888,0.082,0.0885,9790244.0
2013-01-28,0.09,0.0955,0.0893,0.0935,10559007.0
2013-01-29,0.0923,0.093,0.0855,0.0868,9692429.0
2013-01-30,0.087,0.0913,0.085,0.0863,7084090.0
2013-01-31,0.0863,0.0898,0.0828,0.0848,11703814.0
2013-02-01,0.0873,0.0885,0.0848,0.0875,7180247.0
2013-02-04,0.0858,0.092,0.082,0.0823,12681059.0
2013-02-05,0.0838,0.091,0.0828,0.0893,9057961.0
2013-02-06,0.0818,0.0893,0.08,0.0868,13192054.0
2013-02-07,0.0858,0.0883,0.0825,0.0855,10980599.0
2013-02-08,0.0875,0.09,0.0855,0.0875,7648719.0
2013-02-11,0.09,0.094,0.087,0.091,10204066.0
2013-02-12,0.088,0.0923,0.0878,0.089,6896913.0
2013-02-13,0.0893,0.0948,0.0865,0.0875,20200528.0
2013-02-14,0.0833,0.0968,0.0795,0.0965,22017398.0
2013-02-15,0.0958,0.098,0.0895,0.0965,18276606.0
2013-02-19,0.0968,0.097,0.0903,0.092,10792475.0
2013-02-20,0.0933,0.0983,0.0868,0.0878,17703415.0
2013-02-21,0.0873,0.0908,0.0848,0.0855,13979137.0
2013-02-22,0.0875,0.0915,0.0858,0.0913,9162513.0
2013-02-25,0.092,0.0945,0.0853,0.0858,16057032.0
2013-02-26,0.0864,0.0909,0.0854,0.0894,11978751.0
2013-02-27,0.0894,0.0974,0.0886,0.0951,11910284.0
2013-02-28,0.0941,0.1014,0.0929,0.0966,14686759.0
2013-03-01,0.0944,0.0989,0.0914,0.0979,9695029.0
2013-03-04,0.0956,0.0994,0.0931,0.0964,8811151.0
2013-03-05,0.0984,0.1006,0.0966,0.1001,9063261.0
2013-03-06,0.1021,0.1051,0.0984,0.0999,8537209.0
2013-03-07,0.1016,0.1049,0.0971,0.0991,7844700.0
2013-03-08,0.0999,0.1021,0.0984,0.1006,6137168.0
2013-03-11,0.0974,0.0989,0.0949,0.0974,7464415.0
2013-03-12,0.0971,0.0996,0.0941,0.0986,7754412.0
2013-03-13,0.0986,0.1039,0.0956,0.0986,12121452.0
2013-03-14,0.1006,0.1016,0.0969,0.0989,9557074.0
2013-03-15,0.0989,0.0989,0.0949,0.0961,8450702.0
2013-03-18,0.0941,0.0969,0.0916,0.0939,7399368.0
2013-03-19,0.0941,0.0956,0.0896,0.0919,8831244.0
2013-03-20,0.0949,0.0966,0.0919,0.0956,8458794.0
2013-03-21,0.0939,0.0944,0.0901,0.0906,8387411.0
2013-03-22,0.0916,0.0934,0.0904,0.0921,5713396.0
2013-03-25,0.0939,0.0941,0.0881,0.0904,9003257.0
2013-03-26,0.0911,0.0929,0.0899,0.0926,5786897.0
2013-03-27,0.0914,0.0981,0.0906,0.0964,6360536.0
2013-03-28,0.0956,0.1011,0.0934,0.1009,7992841.0
2013-04-01,0.1001,0.1001,0.0881,0.0904,10993434.0
2013-04-02,0.0906,0.0914,0.0851,0.0869,9239866.0
2013-04-03,0.0866,0.0884,0.0811,0.0831,8707212.0
2013-04-04,0.0824,0.0874,0.0814,0.0861,6841673.0
2013-04-05,0.0819,0.0916,0.0811,0.0916,12325882.0
2013-04-08,0.0919,0.0919,0.0849,0.0909,8116834.0
2013-04-09,0.0911,0.0981,0.0889,0.0959,9481739.0
2013-04-10,0.0961,0.1014,0.0954,0.1009,9542805.0
2013-04-11,0.0964,0.1014,0.0876,0.0994,24206689.0
2013-04-12,0.1009,0.1109,0.0981,0.1074,19197740.0
2013-04-15,0.1064,0.1074,0.0986,0.1006,10643813.0
2013-04-16,0.1036,0.1064,0.1019,0.1041,11652920.0
2013-04-17,0.1016,0.1046,0.0979,0.0996,13190434.0
2013-04-18,0.1006,0.1026,0.0936,0.0936,10005504.0
2013-04-19,0.0934,0.0951,0.0894,0.0944,7514942.0
2013-04-22,0.0941,0.0976,0.0916,0.0949,6103032.0
2013-04-23,0.0976,0.1064,0.0971,0.1031,9347265.0
2013-04-24,0.1041,0.1169,0.1039,0.1141,13845654.0
2013-04-25,0.1159,0.1176,0.1129,0.1169,8810656.0
2013-04-26,0.1164,0.1169,0.1134,0.1154,7942051.0
2013-04-29,0.1159,0.1206,0.1144,0.1194,6691479.0
2013-04-30,0.1201,0.1244,0.1179,0.1244,6736200.0
2013-05-01,0.1244,0.1266,0.1201,0.1214,8459493.0
2013-05-02,0.1211,0.1264,0.1191,0.1254,8015687.0
2013-05-03,0.1276,0.1294,0.1256,0.1269,7135906.0
2013-05-06,0.1269,0.1286,0.1239,0.1259,5314425.0
2013-05-07,0.1259,0.1266,0.1181,0.1214,11130475.0
2013-05-08,0.1219,0.1296,0.1206,0.1276,8298358.0
2013-05-09,0.1214,0.1294,0.1209,0.1279,13490457.0
2013-05-10,0.1351,0.1451,0.1351,0.1436,21423224.0
2013-05-13,0.1411,0.1426,0.1346,0.1361,7177239.0
2013-05-14,0.1404,0.1444,0.1366,0.1414,11261290.0
2013-05-15,0.1396,0.1489,0.1396,0.1474,7769988.0
2013-05-16,0.1471,0.1509,0.1446,0.1459,7676036.0
2013-05-17,0.1476,0.1544,0.1449,0.1519,7722192.0
2013-05-20,0.1504,0.1524,0.1491,0.1511,5837352.0
2013-05-21,0.1533,0.1565,0.1488,0.155,8689074.0
2013-05-22,0.1565,0.1565,0.1405,0.142,11949607.0
2013-05-23,0.1378,0.1488,0.1368,0.1478,9785947.0
2013-05-24,0.1458,0.1488,0.1415,0.1455,7063769.0
2013-05-28,0.1483,0.1493,0.1418,0.1453,6940782.0
2013-05-29,0.143,0.1453,0.1415,0.143,8332364.0
2013-05-30,0.1425,0.1513,0.1415,0.1478,7052563.0
2013-05-31,0.1458,0.151,0.1438,0.1438,11754819.0
2013-06-03,0.1443,0.147,0.1358,0.1433,10861856.0
2013-06-04,0.1455,0.152,0.1415,0.1438,8937684.0
2013-06-05,0.1433,0.146,0.135,0.136,11523383.0
2013-06-06,0.136,0.141,0.1358,0.1383,7985364.0
2013-06-07,0.1408,0.1455,0.1393,0.143,6848565.0
2013-06-10,0.1423,0.1453,0.1403,0.143,5550621.0
2013-06-11,0.1383,0.1433,0.1363,0.1363,7327355.0
2013-06-12,0.138,0.1408,0.1313,0.1333,7785235.0
2013-06-13,0.132,0.143,0.1318,0.1413,5801147.0
2013-06-14,0.1425,0.143,0.1383,0.1408,5884354.0
2013-06-17,0.1435,0.1475,0.1415,0.1443,6303843.0
2013-06-18,0.146,0.15,0.139,0.142,12080240.0
2013-06-19,0.1453,0.169,0.144,0.153,28916294.0
2013-06-20,0.15,0.1505,0.1403,0.143,15577470.0
2013-06-21,0.145,0.1463,0.1365,0.1423,16803917.0
2013-06-24,0.1373,0.1418,0.1298,0.135,13450735.0
2013-06-25,0.1388,0.1395,0.1338,0.1375,10245954.0
2013-06-26,0.1415,0.1418,0.134,0.1355,14457262.0
2013-06-27,0.1365,0.137,0.1285,0.1323,20186817.0
2013-06-28,0.1323,0.1365,0.1278,0.133,10436593.0
2013-07-01,0.1355,0.1363,0.1323,0.1345,4971855.0
2013-07-02,0.1325,0.1395,0.131,0.1343,5870033.0
2013-07-03,0.1313,0.1395,0.1313,0.1353,3509626.0
2013-07-05,0.1363,0.1388,0.1338,0.138,4585156.0
2013-07-08,0.139,0.1408,0.1343,0.136,6448279.0
2013-07-09,0.137,0.14,0.136,0.138,3924667.0
2013-07-10,0.138,0.1438,0.137,0.1428,5164200.0
2013-07-11,0.1448,0.1483,0.144,0.1478,5961286.0
2013-07-12,0.147,0.1515,0.1458,0.148,5393262.0
2013-07-15,0.1488,0.1488,0.1415,0.1473,5025744.0
2013-07-16,0.1488,0.1513,0.1468,0.1493,4060527.0
2013-07-17,0.1493,0.1505,0.1463,0.1473,4150316.0
2013-07-18,0.1468,0.148,0.141,0.1458,8586895.0
2013-07-19,0.1435,0.1453,0.1343,0.138,11987831.0
2013-07-22,0.1408,0.144,0.1363,0.1378,7302900.0
2013-07-23,0.1423,0.1423,0.1355,0.1373,6142022.0
2013-07-24,0.1405,0.1415,0.1368,0.1373,7060007.0
2013-07-25,0.137,0.143,0.1345,0.1385,6036190.0
2013-07-26,0.1343,0.139,0.1343,0.137,5668308.0
2013-07-29,0.1363,0.1408,0.1353,0.1363,4485855.0
2013-07-30,0.1375,0.147,0.1373,0.1423,6632150.0
2013-07-31,0.1405,0.1465,0.1403,0.1428,6443060.0
2013-08-01,0.1443,0.1488,0.14,0.148,6912664.0
2013-08-02,0.1473,0.1518,0.1448,0.151,5210402.0
2013-08-05,0.15,0.154,0.148,0.1528,4606437.0
2013-08-06,0.153,0.1538,0.1465,0.1473,5103109.0
2013-08-07,0.1453,0.1508,0.145,0.147,6097737.0
2013-08-08,0.149,0.151,0.1448,0.1495,8022170.0
2013-08-09,0.135,0.1498,0.1348,0.1443,22651243.0
2013-08-12,0.1295,0.1465,0.1098,0.1413,6431473.0
2013-08-13,0.1418,0.144,0.1395,0.1425,4907823.0
2013-08-14,0.1418,0.16,0.1415,0.1578,20264965.0
2013-08-15,0.1538,0.1633,0.1523,0.16,18039406.0
2013-08-16,0.1595,0.167,0.1588,0.1618,16500716.0
2013-08-19,0.1595,0.1608,0.1555,0.1558,9820471.0
2013-08-20,0.1556,0.1601,0.1551,0.1576,5839602.0
2013-08-21,0.1554,0.1601,0.1544,0.1559,6531337.0
2013-08-22,0.1556,0.1614,0.1556,0.1579,3190239.0
2013-08-23,0.1584,0.1614,0.1571,0.1579,6128331.0
2013-08-26,0.1581,0.1596,0.1571,0.1586,7503769.0
2013-08-27,0.1551,0.1576,0.1526,0.1539,6886400.0
2013-08-28,0.1546,0.1574,0.1524,0.1539,7938551.0
2013-08-29,0.1526,0.1566,0.1516,0.1531,6838771.0
2013-08-30,0.1534,0.1544,0.1509,0.1526,8973203.0
2013-09-03,0.1536,0.1581,0.1506,0.1529,7087476.0
2013-09-04,0.1529,0.1586,0.1524,0.1564,5502595.0
2013-09-05,0.1549,0.1589,0.1546,0.1574,4263662.0
2013-09-06,0.1576,0.1596,0.1529,0.1559,5659577.0
2013-09-09,0.1589,0.1621,0.1579,0.1619,6131350.0
2013-09-10,0.1649,0.1704,0.1631,0.1701,7212181.0
2013-09-11,0.1696,0.1776,0.1669,0.1766,9882676.0
2013-09-12,0.1746,0.1814,0.1746,0.1764,7575256.0
2013-09-13,0.1776,0.1806,0.1749,0.1789,3975291.0
2013-09-16,0.1821,0.1849,0.1776,0.1791,5877227.0
2013-09-17,0.1806,0.1836,0.1789,0.1804,4203160.0
2013-09-18,0.1806,0.1849,0.1786,0.1839,6659349.0
2013-09-19,0.1856,0.1864,0.1804,0.1819,5674852.0
2013-09-20,0.1831,0.1856,0.1779,0.1786,8253676.0
2013-09-23,0.1784,0.1816,0.1726,0.1749,6768119.0
2013-09-24,0.1751,0.1779,0.1729,0.1764,5669984.0
2013-09-25,0.1756,0.1799,0.1739,0.1769,5773627.0
2013-09-26,0.1779,0.1786,0.1734,0.1756,3711002.0
2013-09-27,0.1726,0.1759,0.1711,0.1734,3773867.0
2013-09-30,0.1694,0.1756,0.1671,0.1729,5641752.0
2013-10-01,0.1734,0.1751,0.1704,0.1726,5635371.0
2013-10-02,0.1686,0.1739,0.1686,0.1724,4023817.0
2013-10-03,0.1726,0.1761,0.1664,0.1684,10769394.0
2013-10-04,0.1679,0.1769,0.1669,0.1736,6120590.0
2013-10-07,0.1721,0.1764,0.1701,0.1736,4214920.0
2013-10-08,0.1726,0.1781,0.1674,0.1704,7231997.0
2013-10-09,0.1729,0.1731,0.1624,0.1644,6876335.0
2013-10-10,0.1671,0.1696,0.1644,0.1684,5529085.0
2013-10-11,0.1626,0.1674,0.1614,0.1654,5329524.0
2013-10-14,0.1644,0.1711,0.1644,0.1711,4138981.0
2013-10-15,0.1711,0.1734,0.1689,0.1691,5180572.0
2013-10-16,0.1714,0.1754,0.1709,0.1739,5184151.0
2013-10-17,0.1709,0.1756,0.1709,0.1746,5316822.0
2013-10-18,0.1739,0.1804,0.1724,0.1791,6331437.0
2013-10-21,0.1839,0.1841,0.1789,0.1801,4869158.0
2013-10-22,0.1801,0.1804,0.1746,0.1781,4457768.0
2013-10-23,0.1774,0.1774,0.1701,0.1714,6248954.0
2013-10-24,0.1724,0.1749,0.1679,0.1684,5521697.0
2013-10-25,0.1706,0.1709,0.1636,0.1649,8237313.0
2013-10-28,0.1644,0.1661,0.1589,0.1641,9050708.0
2013-10-29,0.1636,0.1654,0.1601,0.1646,9674627.0
2013-10-30,0.1659,0.1676,0.1611,0.1644,5084312.0
2013-10-31,0.1649,0.1676,0.1629,0.1636,7105819.0
2013-11-01,0.1656,0.1671,0.1626,0.1651,5119743.0
2013-11-04,0.1666,0.1666,0.1536,0.1544,10227830.0
2013-11-05,0.1521,0.1554,0.1481,0.1539,10502284.0
2013-11-06,0.1539,0.1566,0.1501,0.1564,4922177.0
2013-11-07,0.1551,0.1561,0.1469,0.1474,13329454.0
2013-11-08,0.1589,0.1741,0.1571,0.1729,18314109.0
2013-11-11,0.1714,0.1771,0.1706,0.1761,7436597.0
2013-11-12,0.1779,0.1801,0.1724,0.1766,7891960.0
2013-11-13,0.1759,0.1876,0.1751,0.1876,8300441.0
2013-11-14,0.1864,0.1916,0.1861,0.1894,7672940.0
2013-11-15,0.1909,0.1914,0.1841,0.1881,6246863.0
2013-11-18,0.1794,0.1829,0.1774,0.1784,7905864.0
2013-11-19,0.1765,0.18,0.1715,0.172,5124130.0
2013-11-20,0.1723,0.1733,0.1655,0.1663,5102368.0
2013-11-21,0.1668,0.17,0.165,0.1693,5316249.0
2013-11-22,0.1698,0.1698,0.1648,0.1655,3952838.0
2013-11-25,0.1655,0.1743,0.1655,0.1738,6196546.0
2013-11-26,0.178,0.181,0.1753,0.177,18695147.0
2013-11-27,0.1768,0.1795,0.1743,0.1785,4531837.0
2013-11-29,0.1785,0.1795,0.1735,0.176,2924092.0
2013-12-02,0.1745,0.1825,0.1738,0.1798,9324418.0
2013-12-03,0.1798,0.1848,0.177,0.1795,7245927.0
2013-12-04,0.1785,0.1858,0.1773,0.185,12325274.0
2013-12-05,0.1858,0.1858,0.178,0.1785,6791362.0
2013-12-06,0.1833,0.1833,0.1718,0.1728,7008321.0
2013-12-09,0.1728,0.174,0.1655,0.166,9547918.0
2013-12-10,0.1663,0.1768,0.1658,0.175,13103854.0
2013-12-11,0.1758,0.1763,0.1705,0.1713,10346151.0
2013-12-12,0.17,0.172,0.163,0.1638,6428815.0
2013-12-13,0.1645,0.1673,0.161,0.1615,4617614.0
2013-12-16,0.1618,0.1653,0.1615,0.162,5851222.0
2013-12-17,0.1618,0.1648,0.1585,0.1638,6782084.0
2013-12-18,0.1645,0.1698,0.1598,0.169,10609826.0
2013-12-19,0.1685,0.171,0.166,0.1705,6443681.0
2013-12-20,0.1713,0.1785,0.1703,0.178,8568294.0
2013-12-23,0.1805,0.1838,0.1773,0.1805,4176702.0
2013-12-24,0.1828,0.1828,0.1775,0.1815,1990034.0
2013-12-26,0.183,0.184,0.1768,0.1778,4207478.0
2013-12-27,0.1798,0.1808,0.1775,0.18,5270890.0
2013-12-30,0.1803,0.1855,0.1798,0.1853,6099488.0
2013-12-31,0.186,0.1885,0.1835,0.1865,5869892.0
2014-01-02,0.184,0.1855,0.179,0.1825,6478082.0
2014-01-03,0.1833,0.184,0.1765,0.1778,6475739.0
2014-01-06,0.1818,0.186,0.178,0.183,10147653.0
2014-01-07,0.187,0.191,0.184,0.1895,8300407.0
2014-01-08,0.191,0.197,0.1895,0.195,7503700.0
2014-01-09,0.1888,0.1895,0.1785,0.1798,7294100.0
2014-01-10,0.181,0.1838,0.1758,0.1793,5456816.0
2014-01-13,0.1793,0.1815,0.1693,0.17,6083299.0
2014-01-14,0.172,0.1828,0.1703,0.182,6018872.0
2014-01-15,0.1838,0.1875,0.182,0.1863,4368505.0
2014-01-16,0.1863,0.1883,0.1845,0.1875,5500021.0
2014-01-17,0.1875,0.1923,0.1833,0.1858,8485738.0
2014-01-21,0.1863,0.1898,0.183,0.1873,6136640.0
2014-01-22,0.188,0.1885,0.182,0.1868,8440571.0
2014-01-23,0.1855,0.1898,0.1823,0.1853,4602966.0
2014-01-24,0.182,0.1835,0.175,0.175,6170973.0
2014-01-27,0.175,0.1805,0.1703,0.1725,5829807.0
2014-01-28,0.1718,0.1765,0.1703,0.1763,4191893.0
2014-01-29,0.1748,0.177,0.1723,0.1725,4055271.0
2014-01-30,0.1748,0.1798,0.1735,0.179,5044413.0
2014-01-31,0.1735,0.1808,0.1733,0.1785,8357632.0
2014-02-03,0.1813,0.1818,0.1718,0.1733,10684741.0
2014-02-04,0.173,0.1763,0.171,0.1755,6957268.0
2014-02-05,0.1728,0.174,0.169,0.172,5362068.0
2014-02-06,0.1725,0.178,0.172,0.177,4190765.0
2014-02-07,0.178,0.1833,0.1745,0.1828,3923206.0
2014-02-10,0.1823,0.1893,0.1818,0.1838,8084862.0
2014-02-11,0.1863,0.1933,0.1843,0.1923,5875288.0
2014-02-12,0.1935,0.2098,0.1935,0.2065,18103747.0
2014-02-13,0.2173,0.2225,0.2098,0.22,22528569.0
2014-02-14,0.216,0.2348,0.2158,0.234,20414572.0
2014-02-18,0.234,0.2355,0.2298,0.2333,10650957.0
2014-02-19,0.2335,0.2435,0.2315,0.2395,11254534.0
2014-02-20,0.2405,0.2563,0.2398,0.2555,9790938.0
2014-02-21,0.2548,0.2608,0.249,0.252,11248419.0
2014-02-24,0.251,0.2623,0.2468,0.2588,10036095.0
2014-02-25,0.2581,0.2601,0.2516,0.2566,6046668.0
2014-02-26,0.2556,0.2626,0.2544,0.2559,9010783.0
2014-02-27,0.2559,0.2606,0.2494,0.2506,9680134.0
2014-02-28,0.2481,0.2526,0.2409,0.2476,7994903.0
2014-03-03,0.2374,0.2454,0.2334,0.2454,9364588.0
2014-03-04,0.2476,0.2531,0.2469,0.2501,6374830.0
2014-03-05,0.2496,0.2544,0.2476,0.2541,6016832.0
2014-03-06,0.2549,0.2574,0.2469,0.2476,7242713.0
2014-03-07,0.2496,0.2504,0.2434,0.2471,6707255.0
2014-03-10,0.2456,0.2476,0.2384,0.2404,7383042.0
2014-03-11,0.2426,0.2489,0.2411,0.2449,6757276.0
2014-03-12,0.2426,0.2489,0.2409,0.2461,5967856.0
2014-03-13,0.2471,0.2489,0.2294,0.2316,9609698.0
2014-03-14,0.2271,0.2376,0.2271,0.2336,11493891.0
2014-03-17,0.2349,0.2381,0.2331,0.2336,7475217.0
2014-03-18,0.2354,0.2471,0.2334,0.2441,7302026.0
2014-03-19,0.2476,0.2609,0.2464,0.2519,9151660.0
2014-03-20,0.2496,0.2564,0.2476,0.2524,4761112.0
2014-03-21,0.2564,0.2601,0.2491,0.2509,13028797.0
2014-03-24,0.2519,0.2556,0.2426,0.2496,7608178.0
2014-03-25,0.2544,0.2549,0.2459,0.2494,7517235.0
2014-03-26,0.2536,0.2624,0.2349,0.2389,13877638.0
2014-03-27,0.2379,0.2416,0.2276,0.2329,13438732.0
2014-03-28,0.2321,0.2384,0.2309,0.2356,9963348.0
2014-03-31,0.2364,0.2404,0.2331,0.2359,6818811.0
2014-04-01,0.2501,0.2599,0.2446,0.2541,16391351.0
2014-04-02,0.2544,0.2554,0.2494,0.2514,5996124.0
2014-04-03,0.2524,0.2676,0.2521,0.2564,14978644.0
2014-04-04,0.2589,0.2616,0.2396,0.2421,9200671.0
2014-04-07,0.2421,0.2521,0.2396,0.2434,10687678.0
2014-04-08,0.2434,0.2609,0.2426,0.2596,11732826.0
2014-04-09,0.2619,0.2659,0.2554,0.2591,10497868.0
2014-04-10,0.2571,0.2636,0.2461,0.2476,9276020.0
2014-04-11,0.2441,0.2511,0.2351,0.2411,8826866.0
2014-04-14,0.2441,0.2479,0.2411,0.2461,7251152.0
2014-04-15,0.2466,0.2519,0.2421,0.2494,7446571.0
2014-04-16,0.2516,0.2521,0.2444,0.2504,5859700.0
2014-04-17,0.2486,0.2564,0.2476,0.2521,3815518.0
2014-04-21,0.2524,0.2571,0.2494,0.2559,2925085.0
2014-04-22,0.2566,0.2629,0.2541,0.2599,6364388.0
2014-04-23,0.2606,0.2666,0.2599,0.2654,6475377.0
2014-04-24,0.2686,0.2746,0.2686,0.2696,9773092.0
2014-04-25,0.2686,0.2731,0.2554,0.2564,7805015.0
2014-04-28,0.2601,0.2626,0.2486,0.2544,5668397.0
2014-04-29,0.2561,0.2569,0.2501,0.2554,4275669.0
2014-04-30,0.2546,0.2551,0.2489,0.2499,7636503.0
2014-05-01,0.2569,0.2579,0.2486,0.2524,4949113.0
2014-05-02,0.2546,0.2546,0.2461,0.2489,3896023.0
2014-05-05,0.2484,0.2574,0.2479,0.2539,5980289.0
2014-05-06,0.2584,0.2624,0.2431,0.2444,10335527.0
2014-05-07,0.2444,0.2486,0.2399,0.2449,7335790.0
2014-05-08,0.2431,0.2579,0.2409,0.2506,10770408.0
2014-05-09,0.2366,0.2409,0.2309,0.2394,13483081.0
2014-05-12,0.2404,0.2536,0.2401,0.2526,7475893.0
2014-05-13,0.2464,0.2539,0.2436,0.2451,5511746.0
2014-05-14,0.2454,0.2471,0.2404,0.2406,5354897.0
2014-05-15,0.2396,0.2421,0.2336,0.2381,8137795.0
2014-05-16,0.2346,0.2404,0.2346,0.2371,7076260.0
2014-05-19,0.2419,0.2541,0.2399,0.2516,8998429.0
2014-05-20,0.2518,0.253,0.244,0.2463,6387982.0
2014-05-21,0.248,0.2518,0.2433,0.2463,5407579.0
2014-05-22,0.2453,0.2508,0.2453,0.2483,3256433.0
2014-05-23,0.2508,0.2548,0.248,0.2525,4565092.0
2014-05-27,0.2553,0.2608,0.2538,0.2608,5240255.0
2014-05-28,0.2625,0.2678,0.258,0.2648,5571882.0
2014-05-29,0.2645,0.2685,0.263,0.264,4294649.0
2014-05-30,0.264,0.2665,0.2615,0.2653,5933052.0
2014-06-02,0.2668,0.2698,0.2598,0.2638,4534639.0
2014-06-03,0.2648,0.2653,0.2555,0.2618,6056040.0
2014-06-04,0.2605,0.2658,0.2603,0.2623,4022352.0
2014-06-05,0.263,0.2658,0.2603,0.2643,4704743.0
2014-06-06,0.2665,0.2703,0.2648,0.266,4013786.0
2014-06-09,0.2655,0.271,0.2623,0.2665,6185051.0
2014-06-10,0.2648,0.2713,0.2628,0.269,5435073.0
2014-06-11,0.2673,0.2763,0.2673,0.2753,6648255.0
2014-06-12,0.2753,0.2805,0.271,0.2783,8422103.0
2014-06-13,0.2833,0.2835,0.274,0.2788,5694773.0
2014-06-16,0.2765,0.2805,0.273,0.2773,4760876.0
2014-06-17,0.2778,0.2825,0.2753,0.2803,3918049.0
2014-06-18,0.2793,0.2823,0.2748,0.28,5387124.0
2014-06-19,0.271,0.2735,0.2653,0.2685,11860785.0
2014-06-20,0.27,0.2715,0.2598,0.2635,8551162.0
2014-06-23,0.2573,0.2583,0.2518,0.258,10349108.0
2014-06-24,0.2573,0.261,0.2488,0.2508,6877710.0
2014-06-25,0.252,0.2558,0.2478,0.2555,5366053.0
2014-06-26,0.2555,0.2558,0.2478,0.2493,6361738.0
2014-06-27,0.2488,0.2525,0.246,0.2498,6576254.0
2014-06-30,0.248,0.255,0.248,0.2538,4500035.0
2014-07-01,0.2533,0.2615,0.2518,0.2588,7990801.0
2014-07-02,0.2573,0.2593,0.2545,0.2573,4478257.0
2014-07-03,0.253,0.2628,0.253,0.2615,3422256.0
2014-07-07,0.2623,0.2625,0.257,0.2578,3174159.0
2014-07-08,0.2565,0.2585,0.2495,0.2538,5547600.0
2014-07-09,0.258,0.27,0.2545,0.268,9681580.0
2014-07-10,0.259,0.2675,0.2553,0.2653,6620909.0
2014-07-11,0.266,0.268,0.2643,0.2665,4778880.0
2014-07-14,0.2685,0.2738,0.2668,0.2725,6800018.0
2014-07-15,0.2765,0.2803,0.2713,0.274,7968976.0
2014-07-17,0.2685,0.2778,0.2685,0.2728,8086921.0
2014-07-18,0.2628,0.2665,0.2505,0.2513,14158560.0
2014-07-21,0.2495,0.2573,0.2495,0.254,6073201.0
2014-07-22,0.2575,0.26,0.251,0.252,7443800.0
2014-07-23,0.2523,0.2525,0.2418,0.2423,7391269.0
2014-07-24,0.2448,0.246,0.2398,0.243,6351738.0
2014-07-25,0.2415,0.2425,0.2343,0.235,6624567.0
2014-07-28,0.237,0.237,0.2255,0.2333,8222860.0
2014-07-29,0.2335,0.2408,0.2333,0.2348,5404402.0
2014-07-30,0.2375,0.2435,0.2363,0.2423,6137026.0
2014-07-31,0.2368,0.2403,0.2268,0.2278,9990689.0
2014-08-01,0.2278,0.235,0.2263,0.2325,5461400.0
2014-08-04,0.232,0.2358,0.2293,0.2313,6003142.0
2014-08-05,0.2303,0.2383,0.2265,0.2318,7439569.0
2014-08-06,0.2288,0.2368,0.2255,0.2313,5580537.0
2014-08-07,0.235,0.239,0.2238,0.2268,9881915.0
2014-08-08,0.2458,0.2678,0.2458,0.2653,22337870.0
2014-08-11,0.2658,0.2678,0.2615,0.2628,8598214.0
2014-08-12,0.2625,0.2653,0.2575,0.2628,7394486.0
2014-08-13,0.2635,0.2695,0.2605,0.2655,6398338.0
2014-08-14,0.2673,0.2673,0.2583,0.2603,6372210.0
2014-08-15,0.2618,0.2688,0.2573,0.2663,9230711.0
2014-08-18,0.2683,0.2733,0.2635,0.2728,7139110.0
2014-08-19,0.2729,0.2791,0.2711,0.2766,6186946.0
2014-08-20,0.2749,0.2771,0.2724,0.2736,5508747.0
2014-08-21,0.2724,0.2749,0.2684,0.2691,6792185.0
2014-08-22,0.2686,0.2734,0.2656,0.2694,6276646.0
2014-08-25,0.2714,0.2746,0.2691,0.2701,3827752.0
2014-08-26,0.2714,0.2796,0.2696,0.2786,6719874.0
2014-08-27,0.2756,0.2791,0.2724,0.2731,4539123.0
2014-08-28,0.2721,0.2781,0.2706,0.2771,4487325.0
2014-08-29,0.2789,0.2796,0.2736,0.2786,5036327.0
2014-09-02,0.2799,0.2799,0.2751,0.2796,4802926.0
2014-09-03,0.2824,0.2861,0.2791,0.2844,6458316.0
2014-09-04,0.2836,0.2961,0.2834,0.2931,12155701.0
2014-09-05,0.2926,0.2949,0.2884,0.2916,6323357.0
2014-09-08,0.2911,0.2921,0.2851,0.2871,7795691.0
2014-09-09,0.2849,0.2881,0.2804,0.2809,4944179.0
2014-09-10,0.2836,0.2844,0.2779,0.2826,4085347.0
2014-09-11,0.2791,0.2809,0.2724,0.2776,6213272.0
2014-09-12,0.2806,0.2806,0.2696,0.2704,6513092.0
2014-09-15,0.2719,0.2726,0.2619,0.2639,6546306.0
2014-09-16,0.2626,0.2734,0.2611,0.2706,5482195.0
2014-09-17,0.2696,0.2756,0.2674,0.2711,4316358.0
2014-09-18,0.2741,0.2789,0.2726,0.2784,5473285.0
2014-09-19,0.2799,0.2804,0.2686,0.2691,11041265.0
2014-09-22,0.2791,0.2791,0.2641,0.2646,5495549.0
2014-09-23,0.2621,0.2679,0.2604,0.2626,4882056.0
2014-09-24,0.2624,0.2669,0.2619,0.2654,3986856.0
2014-09-25,0.2649,0.2661,0.2541,0.2551,7425059.0
2014-09-26,0.2566,0.2596,0.2546,0.2559,6010129.0
2014-09-29,0.2524,0.2586,0.2479,0.2551,5142605.0
2014-09-30,0.2534,0.2569,0.2481,0.2536,6864469.0
2014-10-01,0.2544,0.2576,0.2479,0.2491,8707144.0
2014-10-02,0.2484,0.2506,0.2366,0.2471,7165429.0
2014-10-03,0.2499,0.2561,0.2481,0.2481,5972424.0
2014-10-06,0.2499,0.2536,0.2424,0.2454,4954134.0
2014-10-07,0.2434,0.2476,0.2399,0.2404,7512802.0
2014-10-08,0.2401,0.2511,0.2366,0.2489,6462746.0
2014-10-09,0.2469,0.2471,0.2364,0.2401,7580970.0
2014-10-10,0.2366,0.2381,0.2134,0.2134,17235494.0
2014-10-13,0.2164,0.2249,0.2116,0.2119,9903266.0
2014-10-14,0.2179,0.2336,0.2154,0.2216,9391092.0
2014-10-15,0.2156,0.2306,0.2126,0.2284,10101520.0
2014-10-16,0.2206,0.2336,0.2196,0.2286,8740993.0
2014-10-17,0.2339,0.2389,0.2261,0.2279,7223808.0
2014-10-20,0.2279,0.2354,0.2249,0.2316,4987039.0
2014-10-21,0.2349,0.2509,0.2336,0.2504,8650429.0
2014-10-22,0.2496,0.2511,0.2396,0.2396,5954261.0
2014-10-23,0.2474,0.2529,0.2441,0.2494,5309694.0
2014-10-24,0.2524,0.2571,0.2494,0.2544,5231122.0
2014-10-27,0.2541,0.2564,0.2491,0.2546,3464258.0
2014-10-28,0.2534,0.2661,0.2529,0.2656,4763317.0
2014-10-29,0.2636,0.2664,0.2584,0.2624,4162944.0
2014-10-30,0.2614,0.2634,0.2536,0.2596,4239051.0
2014-10-31,0.2704,0.2811,0.2679,0.2809,6260294.0
2014-11-03,0.2921,0.2939,0.2866,0.2891,7588218.0
2014-11-04,0.2924,0.2974,0.2841,0.2956,8960879.0
2014-11-05,0.2986,0.2986,0.2919,0.2956,8379306.0
2014-11-06,0.2966,0.2986,0.2889,0.2979,9650847.0
2014-11-07,0.3036,0.3094,0.2821,0.2871,10789962.0
2014-11-10,0.2866,0.2961,0.2854,0.2929,7302284.0
2014-11-11,0.2899,0.2926,0.2824,0.2869,5306554.0
2014-11-12,0.2851,0.2864,0.2769,0.2834,5080365.0
2014-11-13,0.2854,0.2861,0.2771,0.2811,5610500.0
2014-11-14,0.2816,0.2871,0.2766,0.2869,3967646.0
2014-11-17,0.2849,0.2901,0.2816,0.2846,3952239.0
2014-11-18,0.2851,0.2979,0.2839,0.2966,5179591.0
2014-11-19,0.297,0.2985,0.2895,0.2948,5748453.0
2014-11-20,0.2913,0.3035,0.2898,0.303,5522694.0
2014-11-21,0.3075,0.3083,0.3015,0.3058,4939634.0
2014-11-24,0.307,0.3113,0.305,0.309,3392012.0
2014-11-25,0.308,0.3125,0.307,0.3088,4485008.0
2014-11-26,0.3058,0.318,0.3055,0.3173,5436527.0
2014-11-28,0.3193,0.3218,0.3145,0.3188,3120531.0
2014-12-01,0.3165,0.3195,0.3083,0.309,4729122.0
2014-12-02,0.3085,0.312,0.3038,0.3098,6109899.0
2014-12-03,0.3123,0.3233,0.3108,0.3228,7105929.0
2014-12-04,0.3223,0.3243,0.3148,0.3183,4628486.0
2014-12-05,0.3185,0.324,0.3183,0.3213,4126843.0
2014-12-08,0.3205,0.3258,0.3103,0.3145,5665767.0
2014-12-09,0.3113,0.314,0.3035,0.313,5983156.0
2014-12-10,0.3113,0.3133,0.3005,0.3013,5044962.0
2014-12-11,0.3043,0.3078,0.3,0.301,3346064.0
2014-12-12,0.2943,0.2988,0.2848,0.2855,8041561.0
2014-12-15,0.291,0.3,0.2823,0.2838,6314262.0
2014-12-16,0.2833,0.291,0.278,0.278,4617420.0
2014-12-17,0.288,0.2988,0.272,0.298,8601793.0
2014-12-18,0.3043,0.3103,0.2953,0.2998,5528584.0
2014-12-19,0.3035,0.307,0.2988,0.305,6760431.0
2014-12-22,0.3045,0.314,0.3028,0.314,3678378.0
2014-12-23,0.318,0.3205,0.31,0.3108,2687625.0
2014-12-24,0.312,0.3125,0.3083,0.3088,1141128.0
2014-12-26,0.3088,0.312,0.3075,0.3093,1301890.0
2014-12-29,0.3078,0.312,0.3053,0.3085,2073613.0
2014-12-30,0.305,0.3075,0.303,0.3038,2759762.0
2014-12-31,0.3045,0.3073,0.2943,0.2958,4116562.0
2015-01-02,0.2978,0.3015,0.2898,0.2978,2812345.0
2015-01-05,0.2978,0.2993,0.287,0.2893,4868703.0
2015-01-06,0.29,0.2905,0.2738,0.2743,4890334.0
2015-01-07,0.2778,0.282,0.2715,0.2728,8002921.0
2015-01-08,0.2785,0.294,0.2783,0.291,6614262.0
2015-01-09,0.2928,0.2968,0.2858,0.293,5214690.0
2015-01-12,0.2943,0.2943,0.2823,0.2868,4737425.0
2015-01-13,0.2905,0.3005,0.2825,0.2858,5899197.0
2015-01-14,0.2808,0.2895,0.2795,0.288,3876718.0
2015-01-15,0.2915,0.2945,0.2843,0.2845,4682523.0
2015-01-16,0.2838,0.294,0.2823,0.2935,4525521.0
2015-01-20,0.297,0.2998,0.2888,0.295,3486794.0
2015-01-21,0.2923,0.301,0.2888,0.3008,1217948.0
2015-01-22,0.303,0.312,0.2978,0.3105,3970441.0
2015-01-23,0.3113,0.313,0.307,0.3123,2970352.0
2015-01-26,0.31,0.3125,0.3068,0.3098,3326415.0
2015-01-27,0.302,0.3025,0.2843,0.2853,8922863.0
2015-01-28,0.2913,0.2933,0.277,0.2773,6698829.0
2015-01-29,0.2775,0.2918,0.2753,0.289,5713906.0
2015-01-30,0.2855,0.2913,0.2738,0.2745,7103538.0
2015-02-02,0.2775,0.287,0.268,0.285,6421572.0
2015-02-03,0.2885,0.2978,0.286,0.2973,4526545.0
2015-02-04,0.2958,0.304,0.294,0.2985,4503872.0
2015-02-05,0.299,0.307,0.2985,0.3065,3481536.0
2015-02-06,0.3063,0.3123,0.3023,0.3048,5229498.0
2015-02-09,0.3015,0.3055,0.2983,0.304,6829595.0
2015-02-10,0.3045,0.3185,0.3023,0.3183,5618892.0
2015-02-11,0.3195,0.3195,0.3113,0.3148,7743952.0
2015-02-12,0.3445,0.357,0.3413,0.352,16877446.0
2015-02-13,0.3508,0.353,0.3423,0.352,7706066.0
2015-02-17,0.3513,0.3568,0.3478,0.3538,5050595.0
2015-02-18,0.3533,0.3543,0.3465,0.3475,4258112.0
2015-02-19,0.3545,0.3555,0.3465,0.349,4173726.0
2015-02-20,0.3485,0.3533,0.3445,0.3528,3926912.0
2015-02-23,0.3528,0.3528,0.3458,0.3483,3102495.0
2015-02-24,0.3506,0.3544,0.3456,0.3544,3728566.0
2015-02-25,0.3521,0.3546,0.3474,0.3501,3081063.0
2015-02-26,0.3506,0.3546,0.3471,0.3516,3798595.0
2015-02-27,0.3501,0.3514,0.3461,0.3479,3915586.0
2015-03-02,0.3466,0.3646,0.3459,0.3614,7520732.0
2015-03-03,0.3574,0.3601,0.3494,0.3511,3904483.0
2015-03-04,0.3491,0.3586,0.3469,0.3574,5638858.0
2015-03-05,0.3574,0.3691,0.3559,0.3681,8048154.0
2015-03-06,0.3649,0.3676,0.3596,0.3604,6381724.0
2015-03-09,0.3606,0.3661,0.3594,0.3619,5551080.0
2015-03-10,0.3644,0.3751,0.3634,0.3719,13109690.0
2015-03-11,0.3716,0.3791,0.3669,0.3686,6522668.0
2015-03-12,0.3631,0.3674,0.3526,0.3634,10156291.0
2015-03-13,0.3606,0.3656,0.3529,0.3641,8954644.0
2015-03-16,0.3686,0.3744,0.3649,0.3706,5889301.0
2015-03-17,0.3696,0.3781,0.3656,0.3776,7485999.0
2015-03-18,0.3779,0.3809,0.3631,0.3684,10333027.0
2015-03-19,0.3704,0.3791,0.3661,0.3769,7434960.0
2015-03-20,0.3819,0.3866,0.3764,0.3834,11296046.0
2015-03-23,0.3659,0.3734,0.3641,0.3644,10579631.0
2015-03-24,0.3626,0.3666,0.3541,0.3566,8193826.0
2015-03-25,0.3564,0.3564,0.3209,0.3224,13423179.0
2015-03-26,0.3119,0.3229,0.3081,0.3206,7781512.0
2015-03-27,0.3239,0.3331,0.3154,0.3311,7938825.0
2015-03-30,0.3336,0.3361,0.3266,0.3334,6298587.0
2015-03-31,0.3319,0.3324,0.3194,0.3196,8796674.0
2015-04-01,0.3219,0.3236,0.3129,0.3219,8213670.0
2015-04-02,0.3249,0.3264,0.3186,0.3231,4772083.0
2015-04-06,0.3209,0.3401,0.3154,0.3381,12843148.0
2015-04-07,0.3384,0.3491,0.3354,0.3431,10252072.0
2015-04-08,0.3436,0.3491,0.3384,0.3471,9088168.0
2015-04-09,0.3429,0.3616,0.3426,0.3596,9480718.0
2015-04-10,0.3604,0.3659,0.3584,0.3656,6354508.0
2015-04-13,0.3644,0.3676,0.3579,0.3604,5807253.0
2015-04-14,0.3581,0.3604,0.3501,0.3556,5398699.0
2015-04-15,0.3571,0.3664,0.3544,0.3624,5981193.0
2015-04-16,0.3591,0.3639,0.3549,0.3589,3809119.0
2015-04-17,0.3471,0.3571,0.3469,0.3516,7206202.0
2015-04-20,0.3541,0.3576,0.3479,0.3489,5636057.0
2015-04-21,0.3556,0.3556,0.3454,0.3479,5719872.0
2015-04-22,0.3514,0.3551,0.3429,0.3544,5049323.0
2015-04-23,0.3441,0.3574,0.3379,0.3521,6254855.0
2015-04-24,0.3519,0.3521,0.3411,0.3474,5857710.0
2015-04-27,0.3491,0.3614,0.3444,0.3516,6097868.0
2015-04-28,0.3506,0.3561,0.3454,0.3541,5775530.0
2015-04-29,0.3504,0.3559,0.3479,0.3501,4686219.0
2015-04-30,0.3474,0.3541,0.3461,0.3514,5334130.0
2015-05-01,0.3561,0.3671,0.3536,0.3654,6366166.0
2015-05-04,0.3649,0.3686,0.3601,0.3619,4903584.0
2015-05-05,0.3599,0.3606,0.3449,0.3474,7163318.0
2015-05-06,0.3504,0.3556,0.3419,0.3489,7814688.0
2015-05-07,0.3469,0.3606,0.3451,0.3589,12713372.0
2015-05-08,0.3219,0.3426,0.3089,0.3169,27075448.0
2015-05-11,0.3101,0.3176,0.3061,0.3124,13532569.0
2015-05-12,0.3086,0.3216,0.3084,0.3174,9692184.0
2015-05-13,0.3211,0.3251,0.3154,0.3204,7698554.0
2015-05-14,0.3219,0.3316,0.3206,0.3289,7298435.0
2015-05-15,0.3311,0.3336,0.3259,0.3291,5371601.0
2015-05-18,0.3279,0.3316,0.3254,0.3284,8115916.0
2015-05-19,0.3291,0.3308,0.3241,0.3251,6247552.0
2015-05-20,0.3253,0.3316,0.3246,0.3251,4918402.0
2015-05-21,0.3253,0.3276,0.3208,0.3213,5992250.0
2015-05-22,0.3226,0.3243,0.3193,0.3206,5313407.0
2015-05-26,0.3181,0.3216,0.3133,0.3173,6478145.0
2015-05-27,0.3208,0.3473,0.3191,0.3451,10781880.0
2015-05-28,0.3451,0.3543,0.3441,0.3526,8138637.0
2015-05-29,0.3526,0.3561,0.3516,0.3526,8270547.0
2015-06-01,0.3558,0.3641,0.3523,0.3586,9249841.0
2015-06-02,0.3551,0.3581,0.3471,0.3476,5543962.0
2015-06-03,0.3491,0.3533,0.3406,0.3416,6179009.0
2015-06-04,0.3383,0.3531,0.3383,0.3513,8001698.0
2015-06-05,0.3496,0.3581,0.3438,0.3556,7823521.0
2015-06-08,0.3538,0.3576,0.3366,0.3428,8262388.0
2015-06-09,0.3433,0.3496,0.3423,0.3456,6400988.0
2015-06-10,0.3391,0.3426,0.3328,0.3356,13220628.0
2015-06-11,0.3358,0.3453,0.3358,0.3413,7051217.0
2015-06-12,0.3381,0.3413,0.3256,0.3268,8079685.0
2015-06-15,0.3241,0.3281,0.3201,0.3258,7642291.0
2015-06-16,0.3248,0.3331,0.3196,0.3323,6418860.0
2015-06-17,0.3321,0.3416,0.3308,0.3386,5828165.0
2015-06-18,0.3431,0.3511,0.3416,0.3473,7469808.0
2015-06-19,0.3476,0.3521,0.3408,0.3458,8728115.0
2015-06-22,0.3468,0.3498,0.3353,0.3433,12841079.0
2015-06-23,0.3446,0.3488,0.3253,0.3296,10325352.0
2015-06-24,0.3288,0.3316,0.3218,0.3243,6330175.0
2015-06-25,0.3243,0.3316,0.3243,0.3283,8662771.0
2015-06-26,0.3241,0.3246,0.3153,0.3176,9054582.0
2015-06-29,0.3116,0.3168,0.3013,0.3021,9783913.0
2015-06-30,0.3051,0.3073,0.2983,0.3018,7848773.0
2015-07-01,0.3143,0.3216,0.3046,0.3091,7567522.0
2015-07-02,0.3088,0.3128,0.3063,0.3093,3636062.0
2015-07-06,0.3053,0.3123,0.2993,0.3033,5361799.0
2015-07-07,0.3003,0.3023,0.2781,0.2936,14853227.0
2015-07-08,0.2911,0.2941,0.2863,0.2903,8289439.0
2015-07-09,0.2981,0.3003,0.2813,0.2843,8935278.0
2015-07-10,0.2906,0.2973,0.2893,0.2928,5407749.0
2015-07-13,0.2978,0.2988,0.2926,0.2961,5275831.0
2015-07-14,0.2968,0.2973,0.2898,0.2963,6166970.0
2015-07-15,0.2951,0.2983,0.2883,0.2928,6624002.0
2015-07-16,0.2958,0.3038,0.2941,0.3038,7065763.0
2015-07-17,0.3021,0.3026,0.2943,0.3011,5493908.0
2015-07-20,0.3008,0.3028,0.2903,0.2916,4694325.0
2015-07-21,0.2906,0.3008,0.2906,0.2938,3713892.0
2015-07-22,0.2903,0.2903,0.2783,0.2841,8797513.0
2015-07-23,0.2853,0.2976,0.2843,0.2903,4244993.0
2015-07-24,0.2938,0.2943,0.2826,0.2843,4710514.0
2015-07-27,0.2803,0.2873,0.2763,0.2818,4729998.0
2015-07-28,0.2831,0.2956,0.2781,0.2923,4913779.0
2015-07-29,0.2913,0.3023,0.2893,0.2983,5791265.0
2015-07-30,0.2971,0.3046,0.2971,0.2996,4743368.0
2015-07-31,0.3016,0.3018,0.2948,0.2981,5456514.0
2015-08-03,0.3018,0.3068,0.2953,0.3063,9923818.0
2015-08-04,0.3046,0.3098,0.3026,0.3083,6493371.0
2015-08-05,0.3208,0.3213,0.3123,0.3138,5863298.0
2015-08-06,0.3123,0.3161,0.3018,0.3111,15356976.0
2015-08-07,0.3606,0.3833,0.3461,0.3736,35123279.0
2015-08-10,0.3696,0.3978,0.3661,0.3936,16519808.0
2015-08-11,0.3848,0.3963,0.3848,0.3906,10855793.0
2015-08-12,0.3811,0.3963,0.3811,0.3921,9584782.0
2015-08-13,0.3928,0.3941,0.3856,0.3871,6872096.0
2015-08-14,0.3866,0.3911,0.3831,0.3876,5364028.0
2015-08-17,0.3866,0.3866,0.3766,0.3838,6824844.0
2015-08-18,0.382,0.386,0.374,0.3785,7079341.0
2015-08-19,0.3778,0.384,0.37,0.3763,6229455.0
2015-08-20,0.3698,0.3725,0.3528,0.3553,10584586.0
2015-08-21,0.3515,0.3608,0.3378,0.3388,9498311.0
2015-08-24,0.3083,0.3473,0.3015,0.3193,17009231.0
2015-08-25,0.342,0.344,0.3085,0.3085,15526245.0
2015-08-26,0.325,0.3473,0.321,0.3473,15278498.0
2015-08-27,0.3525,0.3675,0.3493,0.3673,11538796.0
2015-08-28,0.3673,0.3733,0.363,0.3695,8008566.0
2015-08-31,0.367,0.371,0.361,0.3635,5407015.0
2015-09-01,0.3473,0.3565,0.3365,0.3405,8721248.0
2015-09-02,0.3553,0.357,0.346,0.3568,8499001.0
2015-09-03,0.365,0.3678,0.3573,0.3583,6512321.0
2015-09-04,0.3488,0.3575,0.345,0.3453,7166107.0
2015-09-08,0.3585,0.3708,0.3563,0.3685,5920900.0
2015-09-09,0.3703,0.375,0.356,0.3573,7226508.0
2015-09-10,0.354,0.373,0.3513,0.366,8919620.0
2015-09-11,0.3598,0.3715,0.3573,0.3678,7482875.0
2015-09-14,0.3705,0.3723,0.3658,0.3688,4766693.0
2015-09-15,0.369,0.378,0.3673,0.375,8175614.0
2015-09-16,0.374,0.3823,0.3695,0.379,4331846.0
2015-09-17,0.389,0.3943,0.383,0.3843,6686833.0
2015-09-18,0.3763,0.3888,0.3728,0.384,7853195.0
2015-09-21,0.3845,0.391,0.3815,0.3898,7037663.0
2015-09-22,0.377,0.381,0.3705,0.3738,5618853.0
2015-09-23,0.3743,0.38,0.372,0.3765,4023474.0
2015-09-24,0.373,0.3935,0.364,0.3875,9528858.0
2015-09-25,0.3948,0.4033,0.386,0.392,9229349.0
2015-09-28,0.3918,0.3953,0.3803,0.384,9796345.0
2015-09-29,0.3903,0.3953,0.382,0.394,9511581.0
2015-09-30,0.3998,0.4185,0.3963,0.4175,13845700.0
2015-10-01,0.4178,0.4195,0.3883,0.4058,12187630.0
2015-10-02,0.4025,0.4215,0.3963,0.4215,9600315.0
2015-10-05,0.4255,0.4448,0.4223,0.4368,12007628.0
2015-10-06,0.4303,0.448,0.4278,0.4453,11223668.0
2015-10-07,0.4468,0.4585,0.4363,0.452,7647994.0
2015-10-08,0.4493,0.4575,0.4383,0.4558,11489510.0
2015-10-09,0.4523,0.4585,0.441,0.4533,10557584.0
2015-10-12,0.454,0.464,0.449,0.4603,5657136.0
2015-10-13,0.455,0.4653,0.4528,0.4615,7406624.0
2015-10-14,0.4623,0.496,0.4615,0.4855,15293926.0
2015-10-15,0.4868,0.5013,0.4798,0.4873,13144329.0
2015-10-16,0.4895,0.5045,0.4878,0.4978,11183839.0
2015-10-19,0.5003,0.5033,0.4888,0.4968,7361775.0
2015-10-20,0.4938,0.499,0.4885,0.4958,6413971.0
2015-10-21,0.5,0.5043,0.4855,0.4868,9657006.0
2015-10-22,0.4948,0.5138,0.4938,0.5113,7640145.0
2015-10-23,0.5178,0.521,0.507,0.5163,9518800.0
2015-10-26,0.5168,0.5185,0.5065,0.513,6097555.0
2015-10-27,0.5095,0.5168,0.509,0.5125,5142873.0
2015-10-28,0.517,0.5183,0.5065,0.518,5409235.0
2015-10-29,0.5068,0.514,0.4923,0.4935,8174984.0
2015-10-30,0.501,0.5158,0.4958,0.5105,7488800.0
2015-11-02,0.513,0.5198,0.5088,0.519,4722418.0
2015-11-03,0.5148,0.5188,0.506,0.514,9406828.0
2015-11-04,0.512,0.5173,0.499,0.5023,11039419.0
2015-11-05,0.5058,0.5075,0.4923,0.4943,11564712.0
2015-11-06,0.5628,0.6,0.547,0.5903,29267955.0
2015-11-09,0.5825,0.589,0.5758,0.5868,12312475.0
2015-11-10,0.5765,0.5808,0.5553,0.5718,13774599.0
2015-11-11,0.5723,0.5778,0.5615,0.5643,15497382.0
2015-11-12,0.5625,0.5695,0.5583,0.5615,7142159.0
2015-11-13,0.5623,0.5655,0.5428,0.5465,7308834.0
2015-11-16,0.5563,0.562,0.5503,0.5615,8564730.0
2015-11-17,0.5635,0.568,0.5583,0.5615,6396702.0
2015-11-18,0.5646,0.5811,0.5561,0.5801,8714619.0
2015-11-19,0.5829,0.5901,0.5766,0.5824,6348530.0
2015-11-20,0.5881,0.5936,0.5834,0.5891,5988389.0
2015-11-23,0.5804,0.5956,0.5744,0.5774,6061246.0
2015-11-24,0.5774,0.5904,0.5739,0.5836,4870150.0
2015-11-25,0.5821,0.5914,0.5799,0.5826,3457476.0
2015-11-27,0.5841,0.5916,0.5801,0.5891,2175202.0
2015-11-30,0.5899,0.6009,0.5891,0.5971,7930650.0
2015-12-01,0.6044,0.6239,0.6036,0.6231,10219162.0
2015-12-02,0.6244,0.6329,0.6151,0.6169,7348275.0
2015-12-03,0.6234,0.6319,0.6111,0.6154,6165111.0
2015-12-04,0.6151,0.6496,0.6151,0.6481,11422528.0
2015-12-07,0.6479,0.6479,0.6296,0.6324,8323468.0
2015-12-08,0.6219,0.6469,0.6166,0.6434,7850776.0
2015-12-09,0.6431,0.6481,0.6136,0.6221,9299019.0
2015-12-10,0.6246,0.6334,0.6219,0.6289,5902180.0
2015-12-11,0.6206,0.6264,0.6149,0.6166,5642504.0
2015-12-14,0.6174,0.6231,0.6089,0.6186,6902472.0
2015-12-15,0.6279,0.6344,0.6234,0.6289,7656448.0
2015-12-16,0.6304,0.6364,0.6231,0.6336,5876955.0
2015-12-17,0.6349,0.6434,0.6206,0.6209,6352045.0
2015-12-18,0.6154,0.6236,0.6069,0.6084,9737972.0
2015-12-21,0.6166,0.6276,0.6094,0.6266,7066015.0
2015-12-22,0.6294,0.6359,0.6226,0.6276,3234582.0
2015-12-23,0.6289,0.6339,0.6274,0.6306,3055440.0
2015-12-24,0.6284,0.6356,0.6271,0.6336,1311231.0
2015-12-28,0.6249,0.6329,0.6134,0.6329,3550645.0
2015-12-29,0.6334,0.6489,0.6311,0.6464,5090815.0
2015-12-30,0.6456,0.6529,0.6389,0.6391,4505488.0
2015-12-31,0.6379,0.6416,0.6284,0.6284,3702865.0
2016-01-04,0.6116,0.6189,0.6054,0.6136,8914212.0
2016-01-05,0.6289,0.6404,0.6169,0.6266,12237004.0
2016-01-06,0.6131,0.6169,0.5834,0.5926,11225551.0
2016-01-07,0.5729,0.5781,0.5514,0.5614,16124472.0
2016-01-08,0.5711,0.5719,0.5434,0.5449,9948136.0
2016-01-11,0.5459,0.5516,0.5331,0.5464,10234339.0
2016-01-12,0.5596,0.5699,0.5536,0.5589,11714578.0
2016-01-13,0.5646,0.5696,0.5351,0.5359,11999149.0
2016-01-14,0.5209,0.5294,0.4999,0.5209,14981799.0
2016-01-15,0.4924,0.5006,0.4704,0.4824,20983048.0
2016-01-19,0.4961,0.5156,0.4846,0.4876,11265908.0
2016-01-20,0.4746,0.5001,0.4656,0.4914,12002108.0
2016-01-21,0.4989,0.5101,0.4846,0.4991,12036406.0
2016-01-22,0.5126,0.5204,0.5111,0.5154,6449860.0
2016-01-25,0.5154,0.5234,0.5131,0.5149,6764964.0
2016-01-26,0.5164,0.5249,0.5089,0.5219,5699182.0
2016-01-27,0.5209,0.5229,0.4996,0.5134,5791878.0
2016-01-28,0.5191,0.5216,0.4919,0.5056,6919451.0
2016-01-29,0.5116,0.5379,0.5089,0.5366,7761286.0
2016-02-01,0.5359,0.5406,0.5296,0.5369,7246899.0
2016-02-02,0.5294,0.5331,0.5009,0.5059,8547710.0
2016-02-03,0.5114,0.5156,0.4931,0.5094,8169351.0
2016-02-04,0.5104,0.5256,0.5026,0.5096,8703432.0
2016-02-05,0.5049,0.5126,0.4631,0.4651,15009910.0
2016-02-08,0.4551,0.4584,0.4256,0.4349,15220491.0
2016-02-09,0.4274,0.4681,0.4244,0.4416,10633990.0
2016-02-10,0.4456,0.4641,0.4366,0.4401,8394980.0
2016-02-11,0.4239,0.4434,0.4239,0.4369,8503635.0
2016-02-12,0.4469,0.4489,0.4231,0.4476,8520367.0
2016-02-16,0.4569,0.4801,0.4549,0.4791,12122098.0
2016-02-17,0.4876,0.5024,0.4849,0.4959,19213073.0
2016-02-18,0.5526,0.5786,0.5519,0.5554,26715699.0
2016-02-19,0.5514,0.5721,0.5456,0.5654,13136032.0
2016-02-22,0.5764,0.6011,0.5749,0.5924,11241592.0
2016-02-23,0.5861,0.6019,0.5824,0.5944,9233530.0
2016-02-24,0.5911,0.6009,0.5694,0.5999,8420780.0
2016-02-25,0.6029,0.6056,0.5874,0.6016,8740267.0
2016-02-26,0.6054,0.6071,0.5884,0.5964,9048098.0
2016-02-29,0.5975,0.6078,0.5908,0.5913,8083499.0
2016-03-01,0.5933,0.626,0.592,0.626,8715112.0
2016-03-02,0.6215,0.6338,0.62,0.6308,5845833.0
2016-03-03,0.6298,0.6333,0.6125,0.6235,7546638.0
2016-03-04,0.6298,0.6305,0.6148,0.621,4382584.0
2016-03-07,0.6165,0.622,0.605,0.6158,6005381.0
2016-03-08,0.6075,0.6123,0.5983,0.601,6873378.0
2016-03-09,0.608,0.609,0.5903,0.6005,5569603.0
2016-03-10,0.6053,0.6098,0.5833,0.5993,7151977.0
2016-03-11,0.611,0.613,0.6015,0.6128,6934651.0
2016-03-14,0.609,0.618,0.6053,0.6148,4757764.0
2016-03-15,0.6105,0.6158,0.5965,0.6108,5655005.0
2016-03-16,0.6048,0.6375,0.601,0.6348,9089125.0
2016-03-17,0.6318,0.6358,0.6165,0.6278,8841435.0
2016-03-18,0.6375,0.6635,0.6323,0.6525,13637612.0
2016-03-21,0.645,0.6553,0.636,0.655,8444339.0
2016-03-22,0.6523,0.6593,0.643,0.6535,6049366.0
2016-03-23,0.6573,0.6743,0.6535,0.668,10725115.0
2016-03-24,0.6603,0.6708,0.6575,0.6693,6123604.0
2016-03-28,0.6678,0.6818,0.6668,0.678,6630415.0
2016-03-29,0.6743,0.694,0.6723,0.692,6544993.0
2016-03-30,0.6953,0.7135,0.6948,0.7013,9417403.0
2016-03-31,0.7053,0.7073,0.691,0.698,9495247.0
2016-04-01,0.6925,0.7115,0.6858,0.711,8701021.0
2016-04-04,0.7185,0.7233,0.6988,0.7023,9848541.0
2016-04-05,0.6943,0.7093,0.6908,0.701,8482997.0
2016-04-06,0.6898,0.7028,0.673,0.7023,11331543.0
2016-04-07,0.6965,0.7045,0.6893,0.693,9452069.0
2016-04-08,0.7003,0.706,0.6898,0.6988,6398373.0
2016-04-11,0.704,0.719,0.7013,0.7043,9685551.0
2016-04-12,0.7073,0.7085,0.6858,0.7033,7315392.0
2016-04-13,0.7073,0.726,0.7073,0.7258,8767486.0
2016-04-14,0.7233,0.7323,0.7195,0.7283,10411427.0
2016-04-15,0.728,0.7438,0.725,0.7355,10924072.0
2016-04-18,0.7338,0.7338,0.7225,0.7315,7682817.0
2016-04-19,0.735,0.7368,0.7093,0.715,7723863.0
2016-04-20,0.7135,0.724,0.7125,0.7185,5004408.0
2016-04-21,0.7188,0.723,0.7135,0.7175,4451989.0
2016-04-22,0.7205,0.7268,0.7108,0.714,5587298.0
2016-04-25,0.7143,0.7235,0.7118,0.7185,4799739.0
2016-04-26,0.724,0.7345,0.7153,0.7193,5361564.0
2016-04-27,0.717,0.7405,0.7153,0.74,8807265.0
2016-04-28,0.7343,0.7398,0.71,0.7123,9530353.0
2016-04-29,0.7085,0.7105,0.6858,0.6955,8046832.0
2016-05-02,0.704,0.7128,0.6998,0.7073,6401838.0
2016-05-03,0.697,0.7008,0.6888,0.6965,5600585.0
2016-05-04,0.6858,0.6865,0.6673,0.6763,13143905.0
2016-05-05,0.6835,0.6918,0.675,0.6815,6167013.0
2016-05-06,0.68,0.6928,0.6783,0.6905,4579728.0
2016-05-09,0.6928,0.6965,0.682,0.6893,8330419.0
2016-05-10,0.6948,0.7078,0.6863,0.7063,6735239.0
2016-05-11,0.709,0.7188,0.704,0.7088,8179229.0
2016-05-12,0.7153,0.7193,0.6805,0.6965,16684906.0
2016-05-13,0.787,0.8323,0.7823,0.8318,52750152.0
2016-05-16,0.824,0.8773,0.8208,0.862,24314035.0
2016-05-17,0.8573,0.8718,0.8438,0.8643,15703857.0
2016-05-18,0.8573,0.9035,0.8573,0.8913,13524722.0
2016-05-19,0.887,0.9035,0.8855,0.896,9971735.0
2016-05-20,0.9028,0.92,0.901,0.9155,9768367.0
2016-05-23,0.9203,0.9245,0.9105,0.9173,10336826.0
2016-05-24,0.9206,0.9476,0.9176,0.9441,10392414.0
2016-05-25,0.9476,0.9524,0.9304,0.9394,11466736.0
2016-05-26,0.9414,0.9596,0.9381,0.9514,7744191.0
2016-05-27,0.9526,0.9594,0.9489,0.9576,6934162.0
2016-05-31,0.9626,0.9804,0.9619,0.9781,10301905.0
2016-06-01,0.9726,0.9916,0.9691,0.9804,9664611.0
2016-06-02,0.9866,0.9986,0.9751,0.9886,8215580.0
2016-06-03,0.9771,0.9786,0.9516,0.9721,11526026.0
2016-06-06,0.9751,0.9841,0.9601,0.9661,8060176.0
2016-06-07,0.9731,0.9796,0.9679,0.9684,4833112.0
2016-06-08,0.9686,0.9729,0.9551,0.9646,5861431.0
2016-06-09,0.9606,0.9964,0.9581,0.9946,11798722.0
2016-06-10,0.9806,0.9911,0.9636,0.9651,9999942.0
2016-06-13,0.9664,1.0024,0.9664,0.9799,11888546.0
2016-06-14,0.9771,0.9876,0.9639,0.9821,7447111.0
2016-06-15,0.9919,1.0044,0.9789,0.9941,7503963.0
2016-06-16,0.9854,1.0009,0.9739,0.9989,6159418.0
2016-06-17,1.0004,1.0006,0.9734,0.9781,11774601.0
2016-06-20,0.9969,1.0144,0.9961,0.9991,7324196.0
2016-06-21,1.0041,1.0074,0.9901,0.9919,5292266.0
2016-06-22,0.9944,1.0021,0.9889,0.9909,5045066.0
2016-06-23,1.0021,1.0236,1.0014,1.0224,7438020.0
2016-06-24,0.9726,0.9941,0.9426,0.9534,25438431.0
2016-06-27,0.9439,0.9516,0.9396,0.9459,778021.0
2016-06-28,0.9626,0.9639,0.9419,0.9576,9537230.0
2016-06-29,0.9676,0.9854,0.9646,0.9764,7966279.0
2016-06-30,0.9784,0.9926,0.9689,0.9854,10766725.0
2016-07-01,0.9789,0.9941,0.9726,0.9766,5462048.0
2016-07-05,0.9701,0.9959,0.9609,0.9939,9263345.0
2016-07-06,0.9856,1.0081,0.9796,1.0014,6824474.0
2016-07-07,1.0094,1.0366,1.0039,1.0324,9876420.0
2016-07-08,1.0454,1.0874,1.0406,1.0814,12046321.0
2016-07-11,1.0996,1.1201,1.0981,1.1106,11217095.0
2016-07-12,1.1251,1.1421,1.1086,1.1301,10916492.0
2016-07-13,1.1326,1.1401,1.1276,1.1296,8110913.0
2016-07-14,1.1366,1.1551,1.1256,1.1431,7915882.0
2016-07-15,1.1261,1.1334,1.1061,1.1276,10709078.0
2016-07-18,1.1439,1.1459,1.1294,1.1344,6323971.0
2016-07-19,1.1336,1.1531,1.1311,1.1481,9565207.0
2016-07-20,1.1526,1.1726,1.1471,1.1656,7410737.0
2016-07-21,1.1626,1.1669,1.1361,1.1406,9031195.0
2016-07-22,1.1454,1.1769,1.1356,1.1769,7893267.0
2016-07-25,1.1851,1.2054,1.1791,1.2021,7812128.0
2016-07-26,1.2144,1.2331,1.2124,1.2259,12851730.0
2016-07-27,1.2381,1.2406,1.2031,1.2116,11163959.0
2016-07-28,1.2149,1.2251,1.2104,1.2146,5521695.0
2016-07-29,1.2199,1.2414,1.1946,1.2376,10238177.0
2016-08-01,1.2436,1.2489,1.2191,1.2284,7485519.0
2016-08-02,1.2351,1.2359,1.1976,1.2111,7056358.0
2016-08-03,1.2094,1.2176,1.2016,1.2149,7489585.0
2016-08-04,1.2216,1.2474,1.2189,1.2409,6803980.0
2016-08-05,1.2574,1.2659,1.2504,1.2651,9287436.0
2016-08-08,1.2851,1.2886,1.2631,1.2786,7619857.0
2016-08-09,1.2859,1.2966,1.2786,1.2824,9302198.0
2016-08-10,1.2954,1.2976,1.2681,1.2729,9378074.0
2016-08-11,1.2806,1.3089,1.2776,1.3026,16774279.0
2016-08-12,1.3576,1.3946,1.3259,1.3861,35624227.0
2016-08-15,1.3879,1.3974,1.3634,1.3846,14330328.0
2016-08-16,1.3824,1.3849,1.3704,1.3751,7190588.0
2016-08-17,1.3751,1.3786,1.3264,1.3389,14876517.0
2016-08-18,1.3366,1.3651,1.3306,1.3626,8286231.0
2016-08-19,1.3619,1.3784,1.3551,1.3666,7281832.0
2016-08-22,1.3714,1.3754,1.3529,1.3731,6116999.0
2016-08-23,1.389,1.396,1.3813,1.3858,8487181.0
2016-08-24,1.3913,1.392,1.3543,1.3615,7456880.0
2016-08-25,1.362,1.3628,1.332,1.3513,10142685.0
2016-08-26,1.3553,1.3725,1.343,1.3638,7496312.0
2016-08-29,1.37,1.3763,1.36,1.3628,6861171.0
2016-08-30,1.3608,1.369,1.3495,1.3538,7135670.0
2016-08-31,1.3568,1.361,1.342,1.3465,9706761.0
2016-09-01,1.3478,1.3975,1.3465,1.3918,10709463.0
2016-09-02,1.395,1.3968,1.3585,1.3763,8077455.0
2016-09-06,1.3818,1.391,1.3735,1.391,7655186.0
2016-09-07,1.386,1.3935,1.3588,1.3678,9942178.0
2016-09-08,1.3663,1.3815,1.3485,1.379,7890543.0
2016-09-09,1.3618,1.3705,1.288,1.301,17437874.0
2016-09-12,1.2813,1.3345,1.2458,1.3318,14938741.0
2016-09-13,1.328,1.3455,1.3013,1.3098,11773355.0
2016-09-14,1.3133,1.328,1.3008,1.323,7980662.0
2016-09-15,1.3255,1.382,1.322,1.3803,12881609.0
2016-09-16,1.3858,1.3943,1.366,1.384,22559887.0
2016-09-19,1.4005,1.4445,1.3933,1.4048,10425296.0
2016-09-20,1.423,1.423,1.3815,1.3903,8276230.0
2016-09-21,1.395,1.4375,1.3948,1.4345,8403883.0
2016-09-22,1.444,1.449,1.4293,1.4385,7715064.0
2016-09-23,1.4405,1.4453,1.4295,1.4368,6903181.0
2016-09-26,1.4183,1.428,1.4013,1.4215,5746435.0
2016-09-27,1.4153,1.479,1.4145,1.4765,10063740.0
2016-09-28,1.479,1.4838,1.4613,1.4825,7994306.0
2016-09-29,1.4798,1.5033,1.4643,1.498,8412745.0
2016-09-30,1.5073,1.5428,1.4973,1.526,10747055.0
2016-10-03,1.526,1.5508,1.5213,1.5243,6063080.0
2016-10-04,1.5268,1.5555,1.5078,1.5205,7037380.0
2016-10-05,1.535,1.5525,1.5135,1.5188,7544730.0
2016-10-06,1.4983,1.5088,1.4695,1.4965,8991473.0
2016-10-07,1.5078,1.5123,1.4795,1.4843,7154340.0
2016-10-10,1.493,1.502,1.4748,1.4905,7183910.0
2016-10-11,1.485,1.4875,1.4535,1.4663,9709158.0
2016-10-12,1.4595,1.4823,1.4458,1.4738,10497911.0
2016-10-13,1.4543,1.458,1.4055,1.4468,9751170.0
2016-10-14,1.4668,1.478,1.453,1.4628,8264837.0
2016-10-17,1.4625,1.478,1.451,1.4533,4877011.0
2016-10-18,1.476,1.4878,1.4693,1.4783,6724595.0
2016-10-19,1.467,1.4825,1.4585,1.4748,4973452.0
2016-10-20,1.4943,1.5118,1.4705,1.5063,7797236.0
2016-10-21,1.5003,1.5045,1.4855,1.5015,6986947.0
2016-10-24,1.513,1.5828,1.5128,1.5808,8492096.0
2016-10-25,1.5778,1.6205,1.5693,1.6098,9926066.0
2016-10-26,1.5948,1.6368,1.593,1.617,8341773.0
2016-10-27,1.6308,1.6343,1.5725,1.58,9715117.0
2016-10-28,1.5885,1.6155,1.5738,1.577,7263182.0
2016-10-31,1.5828,1.6035,1.5818,1.592,6305374.0
2016-11-01,1.5985,1.6083,1.5203,1.5393,11822570.0
2016-11-02,1.5525,1.576,1.5288,1.532,7390207.0
2016-11-03,1.54,1.5415,1.479,1.512,7728598.0
2016-11-04,1.5008,1.5313,1.4773,1.5023,8210645.0
2016-11-07,1.5518,1.606,1.5505,1.5948,12187064.0
2016-11-08,1.6015,1.6073,1.5755,1.592,10726913.0
2016-11-09,1.5438,1.5855,1.531,1.562,11407179.0
2016-11-10,1.6003,1.6005,1.482,1.5073,20842035.0
2016-11-11,1.8008,2.0323,1.7755,2.0123,54364518.0
2016-11-14,2.0153,2.0178,1.9035,1.904,33707148.0
2016-11-15,1.9203,1.9993,1.9113,1.9678,15596004.0
2016-11-16,1.9965,2.1268,1.9715,2.1038,24688683.0
2016-11-17,2.1208,2.1828,2.0793,2.1228,20811472.0
2016-11-18,2.1228,2.1713,2.108,2.147,14386927.0
2016-11-21,2.1653,2.1718,2.123,2.1375,10904984.0
2016-11-22,2.1455,2.1565,2.1225,2.1543,8250742.0
2016-11-23,2.1595,2.1978,2.1358,2.1658,11075026.0
2016-11-25,2.177,2.194,2.1518,2.1705,4889078.0
2016-11-28,2.1633,2.185,2.1565,2.1693,6963204.0
2016-11-29,2.1665,2.1775,2.1298,2.1478,11104519.0
2016-11-30,2.1565,2.1705,2.119,2.1215,11004061.0
2016-12-01,2.119,2.1208,1.9358,2.0075,25874812.0
2016-12-02,1.9728,2.0365,1.9445,2.0278,11945766.0
2016-12-05,2.0663,2.1318,2.0415,2.1135,15043399.0
2016-12-06,2.1218,2.1598,2.1058,2.1513,12463213.0
2016-12-07,2.1375,2.199,2.119,2.1933,12010341.0
2016-12-08,2.1963,2.232,2.1428,2.1535,9533039.0
2016-12-09,2.1715,2.1733,2.0843,2.112,9555282.0
2016-12-12,2.0628,2.0653,2.005,2.0563,15021421.0
2016-12-13,2.0688,2.1238,2.0678,2.0958,9653798.0
2016-12-14,2.13,2.2443,2.1058,2.2278,24579093.0
2016-12-15,2.239,2.315,2.2315,2.2843,18657125.0
2016-12-16,2.3123,2.334,2.2595,2.3268,27223645.0
2016-12-19,2.309,2.3778,2.2915,2.3573,18607268.0
2016-12-20,2.431,2.4698,2.4195,2.4458,21175849.0
2016-12-21,2.4575,2.4653,2.4093,2.4623,14393072.0
2016-12-22,2.487,2.5383,2.4798,2.4943,17955187.0
2016-12-23,2.476,2.5623,2.4733,2.561,16182022.0
2016-12-27,2.618,2.7505,2.597,2.7495,29758405.0
2016-12-28,2.8065,2.8148,2.5338,2.5478,57184487.0
2016-12-29,2.439,2.6038,2.3865,2.6023,54150999.0
2016-12-30,2.6003,2.6145,2.474,2.485,30283509.0
2017-01-03,2.4265,2.4758,2.301,2.3668,37512679.0
2017-01-04,2.4015,2.454,2.3548,2.4263,29943775.0
2017-01-05,2.4298,2.462,2.3428,2.36,24591303.0
2017-01-06,2.3878,2.4228,2.3465,2.394,20562576.0
2017-01-09,2.404,2.5165,2.404,2.4985,22881853.0
2017-01-10,2.5118,2.5463,2.4573,2.4783,21998612.0
2017-01-11,2.4665,2.4715,2.4203,2.4455,13129514.0
2017-01-12,2.4223,2.434,2.357,2.4025,15628384.0
2017-01-13,2.4065,2.4415,2.393,2.4023,11440276.0
2017-01-17,2.3915,2.3965,2.3308,2.3443,14508642.0
2017-01-18,2.3225,2.3973,2.2943,2.3903,16336849.0
2017-01-19,2.3933,2.478,2.391,2.4455,16108077.0
2017-01-20,2.4685,2.4865,2.3945,2.4168,12268528.0
2017-01-23,2.4115,2.464,2.409,2.4438,9155590.0
2017-01-24,2.454,2.506,2.439,2.4998,10678780.0
2017-01-25,2.5428,2.549,2.4748,2.5113,13075187.0
2017-01-26,2.514,2.5653,2.484,2.5578,11460650.0
2017-01-27,2.5648,2.6138,2.5378,2.6108,11784873.0
2017-01-30,2.5895,2.5918,2.5143,2.567,12392716.0
2017-01-31,2.5403,2.5678,2.5215,2.546,9054363.0
2017-02-01,2.581,2.6695,2.563,2.6653,14715468.0
2017-02-02,2.649,2.71,2.618,2.7013,12067961.0
2017-02-03,2.7028,2.714,2.664,2.676,9313178.0
2017-02-06,2.6665,2.7495,2.6665,2.7493,12656428.0
2017-02-07,2.784,2.8395,2.764,2.7948,18635052.0
2017-02-08,2.7765,2.7993,2.726,2.7818,11226344.0
2017-02-09,2.788,2.793,2.7065,2.726,20245832.0
2017-02-10,2.8148,2.834,2.6315,2.657,41251724.0
2017-02-13,2.6513,2.666,2.5215,2.526,29470204.0
2017-02-14,2.5163,2.5703,2.4738,2.536,21258786.0
2017-02-15,2.539,2.5615,2.5105,2.5415,9315475.0
2017-02-16,2.5513,2.5525,2.458,2.4978,16157681.0
2017-02-17,2.484,2.5018,2.4363,2.4973,14075168.0
2017-02-21,2.5223,2.5973,2.522,2.5933,13787964.0
2017-02-22,2.6055,2.615,2.5698,2.589,10708673.0
2017-02-23,2.4575,2.4798,2.312,2.3323,39565003.0
2017-02-24,2.2468,2.37,2.2125,2.3565,25726634.0
2017-02-27,2.375,2.4455,2.359,2.4303,17875993.0
2017-02-28,2.44,2.45,2.3393,2.357,15623950.0
2017-03-01,2.4148,2.4293,2.3478,2.3898,12610627.0
2017-03-02,2.3768,2.391,2.2923,2.295,18833348.0
2017-03-03,2.2843,2.2893,2.2255,2.2808,21625570.0
2017-03-06,2.244,2.2725,2.1993,2.2618,22078287.0
2017-03-07,2.2618,2.3083,2.2488,2.2885,15069850.0
2017-03-08,2.3375,2.3525,2.2818,2.284,15526253.0
2017-03-09,2.2678,2.3063,2.255,2.2835,11943861.0
2017-03-10,2.3103,2.3223,2.2795,2.298,12480552.0
2017-03-13,2.3085,2.3763,2.3078,2.3663,19328844.0
2017-03-14,2.3793,2.3888,2.3318,2.3645,13011898.0
2017-03-15,2.3763,2.3948,2.328,2.3838,15362480.0
2017-03-16,2.3945,2.4158,2.3803,2.4153,12991181.0
2017-03-17,2.433,2.473,2.4153,2.4718,27946731.0
2017-03-20,2.4895,2.5603,2.4733,2.5563,18696547.0
2017-03-21,2.5388,2.569,2.4595,2.4678,22809254.0
2017-03-22,2.4565,2.5265,2.4525,2.5218,15395481.0
2017-03-23,2.5138,2.5338,2.4875,2.4973,13323548.0
2017-03-24,2.5443,2.5523,2.4805,2.5068,10978977.0
2017-03-27,2.4595,2.53,2.4093,2.5263,12654870.0
2017-03-28,2.5275,2.5423,2.5018,2.5123,10808135.0
2017-03-29,2.5198,2.5323,2.5013,2.5035,8743433.0
2017-03-30,2.5108,2.57,2.505,2.555,13114980.0
2017-03-31,2.5453,2.5673,2.53,2.5433,11013444.0
2017-04-03,2.5438,2.5613,2.5055,2.5295,11124484.0
2017-04-04,2.405,2.4305,2.3285,2.3395,31724917.0
2017-04-05,2.3203,2.3793,2.3075,2.3208,18655213.0
2017-04-06,2.326,2.3513,2.2803,2.339,15861955.0
2017-04-07,2.3455,2.3633,2.313,2.3283,10640414.0
2017-04-10,2.329,2.3358,2.26,2.2643,18881804.0
2017-04-11,2.2338,2.2925,2.2288,2.273,15445106.0
2017-04-12,2.273,2.2875,2.2475,2.2528,10341113.0
2017-04-13,2.2283,2.2503,2.2073,2.2073,12656452.0
2017-04-17,2.2203,2.301,2.215,2.3008,12419751.0
2017-04-18,2.2863,2.3085,2.26,2.3023,9242841.0
2017-04-19,2.32,2.3445,2.3053,2.312,9515806.0
2017-04-20,2.3268,2.356,2.3053,2.3515,10093751.0
2017-04-21,2.341,2.3648,2.329,2.362,8539511.0
2017-04-24,2.394,2.407,2.3728,2.3938,9287415.0
2017-04-25,2.4085,2.4533,2.3868,2.4385,9704969.0
2017-04-26,2.4523,2.4548,2.4185,2.4205,8165303.0
2017-04-27,2.428,2.4695,2.4098,2.461,7985403.0
2017-04-28,2.454,2.461,2.4218,2.4275,8699107.0
2017-05-01,2.4385,2.4913,2.4313,2.486,7679454.0
2017-05-02,2.4588,2.4598,2.384,2.407,15618994.0
2017-05-03,2.4,2.436,2.385,2.4263,8401582.0
2017-05-04,2.4325,2.4438,2.4083,2.4163,5239266.0
2017-05-05,2.4045,2.4238,2.3888,2.4165,5697354.0
2017-05-08,2.4285,2.43,2.3778,2.3893,9113175.0
2017-05-09,2.395,2.4433,2.3865,2.3935,19279651.0
2017-05-10,2.6773,2.8655,2.6705,2.8523,53133393.0
2017-05-11,2.8213,3.0808,2.8178,2.9825,48382716.0
2017-05-12,2.9858,3.06,2.9645,3.0173,24044126.0
2017-05-15,3.059,3.1803,3.0545,3.1778,27094724.0
2017-05-16,3.2295,3.256,3.154,3.2403,27977436.0
2017-05-17,3.1725,3.1915,3.0088,3.013,31714182.0
2017-05-18,3.0575,3.1558,2.9963,3.1468,28839592.0
2017-05-19,3.249,3.279,3.204,3.2235,25433542.0
2017-05-22,3.2678,3.3105,3.2568,3.296,20886491.0
2017-05-23,3.316,3.3183,3.2163,3.2493,17015055.0
2017-05-24,3.3475,3.3503,3.2755,3.2878,20417933.0
2017-05-25,3.3235,3.3243,3.2345,3.28,15184630.0
2017-05-26,3.2718,3.4555,3.2513,3.3695,19452040.0
2017-05-30,3.416,3.4808,3.3998,3.4453,24694681.0
2017-05-31,3.4908,3.4985,3.3748,3.4323,22100005.0
2017-06-01,3.4483,3.4493,3.3865,3.4325,12512236.0
2017-06-02,3.4295,3.456,3.4085,3.4145,12175419.0
2017-06-05,3.398,3.5368,3.3863,3.5238,20402188.0
2017-06-06,3.519,3.5658,3.4935,3.507,18957022.0
2017-06-07,3.5318,3.5705,3.516,3.5515,15165710.0
2017-06-08,3.66,3.8235,3.6183,3.822,28783052.0
2017-06-09,3.942,4.036,3.3923,3.5635,92213812.0
2017-06-12,3.4705,3.616,3.3763,3.5728,42294413.0
2017-06-13,3.6835,3.6928,3.4648,3.6085,41744600.0
2017-06-14,3.6115,3.675,3.536,3.6165,29524299.0
2017-06-15,3.4975,3.6635,3.486,3.6328,24001307.0
2017-06-16,3.6425,3.691,3.5795,3.614,23022247.0
2017-06-19,3.6588,3.7618,3.655,3.7565,19355350.0
2017-06-20,3.7993,3.867,3.7465,3.7508,27358290.0
2017-06-21,3.7788,3.814,3.716,3.8103,17012603.0
2017-06-22,3.8185,3.832,3.7585,3.7828,11714722.0
2017-06-23,3.7905,3.8065,3.654,3.6693,27184646.0
2017-06-26,3.7025,3.7385,3.5318,3.6273,26585889.0
2017-06-27,3.6095,3.6183,3.4823,3.488,24949872.0
2017-06-28,3.5565,3.622,3.4673,3.6173,24832485.0
2017-06-29,3.5885,3.5915,3.4255,3.4905,26527919.0
2017-06-30,3.508,3.5218,3.411,3.4375,18246839.0
2017-07-03,3.4498,3.4648,3.288,3.3068,17726821.0
2017-07-05,3.371,3.429,3.3518,3.3998,20474743.0
2017-07-06,3.3703,3.458,3.3175,3.4105,18622729.0
2017-07-07,3.468,3.511,3.4448,3.4925,16374302.0
2017-07-10,3.567,3.6735,3.5405,3.666,23962269.0
2017-07-11,3.6688,3.7283,3.6273,3.7205,13335151.0
2017-07-12,3.7805,3.8985,3.7378,3.8863,19143913.0
2017-07-13,3.8985,3.981,3.7923,3.8393,23780235.0
2017-07-14,3.8628,3.9485,3.8488,3.9473,16122652.0
2017-07-17,3.9818,4.011,3.8678,3.9298,16253848.0
2017-07-18,3.868,3.9873,3.856,3.9725,13200946.0
2017-07-19,3.9818,4.0085,3.9388,3.951,17176140.0
2017-07-20,3.9718,4.0113,3.9213,4.0105,12336650.0
2017-07-21,3.9873,4.056,3.9758,4.026,11632416.0
2017-07-24,4.0333,4.043,3.9665,3.9773,11380231.0
2017-07-25,3.954,3.9718,3.9133,3.9573,8736942.0
2017-07-26,4.021,4.0718,3.9698,4.005,11274842.0
2017-07-27,4.0303,4.042,3.7625,3.867,19571379.0
2017-07-28,3.8325,3.958,3.8058,3.9333,8581358.0
2017-07-31,3.947,3.9835,3.839,3.8863,13991802.0
2017-08-01,3.8738,3.9373,3.8485,3.9358,7013305.0
2017-08-02,3.97,3.9713,3.8553,3.9333,7849669.0
2017-08-03,3.9358,3.9893,3.9155,3.9855,7111746.0
2017-08-04,4.0085,4.0753,3.9855,4.0038,9701986.0
2017-08-07,4.0315,4.1328,4.0258,4.1323,11532306.0
2017-08-08,4.1835,4.1875,4.0413,4.081,12620818.0
2017-08-09,4.0343,4.1288,4.0153,4.1263,13269623.0
2017-08-10,4.1275,4.14,3.9318,3.942,33202199.0
2017-08-11,3.7485,3.7985,3.6463,3.7225,37429859.0
2017-08-14,3.8153,4.0373,3.8035,4.0335,31975541.0
2017-08-15,4.0388,4.0653,3.9633,3.998,19113263.0
2017-08-16,4.0133,4.037,3.9195,3.9523,14915786.0
2017-08-17,3.9438,3.961,3.858,3.8603,13136065.0
2017-08-18,3.9155,3.9323,3.8145,3.861,15030107.0
2017-08-21,3.8858,3.8973,3.7578,3.8023,15591767.0
2017-08-22,3.8393,3.8968,3.8198,3.8908,11261403.0
2017-08-23,3.857,3.9833,3.8483,3.972,14487996.0
2017-08-24,4.0045,4.009,3.93,3.9568,11742501.0
2017-08-25,3.9813,3.9915,3.9158,3.9223,8930022.0
2017-08-28,3.9415,3.9545,3.8853,3.9513,9737393.0
2017-08-29,3.8918,3.9665,3.8835,3.9445,8102357.0
2017-08-30,3.9645,3.9803,3.9338,3.969,9610039.0
2017-08-31,3.9895,4.067,3.982,4.063,15317105.0
2017-09-01,4.0758,4.1245,4.067,4.0885,11135787.0
2017-09-05,4.0365,4.0415,3.916,3.9748,17417392.0
2017-09-06,4.008,4.022,3.937,3.9723,9941783.0
2017-09-07,3.9893,4.0243,3.9508,3.9915,8821702.0
2017-09-08,3.9798,3.9948,3.8948,3.9193,12471422.0
2017-09-11,3.9655,4.0628,3.96,4.052,14186078.0
2017-09-12,4.077,4.077,4.0013,4.0673,10287203.0
2017-09-13,4.0418,4.1155,4.009,4.0863,14523973.0
2017-09-14,4.0468,4.141,4.022,4.062,12842837.0
2017-09-15,4.1485,4.3298,4.1433,4.3298,34119764.0
2017-09-18,4.4555,4.607,4.4485,4.5158,42111516.0
2017-09-19,4.4648,4.5733,4.4425,4.5108,21856994.0
2017-09-20,4.5145,4.5625,4.4323,4.473,18122991.0
2017-09-21,4.368,4.3945,4.2673,4.346,26889994.0
2017-09-22,4.3345,4.3848,4.292,4.302,12280771.0
2017-09-25,4.2708,4.272,4.081,4.102,21864476.0
2017-09-26,4.2383,4.294,4.0858,4.126,28140511.0
2017-09-27,4.2175,4.2338,4.1458,4.2203,17842967.0
2017-09-28,4.2275,4.2315,4.171,4.219,10881065.0
2017-09-29,4.304,4.3203,4.2583,4.2963,15477293.0
2017-10-02,4.347,4.3765,4.252,4.302,12586960.0
2017-10-03,4.3083,4.3415,4.2665,4.3113,9758268.0
2017-10-04,4.3175,4.3713,4.2805,4.3488,10696220.0
2017-10-05,4.3735,4.377,4.316,4.3463,10934105.0
2017-10-06,4.3183,4.373,4.302,4.3595,7969957.0
2017-10-09,4.3968,4.4953,4.3778,4.4618,14087272.0
2017-10-10,4.6128,4.6508,4.5085,4.5503,24371902.0
2017-10-11,4.567,4.602,4.5205,4.6005,13237734.0
2017-10-12,4.604,4.6543,4.5753,4.6028,13207315.0
2017-10-13,4.6658,4.702,4.6183,4.6918,15718233.0
2017-10-16,4.722,4.7783,4.658,4.7753,14415958.0
2017-10-17,4.7543,4.7995,4.7358,4.7708,11964867.0
2017-10-18,4.7798,4.7805,4.66,4.7665,14182907.0
2017-10-19,4.688,4.777,4.6383,4.772,14269253.0
2017-10-20,4.7893,4.8168,4.7405,4.7495,11290462.0
2017-10-23,4.7715,4.7983,4.722,4.7425,10717376.0
2017-10-24,4.7518,4.7958,4.7255,4.794,10181132.0
2017-10-25,4.754,4.8075,4.6063,4.6685,20704030.0
2017-10-26,4.6965,4.731,4.6723,4.7193,8068563.0
2017-10-27,4.772,4.8738,4.7458,4.8735,14304835.0
2017-10-30,4.8735,4.9793,4.8575,4.923,12601417.0
2017-10-31,4.9553,5.0243,4.9495,4.9973,10297707.0
2017-11-01,5.0608,5.0763,4.942,5.007,12564446.0
2017-11-02,4.977,5.0223,4.9183,4.9755,8557738.0
2017-11-03,5.007,5.0443,4.961,5.0443,8841024.0
2017-11-06,5.007,5.0765,4.9945,5.0678,9748616.0
2017-11-07,5.0908,5.1495,5.0785,5.1278,10692542.0
2017-11-08,5.1233,5.127,5.008,5.056,13074705.0
2017-11-09,4.9588,4.9853,4.8363,4.96,24464067.0
2017-11-10,5.154,5.2938,5.1178,5.2305,31331374.0
2017-11-13,5.2305,5.2563,5.1273,5.1428,14559413.0
2017-11-14,5.152,5.197,5.1078,5.1815,13232319.0
2017-11-15,5.1258,5.127,5.022,5.0765,12548731.0
2017-11-16,5.1515,5.182,5.1083,5.1173,11044183.0
2017-11-17,5.175,5.2108,5.0958,5.111,12891568.0
2017-11-20,5.1268,5.1913,5.0895,5.179,9902511.0
2017-11-21,5.2193,5.24,5.187,5.2283,9979358.0
2017-11-22,5.2558,5.2558,5.171,5.204,8915998.0
2017-11-24,5.2205,5.2558,5.1958,5.2548,4518800.0
2017-11-27,5.2635,5.2648,5.181,5.1843,10572364.0
2017-11-28,5.1895,5.199,5.0368,5.0985,12818804.0
2017-11-29,5.081,5.0838,4.6115,4.7413,34919741.0
2017-11-30,4.8108,4.8978,4.747,4.8485,20594199.0
2017-12-01,4.8135,4.834,4.6425,4.7728,20288748.0
2017-12-04,4.832,4.8383,4.4433,4.4973,31021123.0
2017-12-05,4.3908,4.6483,4.3453,4.5243,24537194.0
2017-12-06,4.4733,4.5843,4.4518,4.5623,11675760.0
2017-12-07,4.6298,4.6708,4.5838,4.6305,13564988.0
2017-12-08,4.681,4.7003,4.6095,4.618,11671856.0
2017-12-11,4.6323,4.7003,4.6163,4.6973,9318741.0
2017-12-12,4.6533,4.6768,4.578,4.6018,11375445.0
2017-12-13,4.6433,4.6445,4.4778,4.4853,13856992.0
2017-12-14,4.4788,4.5643,4.4458,4.4925,10954056.0
2017-12-15,4.537,4.6403,4.4713,4.6198,16750878.0
2017-12-18,4.6608,4.7813,4.6308,4.7783,11942558.0
2017-12-19,4.7688,4.774,4.7048,4.7335,9327493.0
2017-12-20,4.7733,4.7825,4.6945,4.7508,7220456.0
2017-12-21,4.7543,4.7795,4.7195,4.728,7522626.0
2017-12-22,4.6908,4.722,4.612,4.7125,11656871.0
2017-12-26,4.6565,4.7745,4.6263,4.7668,8877033.0
2017-12-27,4.7533,4.83,4.7385,4.76,8237223.0
2017-12-28,4.784,4.8153,4.7595,4.7658,6006248.0
2017-12-29,4.7923,4.7923,4.6683,4.6683,6999116.0
2018-01-02,4.7253,4.8183,4.6933,4.8145,8890417.0
2018-01-03,4.9333,5.1733,4.9245,5.1425,22867591.0
2018-01-04,5.2248,5.282,5.148,5.1705,14581720.0
2018-01-05,5.1855,5.2535,5.1078,5.2158,14503103.0
2018-01-08,5.3408,5.4558,5.2953,5.3808,22030422.0
2018-01-09,5.3863,5.4263,5.2968,5.3793,12424995.0
2018-01-10,5.2858,5.4263,5.2308,5.4228,14566626.0
2018-01-11,5.4558,5.4875,5.411,5.4328,10150767.0
2018-01-12,5.4208,5.4555,5.3643,5.3998,8997902.0
2018-01-16,5.432,5.5185,5.248,5.3335,17558687.0
2018-01-17,5.3483,5.4588,5.2533,5.4488,13460222.0
2018-01-18,5.4293,5.4968,5.3978,5.4418,10215841.0
2018-01-19,5.533,5.608,5.5058,5.5835,15234486.0
2018-01-22,5.5915,5.6748,5.5333,5.673,13773561.0
2018-01-23,5.727,5.8265,5.7083,5.8035,11880705.0
2018-01-24,5.8068,5.843,5.6695,5.7258,14499309.0
2018-01-25,5.7808,5.8245,5.7245,5.7395,10247091.0
2018-01-26,5.7838,5.9143,5.7708,5.914,12908854.0
2018-01-29,5.8993,6.0335,5.846,6.002,11377853.0
2018-01-30,5.8585,5.9913,5.791,5.8988,14270844.0
2018-01-31,5.975,6.0625,5.942,5.9758,11964444.0
2018-02-01,5.7938,6.0033,5.7823,5.8433,12980572.0
2018-02-02,5.7558,5.78,5.61,5.6688,17961555.0
2018-02-05,5.5058,5.6615,4.9558,5.1733,29130140.0
2018-02-06,4.9408,5.4733,4.9308,5.4703,27870031.0
2018-02-07,5.5703,5.705,5.4983,5.5508,20073316.0
2018-02-08,5.6778,5.7113,5.2685,5.2688,28599976.0
2018-02-09,5.787,5.803,5.2688,5.6328,41865077.0
2018-02-12,5.7148,5.7178,5.4565,5.5315,27329342.0
2018-02-13,5.4948,5.6933,5.462,5.6465,15638119.0
2018-02-14,5.6058,5.8955,5.5945,5.8663,18624749.0
2018-02-15,5.9505,6.04,5.8688,5.9933,17472515.0
2018-02-16,5.9658,6.0808,5.9175,5.9268,15941426.0
2018-02-20,5.9495,6.1275,5.9458,6.0578,17155962.0
2018-02-21,6.123,6.13,5.8648,5.8685,22307344.0
2018-02-22,5.9028,5.9753,5.822,5.8883,13359133.0
2018-02-23,5.9488,5.9828,5.8975,5.9828,10382510.0
2018-02-26,6.0295,6.034,5.936,5.999,11732844.0
2018-02-27,5.972,6.0573,5.9628,5.986,11385899.0
2018-02-28,5.997,6.037,5.8728,5.8845,13077878.0
2018-03-01,5.8823,5.9368,5.5375,5.6398,26002972.0
2018-03-02,5.531,5.7545,5.3808,5.748,22835685.0
2018-03-05,5.6973,5.7658,5.5725,5.7258,15519413.0
2018-03-06,5.812,5.908,5.7685,5.8885,15920243.0
2018-03-07,5.7845,5.9333,5.7833,5.8805,14530226.0
2018-03-08,5.9083,5.9083,5.8193,5.864,10297761.0
2018-03-09,5.912,5.9808,5.8958,5.9678,12638148.0
2018-03-12,6.0095,6.1595,6.003,6.0785,15126541.0
2018-03-13,6.1218,6.197,5.9855,6.0273,15494309.0
2018-03-14,6.0708,6.0983,5.99,6.053,12637361.0
2018-03-15,6.0668,6.15,6.0255,6.068,10048837.0
2018-03-16,6.0845,6.1158,6.0465,6.0965,9986432.0
2018-03-19,6.039,6.0683,5.7595,5.8595,17844338.0
2018-03-20,5.8625,6.1133,5.8625,6.074,13867409.0
2018-03-21,6.0675,6.1345,6.0178,6.0485,10967216.0
2018-03-22,5.9845,6.0315,5.843,5.8808,13779919.0
2018-03-23,5.8945,5.9013,5.6475,5.6588,18390461.0
2018-03-26,5.7845,5.9478,5.732,5.9465,15285640.0
2018-03-27,6.0283,6.0845,5.3308,5.4725,35225012.0
2018-03-28,5.4378,5.5693,5.2595,5.3683,23647648.0
2018-03-29,5.4373,5.722,5.352,5.6243,22915692.0
2018-04-02,5.553,5.7008,5.272,5.3608,22952108.0
2018-04-03,5.5295,5.5933,5.3683,5.4683,16685759.0
2018-04-04,5.2098,5.501,5.1845,5.4905,19729161.0
2018-04-05,5.5495,5.5628,5.2968,5.369,17530973.0
2018-04-06,5.2653,5.3745,5.1613,5.1908,16574720.0
2018-04-09,5.2545,5.3838,5.1995,5.2198,12488120.0
2018-04-10,5.4525,5.5595,5.3948,5.5323,19118807.0
2018-04-11,5.5173,5.559,5.4575,5.4905,11506057.0
2018-04-12,5.5845,5.7175,5.5398,5.6995,14847950.0
2018-04-13,5.7638,5.7723,5.5733,5.622,12575892.0
2018-04-16,5.6288,5.6555,5.5265,5.6218,8769776.0
2018-04-17,5.6745,5.7945,5.6183,5.773,11180638.0
2018-04-18,5.722,5.8158,5.6538,5.7438,9784058.0
2018-04-19,5.6283,5.662,5.5045,5.5605,11799933.0
2018-04-20,5.5518,5.637,5.5208,5.5523,9654966.0
2018-04-23,5.5703,5.622,5.4053,5.4315,10687723.0
2018-04-24,5.4575,5.5545,5.2985,5.3645,10364894.0
2018-04-25,5.3345,5.374,5.092,5.251,14712343.0
2018-04-26,5.4145,5.4733,5.3478,5.465,9395574.0
2018-04-27,5.572,5.592,5.45,5.4928,10021245.0
2018-04-30,5.5093,5.5595,5.4375,5.457,8196067.0
2018-05-01,5.4488,5.5158,5.3895,5.513,6344727.0
2018-05-02,5.5095,5.5545,5.4658,5.4923,6706185.0
2018-05-03,5.5245,5.6858,5.4788,5.6593,11078640.0
2018-05-04,5.6303,5.8143,5.6128,5.811,10016538.0
2018-05-07,5.9168,6.1093,5.9068,6.0515,17190378.0
2018-05-08,6.0518,6.0973,6.0023,6.0945,12665374.0
2018-05-09,6.1148,6.2313,6.0873,6.229,14918980.0
2018-05-10,6.2825,6.347,6.2645,6.3378,24852029.0
2018-05-11,6.154,6.3293,6.098,6.1978,30361406.0
2018-05-14,6.2363,6.2968,6.1945,6.2185,13078477.0
2018-05-15,6.1543,6.157,5.872,5.9735,24088210.0
2018-05-16,5.9345,6.0475,5.8973,5.9848,13845706.0
2018-05-17,5.9865,6.122,5.9703,6.0273,12994605.0
2018-05-18,6.0798,6.1438,5.978,5.983,12092942.0
2018-05-21,6.0815,6.0853,5.8468,5.9405,16015620.0
2018-05-22,5.954,5.9795,5.8408,5.902,12956637.0
2018-05-23,5.8453,6.028,5.8445,6.0268,11073926.0
2018-05-24,6.023,6.0733,5.9693,6.0305,10934295.0
2018-05-25,6.0433,6.0868,6.0073,6.0703,7302782.0
2018-05-29,6.052,6.1218,6.0058,6.053,8817083.0
2018-05-30,6.087,6.1718,6.062,6.163,9774864.0
2018-05-31,6.1308,6.2183,6.12,6.143,12346709.0
2018-06-01,6.1883,6.285,6.1795,6.2788,10549248.0
2018-06-04,6.3133,6.4818,6.2808,6.4595,16050641.0
2018-06-05,6.4628,6.503,6.4175,6.465,9792801.0
2018-06-06,6.374,6.4703,6.3575,6.467,9283856.0
2018-06-07,6.4633,6.4753,6.3195,6.4108,9236216.0
2018-06-08,6.3373,6.4383,6.3183,6.3953,9011443.0
2018-06-11,6.3825,6.4245,6.3408,6.3538,6634253.0
2018-06-12,6.3805,6.415,6.3298,6.4028,7978985.0
2018-06-13,6.4043,6.48,6.389,6.3983,8455159.0
2018-06-14,6.4438,6.5683,6.4288,6.511,10750411.0
2018-06-15,6.4533,6.5253,6.422,6.4698,10806488.0
2018-06-18,6.4253,6.4833,6.3978,6.4655,8906674.0
2018-06-19,6.3613,6.4293,6.2138,6.3425,14873324.0
2018-06-20,6.384,6.4495,6.3453,6.396,9244494.0
2018-06-21,6.4283,6.4468,6.2583,6.266,8987906.0
2018-06-22,6.287,6.3005,6.0965,6.112,10853954.0
2018-06-25,6.0045,6.0083,5.7268,5.8163,16645431.0
2018-06-26,5.9308,5.9795,5.836,5.888,11972137.0
2018-06-27,5.932,5.999,5.7258,5.7313,11347303.0
2018-06-28,5.7213,5.8718,5.7135,5.8598,8450297.0
2018-06-29,5.9255,5.9383,5.7595,5.7608,9807477.0
2018-07-02,5.6905,5.898,5.6698,5.8943,8939348.0
2018-07-03,5.9293,5.9353,5.7508,5.7593,5568325.0
2018-07-05,5.815,5.9115,5.7758,5.9065,7655448.0
2018-07-06,5.8818,6.03,5.8603,6.0215,7408822.0
2018-07-09,6.0965,6.1063,5.99,6.0695,7597022.0
2018-07-10,6.082,6.1918,6.0413,6.1695,9000390.0
2018-07-11,6.0758,6.1108,6.0158,6.0265,9187660.0
2018-07-12,6.0723,6.1675,6.0623,6.119,8637673.0
2018-07-13,6.1378,6.1378,6.0288,6.0713,6179078.0
2018-07-16,6.0433,6.0968,6.0308,6.0433,4925926.0
2018-07-17,5.9935,6.1958,5.9678,6.1805,9053395.0
2018-07-18,6.173,6.187,6.0793,6.1308,6941041.0
2018-07-19,6.1118,6.173,6.0965,6.139,5893783.0
2018-07-20,6.1365,6.1758,6.0995,6.1105,5562161.0
2018-07-23,6.0838,6.0855,5.9203,6.0735,7539621.0
2018-07-24,6.122,6.2095,6.0383,6.056,8865545.0
2018-07-25,6.0655,6.1478,6.007,6.135,8004551.0
2018-07-26,6.1148,6.2465,6.0978,6.2093,8128128.0
2018-07-27,6.2463,6.2533,6.0843,6.1388,7385535.0
2018-07-30,6.153,6.159,5.9063,5.9415,8508539.0
2018-07-31,5.931,6.0353,5.8918,5.9598,7099696.0
2018-08-01,5.9915,6.0473,5.9355,6.0,7088889.0
2018-08-02,5.928,6.1078,5.8685,6.1038,6741689.0
2018-08-03,6.1285,6.1648,6.1115,6.1408,5357202.0
2018-08-06,6.128,6.1925,6.081,6.189,5187665.0
2018-08-07,6.2383,6.2808,6.2113,6.262,6453260.0
2018-08-08,6.2633,6.3443,6.228,6.2988,6552462.0
2018-08-09,6.3168,6.3195,6.242,6.2498,5106962.0
2018-08-10,6.167,6.2408,6.1558,6.208,6415668.0
2018-08-13,6.2168,6.3633,6.215,6.2413,9380158.0
2018-08-14,6.3478,6.3883,6.2638,6.374,11655486.0
2018-08-15,6.395,6.4293,6.2358,6.3153,14778394.0
2018-08-16,6.3858,6.3883,6.2135,6.2743,20031476.0
2018-08-17,6.1618,6.1625,5.9315,5.9588,28579694.0
2018-08-20,5.9178,6.1683,5.8063,6.0343,21359655.0
2018-08-21,6.0508,6.1758,6.0308,6.1713,16849710.0
2018-08-22,6.1383,6.4138,6.1348,6.4088,18746422.0
2018-08-23,6.3698,6.5753,6.3558,6.5093,18017114.0
2018-08-24,6.5178,6.6585,6.5133,6.6438,13287762.0
2018-08-27,6.6738,6.8108,6.6418,6.7358,12644437.0
2018-08-28,6.7298,6.7528,6.5765,6.6978,11884595.0
2018-08-29,6.69,6.8295,6.669,6.8043,10502741.0
2018-08-30,6.7728,6.885,6.75,6.7873,8665230.0
2018-08-31,6.767,6.872,6.757,6.859,7664750.0
2018-09-04,6.8458,6.9725,6.817,6.9345,9793027.0
2018-09-05,6.9168,6.9525,6.7208,6.8025,9828919.0
2018-09-06,6.786,6.7885,6.6268,6.66,8069889.0
2018-09-07,6.567,6.7653,6.5218,6.6385,7385468.0
2018-09-10,6.6613,6.7403,6.617,6.7103,5503457.0
2018-09-11,6.6635,6.752,6.6425,6.662,6077818.0
2018-09-12,6.6218,6.6415,6.39,6.547,10477259.0
2018-09-13,6.6135,6.717,6.596,6.6255,7638387.0
2018-09-14,6.7168,6.8195,6.6795,6.7528,9673380.0
2018-09-17,6.727,6.7765,6.6708,6.6903,5138189.0
2018-09-18,6.6943,6.798,6.6108,6.6175,7488023.0
2018-09-19,6.5988,6.6595,6.5483,6.6415,5621465.0
2018-09-20,6.5183,6.561,6.4445,6.499,10764569.0
2018-09-21,6.511,6.557,6.3948,6.4283,10878157.0
2018-09-24,6.397,6.488,6.309,6.4845,7347826.0
2018-09-25,6.5513,6.5775,6.4648,6.5523,7009746.0
2018-09-26,6.5573,6.598,6.499,6.515,6713688.0
2018-09-27,6.5505,6.572,6.4953,6.527,5360717.0
2018-09-28,6.6603,6.89,6.632,6.8675,17734914.0
2018-10-01,6.946,7.1435,6.907,7.076,15551453.0
2018-10-02,7.0483,7.161,6.9815,7.004,9599118.0
2018-10-03,7.075,7.0825,6.9053,7.0103,8013769.0
2018-10-04,6.9738,6.9983,6.7465,6.8243,9780489.0
2018-10-05,6.7993,6.862,6.5305,6.5885,10665861.0
2018-10-08,6.5045,6.621,6.344,6.4863,10215265.0
2018-10-09,6.4655,6.561,6.412,6.4805,6837493.0
2018-10-10,6.3735,6.4198,5.982,5.9843,17123454.0
2018-10-11,5.8963,6.031,5.6985,5.7203,18135929.0
2018-10-12,5.9798,6.0805,5.8333,6.0055,15205917.0
2018-10-15,5.992,5.992,5.7255,5.7265,11244032.0
2018-10-16,5.8403,5.999,5.7905,5.9878,10217795.0
2018-10-17,6.0505,6.089,5.869,5.9185,8241701.0
2018-10-18,5.9885,6.0273,5.7693,5.8303,13100548.0
2018-10-19,5.886,5.9058,5.5345,5.5713,15340249.0
2018-10-22,5.624,5.725,5.5188,5.6225,9221091.0
2018-10-23,5.3528,5.4468,5.2598,5.3685,15660945.0
2018-10-24,5.3298,5.3768,4.8133,4.8273,22107199.0
2018-10-25,4.7288,5.0858,4.684,5.038,23793040.0
2018-10-26,4.7998,4.963,4.67,4.7993,16619628.0
2018-10-29,4.9418,4.9453,4.2423,4.4825,18950441.0
2018-10-30,4.5058,4.927,4.4825,4.917,20179768.0
2018-10-31,5.0833,5.1568,4.9423,5.1128,18644304.0
2018-11-01,5.1495,5.3043,5.0218,5.2948,14163208.0
2018-11-02,5.2853,5.392,5.0973,5.215,11324002.0
2018-11-05,5.2018,5.2253,4.974,5.1363,9483260.0
2018-11-06,5.1283,5.2133,5.081,5.1185,7475259.0
2018-11-07,5.1858,5.2773,5.1215,5.1868,12095301.0
2018-11-08,5.127,5.1278,4.9378,4.9918,12783823.0
2018-11-09,4.902,5.075,4.868,4.9838,10331049.0
2018-11-12,4.8915,4.9138,4.5585,4.5805,15427947.0
2018-11-13,4.6793,4.9473,4.673,4.8248,16117775.0
2018-11-14,4.9995,5.014,4.6628,4.7718,13164471.0
2018-11-15,4.7658,4.9745,4.7295,4.9018,21017716.0
2018-11-16,3.925,4.1085,3.8823,3.9528,49087977.0
2018-11-19,3.8868,3.8875,3.4578,3.4595,42445505.0
2018-11-20,3.1935,3.6985,3.1748,3.569,42300828.0
2018-11-21,3.7075,3.7245,3.4323,3.4598,25637350.0
2018-11-23,3.4248,3.5818,3.4118,3.467,10299211.0
2018-11-26,3.5893,3.6788,3.506,3.6683,20370806.0
2018-11-27,3.642,3.7673,3.6058,3.6853,18451506.0
2018-11-28,3.804,3.849,3.6703,3.8438,20113137.0
2018-11-29,3.846,3.8835,3.7495,3.78,13729340.0
2018-11-30,3.7898,3.9425,3.739,3.9318,18239114.0
2018-12-03,4.161,4.213,4.0295,4.097,22270109.0
2018-12-04,4.052,4.057,3.7585,3.7738,20302787.0
2018-12-06,3.632,3.8083,3.6163,3.8033,17307741.0
2018-12-07,3.8075,3.8178,3.4865,3.5363,17041949.0
2018-12-10,3.491,3.6675,3.4873,3.6425,15736835.0
2018-12-11,3.735,3.7433,3.471,3.5508,16797832.0
2018-12-12,3.5565,3.6655,3.4665,3.5685,16353398.0
2018-12-13,3.6158,3.6805,3.532,3.5683,11784624.0
2018-12-14,3.5263,3.6108,3.4835,3.5073,11795531.0
2018-12-17,3.477,3.5498,3.377,3.4355,16571683.0
2018-12-18,3.4798,3.6043,3.4523,3.5195,14109251.0
2018-12-19,3.4855,3.5395,3.2568,3.3088,18634147.0
2018-12-20,3.3003,3.391,3.1633,3.2235,18739697.0
2018-12-21,3.2503,3.2835,3.0575,3.0853,21593525.0
2018-12-24,3.0083,3.0955,2.9585,3.023,11595978.0
2018-12-26,3.0695,3.1745,2.9575,3.1735,17377484.0
2018-12-27,3.1208,3.1555,2.9755,3.1253,15926080.0
2018-12-28,3.146,3.2808,3.1038,3.1873,15712319.0
2018-12-31,3.231,3.2638,3.1525,3.1835,11628503.0
2019-01-02,3.112,3.308,3.0973,3.2515,12718840.0
2019-01-03,3.1908,3.225,3.0383,3.0458,17638786.0
2019-01-04,3.1195,3.2893,3.0885,3.2508,14640483.0
2019-01-07,3.3085,3.4683,3.2568,3.431,17728980.0
2019-01-08,3.5133,3.5155,3.2685,3.3418,19650429.0
2019-01-09,3.3935,3.4583,3.3425,3.4105,15431475.0
2019-01-10,3.391,3.4855,3.33,3.4768,13078906.0
2019-01-11,3.4543,3.5898,3.4263,3.5668,21869066.0
2019-01-14,3.514,3.6325,3.4903,3.607,18254249.0
2019-01-15,3.64,3.6798,3.5743,3.5928,15425251.0
2019-01-16,3.6203,3.6535,3.5615,3.567,11752592.0
2019-01-17,3.5338,3.6793,3.5063,3.639,12335905.0
2019-01-18,3.6923,3.7955,3.638,3.7693,16283423.0
2019-01-22,3.7388,3.7505,3.5348,3.5653,16538776.0
2019-01-23,3.621,3.7105,3.5468,3.5783,14775545.0
2019-01-24,3.6635,3.8098,3.6588,3.792,17724261.0
2019-01-25,3.732,3.868,3.6285,3.8498,28880547.0
2019-01-28,3.2598,3.387,3.121,3.2963,62788169.0
2019-01-29,3.2498,3.2985,3.1213,3.136,28848347.0
2019-01-30,3.2128,3.2953,3.1325,3.2808,24355739.0
2019-01-31,3.2775,3.4758,3.2555,3.4398,21071338.0
2019-02-01,3.4585,3.5158,3.4105,3.4643,15626175.0
2019-02-04,3.4803,3.613,3.458,3.5755,13215018.0
2019-02-05,3.5875,3.6318,3.5535,3.5948,13560625.0
2019-02-06,3.6283,3.736,3.6228,3.671,17561647.0
2019-02-07,3.6243,3.6265,3.4883,3.5315,15928000.0
2019-02-08,3.4638,3.561,3.4493,3.5503,11540137.0
2019-02-11,3.5058,3.5605,3.4585,3.5073,12379515.0
2019-02-12,3.546,3.641,3.5315,3.6253,14776513.0
2019-02-13,3.655,3.7418,3.6413,3.668,15134302.0
2019-02-14,3.667,3.7375,3.6235,3.7093,20681574.0
2019-02-15,3.9198,3.9428,3.7565,3.7795,37918734.0
2019-02-19,3.7688,3.8433,3.7495,3.762,13797316.0
2019-02-20,3.7915,3.8775,3.7803,3.8098,13524737.0
2019-02-21,3.8225,3.8473,3.7255,3.7403,11213668.0
2019-02-22,3.7925,3.8448,3.7788,3.8258,10043531.0
2019-02-25,3.91,3.978,3.8045,3.8133,16400481.0
2019-02-26,3.8085,3.865,3.7398,3.7735,12211571.0
2019-02-27,3.759,3.7858,3.6738,3.7313,12506381.0
2019-02-28,3.725,3.7475,3.684,3.7065,8123565.0
2019-03-01,3.7568,3.8038,3.698,3.7613,8929678.0
2019-03-04,3.8,3.823,3.7125,3.7695,10249750.0
2019-03-05,3.7538,3.8015,3.699,3.763,9073119.0
2019-03-06,3.754,3.7625,3.6485,3.6513,10088149.0
2019-03-07,3.6275,3.6373,3.535,3.5815,11252633.0
2019-03-08,3.4915,3.6268,3.47,3.616,10560371.0
2019-03-11,3.6398,3.9015,3.5923,3.8785,21493150.0
2019-03-12,3.9065,3.9598,3.8298,3.913,14489368.0
2019-03-13,3.9508,4.095,3.9433,4.0655,19222518.0
2019-03-14,4.0748,4.0868,3.9813,3.989,12984630.0
2019-03-15,4.0325,4.1383,4.029,4.0953,16536482.0
2019-03-18,4.127,4.1813,4.0465,4.0738,12174829.0
2019-03-19,4.169,4.2875,4.152,4.2428,21374310.0
2019-03-20,4.272,4.3258,4.175,4.21,17978715.0
2019-03-21,4.2333,4.475,4.2283,4.4485,20607767.0
2019-03-22,4.421,4.47,4.2735,4.2875,18691087.0
2019-03-25,4.2465,4.3113,4.1278,4.1945,13130301.0
2019-03-26,4.3373,4.3938,4.215,4.2718,17587678.0
2019-03-27,4.2975,4.3443,4.1925,4.2625,11859294.0
2019-03-28,4.2888,4.3475,4.2278,4.2813,12006602.0
2019-03-29,4.3485,4.3635,4.2978,4.339,11422379.0
2019-04-01,4.4315,4.4375,4.3593,4.407,12095612.0
2019-04-02,4.4313,4.4698,4.388,4.425,11022996.0
2019-04-03,4.475,4.625,4.47,4.5655,19719468.0
2019-04-04,4.55,4.5993,4.4933,4.5565,11434419.0
2019-04-05,4.6,4.6413,4.5633,4.6238,12043649.0
2019-04-08,4.593,4.67,4.5688,4.6448,10604848.0
2019-04-09,4.611,4.6223,4.539,4.5815,10999320.0
2019-04-10,4.5808,4.6785,4.5763,4.6525,11119307.0
2019-04-11,4.655,4.6868,4.5888,4.6385,9365037.0
2019-04-12,4.6775,4.6815,4.5915,4.6003,11792664.0
2019-04-15,4.5925,4.5975,4.4275,4.4675,11002345.0
2019-04-16,4.507,4.5743,4.474,4.5553,9874091.0
2019-04-17,4.5905,4.6115,4.5098,4.5323,8775068.0
2019-04-18,4.539,4.5733,4.4798,4.5075,9524704.0
2019-04-22,4.4838,4.5775,4.452,4.5618,6998388.0
2019-04-23,4.575,4.6483,4.5653,4.6168,8671381.0
2019-04-24,4.6273,4.6703,4.566,4.6293,7955120.0
2019-04-25,4.5888,4.6113,4.4425,4.5228,12482437.0
2019-04-26,4.3678,4.3723,4.1825,4.3023,21724729.0
2019-04-29,4.3103,4.3613,4.2375,4.3333,9797983.0
2019-04-30,4.3008,4.4008,4.2815,4.375,9073040.0
2019-05-01,4.4278,4.4703,4.3615,4.3618,8857031.0
2019-05-02,4.3715,4.4718,4.328,4.4298,9867135.0
2019-05-03,4.4383,4.4483,4.3633,4.4253,8420587.0
2019-05-06,4.2375,4.3585,4.2,4.3463,10554445.0
2019-05-07,4.2975,4.2975,4.1293,4.1778,13880458.0
2019-05-08,4.15,4.2788,4.138,4.198,10479154.0
2019-05-09,4.1285,4.1383,3.985,4.1048,16506164.0
2019-05-10,4.0738,4.1398,3.95,4.0705,14237451.0
2019-05-13,3.9375,3.9608,3.7953,3.8113,16422819.0
2019-05-14,3.8513,3.9365,3.8123,3.901,13121972.0
2019-05-15,3.845,3.8763,3.7853,3.8395,12558001.0
2019-05-16,3.834,3.8978,3.7913,3.8548,19527204.0
2019-05-17,3.8125,3.9428,3.7235,3.7633,25551698.0
2019-05-20,3.6638,3.7193,3.6188,3.6438,14301634.0
2019-05-21,3.705,3.7425,3.666,3.7265,9046247.0
2019-05-22,3.6875,3.7138,3.644,3.655,8146740.0
2019-05-23,3.5923,3.5923,3.4728,3.533,14796109.0
2019-05-24,3.552,3.5875,3.472,3.4788,8939632.0
2019-05-28,3.4965,3.5295,3.4313,3.4333,10708852.0
2019-05-29,3.3853,3.4205,3.3235,3.3585,13995037.0
2019-05-30,3.3618,3.3978,3.2933,3.3318,9857490.0
2019-05-31,3.2825,3.3153,3.2388,3.2405,9742992.0
2019-06-03,3.2518,3.2908,3.169,3.1985,11966080.0
2019-06-04,3.263,3.4343,3.2408,3.429,16045885.0
2019-06-05,3.5033,3.5088,3.3495,3.386,12790385.0
2019-06-06,3.3903,3.4733,3.3878,3.4485,10203462.0
2019-06-07,3.4545,3.526,3.4353,3.4915,8721438.0
2019-06-10,3.548,3.6338,3.548,3.5648,10069522.0
2019-06-11,3.625,3.663,3.583,3.6228,9596751.0
2019-06-12,3.579,3.5853,3.4938,3.509,8972298.0
2019-06-13,3.5313,3.579,3.5135,3.5605,7702027.0
2019-06-14,3.4668,3.4913,3.425,3.47,9860656.0
2019-06-17,3.4683,3.517,3.4453,3.4798,6901037.0
2019-06-18,3.5415,3.7318,3.5305,3.676,14547950.0
2019-06-19,3.7115,3.723,3.6558,3.682,8291099.0
2019-06-20,3.7733,3.7873,3.692,3.7065,8754182.0
2019-06-21,3.6915,3.741,3.6415,3.648,10860672.0
2019-06-24,3.6695,3.7003,3.622,3.6705,7073718.0
2019-06-25,3.6755,3.751,3.6383,3.641,7796661.0
2019-06-26,3.7693,3.897,3.7563,3.8355,14601825.0
2019-06-27,3.9218,3.954,3.8855,3.9348,11136038.0
2019-06-28,3.979,3.9883,3.9128,3.9598,9941659.0
2019-07-01,4.1683,4.2028,3.9705,4.0083,17788327.0
2019-07-02,3.9915,4.0128,3.8965,3.9098,10005688.0
2019-07-03,3.9333,3.939,3.8625,3.9228,6165856.0
2019-07-05,3.864,3.8685,3.796,3.8598,9913847.0
2019-07-08,3.7998,3.8188,3.754,3.7843,8244669.0
2019-07-09,3.7418,3.815,3.729,3.7868,8571512.0
2019-07-10,3.8305,3.9133,3.8165,3.8555,11301899.0
2019-07-11,3.929,4.052,3.8915,4.011,17063964.0
2019-07-12,4.039,4.1158,4.039,4.0443,12659816.0
2019-07-15,4.0655,4.0818,4.0073,4.0358,7245993.0
2019-07-16,4.0208,4.0583,3.975,4.031,8536098.0
2019-07-17,4.0328,4.1038,4.0033,4.0968,8705107.0
2019-07-18,4.1073,4.1718,4.0503,4.1085,11079474.0
2019-07-19,4.147,4.1535,4.059,4.065,8622395.0
2019-07-22,4.0865,4.15,4.079,4.137,7898498.0
2019-07-23,4.1765,4.2475,4.1608,4.2455,10704414.0
2019-07-24,4.289,4.3263,4.2125,4.3205,9155937.0
2019-07-25,4.2788,4.2915,4.165,4.1885,9817453.0
2019-07-26,4.2158,4.2778,4.2158,4.2308,6853997.0
2019-07-29,4.2235,4.2408,4.1358,4.2245,6204049.0
2019-07-30,4.1778,4.2525,4.1633,4.2403,4944261.0
2019-07-31,4.2085,4.2095,4.0295,4.072,8985391.0
2019-08-01,4.0825,4.1735,3.9245,3.977,10530314.0
2019-08-02,3.8838,3.9535,3.836,3.8838,10708732.0
2019-08-05,3.699,3.7003,3.5765,3.6238,14728936.0
2019-08-06,3.699,3.7448,3.6148,3.6628,9031767.0
2019-08-07,3.6015,3.7133,3.584,3.7013,9314045.0
2019-08-08,3.7593,3.8118,3.7015,3.8105,7732472.0
2019-08-09,3.7693,3.7728,3.6578,3.7085,8545418.0
2019-08-12,3.656,3.7085,3.6183,3.6403,6980012.0
2019-08-13,3.6388,3.8015,3.5995,3.7553,9012811.0
2019-08-14,3.6665,3.6778,3.5618,3.6058,10497033.0
2019-08-15,3.6248,3.6448,3.5388,3.5733,13861551.0
2019-08-16,3.8378,3.8925,3.776,3.843,25384628.0
2019-08-19,3.957,4.1395,3.9408,4.1235,20408061.0
2019-08-20,4.118,4.1185,4.0295,4.0508,11588040.0
2019-08-21,4.1173,4.1903,4.0955,4.1348,10697773.0
2019-08-22,4.1445,4.1873,4.1015,4.141,7593918.0
2019-08-23,4.064,4.1188,3.895,3.915,14237433.0
2019-08-26,3.9943,4.0185,3.9518,3.9903,7964854.0
2019-08-27,4.0288,4.0315,3.8695,3.899,7288739.0
2019-08-28,3.8725,3.9415,3.833,3.8885,6395703.0
2019-08-29,3.9805,4.0655,3.977,4.033,8959326.0
2019-08-30,4.0795,4.1295,4.0275,4.0458,7272712.0
2019-09-03,3.9725,4.0058,3.9393,3.9623,7412770.0
2019-09-04,4.0233,4.0845,4.0233,4.077,5703009.0
2019-09-05,4.1798,4.3578,4.178,4.3515,17412125.0
2019-09-06,4.328,4.3853,4.286,4.3243,9424419.0
2019-09-09,4.3555,4.4575,4.354,4.3705,10438133.0
2019-09-10,4.3375,4.4643,4.3278,4.4375,8820305.0
2019-09-11,4.4523,4.5148,4.423,4.4663,9037782.0
2019-09-12,4.513,4.568,4.4568,4.4648,8196025.0
2019-09-13,4.3978,4.435,4.3625,4.4065,8114787.0
2019-09-16,4.331,4.398,4.3205,4.3633,5795796.0
2019-09-17,4.37,4.389,4.3233,4.3848,5711828.0
2019-09-18,4.3778,4.3935,4.2705,4.3575,6600942.0
2019-09-19,4.3635,4.382,4.2708,4.2815,6408569.0
2019-09-20,4.2805,4.3043,4.165,4.1753,8931295.0
2019-09-23,4.1755,4.2748,4.1718,4.229,6395647.0
2019-09-24,4.2605,4.2903,4.1355,4.1713,8031045.0
2019-09-25,4.1708,4.3335,4.1258,4.3138,7827672.0
2019-09-26,4.304,4.3128,4.2403,4.2915,5945648.0
2019-09-27,4.2495,4.3005,4.091,4.152,9148974.0
2019-09-30,4.178,4.22,4.1465,4.2098,4829977.0
2019-10-01,4.233,4.383,4.2033,4.208,9189150.0
2019-10-02,4.186,4.198,4.1113,4.184,7391544.0
2019-10-03,4.1885,4.397,4.158,4.3908,11568265.0
2019-10-04,4.393,4.4368,4.3275,4.4073,6699005.0
2019-10-07,4.4725,4.5665,4.4638,4.4663,12207839.0
2019-10-08,4.374,4.374,4.2705,4.2888,11233566.0
2019-10-09,4.366,4.4255,4.337,4.3758,7697082.0
2019-10-10,4.3735,4.485,4.3683,4.4338,8187889.0
2019-10-11,4.5183,4.5915,4.4993,4.5078,11271668.0
2019-10-14,4.499,4.5423,4.4678,4.5213,5258394.0
2019-10-15,4.612,4.8403,4.598,4.7673,16699633.0
2019-10-16,4.733,4.8385,4.7018,4.7133,10818828.0
2019-10-17,4.758,4.8033,4.6605,4.7153,6607924.0
2019-10-18,4.7158,4.7485,4.5455,4.6203,7690605.0
2019-10-21,4.682,4.7718,4.663,4.7583,6674181.0
2019-10-22,4.8155,4.9213,4.7405,4.7483,8434228.0
2019-10-23,4.6658,4.7495,4.6338,4.7353,7144250.0
2019-10-24,4.7768,4.8133,4.7425,4.7795,5975933.0
2019-10-25,4.8605,4.9925,4.8528,4.9715,10577288.0
2019-10-28,5.0155,5.0805,4.986,5.0278,8269791.0
2019-10-29,5.0138,5.0203,4.9115,4.931,5280920.0
2019-10-30,4.958,4.9638,4.8645,4.933,5149038.0
2019-10-31,4.912,4.933,4.8033,4.8835,5243315.0
2019-11-01,4.848,4.9553,4.8228,4.9228,7090956.0
2019-11-04,5.0043,5.133,4.981,5.1205,9417905.0
2019-11-05,5.1203,5.1465,5.05,5.0983,7521712.0
2019-11-06,5.074,5.0998,4.9608,5.0488,6725335.0
2019-11-07,5.1358,5.1505,5.0215,5.0665,7008498.0
2019-11-08,5.0495,5.0843,5.0118,5.0525,4735187.0
2019-11-11,5.0518,5.0858,4.965,5.0625,6094736.0
2019-11-12,5.101,5.1545,5.0658,5.0983,7095971.0
2019-11-13,5.0668,5.0945,5.0055,5.0723,7559124.0
2019-11-14,5.0813,5.105,5.021,5.1028,13175171.0
2019-11-15,5.1005,5.1525,4.874,4.9628,26355409.0
2019-11-18,4.9553,5.1918,4.9523,5.165,14382963.0
2019-11-19,5.1338,5.1575,4.9993,5.0578,10384506.0
2019-11-20,5.0348,5.2218,5.022,5.1375,11825438.0
2019-11-21,5.133,5.189,5.0908,5.1125,7209730.0
2019-11-22,5.1353,5.182,5.1065,5.1303,5602470.0
2019-11-25,5.259,5.3933,5.246,5.3883,12683686.0
2019-11-26,5.3705,5.3753,5.2765,5.283,9642023.0
2019-11-27,5.3288,5.3633,5.2915,5.318,5410718.0
2019-11-29,5.287,5.3155,5.2565,5.2805,3538924.0
2019-12-02,5.2735,5.287,5.078,5.0933,9346742.0
2019-12-03,4.9088,5.0575,4.8713,5.0535,11853653.0
2019-12-04,5.1375,5.16,5.0688,5.0975,6840459.0
2019-12-05,5.1195,5.1353,5.0498,5.0805,4628444.0
2019-12-06,5.15,5.1993,5.14,5.1663,5810457.0
2019-12-09,5.1433,5.2213,5.1345,5.1663,5378320.0
2019-12-10,5.1965,5.2635,5.1435,5.2115,6417228.0
2019-12-11,5.222,5.301,5.2195,5.2955,5850247.0
2019-12-12,5.2665,5.482,5.2575,5.4638,10152084.0
2019-12-13,5.4668,5.5865,5.4075,5.4618,11374183.0
2019-12-16,5.5095,5.5635,5.4813,5.4908,8032684.0
2019-12-17,5.5095,5.592,5.5,5.5693,8081598.0
2019-12-18,5.6043,5.6605,5.5958,5.5998,8606969.0
2019-12-19,5.6345,5.762,5.6295,5.7485,11327674.0
2019-12-20,5.8153,5.8718,5.796,5.8463,15084607.0
2019-12-23,5.875,5.9073,5.8218,5.8325,8884815.0
2019-12-24,5.817,5.8448,5.7825,5.8275,3471597.0
2019-12-26,5.831,5.87,5.812,5.8418,4580451.0
2019-12-27,5.857,5.8705,5.7573,5.7838,6370251.0
2019-12-30,5.7618,5.767,5.6385,5.67,6456178.0
2019-12-31,5.6345,5.754,5.6153,5.7445,5780283.0
2020-01-02,5.8308,5.8598,5.78,5.8598,5941969.0
2020-01-03,5.7395,5.8078,5.7145,5.7638,5144308.0
2020-01-06,5.67,5.7938,5.6438,5.7885,6572812.0
2020-01-07,5.817,5.9063,5.7718,5.8603,7980144.0
2020-01-08,5.856,5.913,5.8158,5.8715,6931017.0
2020-01-09,5.9583,6.0103,5.8835,5.9375,6386053.0
2020-01-10,6.0453,6.0758,5.9558,5.97,7911560.0
2020-01-13,6.0535,6.1868,6.0308,6.1615,8008451.0
2020-01-14,6.1185,6.144,6.0308,6.044,8989483.0
2020-01-15,6.0568,6.0793,5.9753,6.0013,6577636.0
2020-01-16,6.055,6.0913,6.0315,6.0853,7104791.0
2020-01-17,6.1045,6.112,6.0463,6.094,6344764.0
2020-01-21,6.0573,6.0943,6.0263,6.0605,5447925.0
2020-01-22,6.106,6.2018,6.087,6.1133,5980967.0
2020-01-23,6.155,6.192,6.0658,6.1835,6112861.0
2020-01-24,6.2995,6.3495,6.0695,6.124,9337839.0
2020-01-27,5.818,5.9183,5.6678,5.867,11763354.0
2020-01-28,5.9333,6.0938,5.8798,6.0613,7774401.0
2020-01-29,6.0468,6.083,5.9605,6.0005,6486279.0
2020-01-30,5.9023,6.0208,5.847,6.0073,7262590.0
2020-01-31,5.9613,5.9733,5.7308,5.7728,9260493.0
2020-02-03,5.7545,5.8898,5.7483,5.8703,6398205.0
2020-02-04,6.0128,6.0595,5.9625,6.0403,6788589.0
2020-02-05,6.1618,6.172,6.0473,6.131,5205502.0
2020-02-06,6.1655,6.2183,6.084,6.2183,5457051.0
2020-02-07,6.178,6.2003,6.1263,6.1518,4743803.0
2020-02-10,6.1745,6.437,6.1695,6.4363,13240194.0
2020-02-11,6.545,6.6745,6.4828,6.5593,15963922.0
2020-02-12,6.6123,6.682,6.5733,6.6755,9366118.0
2020-02-13,6.6173,6.699,6.5898,6.6315,13200384.0
2020-02-14,7.0435,7.2363,7.012,7.1068,26048093.0
2020-02-18,7.003,7.2948,6.9835,7.2763,15547025.0
2020-02-19,7.3993,7.7473,7.3993,7.7295,17358281.0
2020-02-20,7.6813,7.77,7.2708,7.5795,20251259.0
2020-02-21,7.4668,7.492,7.1285,7.2138,19232331.0
2020-02-24,6.6168,6.9088,6.562,6.694,21422873.0
2020-02-25,6.7695,6.8318,6.311,6.4133,26387442.0
2020-02-26,6.4135,6.7483,6.412,6.5533,18741536.0
2020-02-27,6.2385,6.541,6.0883,6.181,22660373.0
2020-02-28,5.9275,6.6775,5.9108,6.6178,28366882.0
2020-03-02,6.7885,6.8058,6.391,6.7768,22268639.0
2020-03-03,6.8328,6.8928,6.4275,6.5133,16319828.0
2020-03-04,6.621,6.9883,6.546,6.9788,14935184.0
2020-03-05,6.7785,6.946,6.6535,6.6983,13508187.0
2020-03-06,6.518,6.5758,6.316,6.517,12885307.0
2020-03-09,5.8635,6.351,5.8205,6.002,15353960.0
2020-03-10,6.2795,6.393,6.0158,6.393,14516218.0
2020-03-11,6.2525,6.281,5.9303,6.0278,12551693.0
2020-03-12,5.5025,5.769,5.261,5.2738,20413535.0
2020-03-13,5.6285,5.8915,5.3563,5.887,15870943.0
2020-03-16,5.1763,5.5185,4.716,4.776,18174303.0
2020-03-17,4.8888,5.3875,4.641,5.2978,20840799.0
2020-03-18,4.8685,5.1145,4.383,4.9365,21856657.0
2020-03-19,4.915,5.2843,4.7008,5.1903,19137847.0
2020-03-20,5.341,5.624,4.9943,5.0098,20115854.0
2020-03-23,5.0088,5.278,4.829,5.1833,16096866.0
2020-03-24,5.591,6.1825,5.5673,6.0955,27541095.0
2020-03-25,6.211,6.4115,5.9575,6.0065,19835767.0
2020-03-26,6.2145,6.4215,6.116,6.297,17439692.0
2020-03-27,6.116,6.444,6.083,6.1843,15970744.0
2020-03-30,6.25,6.515,6.2058,6.5058,15056253.0
2020-03-31,6.546,6.751,6.3098,6.456,23749014.0
2020-04-01,6.2573,6.4043,5.898,5.9428,16422828.0
2020-04-02,5.972,6.266,5.9238,6.2528,16894113.0
2020-04-03,6.215,6.2568,5.8258,5.9638,16580346.0
2020-04-06,6.247,6.613,6.1893,6.576,18197062.0
2020-04-07,6.7985,6.8223,6.2985,6.3418,19613047.0
2020-04-08,6.4513,6.5648,6.381,6.5398,13561113.0
2020-04-09,6.666,6.689,6.3765,6.4398,13156195.0
2020-04-13,6.3798,6.621,6.291,6.6123,9960182.0
2020-04-14,6.741,6.999,6.7133,6.9648,13273667.0
2020-04-15,6.796,6.9703,6.7505,6.887,9153721.0
2020-04-16,7.043,7.341,7.0298,7.2335,18640510.0
2020-04-17,7.316,7.3375,7.0395,7.174,13478049.0
2020-04-20,7.047,7.2035,6.9978,7.0423,11234705.0
2020-04-21,6.9238,6.9853,6.5438,6.6038,18378996.0
2020-04-22,6.7968,7.0628,6.751,7.0198,12118228.0
2020-04-23,7.062,7.1945,6.941,6.9663,10603988.0
2020-04-24,6.956,7.1078,6.881,7.1058,8816137.0
2020-04-27,7.2408,7.4535,7.216,7.293,11984699.0
2020-04-28,7.441,7.471,7.1445,7.15,11072603.0
2020-04-29,7.2853,7.3805,7.2098,7.3275,9479047.0
2020-04-30,7.2733,7.3275,7.159,7.173,9397943.0
2020-05-01,6.9748,7.0885,6.887,6.9355,8552445.0
2020-05-04,6.888,7.162,6.888,7.1483,7938880.0
2020-05-05,7.2528,7.3728,7.1483,7.2095,9222391.0
2020-05-06,7.2893,7.416,7.2513,7.3108,8086639.0
2020-05-07,7.4505,7.5513,7.399,7.4878,9343263.0
2020-05-08,7.5598,7.6848,7.5258,7.6785,8497678.0
2020-05-11,7.6735,7.9785,7.6448,7.9315,11726504.0
2020-05-12,7.9895,8.0385,7.6588,7.6685,12326482.0
2020-05-13,7.7835,7.9445,7.4608,7.646,15646252.0
2020-05-14,7.7078,7.902,7.5535,7.8965,15057809.0
2020-05-15,7.7558,8.3665,7.74,8.3568,24691543.0
2020-05-18,8.6265,8.7825,8.5465,8.6163,19410086.0
2020-05-19,8.6563,8.9535,8.6288,8.6715,17933049.0
2020-05-20,8.857,8.909,8.7548,8.836,14688405.0
2020-05-21,8.9175,8.9185,8.6035,8.6413,19026741.0
2020-05-22,8.6913,8.959,8.5793,8.8923,25969125.0
2020-05-26,9.0228,9.0478,8.538,8.5838,19269476.0
2020-05-27,8.491,8.4988,7.8628,8.3913,29397306.0
2020-05-28,8.2783,8.6265,8.2453,8.353,18403204.0
2020-05-29,8.4205,8.7415,8.351,8.7415,18647994.0
2020-06-01,8.6993,8.7068,8.5555,8.6723,9762775.0
2020-06-02,8.6623,8.7033,8.524,8.6913,9783014.0
2020-06-03,8.6883,8.7323,8.566,8.6355,9135972.0
2020-06-04,8.598,8.8133,8.5475,8.6365,10606960.0
2020-06-05,8.6645,8.867,8.578,8.79,12043651.0
2020-06-08,8.7473,8.7598,8.5558,8.675,9693431.0
2020-06-09,8.67,8.9798,8.6213,8.916,11712221.0
2020-06-10,9.0378,9.37,9.0235,9.2368,15804537.0
2020-06-11,9.02,9.1313,8.656,8.6663,14591256.0
2020-06-12,9.0325,9.0573,8.5733,8.8025,14272704.0
2020-06-15,8.6853,9.0523,8.6138,9.0438,10000054.0
2020-06-16,9.095,9.1368,8.7088,8.9385,13392875.0
2020-06-17,8.9838,9.169,8.9403,9.106,10207641.0
2020-06-18,9.097,9.1525,8.9845,9.088,6360238.0
2020-06-19,9.1125,9.315,9.0973,9.1313,13104013.0
2020-06-22,9.17,9.4013,9.1433,9.3968,9961662.0
2020-06-23,9.421,9.5125,9.2775,9.32,9377685.0
2020-06-24,9.3463,9.4265,9.0145,9.1055,11234272.0
2020-06-25,9.2258,9.375,9.0523,9.36,9401800.0
2020-06-26,9.37,9.37,8.995,9.025,14802144.0
2020-06-29,9.0398,9.0745,8.77,9.07,8556203.0
2020-06-30,9.184,9.3963,9.1365,9.3678,9197300.0
2020-07-01,9.3908,9.4458,9.283,9.4,8166170.0
2020-07-02,9.509,9.6075,9.4483,9.4823,9101352.0
2020-07-06,9.6118,9.7788,9.5825,9.7093,7897343.0
2020-07-07,9.8163,9.94,9.7208,9.7418,8944993.0
2020-07-08,9.8638,10.095,9.8355,10.086,9137013.0
2020-07-09,10.2503,10.44,10.1035,10.379,12363680.0
2020-07-10,10.4588,10.5253,10.2488,10.3493,12441869.0
2020-07-13,10.465,10.6623,9.895,9.9223,11426874.0
2020-07-14,9.945,10.2728,9.6555,10.247,13566855.0
2020-07-15,10.2843,10.303,9.9258,10.0973,10099623.0
2020-07-16,9.885,10.0768,9.7655,10.0048,8624118.0
2020-07-17,10.0955,10.1185,9.9578,10.0715,6657116.0
2020-07-20,10.1443,10.4013,10.0268,10.3808,7121271.0
2020-07-21,10.383,10.43,10.1568,10.1985,6941671.0
2020-07-22,10.2375,10.4725,10.1615,10.3088,9182271.0
2020-07-23,10.32,10.417,9.9013,9.9998,10291532.0
2020-07-24,9.745,10.2348,9.647,10.0645,11832300.0
2020-07-27,10.1023,10.3118,10.0878,10.2915,7303255.0
2020-07-28,10.2443,10.252,10.0793,10.0855,6790901.0
2020-07-29,10.2608,10.3863,10.217,10.3355,7112692.0
2020-07-30,10.245,10.493,10.1653,10.484,7722004.0
2020-07-31,10.4333,10.6365,10.303,10.4848,9657150.0
2020-08-03,10.6025,10.9688,10.5853,10.8803,10325456.0
2020-08-04,10.92,11.0978,10.776,11.0978,7758390.0
2020-08-05,11.114,11.2418,11.0363,11.1568,6262493.0
2020-08-06,11.2198,11.228,11.0488,11.2055,6107892.0
2020-08-07,11.1825,11.3748,10.9075,11.0695,8562899.0
2020-08-10,11.2043,11.2783,10.7265,11.035,10694898.0
2020-08-11,10.9438,11.0068,10.6658,10.72,8862763.0
2020-08-12,10.8608,11.337,10.8283,11.3103,11623573.0
2020-08-13,11.416,11.5918,11.2258,11.313,9361489.0
2020-08-14,11.4,11.5748,11.3105,11.434,9160904.0
2020-08-17,11.7213,12.2798,11.6873,12.207,15532523.0
2020-08-18,12.32,12.366,11.9563,12.1308,12586155.0
2020-08-19,12.1665,12.185,11.968,12.0085,15565558.0
2020-08-20,11.845,12.245,11.7488,12.011,23034656.0
2020-08-21,12.0718,12.6788,12.0653,12.5535,24996738.0
2020-08-24,12.7538,12.7825,12.3775,12.5903,12264105.0
2020-08-25,12.5008,12.6313,12.4438,12.62,7226920.0
2020-08-26,12.6693,12.7385,12.5478,12.643,8031073.0
2020-08-27,12.6515,12.72,12.4365,12.4983,7940073.0
2020-08-28,12.545,13.018,12.5125,13.0178,13428963.0
2020-08-31,13.0528,13.445,12.9078,13.2445,12521030.0
2020-09-01,13.354,13.8678,13.3105,13.695,12811849.0
2020-09-02,14.5778,14.6008,13.774,14.2205,21850322.0
2020-09-03,13.7028,13.7585,12.7528,12.8895,23628151.0
2020-09-04,12.6578,13.049,11.5788,12.4965,36592071.0
2020-09-08,11.6085,12.424,11.5783,11.787,19893237.0
2020-09-09,12.274,12.6833,12.1058,12.589,18404957.0
2020-09-10,12.8633,12.9393,12.041,12.1858,17467111.0
2020-09-11,12.3595,12.5265,11.7698,12.0385,15923172.0
2020-09-14,12.955,13.189,12.5053,12.7463,30043624.0
2020-09-15,13.154,13.1728,12.7018,12.865,18188914.0
2020-09-16,12.8313,12.9668,12.3878,12.3885,13939985.0
2020-09-17,12.0063,12.4638,11.9088,12.3375,19812794.0
2020-09-18,12.4678,12.5065,11.8628,12.0633,17461548.0
2020-09-21,11.799,12.3965,11.7785,12.3913,18026061.0
2020-09-22,12.449,12.522,12.0295,12.5118,16161302.0
2020-09-23,12.4495,12.601,11.9533,11.9978,16175308.0
2020-09-24,11.9463,12.4435,11.888,12.222,18281008.0
2020-09-25,12.3215,12.7575,12.1198,12.7478,14700407.0
2020-09-28,12.9143,12.9258,12.624,12.909,14345228.0
2020-09-29,12.8115,13.3168,12.8073,13.0998,15575124.0
2020-09-30,13.0315,13.4965,13.0243,13.4045,17229603.0
2020-10-01,13.632,13.6368,13.3348,13.4885,13125059.0
2020-10-02,13.099,13.3935,12.925,12.9363,13812397.0
2020-10-05,13.11,13.5183,13.0968,13.5165,11995457.0
2020-10-06,13.704,14.016,13.539,13.6105,19610496.0
2020-10-07,13.8738,13.9933,13.7375,13.838,10452129.0
2020-10-08,13.949,13.9585,13.632,13.7128,9472522.0
2020-10-09,13.641,13.6983,13.5348,13.6368,8672273.0
2020-10-12,13.8635,14.221,13.7865,14.1,10868595.0
2020-10-13,14.1705,14.2225,13.8928,14.1223,8615078.0
2020-10-14,14.1645,14.2168,13.834,13.9693,6916178.0
2020-10-15,13.6848,13.8798,13.6418,13.844,6680628.0
2020-10-16,13.9108,13.9955,13.6665,13.6855,6065990.0
2020-10-19,13.777,13.8575,13.2808,13.3718,7451714.0
2020-10-20,13.4575,13.6738,13.381,13.5195,5730301.0
2020-10-21,13.499,13.6655,13.3515,13.3988,5489933.0
2020-10-22,13.3965,13.4858,13.1058,13.235,7261986.0
2020-10-23,13.324,13.4673,13.1653,13.4643,5837107.0
2020-10-26,13.301,13.5668,12.9125,13.0153,8422358.0
2020-10-27,13.18,13.316,13.0655,13.2708,6262992.0
2020-10-28,13.072,13.134,12.483,12.501,9412952.0
2020-10-29,12.7125,13.0668,12.624,12.898,8002046.0
2020-10-30,12.724,12.8105,12.174,12.408,10434900.0
2020-11-02,12.5318,12.7108,12.269,12.4548,7491316.0
2020-11-03,12.5825,12.979,12.4768,12.8935,6822527.0
2020-11-04,13.2633,13.7015,13.211,13.6683,10255732.0
2020-11-05,14.0365,14.213,13.865,14.034,7975708.0
2020-11-06,13.9838,14.4628,13.769,14.436,9583732.0
2020-11-09,14.4265,14.5655,13.4848,13.5048,14574447.0
2020-11-10,13.4805,13.4805,12.5023,12.644,16101680.0
2020-11-11,12.9278,13.309,12.8223,13.292,10118586.0
2020-11-12,13.353,13.64,13.19,13.3308,9165875.0
2020-11-13,13.5013,13.5428,12.9333,13.171,8669058.0
2020-11-16,13.0465,13.5235,13.03,13.3893,10344370.0
2020-11-17,13.4265,13.4703,13.1778,13.2963,7800699.0
2020-11-18,13.3393,13.4798,13.059,13.3028,12773133.0
2020-11-19,13.0868,13.3615,12.974,13.3143,14148355.0
2020-11-20,13.328,13.3685,12.939,12.9618,8527245.0
2020-11-23,13.0453,13.2565,12.8895,13.014,9033855.0
2020-11-24,13.0165,13.036,12.759,12.8318,8662499.0
2020-11-25,12.9065,13.1435,12.894,13.1088,6497910.0
2020-11-27,13.249,13.2815,13.0445,13.1353,4181880.0
2020-11-30,13.139,13.2865,12.8463,13.2755,7173800.0
2020-12-01,13.3663,13.4028,13.1023,13.264,7439282.0
2020-12-02,13.2245,13.5475,13.1083,13.4185,7084030.0
2020-12-03,13.4655,13.538,13.207,13.274,4988016.0
2020-12-04,13.3265,13.438,13.2668,13.4363,5056085.0
2020-12-07,13.4793,13.6093,13.378,13.4848,5581081.0
2020-12-08,13.463,13.4768,13.1595,13.228,6798022.0
2020-12-09,13.1785,13.292,12.7463,12.8088,10032530.0
2020-12-10,12.747,12.9468,12.7275,12.8503,5194118.0
2020-12-11,12.8453,12.898,12.701,12.8913,5231641.0
2020-12-14,12.966,13.2668,12.9555,13.1868,6753947.0
2020-12-15,13.3178,13.342,13.0648,13.2385,4837148.0
2020-12-16,13.3005,13.3153,13.0905,13.1205,5577867.0
2020-12-17,13.2448,13.2575,13.0565,13.2193,5784597.0
2020-12-18,13.257,13.283,12.9485,13.15,8551616.0
2020-12-21,12.9528,13.248,12.8455,13.2103,7558304.0
2020-12-22,13.1973,13.2153,12.932,13.1563,4657872.0
2020-12-23,13.134,13.153,12.883,12.8873,4478569.0
2020-12-24,12.9153,13.0105,12.8168,12.8718,2447088.0
2020-12-28,12.9405,12.9405,12.6413,12.778,5314141.0
2020-12-29,12.803,12.9505,12.7203,12.8213,4259304.0
2020-12-30,12.8683,13.0918,12.7748,13.0238,5634929.0
2020-12-31,13.0145,13.029,12.793,12.933,4810610.0
2021-01-04,12.9823,13.5305,12.8405,12.9915,14011282.0
2021-01-05,12.9778,13.3215,12.965,13.2828,8068998.0
2021-01-06,13.1005,13.123,12.464,12.4925,14510575.0
2021-01-07,12.8455,13.2558,12.7645,13.222,11537037.0
2021-01-08,13.2405,13.299,12.92,13.1548,7313215.0
2021-01-11,13.2968,13.839,13.2405,13.4995,12975720.0
2021-01-12,13.6305,13.6325,13.223,13.3628,7286943.0
2021-01-13,13.368,13.503,13.263,13.4098,5250711.0
2021-01-14,13.453,13.4778,13.0585,13.0783,7078007.0
2021-01-15,13.106,13.2033,12.7265,12.7375,6944532.0
2021-01-19,12.8943,12.972,12.722,12.9033,5654672.0
2021-01-20,12.9898,13.3085,12.9348,13.2438,6464272.0
2021-01-21,13.2965,13.8773,13.131,13.7455,8458490.0
2021-01-22,13.618,13.7198,13.5053,13.5905,6170464.0
2021-01-25,13.6598,13.7065,13.1145,13.5313,6277779.0
2021-01-26,13.4585,13.5228,13.2655,13.3133,4099510.0
2021-01-27,13.108,13.1108,12.6718,12.7958,9281821.0
2021-01-28,12.8743,13.2178,12.8385,12.929,5707899.0
2021-01-29,12.953,13.2128,12.7895,12.8678,6788801.0
2021-02-01,12.9313,13.1488,12.7808,13.115,5430108.0
2021-02-02,13.2768,13.45,13.1635,13.4348,5510957.0
2021-02-03,13.514,13.8098,13.3945,13.4085,6135232.0
2021-02-04,13.409,13.5515,13.2158,13.5423,5033462.0
2021-02-05,13.603,13.6153,13.4238,13.469,4228841.0
2021-02-08,13.6053,14.3518,13.6053,14.3168,10865571.0
2021-02-09,14.2188,14.4613,14.1005,14.1413,7189003.0
2021-02-10,14.3413,14.783,14.2195,14.6423,12133808.0
2021-02-11,14.8583,15.1503,14.803,15.1288,11270693.0
2021-02-12,14.928,15.1693,14.653,14.8393,9368937.0
2021-02-16,14.9423,15.2505,14.828,15.2083,8048988.0
2021-02-17,15.049,15.1015,14.658,14.784,6892467.0
2021-02-18,14.607,14.7513,14.453,14.707,5852020.0
2021-02-19,14.9025,15.055,14.7248,14.8045,6793103.0
2021-02-22,14.6528,15.0113,14.203,14.2338,8147139.0
2021-02-23,13.9533,14.1168,13.2675,14.02,9794483.0
2021-02-24,14.0008,14.3848,13.634,14.377,11207977.0
2021-02-25,13.9235,14.2528,13.0943,13.1855,20610901.0
2021-02-26,13.6305,13.7325,13.239,13.5925,12523260.0
2021-03-01,13.753,13.803,13.4313,13.7198,8829575.0
2021-03-02,13.778,13.7985,13.274,13.2843,6602853.0
2021-03-03,13.3043,13.3295,12.6768,12.6828,9439757.0
2021-03-04,12.6788,12.853,11.9618,12.2483,14333629.0
2021-03-05,12.428,12.428,11.5573,12.3395,13570971.0
2021-03-08,12.328,12.3493,11.4445,11.4713,13577792.0
2021-03-09,12.0123,12.4988,11.9413,12.4023,13045638.0
2021-03-10,12.7225,12.862,12.3395,12.3503,9609414.0
2021-03-11,12.832,12.9283,12.6165,12.8755,7497857.0
2021-03-12,12.5303,12.7708,12.472,12.738,6099099.0
2021-03-15,12.7468,13.0888,12.6493,13.0733,5563011.0
2021-03-16,13.2385,13.3945,12.9988,13.1733,6803240.0
2021-03-17,12.9218,13.3353,12.8715,13.2233,6096605.0
2021-03-18,13.0185,13.066,12.599,12.6045,7354702.0
2021-03-19,12.632,12.8035,12.4945,12.7278,7480174.0
2021-03-22,12.7948,13.2765,12.7888,13.0683,7445077.0
2021-03-23,13.1363,13.2265,12.9033,12.9528,5551152.0
2021-03-24,13.0333,13.0413,12.5188,12.525,6145963.0
2021-03-25,12.3815,12.5968,12.154,12.4173,7378614.0
2021-03-26,12.4365,12.7383,12.2555,12.7213,9099224.0
2021-03-29,12.7023,12.9445,12.582,12.8303,6837997.0
2021-03-30,12.724,12.8573,12.587,12.7538,5005062.0
2021-03-31,12.8975,13.3525,12.8645,13.2303,7869438.0
2021-04-01,13.4543,13.752,13.3933,13.6938,7706865.0
2021-04-05,13.7495,13.896,13.615,13.8695,6391785.0
2021-04-06,13.8818,13.936,13.6555,13.7435,4793649.0
2021-04-07,13.7628,14.1255,13.5935,14.0255,6282109.0
2021-04-08,14.1348,14.3535,14.131,14.199,6110373.0
2021-04-09,14.096,14.29,14.057,14.282,4879272.0
2021-04-12,14.1718,15.2345,14.0213,15.091,21733050.0
2021-04-13,15.1135,15.582,15.0078,15.5615,16905297.0
2021-04-14,15.507,15.6025,15.1095,15.159,9637548.0
2021-04-15,15.5445,16.0963,15.5135,16.0193,14962017.0
2021-04-16,15.935,16.0478,15.7473,15.7945,8380189.0
2021-04-19,15.4185,15.6895,15.115,15.2438,10110452.0
2021-04-20,15.2053,15.379,14.845,15.0533,8353326.0
2021-04-21,15.0008,15.2445,14.9843,15.2425,5419426.0
2021-04-22,15.257,15.3205,14.6655,14.7323,6944657.0
2021-04-23,14.8163,15.217,14.7823,15.1473,5694305.0
2021-04-26,15.067,15.361,15.007,15.36,4944927.0
2021-04-27,15.4605,15.5525,15.2365,15.2638,4114325.0
2021-04-28,15.2465,15.4143,15.0975,15.1588,5235405.0
2021-04-29,15.282,15.3185,14.9535,15.2068,4329912.0
2021-04-30,15.0565,15.247,14.879,14.8915,5047752.0
2021-05-03,15.007,15.1288,14.6695,14.7188,5097796.0
2021-05-04,14.5193,14.5195,13.8923,14.2333,10133120.0
2021-05-05,14.591,14.6955,14.2695,14.3405,7300576.0
2021-05-06,14.3773,14.4533,14.1,14.405,4834523.0
2021-05-07,14.6903,14.8528,14.5538,14.6943,5733183.0
2021-05-10,14.6693,14.688,14.132,14.1478,6722595.0
2021-05-11,13.707,14.2368,13.632,14.1883,7139634.0
2021-05-12,13.8915,14.1423,13.5913,13.6405,7585233.0
2021-05-13,13.9158,13.9628,13.341,13.5473,7143187.0
2021-05-14,13.772,14.21,13.6305,14.125,6465375.0
2021-05-17,14.039,14.0513,13.7355,14.0475,5424521.0
2021-05-18,14.149,14.2863,13.886,13.8978,4656356.0
2021-05-19,13.4485,13.9615,13.4253,13.9478,8599984.0
2021-05-20,14.1845,14.5658,14.1525,14.4945,8039798.0
2021-05-21,15.0458,15.104,14.7515,14.8738,16824800.0
2021-05-24,15.0945,15.627,15.058,15.494,13870405.0
2021-05-25,15.648,15.7005,15.3645,15.5298,10885172.0
2021-05-26,15.6163,15.6758,15.4683,15.582,9260966.0
2021-05-27,15.5818,15.632,15.342,15.37,14536880.0
2021-05-28,15.383,16.1595,15.383,16.1265,16113390.0
2021-06-01,16.152,16.2703,15.7853,16.1465,11820075.0
2021-06-02,16.1343,16.8008,16.1175,16.6603,14854189.0
2021-06-03,16.5828,17.141,16.465,16.8518,14500170.0
2021-06-04,16.9945,17.543,16.9775,17.4603,15428007.0
2021-06-07,17.4533,17.6945,17.0748,17.501,14393873.0
2021-06-08,17.4093,17.5035,17.133,17.339,8096169.0
2021-06-09,17.4018,17.461,17.1418,17.2443,9541437.0
2021-06-10,17.236,17.378,17.062,17.311,7194261.0
2021-06-11,17.3655,17.8253,17.3298,17.7113,10407691.0
2021-06-14,17.792,17.9255,17.5488,17.9048,8034357.0
2021-06-15,17.801,17.9023,17.614,17.6745,6075761.0
2021-06-16,17.6768,17.8408,17.4705,17.6963,7678065.0
2021-06-17,17.6605,18.721,17.6423,18.5433,20241372.0
2021-06-18,18.67,19.261,18.47,18.5248,24221357.0
2021-06-21,18.3213,18.4225,17.7088,18.3133,16809554.0
2021-06-22,18.3575,18.8498,18.272,18.7728,14503639.0
2021-06-23,18.8938,19.0388,18.7938,18.9433,8308926.0
2021-06-24,19.1138,19.306,18.9743,19.0915,8023060.0
2021-06-25,19.1665,19.2315,18.7805,18.917,6959148.0
2021-06-28,19.2473,19.9648,19.205,19.871,12385914.0
2021-06-29,19.7685,19.9848,19.543,19.9128,9190846.0
2021-06-30,19.8853,20.0485,19.7498,19.8885,8164154.0
2021-07-01,20.011,20.342,19.905,20.098,12003374.0
2021-07-02,20.3263,20.3913,20.1738,20.373,8584917.0
2021-07-06,20.6235,20.728,20.2363,20.5845,11167687.0
2021-07-07,20.7395,20.761,20.218,20.2578,10460682.0
2021-07-08,19.7425,20.019,19.5868,19.7888,12582492.0
2021-07-09,19.8485,19.9663,19.6403,19.9363,7415567.0
2021-07-12,20.126,20.4188,20.0738,20.3985,8049619.0
2021-07-13,20.2865,20.3473,20.0,20.136,7267658.0
2021-07-14,20.2438,20.3038,19.6388,19.7275,9502480.0
2021-07-15,19.6978,19.733,18.7445,18.8523,13764113.0
2021-07-16,18.9165,19.043,17.959,18.047,17205566.0
2021-07-19,17.8013,18.928,17.7515,18.6658,18726469.0
2021-07-20,18.616,18.724,18.05,18.498,43468654.0
2021-07-21,18.768,19.413,18.628,19.296,37101736.0
2021-07-22,19.528,19.773,19.162,19.48,32382595.0
2021-07-23,19.542,19.586,19.136,19.444,19567198.0
2021-07-26,19.197,19.328,18.8,19.18,20394316.0
2021-07-27,19.151,19.508,18.627,19.094,24886258.0
2021-07-28,19.205,19.532,18.881,19.389,20219115.0
2021-07-29,19.405,19.739,19.214,19.548,19078088.0
2021-07-30,19.304,19.516,19.149,19.385,18349746.0
2021-08-02,19.586,19.847,19.247,19.636,21744397.0
2021-08-03,19.626,20.108,19.106,19.701,30181074.0
2021-08-04,19.876,20.204,19.714,20.16,23130940.0
2021-08-05,20.386,20.619,20.228,20.523,21143537.0
2021-08-06,20.41,20.456,20.096,20.252,17849661.0
2021-08-09,20.332,20.394,20.029,20.181,14644310.0
2021-08-10,20.208,20.316,19.721,19.822,17923778.0
2021-08-11,19.929,19.935,19.316,19.585,18592484.0
2021-08-12,19.756,19.915,19.506,19.791,15186155.0
2021-08-13,19.791,20.1,19.737,20.074,18306286.0
2021-08-16,20.021,20.173,19.339,19.836,21115280.0
2021-08-17,19.571,19.656,19.153,19.344,20458485.0
2021-08-18,19.386,19.52,18.886,18.926,28591348.0
2021-08-19,19.38,20.381,18.648,19.684,76655477.0
2021-08-20,19.877,20.751,19.819,20.702,67574131.0
2021-08-23,20.857,21.883,20.836,21.844,57580658.0
2021-08-24,21.639,21.845,21.421,21.679,29729892.0
2021-08-25,21.623,22.356,21.608,22.099,34770104.0
2021-08-26,22.086,22.226,21.676,21.954,23794042.0
2021-08-27,22.07,22.608,22.053,22.522,30472219.0
2021-08-30,22.716,22.929,22.437,22.574,26257990.0
2021-08-31,22.585,22.585,22.01,22.275,25984968.0
2021-09-01,22.375,22.587,22.247,22.331,20176695.0
2021-09-02,22.408,22.483,22.185,22.286,18810957.0
2021-09-03,22.215,22.876,22.09,22.733,28083198.0
2021-09-07,22.723,22.789,22.412,22.552,19810716.0
2021-09-08,22.403,22.5,21.867,22.229,25443421.0
2021-09-09,22.202,22.428,22.021,22.067,19685601.0
2021-09-10,22.238,22.516,22.16,22.368,24837574.0
2021-09-13,22.574,22.854,21.748,22.042,29749990.0
2021-09-14,22.165,22.3,21.976,22.132,19975460.0
2021-09-15,22.199,22.257,21.856,22.231,16653801.0
2021-09-16,22.073,22.167,21.817,22.132,15603344.0
2021-09-17,22.19,22.211,21.72,21.79,29450284.0
2021-09-20,21.036,21.323,20.552,21.003,34944045.0
2021-09-21,21.307,21.315,20.84,21.136,20468810.0
2021-09-22,21.256,21.85,21.086,21.831,26872556.0
2021-09-23,22.03,22.425,21.78,22.372,24855491.0
2021-09-24,21.96,22.039,21.751,21.971,21765545.0
2021-09-27,21.6,21.689,21.215,21.55,24521514.0
2021-09-28,21.104,21.309,20.541,20.589,34306895.0
2021-09-29,20.83,20.907,20.357,20.407,21839363.0
2021-09-30,20.658,20.956,20.578,20.606,22100912.0
2021-10-01,20.64,20.749,20.093,20.632,24097796.0
2021-10-04,20.394,20.432,19.445,19.622,34563497.0
2021-10-05,19.84,20.538,19.744,20.341,27928165.0
2021-10-06,20.01,20.61,19.97,20.59,29720175.0
2021-10-07,20.982,21.212,20.862,20.965,25691893.0
2021-10-08,20.991,21.096,20.665,20.721,15125791.0
2021-10-11,20.465,20.953,20.401,20.585,16338754.0
2021-10-12,20.718,20.947,20.418,20.561,16213354.0
2021-10-13,20.808,20.88,20.603,20.829,18065188.0
2021-10-14,21.178,21.645,21.012,21.636,24358881.0
2021-10-15,21.7,21.821,21.552,21.752,22699401.0
2021-10-18,21.639,22.181,21.534,22.112,18949356.0
2021-10-19,22.166,22.269,21.927,22.18,16147329.0
2021-10-20,22.195,22.323,21.872,21.993,14627594.0
2021-10-21,21.987,22.601,21.973,22.582,18759032.0
2021-10-22,22.713,23.02,22.451,22.616,24938379.0
2021-10-25,22.863,23.245,22.66,23.056,23023483.0
2021-10-26,23.879,25.149,23.814,24.607,48589830.0
2021-10-27,24.364,24.98,24.172,24.341,24598989.0
2021-10-28,24.768,24.84,24.413,24.831,23420431.0
2021-10-29,24.891,25.599,24.89,25.457,29250284.0
2021-11-01,25.539,25.784,25.117,25.717,26573976.0
2021-11-02,25.712,26.568,25.69,26.291,29411239.0
2021-11-03,26.56,26.674,26.125,26.488,23991033.0
2021-11-04,27.119,31.255,27.008,29.691,115363115.0
2021-11-05,30.077,31.29,29.3,29.642,85126015.0
2021-11-08,30.039,30.99,29.797,30.694,50310093.0
2021-11-09,32.172,32.2,29.854,30.547,64674621.0
2021-11-10,29.246,30.74,28.668,29.349,63620572.0
2021-11-11,30.358,30.48,29.667,30.28,33217211.0
2021-11-12,29.9,30.57,29.52,30.28,41305428.0
2021-11-15,30.442,30.534,29.137,29.915,38490900.0
2021-11-16,29.649,30.28,29.596,30.093,26448367.0
2021-11-17,30.308,30.399,28.69,29.151,42850799.0
2021-11-18,32.257,32.65,31.211,31.565,78171075.0
2021-11-19,32.133,32.978,31.795,32.875,53386665.0
2021-11-22,33.407,34.537,31.79,31.846,75433524.0
2021-11-23,31.425,32.25,30.77,31.636,53216270.0
2021-11-24,31.351,32.745,30.818,32.564,43516226.0
2021-11-26,32.49,32.6,31.24,31.393,28306886.0
2021-11-29,32.256,33.302,31.926,33.266,45496398.0
2021-11-30,33.059,33.243,31.754,32.566,62206647.0
2021-12-01,33.113,33.183,31.274,31.329,48580204.0
2021-12-02,31.108,32.372,30.919,32.02,47289033.0
2021-12-03,31.894,32.023,30.024,30.587,54432505.0
2021-12-06,29.774,30.135,27.932,29.931,65893845.0
2021-12-07,30.851,32.343,30.545,32.321,59305348.0
2021-12-08,31.893,32.184,31.315,31.72,47555145.0
2021-12-09,31.628,32.099,30.322,30.384,48850716.0
2021-12-10,31.044,31.199,29.755,30.092,48882509.0
2021-12-13,30.143,30.188,28.01,28.055,59834366.0
2021-12-14,27.593,28.572,27.144,28.231,66703537.0
2021-12-15,28.294,30.394,27.732,30.353,69829688.0
2021-12-16,31.046,31.054,27.987,28.281,70736595.0
2021-12-17,27.879,28.816,27.654,27.695,71662239.0
2021-12-20,27.199,28.038,27.039,27.613,46184676.0
2021-12-21,28.268,29.014,27.295,28.969,52438494.0
2021-12-22,28.785,29.449,28.343,29.294,39518438.0
2021-12-23,29.649,29.953,29.325,29.534,34302174.0
2021-12-27,29.554,30.981,29.534,30.839,40368587.0
2021-12-28,31.206,31.224,29.906,30.216,42059121.0
2021-12-29,30.167,30.442,29.26,29.895,34313928.0
2021-12-30,29.721,30.351,29.434,29.48,30886422.0
2021-12-31,29.568,29.924,29.225,29.305,26652991.0
2022-01-03,29.709,30.605,29.679,30.015,39240294.0
2022-01-04,30.171,30.362,28.243,29.184,52715440.0
2022-01-05,28.843,29.31,27.427,27.498,49806388.0
2022-01-06,27.534,28.332,26.959,28.072,45418637.0
2022-01-07,28.035,28.316,26.951,27.141,40993851.0
2022-01-10,26.475,27.363,25.538,27.294,59468095.0
2022-01-11,27.217,27.959,26.733,27.711,40408929.0
2022-01-12,27.961,28.489,27.502,27.893,38341348.0
2022-01-13,28.273,28.374,26.392,26.469,53886809.0
2022-01-14,26.179,27.091,26.104,26.836,39583235.0
2022-01-18,26.154,26.532,25.664,25.797,42530617.0
2022-01-19,25.973,26.437,24.946,24.961,48831451.0
2022-01-20,25.198,25.473,23.972,24.044,43518073.0
2022-01-21,23.401,24.717,23.157,23.268,71895784.0
2022-01-24,22.224,23.274,20.782,23.266,91581063.0
2022-01-25,22.44,22.837,21.894,22.218,66461636.0
2022-01-26,23.134,23.951,22.194,22.666,75595873.0
2022-01-27,23.462,23.889,21.569,21.838,57335272.0
2022-01-28,21.906,22.752,21.19,22.734,54377425.0
2022-01-31,23.076,24.403,22.946,24.38,56467968.0
2022-02-01,24.998,25.039,23.784,24.532,51892517.0
2022-02-02,25.688,25.711,24.447,25.136,54341941.0
2022-02-03,24.352,24.971,23.674,23.842,41017778.0
2022-02-04,23.866,24.529,23.526,24.213,35482850.0
2022-02-07,24.266,25.076,24.096,24.622,37686750.0
2022-02-08,24.253,25.124,23.874,25.002,41035864.0
2022-02-09,25.516,26.619,25.247,26.599,52428166.0
2022-02-10,25.889,26.819,25.494,25.718,51319972.0
2022-02-11,25.81,26.046,23.667,23.843,60547198.0
2022-02-14,23.828,24.769,23.649,24.161,44042443.0
2022-02-15,24.843,26.439,24.678,26.389,70175280.0
2022-02-16,26.153,26.476,25.446,26.405,73267633.0
2022-02-17,25.524,25.679,24.059,24.401,81059508.0
2022-02-18,24.562,24.88,22.994,23.536,76125491.0
2022-02-22,22.929,23.958,22.894,23.284,63342244.0
2022-02-23,23.696,24.049,22.195,22.281,56651077.0
2022-02-24,20.909,23.694,20.784,23.642,73580063.0
2022-02-25,23.615,24.111,23.275,24.051,52886551.0
2022-02-28,23.886,24.559,23.601,24.279,47731861.0
2022-03-01,24.185,24.271,23.026,23.371,41205598.0
2022-03-02,23.654,24.307,23.313,24.118,38964185.0
2022-03-03,24.16,24.224,23.367,23.612,36509504.0
2022-03-04,23.282,23.578,22.38,22.834,43201070.0
2022-03-07,22.715,22.931,21.228,21.25,45082089.0
2022-03-08,21.207,22.271,20.548,21.412,55746719.0
2022-03-09,22.285,23.118,22.145,22.912,49274195.0
2022-03-10,22.429,22.686,21.78,22.556,42806565.0
2022-03-11,22.92,23.043,21.944,21.998,36720857.0
2022-03-14,21.767,22.16,21.057,21.228,38535424.0
2022-03-15,21.416,22.936,21.22,22.871,49199569.0
2022-03-16,23.398,24.495,23.07,24.394,67142174.0
2022-03-17,24.018,24.74,23.804,24.664,47194119.0
2022-03-18,24.697,26.467,24.522,26.351,73071856.0
2022-03-21,26.405,27.05,25.865,26.632,59172708.0
2022-03-22,26.625,27.136,25.97,26.422,54700710.0
2022-03-23,26.024,26.51,25.473,25.532,50211986.0
2022-03-24,26.064,28.218,25.805,28.048,87737914.0
2022-03-25,27.784,28.256,27.169,27.59,57901618.0
2022-03-28,27.654,28.148,27.104,28.117,42549392.0
2022-03-29,28.593,28.844,27.878,28.554,48898440.0
2022-03-30,28.202,28.393,27.401,27.588,46348713.0
2022-03-31,27.68,28.146,27.168,27.184,52344022.0
2022-04-01,27.273,27.394,26.165,26.61,51723511.0
2022-04-04,26.626,27.456,26.511,27.258,39770782.0
2022-04-05,27.152,27.217,25.718,25.829,43661473.0
2022-04-06,24.832,25.198,23.901,24.305,70383256.0
2022-04-07,24.339,24.62,23.376,24.106,55799236.0
2022-04-08,23.815,23.821,22.96,23.017,52478064.0
2022-04-11,22.112,22.218,21.558,21.815,57520684.0
2022-04-12,22.435,22.623,21.18,21.402,66225807.0
2022-04-13,21.626,22.398,21.353,22.101,51694344.0
2022-04-14,22.403,22.675,21.061,21.156,56909685.0
2022-04-18,21.098,21.986,20.977,21.681,52570061.0
2022-04-19,21.618,22.271,21.212,22.096,51278058.0
2022-04-20,22.415,22.568,21.098,21.38,46897444.0
2022-04-21,21.607,22.29,19.898,20.081,65620944.0
2022-04-22,20.201,20.384,19.398,19.413,62471343.0
2022-04-25,19.1,19.843,18.994,19.8,64156561.0
2022-04-26,19.616,19.686,18.568,18.686,65314250.0
2022-04-27,18.496,19.065,18.188,18.313,49946017.0
2022-04-28,18.865,19.935,18.388,19.68,57032671.0
2022-04-29,19.3,20.026,18.415,18.445,50043491.0
2022-05-02,18.439,19.472,18.289,19.431,57204868.0
2022-05-03,19.298,19.723,19.031,19.5,47575084.0
2022-05-04,19.821,20.298,18.649,20.232,64885463.0
2022-05-05,19.765,19.823,18.398,18.742,62633141.0
2022-05-06,18.634,19.41,17.888,18.573,63329672.0
2022-05-09,17.932,18.153,16.725,16.848,64445451.0
2022-05-10,17.587,18.096,16.923,17.493,76147429.0
2022-05-11,17.245,17.651,16.466,16.528,67016703.0
2022-05-12,16.117,16.686,15.465,16.073,70872837.0
2022-05-13,16.686,17.826,16.491,17.604,67043651.0
2022-05-16,17.407,17.686,17.004,17.162,52144598.0
2022-05-17,17.972,18.269,17.532,18.075,58582971.0
2022-05-18,17.603,18.016,16.762,16.836,54516106.0
2022-05-19,16.835,17.585,16.632,17.022,62130959.0
2022-05-20,17.23,17.308,15.653,16.592,73910526.0
2022-05-23,16.172,16.813,16.077,16.796,63988869.0
2022-05-24,16.408,16.495,15.678,16.052,58855002.0
2022-05-25,15.918,17.009,15.898,16.873,78113190.0
2022-05-26,15.934,17.99,15.92,17.749,99657452.0
2022-05-27,18.084,18.779,17.998,18.709,73837935.0
2022-05-31,18.878,19.098,18.248,18.57,66409951.0
2022-06-01,18.622,18.951,18.02,18.218,54451390.0
2022-06-02,18.19,19.517,18.096,19.49,64865580.0
2022-06-03,18.98,19.23,18.42,18.618,59877870.0
2022-06-06,19.037,19.235,18.462,18.684,42240615.0
2022-06-07,18.37,18.898,18.086,18.824,38891411.0
2022-06-08,18.701,19.082,18.437,18.55,36325246.0
2022-06-09,18.383,18.835,17.943,17.95,39557379.0
2022-06-10,17.502,17.599,16.771,16.876,46564966.0
2022-06-13,15.902,16.214,15.508,15.549,60415338.0
2022-06-14,15.633,15.968,15.314,15.738,46967952.0
2022-06-15,15.997,16.77,15.828,16.429,56393565.0
2022-06-16,15.762,15.844,15.303,15.503,54574867.0
2022-06-17,15.55,15.897,15.23,15.782,63033397.0
2022-06-21,16.377,16.91,16.309,16.468,48308888.0
2022-06-22,16.128,16.564,16.082,16.262,43799744.0
2022-06-23,16.421,16.487,15.755,16.127,46367959.0
2022-06-24,16.402,17.042,16.212,17.028,47215283.0
2022-06-27,17.214,17.232,16.528,16.771,42796788.0
2022-06-28,16.802,17.104,15.847,15.884,46185936.0
2022-06-29,15.716,15.722,15.072,15.444,48235228.0
2022-06-30,15.263,15.469,14.764,15.061,68607003.0
2022-07-01,14.801,14.965,14.294,14.425,57761008.0
2022-07-05,14.077,14.873,13.957,14.866,65220761.0
2022-07-06,14.912,15.221,14.691,15.032,52906586.0
2022-07-07,15.358,15.847,15.291,15.76,49290276.0
2022-07-08,15.332,15.939,15.291,15.74,46797176.0
2022-07-11,15.428,15.429,14.94,15.054,43838873.0
2022-07-12,15.17,15.333,14.779,14.984,45848310.0
2022-07-13,14.492,15.277,14.367,15.066,52191834.0
2022-07-14,15.01,15.375,14.63,15.274,45623484.0
2022-07-15,15.561,15.684,15.347,15.664,38593547.0
2022-07-18,16.204,16.799,15.904,16.003,67051745.0
2022-07-19,16.388,17.012,16.074,16.894,70236608.0
2022-07-20,16.849,17.835,16.703,17.709,76053779.0
2022-07-21,17.787,18.046,17.447,17.952,55704928.0
2022-07-22,17.795,17.869,17.039,17.221,53667088.0
2022-07-25,16.921,17.026,16.551,16.926,48074751.0
2022-07-26,16.791,16.821,16.38,16.435,39786491.0
2022-07-27,16.934,17.838,16.815,17.692,56977623.0
2022-07-28,17.877,18.042,17.342,17.886,47464628.0
2022-07-29,17.715,18.146,17.594,18.065,43546042.0
2022-08-01,18.084,18.748,17.892,18.343,47646904.0
2022-08-02,18.024,18.84,17.994,18.428,48952692.0
2022-08-03,18.086,18.87,18.039,18.795,41814557.0
2022-08-04,18.751,19.176,18.662,19.117,40965227.0
2022-08-05,18.712,19.131,18.568,18.891,38606829.0
2022-08-08,17.404,18.141,17.144,17.695,98378318.0
2022-08-09,17.154,17.349,16.626,16.988,66826265.0
2022-08-10,17.6,18.02,17.219,17.999,59742246.0
2022-08-11,18.033,18.609,17.778,17.844,50932655.0
2022-08-12,18.062,18.62,17.855,18.611,47809415.0
2022-08-15,18.603,19.066,18.515,18.934,45766556.0
2022-08-16,18.822,19.044,18.403,18.781,45123964.0
2022-08-17,18.425,18.59,18.047,18.237,44679911.0
2022-08-18,18.203,18.767,18.085,18.675,41544656.0
2022-08-19,18.308,18.422,17.672,17.751,44158833.0
2022-08-22,17.392,17.46,16.868,16.936,40959271.0
2022-08-23,16.891,17.367,16.872,17.083,36998577.0
2022-08-24,16.914,17.308,16.797,17.124,52266071.0
2022-08-25,16.746,17.849,16.735,17.815,77069133.0
2022-08-26,17.759,17.826,16.139,16.162,76912743.0
2022-08-29,15.922,16.24,15.669,15.703,49613194.0
2022-08-30,15.862,15.941,15.084,15.37,53018069.0
2022-08-31,15.286,15.442,14.861,14.996,57370986.0
2022-09-01,14.111,14.282,13.172,13.839,117886514.0
2022-09-02,14.002,14.073,13.493,13.549,74315746.0
2022-09-06,13.633,13.681,13.253,13.367,53575118.0
2022-09-07,13.469,13.744,13.252,13.62,51265746.0
2022-09-08,13.365,13.914,13.275,13.896,62487312.0
2022-09-09,14.063,14.38,14.032,14.293,48712842.0
2022-09-12,14.275,14.453,14.104,14.411,48415924.0
2022-09-13,13.708,13.828,13.005,13.037,71495563.0
2022-09-14,13.16,13.196,12.819,13.034,58850654.0
2022-09-15,12.921,13.139,12.696,12.835,52362516.0
2022-09-16,12.648,13.118,12.523,13.104,67075140.0
2022-09-19,12.918,13.369,12.916,13.288,56968528.0
2022-09-20,13.121,13.389,12.963,13.082,52481775.0
2022-09-21,13.119,13.937,13.016,13.167,80767940.0
2022-09-22,12.976,13.055,12.334,12.467,75916216.0
2022-09-23,12.326,12.517,12.163,12.422,66330931.0
2022-09-26,12.397,12.565,12.12,12.134,54734269.0
2022-09-27,12.413,12.642,12.164,12.319,55385406.0
2022-09-28,12.316,12.729,12.26,12.642,54241388.0
2022-09-29,12.354,12.406,11.852,12.126,53276312.0
2022-09-30,11.993,12.539,11.981,12.045,56563842.0
2022-10-03,12.253,12.584,12.011,12.418,54747847.0
2022-10-04,12.785,13.126,12.785,13.073,58418167.0
2022-10-05,12.817,13.227,12.527,13.115,50713073.0
2022-10-06,13.126,13.562,13.009,13.036,64415689.0
2022-10-07,12.411,12.576,11.928,11.982,67247816.0
2022-10-10,11.943,12.03,11.314,11.576,69869925.0
2022-10-11,11.467,11.752,11.189,11.492,66748163.0
2022-10-12,11.485,11.641,11.251,11.406,49259019.0
2022-10-13,10.877,11.984,10.719,11.866,85010301.0
2022-10-14,11.963,12.017,11.11,11.133,71343199.0
2022-10-17,11.424,11.854,11.423,11.794,58077417.0
2022-10-18,12.25,12.398,11.524,11.873,65936206.0
2022-10-19,11.785,12.256,11.74,11.957,52313061.0
2022-10-20,12.019,12.675,12.011,12.1,65239761.0
2022-10-21,12.004,12.404,11.793,12.372,60949441.0
2022-10-24,12.414,12.616,11.97,12.505,51745740.0
2022-10-25,12.6,13.206,12.57,13.167,50548233.0
2022-10-26,12.775,13.294,12.614,12.802,53553329.0
2022-10-27,13.536,13.744,13.028,13.082,58311308.0
2022-10-28,13.01,13.756,12.967,13.74,52103993.0
2022-10-31,13.684,13.744,13.203,13.403,48634099.0
2022-11-01,13.717,13.831,13.425,13.449,43281690.0
2022-11-02,13.756,14.116,13.117,13.125,67262784.0
2022-11-03,12.949,13.687,12.862,13.327,50006486.0
2022-11-04,13.892,14.135,13.603,14.062,61257591.0
2022-11-07,14.134,14.318,13.86,14.207,41006095.0
2022-11-08,14.707,14.797,14.122,14.508,59529199.0
2022-11-09,14.068,14.117,13.665,13.682,45441366.0
2022-11-10,14.706,15.679,14.453,15.656,70081925.0
2022-11-11,15.714,16.295,15.388,16.233,65548747.0
2022-11-14,16.124,16.446,15.828,16.201,52785245.0
2022-11-15,16.628,16.904,16.288,16.572,54587550.0
2022-11-16,16.068,16.268,15.779,15.816,64954684.0
2022-11-17,15.621,16.172,15.441,15.583,71089356.0
2022-11-18,15.872,15.908,15.026,15.315,49207165.0
2022-11-21,15.053,15.383,14.986,15.223,40473931.0
2022-11-22,15.234,15.964,15.028,15.944,47286607.0
2022-11-23,16.004,16.433,15.954,16.425,42724093.0
2022-11-25,16.224,16.393,16.078,16.176,16793430.0
2022-11-28,15.932,16.263,15.631,15.733,30415201.0
2022-11-29,15.733,15.838,15.426,15.545,29838449.0
2022-11-30,15.607,16.84,15.507,16.833,56529822.0
2022-12-01,16.909,17.175,16.545,17.045,47097657.0
2022-12-02,16.569,16.843,16.355,16.786,37138858.0
2022-12-05,16.589,16.905,16.382,16.52,35225517.0
2022-12-06,16.44,16.483,15.729,15.897,35269427.0
2022-12-07,15.682,16.096,15.577,16.03,37238758.0
2022-12-08,16.183,17.089,15.869,17.079,51545554.0
2022-12-09,17.07,17.493,16.885,16.911,46533819.0
2022-12-12,16.947,17.448,16.707,17.445,45732780.0
2022-12-13,18.441,18.7,17.621,17.982,65658876.0
2022-12-14,17.897,18.162,17.33,17.584,49688810.0
2022-12-15,17.056,17.23,16.61,16.862,47854210.0
2022-12-16,16.774,16.951,16.32,16.481,47823193.0
2022-12-19,16.482,16.519,16.055,16.164,35403877.0
2022-12-20,15.974,16.22,15.762,15.995,40325979.0
2022-12-21,16.024,16.537,16.012,16.411,32502538.0
2022-12-22,16.004,16.048,14.792,15.249,56504527.0
2022-12-23,15.106,15.249,14.793,15.116,34932563.0
2022-12-27,14.984,15.01,13.966,14.031,46490226.0
2022-12-28,13.837,14.172,13.794,13.946,35106645.0
2022-12-29,14.312,14.593,14.137,14.513,35492324.0
2022-12-30,14.244,14.539,14.143,14.524,31048983.0
2023-01-03,14.761,14.906,14.006,14.225,40127658.0
2023-01-04,14.477,14.763,14.151,14.659,43132360.0
2023-01-05,14.401,14.474,14.058,14.175,38916811.0
2023-01-06,14.384,14.92,13.944,14.769,40504362.0
2023-01-09,15.194,15.966,15.051,15.538,50423056.0
2023-01-10,15.417,15.872,15.382,15.819,38410126.0
2023-01-11,15.75,15.938,15.473,15.911,35328493.0
2023-01-12,16.01,16.547,15.402,16.421,55140906.0
2023-01-13,16.188,16.832,16.075,16.809,44728706.0
2023-01-17,16.809,17.638,16.809,17.612,51110216.0
2023-01-18,17.577,17.783,17.192,17.287,43962355.0
2023-01-19,16.946,17.107,16.641,16.675,45293160.0
2023-01-20,16.921,17.766,16.735,17.749,56496712.0
2023-01-23,17.974,19.155,17.728,19.103,65516259.0
2023-01-24,18.737,19.405,18.73,19.175,49620410.0
2023-01-25,18.823,19.28,18.49,19.233,44953711.0
2023-01-26,19.611,20.076,19.188,19.712,48953542.0
2023-01-27,19.372,20.538,19.315,20.275,54214198.0
2023-01-30,19.86,20.05,19.06,19.072,48861115.0
2023-01-31,19.08,19.597,18.86,19.447,49801658.0
2023-02-01,19.601,21.102,19.521,20.853,66047704.0
2023-02-02,20.91,21.859,20.61,21.619,56427580.0
2023-02-03,20.91,21.655,20.699,21.01,42936595.0
2023-02-06,20.716,21.48,20.696,20.999,45219709.0
2023-02-07,21.292,22.169,21.06,22.083,66414961.0
2023-02-08,22.297,22.788,21.918,22.115,55965122.0
2023-02-09,22.516,22.93,22.03,22.247,52387578.0
2023-02-10,21.6,21.988,20.721,21.175,55073675.0
2023-02-13,21.448,21.958,20.872,21.698,47491862.0
2023-02-14,21.488,22.959,21.276,22.881,67547350.0
2023-02-15,22.459,22.765,22.016,22.674,42118826.0
2023-02-16,22.043,22.46,21.837,21.912,41202628.0
2023-02-17,21.541,21.65,20.885,21.298,46588764.0
2023-02-21,20.91,21.404,20.528,20.565,41001455.0
2023-02-22,20.617,21.014,20.331,20.664,51318432.0
2023-02-23,23.35,23.798,22.935,23.574,111799541.0
2023-02-24,23.135,23.384,22.857,23.196,58971591.0
2023-02-27,23.58,23.79,23.364,23.411,45299367.0
2023-02-28,23.282,23.735,23.116,23.126,45596280.0
2023-03-01,23.102,23.166,22.418,22.608,46002562.0
2023-03-02,22.398,23.29,22.342,23.224,39007465.0
2023-03-03,23.23,23.81,23.04,23.8,41239330.0
2023-03-06,23.801,24.158,23.397,23.464,43742923.0
2023-03-07,23.514,24.039,23.155,23.202,51515388.0
2023-03-08,23.401,24.114,23.338,24.095,51357339.0
2023-03-09,24.089,24.368,23.297,23.35,50125699.0
2023-03-10,23.323,23.541,22.64,22.879,47486565.0
2023-03-13,22.666,23.212,22.211,22.88,42189032.0
2023-03-14,23.41,24.133,23.374,23.977,47491013.0
2023-03-15,23.675,24.2,23.274,24.142,52448574.0
2023-03-16,23.941,25.502,23.808,25.455,58494626.0
2023-03-17,25.896,26.313,25.582,25.639,84854656.0
2023-03-20,25.529,25.938,25.044,25.814,43274719.0
2023-03-21,26.094,26.306,25.295,26.113,54740776.0
2023-03-22,26.339,27.503,26.151,26.382,79729511.0
2023-03-23,27.03,27.413,26.604,27.105,56488876.0
2023-03-24,26.945,27.081,26.269,26.693,45541407.0
2023-03-27,26.751,26.914,26.279,26.445,36102574.0
2023-03-28,26.361,26.427,25.764,26.324,35610378.0
2023-03-29,26.739,26.992,26.511,26.898,39369387.0
2023-03-30,27.143,27.413,27.016,27.297,36451574.0
2023-03-31,27.054,27.748,27.019,27.691,43393277.0
2023-04-03,27.423,27.914,27.25,27.879,39871560.0
2023-04-04,27.88,27.914,27.221,27.367,36859153.0
2023-04-05,26.743,26.912,26.309,26.795,51501474.0
2023-04-06,26.498,26.994,26.341,26.951,39765434.0
2023-04-10,26.737,27.535,26.583,27.493,39527855.0
2023-04-11,27.638,27.704,27.04,27.083,31437817.0
2023-04-12,27.284,27.382,26.362,26.409,44625895.0
2023-04-13,26.648,26.801,26.243,26.377,35361528.0
2023-04-14,26.418,26.797,26.134,26.672,39566013.0
2023-04-17,26.48,26.92,26.347,26.916,32147130.0
2023-04-18,27.448,28.024,27.271,27.581,60481154.0
2023-04-19,27.275,27.914,27.146,27.845,35866041.0
2023-04-20,27.585,27.944,26.914,27.018,42771326.0
2023-04-21,26.866,27.097,26.636,27.033,34510277.0
2023-04-24,26.927,27.28,26.585,26.956,33928186.0
2023-04-25,26.992,27.161,26.139,26.155,37852716.0
2023-04-26,26.916,27.244,26.619,26.87,40633681.0
2023-04-27,27.277,27.409,26.539,27.14,37716119.0
2023-04-28,27.139,27.672,26.985,27.663,29221614.0
2023-05-01,27.754,28.972,27.694,28.824,57032853.0
2023-05-02,28.594,28.75,27.997,28.124,40272957.0
2023-05-03,27.754,28.281,27.386,27.716,38338740.0
2023-05-04,27.565,27.773,27.154,27.476,32185041.0
2023-05-05,27.74,28.669,27.645,28.594,36149408.0
2023-05-08,28.436,29.134,28.264,29.065,34497890.0
2023-05-09,28.813,28.887,28.364,28.485,31486946.0
2023-05-10,28.919,29.027,28.375,28.799,36934998.0
2023-05-11,28.81,28.864,28.16,28.492,32214903.0
2023-05-12,28.443,28.694,27.96,28.254,27422225.0
2023-05-15,28.423,28.883,28.066,28.867,29392587.0
2023-05-16,28.755,29.784,28.746,29.127,44940494.0
2023-05-17,29.498,30.113,29.344,30.092,43253541.0
2023-05-18,30.324,31.742,30.234,31.592,74872501.0
2023-05-19,31.45,31.494,30.83,31.178,47390765.0
2023-05-22,30.815,31.434,30.594,31.09,37199967.0
2023-05-23,30.914,31.202,30.545,30.602,35625326.0
2023-05-24,30.124,30.521,29.72,30.452,72141851.0
2023-05-25,38.437,39.394,36.549,37.894,154391067.0
2023-05-26,37.804,39.084,37.464,38.86,71439676.0
2023-05-30,40.509,41.852,39.863,40.025,92340110.0
2023-05-31,39.402,40.209,37.736,37.748,100258020.0
2023-06-01,38.403,39.964,38.254,39.684,63587295.0
2023-06-02,40.011,40.414,38.972,39.241,48273121.0
2023-06-05,38.823,39.479,38.621,39.085,39609381.0
2023-06-06,38.744,39.074,38.062,38.568,38872914.0
2023-06-07,38.833,39.417,37.274,37.393,51199789.0
2023-06-08,37.642,38.782,37.423,38.428,41777240.0
2023-06-09,38.955,39.629,38.485,38.688,42771747.0
2023-06-12,39.118,39.448,38.536,39.4,38967335.0
2023-06-13,40.104,41.019,39.658,40.94,61320816.0
2023-06-14,40.742,42.918,40.47,42.915,74046502.0
2023-06-15,42.52,43.207,42.065,42.571,56862204.0
2023-06-16,43.368,43.639,42.579,42.61,65570941.0
2023-06-20,42.916,43.908,42.592,43.726,45115311.0
2023-06-21,43.419,43.533,41.998,42.963,55160291.0
2023-06-22,42.171,43.344,42.152,42.943,41773743.0
2023-06-23,42.382,42.727,41.933,42.127,35813984.0
2023-06-26,42.379,42.682,40.018,40.55,59432192.0
2023-06-27,40.717,41.858,40.366,41.794,46217470.0
2023-06-28,40.578,41.763,40.436,41.035,58263927.0
2023-06-29,41.476,41.518,40.518,40.74,38051430.0
2023-06-30,41.598,42.468,41.419,42.22,50114775.0
2023-07-03,42.435,42.816,42.12,42.331,19820919.0
2023-07-05,42.053,43.095,42.003,42.235,32361756.0
2023-07-06,41.762,42.097,41.264,42.021,30413879.0
2023-07-07,42.24,43.132,42.098,42.421,35588147.0
2023-07-10,42.575,42.729,41.567,42.098,35390811.0
2023-07-11,42.399,42.676,41.985,42.323,29824406.0
2023-07-12,42.951,43.853,42.695,43.82,48127702.0
2023-07-13,44.436,46.073,44.41,45.895,47820369.0
2023-07-14,46.501,48.006,44.978,45.387,77207533.0
2023-07-17,46.207,46.414,45.18,46.379,51048822.0
2023-07-18,46.619,47.814,45.652,47.412,57019042.0
2023-07-19,47.382,47.736,46.66,46.995,42750179.0
2023-07-20,46.425,47.005,44.98,45.438,53786451.0
2023-07-21,45.706,45.784,44.018,44.227,96376863.0
2023-07-24,44.649,45.027,43.958,44.53,38309974.0
2023-07-25,44.859,46.101,44.841,45.597,34808091.0
2023-07-26,45.939,45.971,44.548,45.37,36423726.0
2023-07-27,46.437,47.313,45.668,45.818,45597552.0
2023-07-28,46.586,46.945,46.299,46.668,33119424.0
2023-07-31,46.672,47.048,46.424,46.647,25105528.0
2023-08-01,46.378,46.818,45.945,46.425,23927597.0
2023-08-02,45.749,45.758,43.305,44.187,53014157.0
2023-08-03,43.718,45.036,43.718,44.433,32507660.0
2023-08-04,44.903,45.56,44.311,44.598,36266618.0
2023-08-07,45.029,45.458,44.481,45.335,32215354.0
2023-08-08,44.771,45.16,43.974,44.582,35384343.0
2023-08-09,44.192,44.23,42.052,42.472,58644907.0
2023-08-10,42.078,43.492,41.753,42.306,49270530.0
2023-08-11,41.669,41.936,40.557,40.773,53308526.0
2023-08-14,40.404,43.718,40.229,43.671,69028583.0
2023-08-15,44.478,45.186,43.628,43.858,67651151.0
2023-08-16,44.438,44.593,43.324,43.404,52745068.0
2023-08-17,43.888,43.98,42.919,43.262,45239482.0
2023-08-18,42.553,43.496,41.578,43.217,58376787.0
2023-08-21,44.412,46.983,44.14,46.885,69257337.0
2023-08-22,48.053,48.105,45.251,45.586,75720691.0
2023-08-23,45.784,47.118,45.126,47.034,77904608.0
2023-08-24,50.134,50.184,47.077,47.081,115604409.0
2023-08-25,46.93,47.723,44.942,45.936,92534052.0
2023-08-28,46.4,46.898,44.806,46.753,68519223.0
2023-08-29,46.584,48.999,46.309,48.702,70139699.0
2023-08-30,48.962,49.845,48.343,49.182,73520598.0
2023-08-31,49.298,49.662,48.876,49.273,52856977.0
2023-09-01,49.68,49.718,48.06,48.427,46383030.0
2023-09-05,48.141,48.769,47.778,48.466,38265258.0
2023-09-06,48.363,48.471,46.502,46.983,46866957.0
2023-09-07,45.447,46.266,45.074,46.163,43332989.0
2023-09-08,45.864,46.528,45.193,45.494,47389994.0
2023-09-11,46.07,46.085,44.234,45.1,47396555.0
2023-09-12,44.66,45.595,44.453,44.792,34925634.0
2023-09-13,44.522,45.852,44.425,45.407,39835535.0
2023-09-14,45.872,45.909,45.053,45.503,37009720.0
2023-09-15,45.263,45.521,43.73,43.822,50683051.0
2023-09-18,42.67,44.164,41.922,43.888,50027079.0
2023-09-19,43.755,43.888,42.924,43.442,37306424.0
2023-09-20,43.522,43.825,42.145,42.161,36710769.0
2023-09-21,41.505,42.022,40.902,40.939,45073596.0
2023-09-22,41.494,42.037,41.153,41.532,47923631.0
2023-09-25,41.513,42.458,41.099,42.144,41909096.0
2023-09-26,41.923,42.742,41.577,41.833,40228209.0
2023-09-27,42.252,42.794,41.551,42.39,44493520.0
2023-09-28,42.382,43.368,42.037,43.011,42466279.0
2023-09-29,43.749,44.066,43.229,43.421,39782993.0
2023-10-02,43.952,45.097,43.783,44.704,43329821.0
2023-10-03,44.73,45.052,43.168,43.439,47084954.0
2023-10-04,43.664,44.065,43.214,43.963,36182086.0
2023-10-05,43.972,44.822,43.81,44.61,39348309.0
2023-10-06,44.115,45.711,43.948,45.684,43443602.0
2023-10-09,44.764,45.527,44.29,45.195,40967472.0
2023-10-10,45.232,46.181,45.01,45.72,36858208.0
2023-10-11,46.118,46.781,45.972,46.728,37813689.0
2023-10-12,46.699,47.531,46.252,46.867,48132500.0
2023-10-13,46.882,47.038,45.202,45.383,47542599.0
2023-10-16,44.985,46.147,44.834,46.017,37509924.0
2023-10-17,43.922,44.676,42.402,43.86,81233267.0
2023-10-18,42.513,43.141,41.747,42.118,62729434.0
2023-10-19,42.733,43.219,41.804,42.023,50123308.0
2023-10-20,41.812,42.392,41.0,41.309,47726601.0
2023-10-23,41.151,43.17,40.867,42.897,47852949.0
2023-10-24,42.999,43.619,42.613,43.585,40146307.0
2023-10-25,43.32,43.572,41.477,41.701,39837653.0
2023-10-26,41.775,42.1776,39.8022,40.248,54100132.0
2023-10-27,41.052,41.128,39.937,40.422,41678186.0
2023-10-30,41.009,41.688,40.403,41.083,38802662.0
2023-10-31,40.372,40.801,39.152,40.702,51796870.0
2023-11-01,40.806,42.303,40.791,42.247,43759190.0
2023-11-02,43.25,43.806,42.816,43.428,40916926.0
2023-11-03,43.942,45.231,43.645,44.927,42460932.0
2023-11-06,45.2065,45.857,44.821,45.673,40073335.0
2023-11-07,45.641,46.14,45.0795,45.877,34316547.0
2023-11-08,46.022,46.789,45.89,46.496,34671894.0
2023-11-09,47.389,48.152,46.672,46.872,54049597.0
2023-11-10,47.422,48.394,47.205,48.257,42244059.0
2023-11-13,48.242,49.038,48.021,48.542,38413564.0
2023-11-14,49.602,49.756,48.962,49.578,41695387.0
2023-11-15,49.857,49.882,48.122,48.81,47549606.0
2023-11-16,48.601,49.4467,48.252,49.402,33975552.0
2023-11-17,49.446,49.639,48.929,49.22,32589614.0
2023-11-20,49.234,50.47,49.103,50.331,41614260.0
2023-11-21,50.048,50.439,49.144,49.866,56574497.0
2023-11-22,49.774,50.2569,47.612,48.638,90063957.0
2023-11-24,48.392,48.843,47.667,47.698,29199757.0
2023-11-27,47.722,48.452,47.574,48.164,39565940.0
2023-11-28,48.158,48.2449,47.395,47.743,40149010.0
2023-11-29,48.301,48.684,47.782,48.062,38200464.0
2023-11-30,47.946,48.032,46.344,46.692,52624601.0
2023-12-01,46.447,47.122,46.109,46.687,36931668.0
2023-12-04,45.999,45.999,44.932,45.432,43754202.0
2023-12-05,45.392,46.526,45.197,46.492,37171584.0
2023-12-06,47.1405,47.313,45.338,45.429,38058897.0
2023-12-07,45.626,46.555,45.53,46.522,35082255.0
2023-12-08,46.521,47.6669,46.476,47.432,35922366.0
2023-12-11,47.417,47.457,45.756,46.553,50972807.0
2023-12-12,45.972,47.592,45.972,47.583,37238610.0
2023-12-13,47.555,48.52,47.534,48.014,44779079.0
2023-12-14,48.316,48.596,47.348,48.276,39123167.0
2023-12-15,48.12,49.33,48.046,48.816,47994748.0
2023-12-18,49.326,50.359,49.076,50.003,41258627.0
2023-12-19,49.35,49.626,48.821,49.53,46444446.0
2023-12-20,49.581,49.925,48.024,48.037,39789419.0
2023-12-21,48.737,49.021,48.345,48.916,30042523.0
2023-12-22,49.121,49.309,48.393,48.756,25250671.0
2023-12-26,48.894,49.526,48.886,49.205,24419716.0
2023-12-27,49.437,49.606,49.011,49.343,23364645.0
2023-12-28,49.569,49.81,49.338,49.448,24658748.0
2023-12-29,49.739,49.923,48.677,49.448,38928933.0
2024-01-02,49.17,49.221,47.521,48.094,41125365.0
2024-01-03,47.411,48.1101,47.246,47.495,32089320.0
2024-01-04,47.693,48.426,47.434,47.924,30653247.0
2024-01-05,48.388,49.473,48.232,49.023,41503922.0
2024-01-08,49.438,52.201,49.405,52.179,64250990.0
2024-01-09,52.327,54.251,51.616,53.066,77309834.0
2024-01-10,53.542,54.526,53.415,54.276,53379576.0
2024-01-11,54.925,55.272,53.486,54.748,59675643.0
2024-01-12,54.546,54.896,54.2561,54.636,35299354.0
2024-01-16,54.944,56.761,54.826,56.308,44957881.0
2024-01-17,56.273,56.3967,54.666,55.979,47439384.0
2024-01-18,57.186,57.526,56.033,57.033,49164939.0
2024-01-19,57.915,59.426,57.151,59.417,54350147.0
2024-01-22,59.975,60.257,58.996,59.58,45295463.0
2024-01-23,59.496,59.836,58.511,59.799,29465314.0
2024-01-24,60.23,62.775,59.864,61.288,56026907.0
2024-01-25,62.276,62.645,60.776,61.543,48277608.0
2024-01-26,60.886,61.709,60.499,60.957,39030858.0
2024-01-29,61.158,62.415,60.833,62.391,34873297.0
2024-01-30,62.826,63.419,62.186,62.7,41073440.0
2024-01-31,61.366,62.195,60.626,61.453,45379472.0
2024-02-01,62.026,63.117,61.576,62.953,36914579.0
2024-02-02,63.9,66.526,63.616,66.086,47657765.0
2024-02-05,68.151,69.423,67.131,69.258,68007801.0
2024-02-06,69.556,69.68,66.226,68.149,68311136.0
2024-02-07,68.245,70.146,67.526,70.025,49557253.0
2024-02-08,70.0,70.72,69.381,69.567,41441911.0
2024-02-09,70.459,72.111,70.138,72.059,43663471.0
2024-02-12,72.526,74.537,71.176,72.174,61371017.0
2024-02-13,70.326,73.376,69.546,72.054,60257804.0
2024-02-14,73.128,74.162,71.864,73.826,50491087.0
2024-02-15,73.795,73.901,72.326,72.584,42012171.0
2024-02-16,74.026,74.328,72.427,72.539,49532612.0
2024-02-20,71.873,71.882,67.66,69.378,70483183.0
2024-02-21,67.932,68.814,66.174,67.398,69029671.0
2024-02-22,74.951,78.501,74.146,78.464,86509725.0
2024-02-23,80.716,82.32,77.496,78.743,82938837.0
2024-02-26,79.626,80.572,78.431,79.018,50397000.0
2024-02-27,79.307,79.406,77.088,78.627,39170354.0
2024-02-28,77.546,78.859,77.051,77.589,39310902.0
2024-02-29,79.02,79.916,78.276,79.038,50728897.0
2024-03-01,79.926,82.226,79.361,82.205,47913385.0
2024-03-04,84.056,87.621,83.645,85.163,61561343.0
2024-03-05,85.2,86.027,83.347,85.894,52063550.0
2024-03-06,87.952,89.654,86.96,88.63,58251775.0
2024-03-07,90.088,92.697,89.532,92.599,60811915.0
2024-03-08,95.0679,97.33,86.436,87.458,114226642.0
2024-03-11,86.359,88.727,84.096,85.704,67836050.0
2024-03-12,87.979,91.89,86.0801,91.843,66806959.0
2024-03-13,90.985,91.434,88.365,90.818,63571288.0
2024-03-14,89.507,90.576,86.53,87.874,60231711.0
2024-03-15,86.86,89.476,86.187,87.7665,64208606.0
2024-03-18,90.318,92.335,87.015,88.385,66897440.0
2024-03-19,86.63,90.474,84.94,89.328,67216843.0
2024-03-20,89.727,90.34,88.153,90.302,47905418.0
2024-03-21,92.23,92.578,90.335,91.365,48037152.0
2024-03-22,91.071,94.708,90.764,94.219,58671865.0
2024-03-25,93.871,96.696,93.44,94.932,55213581.0
2024-03-26,95.781,96.305,92.432,92.491,51364758.0
2024-03-27,93.042,93.17,89.053,90.18,58606719.0
2024-03-28,89.93,91.23,89.123,90.286,43521227.0
2024-04-01,90.229,92.155,89.134,90.293,45244137.0
2024-04-02,88.378,90.024,87.55,89.382,43306334.0
2024-04-03,88.414,90.304,88.33,88.894,37006655.0
2024-04-04,90.336,90.564,85.81,85.835,43496492.0
2024-04-05,86.796,88.411,85.856,87.938,39967846.0
2024-04-08,88.63,88.76,86.662,87.063,28322000.0
2024-04-09,87.372,87.565,82.952,85.284,50354735.0
2024-04-10,83.856,87.33,83.639,86.969,43192853.0
2024-04-11,87.35,90.669,86.856,90.546,43163727.0
2024-04-12,89.629,90.105,87.46,88.116,42680479.0
2024-04-15,89.028,90.543,85.859,85.931,44307695.0
2024-04-16,86.363,88.048,85.994,87.345,37045302.0
2024-04-17,88.27,88.705,83.88,83.965,49539951.0
2024-04-18,84.9,86.12,82.332,84.601,44726034.0
2024-04-19,83.08,84.254,75.536,76.13,87519800.0
2024-04-22,78.034,80.003,76.33,79.448,59634000.0
2024-04-23,80.699,82.699,80.194,82.353,43855937.0
2024-04-24,83.88,84.012,79.113,79.607,51220753.0
2024-04-25,78.798,83.253,78.153,82.562,42464073.0
2024-04-26,83.748,88.2609,83.317,87.665,55100967.0
2024-04-29,87.525,87.922,85.196,87.687,38897076.0
2024-04-30,87.17,88.749,86.23,86.332,36370870.0
2024-05-01,85.007,85.93,81.185,82.971,55986317.0
2024-05-02,84.379,86.167,83.13,85.747,37789754.0
2024-05-03,87.719,89.211,86.97,88.719,39834006.0
2024-05-06,89.32,92.15,88.985,92.07,37619900.0
2024-05-07,91.028,91.711,88.941,90.484,43733574.0
2024-05-08,89.4125,91.124,89.35,90.342,32571985.0
2024-05-09,90.459,91.002,88.161,88.677,37801128.0
2024-05-10,90.2345,91.331,89.157,89.808,33532466.0
2024-05-13,90.408,90.928,88.459,90.329,28967585.0
2024-05-14,89.529,91.581,88.864,91.286,29650683.0
2024-05-15,92.402,94.792,91.529,94.56,41773471.0
2024-05-16,94.84,95.749,94.033,94.289,32394266.0
2024-05-17,94.299,94.67,91.736,92.409,35968949.0
2024-05-20,93.68,95.13,93.37,94.71,31876363.0
2024-05-21,93.529,95.33,93.11,95.316,32894573.0
2024-05-22,95.389,95.95,93.179,94.88,54864391.0
2024-05-23,101.958,106.25,101.45,103.729,83506526.0
2024-05-24,104.379,106.405,102.93,106.399,42949138.0
2024-05-28,110.174,114.869,109.813,113.831,65272724.0
2024-05-29,112.98,115.422,110.831,114.755,55744191.0
2024-05-30,114.58,115.7492,109.593,110.43,48735005.0
2024-05-31,112.45,112.647,106.87,109.563,61326250.0
2024-06-03,113.551,114.93,111.933,114.93,43839176.0
2024-06-04,115.646,116.53,113.975,116.367,40331400.0
2024-06-05,118.301,122.3795,117.398,122.37,52840174.0
2024-06-06,123.978,125.517,118.25,120.928,66469425.0
2024-06-07,119.7,121.6217,117.952,120.818,41238499.0
2024-06-10,120.3,123.02,116.94,121.72,314162647.0
2024-06-11,121.71,122.81,118.68,120.85,222551155.0
2024-06-12,123.0,126.82,122.51,125.14,299594865.0
2024-06-13,129.33,129.74,127.1,129.55,260704142.0
2024-06-14,129.9,132.78,128.26,131.82,309320376.0
2024-06-17,132.93,133.67,129.52,130.92,288504441.0
2024-06-18,131.08,136.27,130.63,135.52,294335054.0
2024-06-20,139.74,140.7,129.46,130.72,517768370.0
2024-06-21,127.06,130.57,124.24,126.51,655484576.0
2024-06-24,123.18,124.4,117.98,118.05,476060841.0
2024-06-25,121.14,126.44,119.26,126.03,425787456.0
2024-06-26,126.07,128.06,122.54,126.34,362975910.0
2024-06-27,124.04,126.35,122.86,123.93,252571581.0
2024-06-28,124.52,127.65,122.69,123.48,315516740.0
2024-07-01,123.41,124.78,118.77,124.24,284885524.0
2024-07-02,121.07,123.35,120.97,122.61,218373887.0
2024-07-03,121.6,128.22,121.3,128.22,210830698.0
2024-07-05,127.32,128.79,125.62,125.77,214176689.0
2024-07-08,127.43,130.71,126.98,128.14,237677285.0
2024-07-09,130.29,133.76,128.59,131.32,287020743.0
2024-07-10,133.97,135.04,132.36,134.85,248978568.0
2024-07-11,135.69,136.09,126.99,127.34,374782734.0
2024-07-12,128.2,131.86,127.16,129.18,252680534.0
2024-07-15,130.5,131.33,127.12,128.38,208326164.0
2024-07-16,128.38,128.98,124.52,126.3,214769423.0
2024-07-17,121.29,121.79,116.66,117.93,390086178.0
2024-07-18,121.79,122.34,116.5,121.03,320979408.0
2024-07-19,120.29,121.54,117.31,117.87,217223797.0
2024-07-22,120.29,124.01,119.8,123.48,258068931.0
2024-07-23,122.72,124.63,122.04,122.53,173910968.0
2024-07-24,119.11,119.89,113.38,114.19,327776884.0
2024-07-25,112.98,116.57,106.24,112.22,460067018.0
2024-07-26,116.13,116.14,111.52,113.0,293398826.0
2024-07-29,113.63,116.22,111.24,111.53,248152047.0
2024-07-30,111.46,111.93,102.48,103.67,486833264.0
2024-07-31,112.84,118.28,110.82,116.96,473174182.0
2024-08-01,117.47,120.1,106.7504,109.15,523462326.0
2024-08-02,103.7,108.66,101.31,107.21,482027460.0
2024-08-05,92.0,103.35,90.63,100.39,552842373.0
2024-08-06,103.78,107.65,100.49,104.19,409011841.0
2024-08-07,107.75,108.74,98.63,98.85,411440403.0
2024-08-08,101.94,105.44,97.46,104.91,391909937.0
2024-08-09,105.58,106.54,103.37,104.69,290844097.0
2024-08-12,106.26,111.01,106.2,108.96,325559856.0
2024-08-13,112.38,116.17,111.52,116.08,312646650.0
2024-08-14,118.47,118.54,114.01,118.02,339246360.0
2024-08-15,118.7,123.18,117.41,122.8,318086667.0
2024-08-16,121.88,124.94,121.12,124.52,302589871.0
2024-08-19,124.22,129.94,123.36,129.94,318333577.0
2024-08-20,128.34,129.82,125.83,127.19,300087415.0
2024-08-21,127.255,129.29,126.6,128.44,257883424.0
2024-08-22,129.96,130.69,123.04,123.68,376189023.0
2024-08-23,125.8,129.54,125.16,129.31,323230282.0
2024-08-26,129.51,131.2,124.31,126.4,331964517.0
2024-08-27,124.99,129.14,123.82,128.24,303134568.0
2024-08-28,128.06,128.27,122.58,125.55,448101115.0
2024-08-29,121.295,124.37,116.65,117.53,453023305.0
2024-08-30,119.47,121.69,117.16,119.31,333751565.0
2024-09-03,115.95,116.15,107.23,107.94,477155029.0
2024-09-04,105.35,113.21,104.06,106.15,372470140.0
2024-09-05,104.925,109.59,104.7,107.15,306850679.0
2024-09-06,107.98,108.09,100.89,102.77,413638098.0
2024-09-09,104.82,106.49,103.63,106.41,273912015.0
2024-09-10,107.75,109.34,104.89,108.04,268283686.0
2024-09-11,109.33,117.13,107.36,116.85,441422370.0
2024-09-12,116.79,120.74,115.33,119.09,367100496.0
2024-09-13,119.03,119.905,117.55,119.05,238358328.0
2024-09-16,116.74,118.13,114.31,116.73,248772308.0
2024-09-17,118.12,118.75,114.78,115.54,231925825.0
2024-09-18,115.84,117.65,113.17,113.32,310318937.0
2024-09-19,117.3,119.61,117.2,117.82,293506438.0
2024-09-20,117.01,118.5681,115.3401,115.95,382462037.0
2024-09-23,116.5,116.94,114.81,116.21,206228340.0
2024-09-24,116.465,121.75,115.33,120.82,354966731.0
2024-09-25,121.97,124.89,121.56,123.46,284692915.0
2024-09-26,126.75,127.615,121.75,123.99,302582868.0
2024-09-27,123.92,123.98,119.21,121.35,271009124.0
2024-09-30,118.26,121.45,118.1,121.39,227053651.0
2024-10-01,121.715,122.3851,115.74,116.95,302094485.0
2024-10-02,116.39,119.33,115.09,118.8,221845872.0
2024-10-03,120.87,124.31,120.2901,122.8,277117973.0
2024-10-04,124.89,124.99,121.78,124.87,244465552.0
2024-10-07,124.94,130.59,124.9,127.67,346250233.0
2024-10-08,130.21,133.43,129.37,132.84,285722485.0
2024-10-09,134.06,134.47,131.33,132.6,246191561.0
2024-10-10,131.86,134.95,130.95,134.76,242311332.0
2024-10-11,133.96,135.73,133.61,134.75,170209304.0
2024-10-14,136.42,139.55,136.25,138.02,232347607.0
2024-10-15,137.82,138.52,128.69,131.55,377830975.0
2024-10-16,133.93,136.57,131.53,135.67,264879720.0
2024-10-17,139.29,140.84,136.82,136.88,306435915.0
2024-10-18,138.615,138.85,137.23,137.95,176090168.0
2024-10-21,138.08,143.66,137.95,143.66,264554514.0
2024-10-22,142.86,144.37,141.73,143.54,226311539.0
2024-10-23,141.98,142.38,137.41,139.51,285929906.0
2024-10-24,140.77,141.3,138.41,140.36,172354861.0
2024-10-25,140.88,144.08,140.75,141.49,205122017.0
2024-10-28,142.95,143.09,140.0,140.47,173586670.0
2024-10-29,140.235,142.2098,138.85,141.2,157593584.0
2024-10-30,139.49,140.28,136.76,139.285,179418082.0
2024-10-31,137.55,137.56,132.0606,132.71,270039641.0
2024-11-01,134.65,137.26,134.52,135.35,207127838.0
2024-11-04,137.16,138.91,135.52,136.0,187528173.0
2024-11-05,137.4,140.3201,137.28,139.86,160537371.0
2024-11-06,142.91,146.44,141.91,145.56,242043904.0
2024-11-07,146.34,148.88,146.12,148.83,207323287.0
2024-11-08,148.72,149.72,146.21,147.58,175665682.0
2024-11-11,148.63,148.8,143.52,145.21,182325598.0
2024-11-12,146.73,149.6,145.96,148.24,198634711.0
2024-11-13,149.02,149.28,145.85,146.22,191903262.0
2024-11-14,147.59,148.95,145.5,146.71,194463233.0
2024-11-15,144.82,145.19,140.03,141.93,250132869.0
2024-11-18,139.45,141.5,137.1,140.1,221865983.0
2024-11-19,141.27,147.08,140.94,146.96,227834781.0
2024-11-20,147.36,147.51,142.68,145.84,309871644.0
2024-11-21,149.3,152.84,140.65,146.62,400946570.0
2024-11-22,145.88,147.11,141.05,141.9,236406047.0
2024-11-25,141.94,142.0,135.77,135.97,344941875.0
2024-11-26,137.65,139.25,135.62,136.87,190287543.0
2024-11-27,134.96,137.17,131.75,135.29,226370856.0
2024-11-29,136.73,139.3,136.0,138.2,134062123.0
2024-12-02,138.78,140.4,137.775,138.58,171682752.0
2024-12-03,138.21,140.49,137.9,140.21,164413963.0
2024-12-04,141.945,145.74,140.24,145.09,231224254.0
2024-12-05,145.07,146.5,143.91,145.02,172621179.0
2024-12-06,144.56,145.66,141.27,142.4,188505378.0
2024-12-09,138.93,139.91,137.09,138.77,189308484.0
2024-12-10,138.97,141.78,133.75,135.03,210020887.0
2024-12-11,137.32,140.13,135.17,139.27,184905146.0
2024-12-12,137.04,138.4,135.76,137.3,159211363.0
2024-12-13,138.9,139.56,132.5,134.21,231514772.0
2024-12-16,134.14,134.36,130.38,131.96,237951059.0
2024-12-17,129.05,131.55,126.82,130.35,259410213.0
2024-12-18,133.82,136.66,128.24,128.87,277444520.0
2024-12-19,131.72,133.99,129.51,130.64,209719210.0
2024-12-20,129.77,135.24,128.18,134.66,306528551.0
2024-12-23,136.24,139.75,135.0801,139.63,176053506.0
2024-12-24,139.96,141.86,138.61,140.18,102187972.0
2024-12-26,139.66,140.81,137.69,139.89,116518975.0
2024-12-27,138.51,138.98,134.67,136.97,170582523.0
2024-12-30,134.79,140.23,133.98,137.45,167734416.0
2024-12-31,137.99,138.03,133.79,134.25,155659210.0
2025-01-02,135.96,138.84,134.59,138.27,198247121.0
2025-01-03,139.97,144.86,139.69,144.43,229322478.0
2025-01-06,148.55,152.116,147.7801,149.39,265377343.0
2025-01-07,152.99,153.09,139.97,140.1,351782123.0
2025-01-08,142.54,143.91,137.52,140.07,227349948.0
2025-01-10,137.41,139.88,134.18,135.87,207602459.0
2025-01-13,129.95,133.45,129.47,133.19,204808914.0
2025-01-14,136.01,136.34,130.01,131.72,195590255.0
2025-01-15,133.61,136.41,131.25,136.2,185217309.0
2025-01-16,138.6,138.71,133.45,133.53,209235579.0
2025-01-17,136.65,138.46,135.4249,137.67,201188757.0
2025-01-21,139.12,141.79,137.05,140.79,197748952.0
2025-01-22,144.62,147.75,143.63,147.03,237651374.0
2025-01-23,145.01,147.19,143.68,147.18,155915276.0
2025-01-24,148.33,148.93,141.84,142.58,234657635.0
2025-01-27,124.76,128.36,116.66,118.38,818830771.0
2025-01-28,121.77,128.96,116.21,128.95,579666349.0
2025-01-29,126.46,126.85,120.01,123.66,467120542.0
2025-01-30,123.06,124.96,118.06,124.61,392925469.0
2025-01-31,123.74,127.81,119.15,120.03,390372828.0
2025-02-03,114.71,118.53,112.97,116.62,371235520.0
2025-02-04,116.92,121.16,116.66,118.61,256550040.0
2025-02-05,121.72,124.96,120.72,124.79,263110629.0
2025-02-06,127.38,128.73,125.17,128.64,251483507.0
2025-02-07,129.18,130.33,124.96,129.8,228186298.0
2025-02-10,130.05,134.96,129.92,133.53,216989035.0
2025-02-11,132.54,134.44,130.98,132.76,178902379.0
2025-02-12,129.98,132.2,129.04,131.1,160278550.0
2025-02-13,131.515,136.46,131.13,135.25,197429897.0
2025-02-14,136.44,139.21,135.46,138.81,195479517.0
2025-02-18,141.23,143.4,137.885,139.36,219176457.0
2025-02-19,139.47,141.32,137.18,139.19,167535974.0
2025-02-20,139.99,140.62,136.7501,140.07,143903583.0
2025-02-21,140.0,141.42,133.99,134.39,228217508.0
2025-02-24,136.52,138.55,130.04,130.24,251381137.0
2025-02-25,129.94,130.16,124.4,126.59,271428701.0
2025-02-26,129.945,133.69,128.45,131.24,322553762.0
2025-02-27,134.96,134.97,119.97,120.11,443175846.0
2025-02-28,117.98,125.05,116.36,124.88,389091079.0
2025-03-03,123.47,123.66,112.24,114.02,411381372.0
2025-03-04,110.605,119.27,110.07,115.95,398163299.0
2025-03-05,117.54,118.2381,114.47,117.26,284337886.0
2025-03-06,113.49,115.31,110.18,110.53,321181811.0
2025-03-07,111.21,113.44,107.52,112.65,341755435.0
2025-03-10,109.86,111.81,105.42,106.94,366487313.0
2025-03-11,106.95,112.196,104.73,108.72,354865598.0
2025-03-12,114.09,116.73,112.85,115.71,323857332.0
2025-03-13,117.0,117.73,113.76,115.55,299033056.0
2025-03-14,118.58,121.85,118.12,121.64,277593393.0
2025-03-17,122.71,122.86,118.0,119.5,255501481.0
2025-03-18,117.97,118.99,114.51,115.4,299686894.0
2025-03-19,117.24,120.415,115.65,117.49,273426224.0
2025-03-20,116.52,120.17,116.44,118.5,248829737.0
2025-03-21,116.91,117.96,115.39,117.67,266498377.0
2025-03-24,119.85,122.19,119.31,121.38,228452487.0
2025-03-25,120.515,121.26,118.89,120.66,167447028.0
2025-03-26,118.7,118.81,112.68,113.73,296431622.0
2025-03-27,111.32,114.42,110.63,111.4,236902044.0
2025-03-28,111.455,112.84,109.0401,109.64,229872549.0
2025-03-31,105.1,110.925,103.62,108.35,299212652.0
2025-04-01,108.485,110.17,106.44,110.12,222613940.0
2025-04-02,107.26,111.95,106.76,110.39,220601243.0
2025-04-03,103.48,105.6,101.57,101.77,338769412.0
2025-04-04,98.88,100.1,92.08,94.28,532273371.0
2025-04-07,87.43,101.72,86.59,97.61,611041347.0
2025-04-08,103.775,105.82,94.43,96.27,476243291.0
2025-04-09,98.86,115.07,97.5001,114.3,612918153.0
2025-04-10,109.34,110.83,99.12,107.54,437812337.0
2025-04-11,108.47,111.5199,107.45,110.9,313417252.0
2025-04-14,114.08,114.26,109.04,110.68,264705049.0
2025-04-15,110.94,113.585,110.47,112.17,228966787.0
2025-04-16,104.52,106.76,100.42,104.46,397016770.0
2025-04-17,104.42,104.44,100.02,101.46,292517291.0
2025-04-21,98.74,99.41,95.01,96.88,288501136.0
2025-04-22,98.75,99.781,97.25,98.86,241004784.0
2025-04-23,104.49,104.77,101.99,102.68,247525918.0
2025-04-24,103.445,106.51,103.08,106.4,220815035.0
2025-04-25,106.82,111.89,105.7,110.98,251064513.0
2025-04-28,109.66,110.3399,105.99,108.7,207708225.0
2025-04-29,107.64,110.1699,107.41,108.99,170444095.0
2025-04-30,104.44,108.89,104.05,108.89,235044607.0
2025-05-01,113.05,114.91,111.27,111.58,236121507.0
2025-05-02,114.15,115.37,113.34,114.47,190194703.0
2025-05-05,112.875,114.635,112.63,113.79,133163241.0
2025-05-06,111.45,114.71,110.792,113.51,158525621.0
2025-05-07,113.015,117.65,112.2518,117.03,207827815.0
2025-05-08,118.22,118.65,115.82,117.34,198428122.0
2025-05-09,117.32,118.2,115.18,116.62,132972189.0
2025-05-12,121.94,122.97,120.25,122.97,225023345.0
2025-05-13,124.95,131.1889,124.44,129.9,330430105.0
2025-05-14,133.165,135.405,131.65,135.31,281180828.0
2025-05-15,134.265,136.27,132.63,134.8,226632563.0
2025-05-16,136.19,136.32,133.43,135.37,226542451.0
2025-05-19,132.36,135.84,132.36,135.54,193154411.0
2025-05-20,134.26,134.55,132.59,134.35,161514183.0
2025-05-21,133.03,137.37,130.56,131.77,270608699.0
2025-05-22,132.2,134.22,131.52,132.8,187343950.0
2025-05-23,129.97,132.65,129.13,131.26,198821324.0
2025-05-27,134.12,135.63,133.28,135.47,192953596.0
2025-05-28,135.995,137.22,134.76,134.78,304021089.0
2025-05-29,142.215,143.46,137.88,139.16,370615153.0
2025-05-30,138.685,139.59,132.89,135.1,333170445.0
2025-06-02,135.46,138.09,135.37,137.35,197663021.0
2025-06-03,138.75,141.97,137.92,141.19,225578782.0
2025-06-04,142.16,142.36,139.515,141.89,167120795.0
2025-06-05,142.14,143.97,138.8,139.96,232410753.0
2025-06-06,142.48,143.24,141.48,141.69,153986153.0
2025-06-09,143.16,144.97,141.91,142.6,185114491.0
2025-06-10,142.66,144.26,141.495,143.93,155881832.0
2025-06-11,144.59,144.97,141.85,142.81,167693949.0
2025-06-12,141.95,144.98,141.83,144.98,162364981.0
2025-06-13,142.46,143.56,140.835,141.95,180820506.0
2025-06-16,143.325,146.155,143.1801,144.67,183133527.0
2025-06-17,144.47,145.2,143.76,144.1,139108000.0
2025-06-18,143.985,145.63,143.1,145.46,161494120.0
2025-06-20,145.43,146.18,142.63,143.83,242956010.0
2025-06-23,142.48,144.76,142.01,144.15,154308941.0
2025-06-24,145.54,147.94,145.48,147.88,187566111.0
2025-06-25,149.25,154.43,149.24,154.29,269146421.0
2025-06-26,155.955,156.695,153.98,155.0,198145622.0
2025-06-27,156.02,158.69,155.235,157.73,263234538.0
2025-06-30,158.38,158.64,155.94,157.97,194580235.0
2025-07-01,156.27,157.18,151.47,153.28,213143540.0
2025-07-02,152.96,157.58,152.95,157.23,171223975.0
2025-07-03,158.35,160.96,157.75,159.268,142128972.0
2025-07-07,158.18,159.29,157.322,158.22,140138889.0
2025-07-08,159.31,160.2,158.37,159.98,138132961.0
2025-07-09,161.2,164.4,161.14,162.86,183656406.0
2025-07-10,164.3,164.48,161.59,164.08,167704007.0
2025-07-11,163.695,167.87,163.45,164.9,193633261.0
2025-07-14,165.35,165.47,162.0,164.05,136975503.0
2025-07-15,171.17,172.38,169.175,170.68,230627345.0
2025-07-16,171.04,171.73,168.88,171.35,158831460.0
2025-07-17,172.0,174.14,170.81,172.98,160841119.0
2025-07-18,173.62,174.23,171.24,172.39,146456386.0
2025-07-21,172.73,173.36,170.98,171.36,123126048.0
2025-07-22,171.32,171.37,164.56,167.01,193114326.0
2025-07-23,169.51,171.24,167.95,170.76,154082196.0
2025-07-24,172.42,173.81,171.28,173.72,128984615.0
2025-07-25,173.59,174.7,172.94,173.48,122316749.0
2025-07-28,174.0,176.98,173.95,176.73,140023262.0
2025-07-29,177.94,179.36,175.0,175.49,154077450.0
2025-07-30,176.49,179.87,176.02,179.25,174312159.0
2025-07-31,182.88,183.28,175.91,177.85,221685446.0
2025-08-01,174.07,176.52,170.87,173.7,204528985.0
2025-08-04,175.14,180.18,174.5,179.98,148174563.0
2025-08-05,179.6,180.24,175.88,178.24,156407600.0
2025-08-06,176.305,179.88,176.23,179.4,137192265.0
2025-08-07,181.55,183.86,178.775,180.75,151878350.0
2025-08-08,181.53,183.28,180.38,182.68,123396679.0
2025-08-11,182.03,183.82,180.23,182.04,138323191.0
2025-08-12,182.94,184.46,179.44,183.14,145728956.0
2025-08-13,182.595,183.95,179.33,181.57,179871549.0
2025-08-14,179.73,183.0,179.44,182.0,129553821.0
2025-08-15,181.86,181.88,178.0217,180.43,156602059.0
2025-08-18,180.58,182.9175,180.57,181.99,132007941.0
2025-08-19,182.41,182.48,175.47,175.62,185229215.0
2025-08-20,175.145,175.98,168.781,175.38,215142725.0
2025-08-21,174.83,176.88,173.79,174.96,140040659.0
2025-08-22,172.59,178.57,171.18,177.97,172789355.0
2025-08-25,178.33,181.89,176.55,179.79,163012785.0
2025-08-26,180.035,182.37,178.79,181.75,168688186.0
2025-08-27,181.96,182.47,179.08,181.58,235518948.0
2025-08-28,180.8,184.45,176.39,180.15,281787526.0
2025-08-29,178.09,178.13,173.125,174.16,243257863.0
2025-09-02,169.98,172.359,167.2,170.76,231164853.0
2025-09-03,171.04,172.39,168.855,170.6,164424852.0
2025-09-04,170.55,171.84,169.39,171.62,141670144.0
2025-09-05,168.01,169.01,164.05,167.0,224441435.0
2025-09-08,167.53,170.94,167.33,168.29,163769044.0
2025-09-09,169.07,170.96,166.7201,170.74,157548392.0
2025-09-10,176.62,179.27,175.45,177.31,226851988.0
2025-09-11,179.67,180.27,176.47,177.16,151159274.0
2025-09-12,177.76,178.585,176.44,177.81,124911026.0
2025-09-15,175.66,178.84,174.5,177.74,147061487.0
2025-09-16,176.99,177.49,174.37,174.87,140737601.0
2025-09-17,172.63,173.19,168.4,170.28,211843817.0
2025-09-18,173.97,177.09,172.95,176.23,191763257.0
2025-09-19,175.76,178.07,175.17,176.66,237181821.0
2025-09-22,175.29,184.54,174.6953,183.6,269636932.0
2025-09-23,181.96,182.41,176.2,178.42,192559441.0
2025-09-24,179.76,179.77,175.39,176.96,143564007.0
2025-09-25,174.47,180.25,173.115,177.68,191586733.0
2025-09-26,178.16,179.76,174.92,178.18,148573010.0
2025-09-29,180.415,183.99,180.31,181.84,193063339.0
2025-09-30,182.07,187.34,181.47,186.57,236981024.0
2025-10-01,185.23,188.13,183.89,187.23,173844875.0
2025-10-02,189.59,191.04,188.05,188.88,136805821.0
2025-10-03,189.18,190.35,185.37,187.61,137596895.0
2025-10-06,185.49,187.22,183.32,185.53,157678032.0
2025-10-07,186.22,189.05,183.99,185.03,140088005.0
2025-10-08,186.56,189.59,186.53,189.1,130168856.0
2025-10-09,192.215,195.29,191.05,192.56,182997204.0
2025-10-10,193.495,195.61,182.04,183.15,268774359.0
2025-10-13,187.955,190.0999,185.95,188.31,153482704.0
2025-10-14,184.76,184.79,179.69,180.02,205641380.0
2025-10-15,184.79,184.86,177.28,179.82,214450374.0
2025-10-16,182.22,183.27,179.76,181.8,179723308.0
2025-10-17,180.17,184.09,179.74,183.21,173135092.0
2025-10-20,183.12,185.19,181.72,182.63,128544653.0
2025-10-21,182.775,182.775,179.79,181.15,124240153.0
2025-10-22,181.13,183.43,176.75,180.27,162249467.0
2025-10-23,180.41,183.02,179.7801,182.15,111363546.0
2025-10-24,183.825,187.46,183.49,186.25,131296581.0
2025-10-27,189.98,191.99,188.4218,191.48,153452704.0
2025-10-28,193.04,203.14,191.9,201.02,297986070.0
2025-10-29,207.97,212.1799,204.765,207.03,308829466.0
2025-10-30,205.14,206.15,201.4,202.88,178864443.0
2025-10-31,206.44,207.96,202.06,202.48,179802151.0
2025-11-03,208.07,211.325,205.55,206.87,180267249.0
2025-11-04,202.99,203.9599,197.92,198.68,188919320.0
2025-11-05,198.76,202.91,194.64,195.2,171350332.0
2025-11-06,196.41,197.61,186.37,188.07,223029736.0
2025-11-07,184.89,188.31,178.9,188.14,264942253.0
2025-11-10,195.1,199.93,193.78,199.04,198897133.0
2025-11-11,195.145,195.41,191.29,193.15,176483236.0
2025-11-12,195.71,195.88,191.12,193.79,154934987.0
2025-11-13,191.04,191.43,183.84,186.85,207422968.0
2025-11-14,182.85,191.0,180.57,190.16,186591856.0
2025-11-17,185.955,188.99,184.31,186.59,173628854.0
2025-11-18,183.365,184.79,179.64,181.35,213598859.0
2025-11-19,184.78,187.845,182.8201,186.51,247246436.0
2025-11-20,195.94,195.99,179.84,180.63,343504702.0
2025-11-21,181.225,184.55,172.92,178.87,346925300.0
2025-11-24,179.48,183.49,176.47,182.54,256618332.0
2025-11-25,174.9,178.15,169.54,177.81,320600268.0
2025-11-26,181.62,182.9,178.23,180.25,183851868.0
2025-11-28,179.0,179.28,176.49,176.99,116722883.0
2025-12-01,174.75,180.29,173.67,179.91,188130558.0
2025-12-02,181.75,185.65,179.99,181.45,182632153.0
2025-12-03,181.07,182.44,179.1001,179.58,165137701.0
2025-12-04,181.62,184.515,179.96,183.38,167364857.0
2025-12-05,183.89,184.66,180.91,182.41,143971097.0
2025-12-08,182.64,188.0,182.4,185.55,204378103.0
2025-12-09,185.56,185.7167,183.32,184.97,144719705.0
2025-12-10,184.965,185.48,182.035,183.78,162785370.0
2025-12-11,180.275,181.32,176.62,180.93,182136580.0
2025-12-12,181.11,182.82,174.62,175.02,204274862.0
2025-12-15,177.936,178.415,175.03,176.29,164775601.0
2025-12-16,176.26,178.49,174.9,177.72,148588022.0
2025-12-17,176.1,176.13,170.31,170.94,222775380.0
2025-12-18,174.53,176.15,171.82,174.14,176095991.0
2025-12-19,176.665,181.45,176.34,180.99,324925927.0
2025-12-22,183.92,184.16,182.35,183.69,129064354.0
2025-12-23,182.97,189.33,182.9,189.21,174873015.0
2025-12-24,187.94,188.91,186.59,188.61,64879143.0
2025-12-26,189.92,192.69,188.0,190.53,139740292.0
2025-12-29,187.71,188.755,185.91,188.22,120006103.0
2025-12-30,188.24,188.99,186.93,187.54,97687273.0
2025-12-31,189.57,190.56,186.49,186.5,120100396.0
2026-01-02,189.835,192.9299,188.26,188.85,148240391.0
2026-01-05,191.76,193.63,186.15,188.12,183529720.0
2026-01-06,190.52,192.174,186.82,187.24,176862604.0
2026-01-07,188.57,191.37,186.56,189.11,153543114.0
2026-01-08,189.11,189.55,183.71,185.04,172457015.0
2026-01-09,185.08,186.34,183.6701,184.86,131327534.0
2026-01-12,183.22,187.12,183.02,184.94,137968453.0
2026-01-13,184.995,188.1099,183.4,185.81,160128754.0
2026-01-14,184.32,184.46,180.8,183.14,159586125.0
2026-01-15,186.5,189.7,186.33,187.05,206188584.0
2026-01-16,189.075,190.44,186.08,186.23,187967169.0
2026-01-20,181.9,182.3786,177.61,178.07,223345148.0
2026-01-21,179.05,185.379,178.4,183.32,200380959.0
2026-01-22,184.75,186.17,183.93,184.84,139636290.0
2026-01-23,187.5,189.6,186.8233,187.67,142748032.0
2026-01-26,187.16,189.12,185.99,186.47,124799649.0
2026-01-27,187.24,190.0,185.7,188.52,143711422.0
