date,open,high,low,close,volume
2013-07-15,18.38,18.48,17.72,17.73,155896231.0
2013-07-24,18.86,19.04,18.78,18.87,19873366.0
2013-07-25,18.89,18.89,18.45,18.85,21024924.0
2013-07-26,18.84,19.08,18.64,19.02,17233484.0
2013-07-29,18.87,19.04,18.65,18.96,16105637.0
2013-07-30,19.08,19.19,18.97,19.03,18323754.0
2013-07-31,19.06,19.23,18.43,18.83,30368968.0
2013-08-01,19.1,19.31,18.88,19.23,15689793.0
2013-08-02,19.1,19.18,18.95,19.05,18526841.0
2013-08-05,19.07,19.38,19.03,19.26,11047493.0
2013-08-06,19.23,19.69,19.18,19.48,18168133.0
2013-08-07,19.25,19.48,19.16,19.3,17174293.0
2013-08-08,19.39,19.58,19.23,19.5,14110122.0
2013-08-09,19.39,19.59,19.18,19.4,11599181.0
2013-08-12,19.29,19.82,19.23,19.73,11638094.0
2013-08-13,19.87,19.94,19.59,19.73,12729078.0
2013-08-14,19.74,20.13,19.71,20.05,18712181.0
2013-08-15,19.72,19.72,19.02,19.21,19023429.0
2013-08-16,19.08,19.33,18.78,18.89,19397291.0
2013-08-19,18.88,19.18,18.49,18.54,13276718.0
2013-08-20,18.54,18.9,18.48,18.68,13607249.0
2013-08-21,18.67,19.1,18.58,18.78,11911158.0
2013-08-22,18.9,19.01,18.61,18.88,10271672.0
2013-08-23,18.86,19.14,18.25,18.25,26901803.0
2013-08-26,18.24,19.08,18.24,18.82,18715476.0
2013-08-27,18.13,18.68,18.08,18.26,15984807.0
2013-08-28,18.27,18.39,18.14,18.14,15840666.0
2013-08-29,18.05,18.45,18.04,18.18,13748165.0
2013-08-30,18.22,18.58,18.19,18.34,13807154.0
2013-09-03,18.65,18.84,18.3,18.5,14628124.0
2013-09-04,18.49,18.97,18.44,18.8,12863461.0
2013-09-05,18.86,19.0,18.64,18.74,11345855.0
2013-09-06,18.78,18.94,18.33,18.68,12608523.0
2013-09-09,18.79,19.37,18.73,19.23,12094471.0
2013-09-10,19.28,19.47,19.23,19.34,15485750.0
2013-09-11,19.35,19.7,19.22,19.5,19582753.0
2013-09-12,19.49,19.59,19.22,19.27,16187315.0
2013-09-13,19.32,19.35,18.83,18.94,17555353.0
2013-09-16,19.32,19.63,19.26,19.45,25316864.0
2013-09-17,19.47,19.91,19.41,19.74,20147446.0
2013-09-18,19.69,20.39,19.61,20.35,36917893.0
2013-09-19,20.12,20.48,19.73,20.37,63208644.0
2013-09-20,20.42,20.61,20.15,20.53,49694712.0
2013-09-23,20.28,20.82,20.23,20.42,26201472.0
2013-09-24,20.31,20.37,20.07,20.12,18587116.0
2013-09-25,20.24,20.57,20.18,20.35,19503032.0
2013-09-26,20.46,20.74,20.17,20.29,15582152.0
2013-09-27,20.11,20.43,19.99,20.26,14022378.0
2013-09-30,19.97,20.01,19.52,19.65,24894103.0
2013-10-01,19.68,20.03,19.54,19.98,16071022.0
2013-10-02,19.79,20.2,19.74,20.16,19206188.0
2013-10-03,20.01,20.15,19.56,19.72,15042098.0
2013-10-04,19.78,20.09,19.66,19.81,15041859.0
2013-10-07,19.46,19.84,19.39,19.44,14004921.0
2013-10-08,19.43,19.52,18.87,18.97,23513999.0
2013-10-09,19.05,19.05,18.6,18.79,19557276.0
2013-10-10,19.08,19.6,18.94,19.59,21237637.0
2013-10-11,19.68,19.98,19.54,19.86,13860361.0
2013-10-14,19.61,19.95,19.49,19.88,12840208.0
2013-10-15,19.74,19.86,19.3,19.35,20482382.0
2013-10-16,19.51,19.8,19.49,19.62,16274685.0
2013-10-17,19.22,19.65,19.11,19.47,22741904.0
2013-10-18,19.35,19.59,19.15,19.5,17420786.0
2013-10-21,19.83,20.0,19.43,19.55,16504002.0
2013-10-22,19.69,19.74,19.45,19.5,19704202.0
2013-10-23,19.46,19.49,19.03,19.3,24502991.0
2013-10-24,19.34,19.85,19.33,19.67,24409063.0
2013-10-25,19.81,20.09,19.61,19.75,19663822.0
2013-10-28,19.84,20.06,19.69,19.74,16211979.0
2013-10-29,19.84,20.33,19.84,20.31,15778141.0
2013-10-30,20.42,20.55,20.02,20.13,14887217.0
2013-10-31,20.1,20.51,20.04,20.1,16120386.0
2013-11-01,20.3,20.42,20.03,20.13,15031965.0
2013-11-04,20.3,20.36,20.06,20.31,12629533.0
2013-11-05,20.15,20.29,20.01,20.1,11043184.0
2013-11-06,20.26,20.94,20.22,20.67,24976910.0
2013-11-07,20.78,21.06,20.54,20.6,16951872.0
2013-11-08,20.52,20.95,20.36,20.95,13905459.0
2013-11-11,20.91,21.23,20.88,20.97,11403081.0
2013-11-12,21.06,21.45,20.87,21.3,16060518.0
2013-11-13,21.2,21.6,21.19,21.6,14550778.0
2013-11-14,20.77,21.17,20.66,20.98,25528581.0
2013-11-15,20.96,21.53,20.91,21.52,21311671.0
2013-11-18,21.48,21.73,21.42,21.53,15065114.0
2013-11-19,21.59,21.59,21.23,21.36,14386787.0
2013-11-20,21.44,21.57,21.27,21.35,12088727.0
2013-11-21,21.44,21.65,21.31,21.54,11656079.0
2013-11-22,21.42,21.56,21.27,21.43,13804438.0
2013-11-25,21.52,21.56,21.2,21.38,14729097.0
2013-11-26,21.29,21.76,21.21,21.53,24754553.0
2013-11-27,21.66,22.0,21.62,21.89,16041744.0
2013-11-29,21.7,22.02,21.64,21.89,11848811.0
2013-12-02,21.97,21.99,21.56,21.68,20111030.0
2013-12-03,21.59,21.71,21.44,21.67,16455909.0
2013-12-04,21.5,21.78,21.42,21.67,19921024.0
2013-12-05,21.77,21.77,21.42,21.45,20766532.0
2013-12-06,21.75,22.11,21.7,22.08,15554209.0
2013-12-09,22.08,22.35,22.0,22.2,16721398.0
2013-12-10,22.02,22.07,21.37,21.4,25371393.0
2013-12-11,21.55,21.66,21.02,21.16,17090783.0
2013-12-12,20.45,20.49,19.89,20.2,30525656.0
2013-12-13,20.26,20.3,19.82,19.83,18124069.0
2013-12-16,20.0,20.48,19.95,20.14,20832653.0
2013-12-17,20.23,20.39,19.98,20.23,21747576.0
2013-12-18,20.47,21.36,20.3,21.2,36961763.0
2013-12-19,22.12,23.56,22.1,23.2,62496201.0
2013-12-20,23.25,23.39,22.97,22.97,40213624.0
2013-12-23,23.13,23.62,23.12,23.53,17954976.0
2013-12-24,23.56,23.98,23.48,23.92,9669056.0
2013-12-26,23.93,24.35,23.9,24.29,11512634.0
2013-12-27,24.49,24.82,24.38,24.58,15371473.0
2013-12-30,24.55,24.71,24.41,24.59,11650049.0
2013-12-31,24.54,24.94,24.48,24.86,11637172.0
2014-01-02,24.38,24.63,24.15,24.44,17773800.0
2014-01-03,24.37,24.58,24.28,24.34,11664197.0
2014-01-06,24.36,24.52,24.13,24.19,14822013.0
2014-01-07,24.38,24.65,24.22,24.57,16660290.0
2014-01-08,24.51,24.63,24.28,24.44,15885720.0
2014-01-09,24.57,24.57,24.18,24.37,13615803.0
2014-01-10,24.47,24.86,24.31,24.83,15306081.0
2014-01-13,24.67,24.91,24.42,24.47,20848292.0
2014-01-14,24.5,24.97,24.43,24.93,13349620.0
2014-01-15,24.92,25.29,24.84,25.13,16964104.0
2014-01-16,25.11,25.49,24.89,25.01,13451110.0
2014-01-17,24.84,25.19,24.75,24.93,13819658.0
2014-01-21,25.24,25.24,24.52,24.83,13469577.0
2014-01-22,24.75,25.0,24.67,24.7,13965574.0
2014-01-23,24.89,24.98,24.65,24.87,14028707.0
2014-01-24,24.64,24.68,23.83,23.83,26847614.0
2014-01-27,23.98,24.09,23.21,23.21,19031889.0
2014-01-28,23.32,23.85,23.3,23.82,13883906.0
2014-01-29,23.9,23.97,23.42,23.69,16490167.0
2014-01-30,23.91,24.28,23.8,24.12,12964667.0
2014-01-31,23.75,23.92,23.4,23.62,16827467.0
2014-02-03,23.81,23.81,22.54,22.56,21205131.0
2014-02-04,22.37,22.74,22.16,22.68,16166327.0
2014-02-05,22.24,22.97,22.19,22.67,11444869.0
2014-02-06,22.84,23.55,22.83,23.44,14711929.0
2014-02-07,23.6,23.95,23.43,23.91,13121238.0
2014-02-10,23.96,24.16,23.79,24.02,10967531.0
2014-02-11,24.22,24.61,24.11,24.56,12017077.0
2014-02-12,24.52,24.97,24.38,24.79,12313549.0
2014-02-13,24.56,25.21,24.5,25.14,11640804.0
2014-02-14,25.05,25.05,24.64,24.7,15642233.0
2014-02-18,24.78,24.84,24.45,24.69,10485926.0
2014-02-19,24.55,25.01,24.52,24.59,12477270.0
2014-02-20,24.56,25.07,24.42,24.99,11751148.0
2014-02-21,25.05,25.21,24.8,24.82,13220797.0
2014-02-24,24.88,25.17,24.76,24.86,10343163.0
2014-02-25,24.83,25.15,24.61,24.97,11748735.0
2014-02-26,25.14,25.55,25.07,25.22,11433823.0
2014-02-27,25.22,25.82,25.08,25.67,13925847.0
2014-02-28,25.67,26.09,25.37,25.83,19071351.0
2014-03-03,25.44,25.71,25.1,25.23,13223737.0
2014-03-04,25.86,26.22,25.78,26.13,13480397.0
2014-03-05,26.13,26.42,26.02,26.22,11789377.0
2014-03-06,26.4,26.57,26.14,26.18,13016175.0
2014-03-07,26.29,26.31,25.32,25.55,13821191.0
2014-03-10,25.54,25.67,25.37,25.58,8669462.0
2014-03-11,25.72,25.74,25.33,25.62,12528527.0
2014-03-12,25.54,25.54,25.0,25.24,13170914.0
2014-03-13,25.34,25.38,24.24,24.37,15330771.0
2014-03-14,24.41,24.72,24.22,24.32,14151000.0
2014-03-17,24.52,25.2,24.52,24.94,14901668.0
2014-03-18,25.09,25.66,24.87,25.56,26728425.0
2014-03-19,24.52,25.68,24.12,25.27,45087741.0
2014-03-20,25.22,25.41,24.73,25.09,18875358.0
2014-03-21,25.42,25.57,24.22,24.22,31917209.0
2014-03-24,24.21,25.05,24.1,24.9,22218659.0
2014-03-25,24.85,25.22,24.82,25.12,19518021.0
2014-03-26,25.12,26.18,25.08,25.8,31208045.0
2014-03-27,25.71,26.27,25.52,25.96,26204013.0
2014-03-28,26.24,26.58,25.91,26.29,18386305.0
2014-03-31,26.47,28.15,26.35,27.63,44924559.0
2014-04-01,27.76,28.72,27.68,28.21,35371435.0
2014-04-02,28.09,28.34,27.57,27.85,22657894.0
2014-04-03,27.76,27.86,27.06,27.09,22438219.0
2014-04-04,27.44,27.57,26.5,26.82,23727777.0
2014-04-07,26.64,26.76,25.88,26.31,27289843.0
2014-04-08,26.28,27.19,26.2,27.08,22152708.0
2014-04-09,27.31,27.76,27.02,27.72,20270216.0
2014-04-10,27.73,27.89,26.32,26.63,26361479.0
2014-04-11,26.35,26.72,25.8,25.82,18608772.0
2014-04-14,25.92,26.59,25.92,26.41,15999355.0
2014-04-15,26.54,26.82,26.07,26.57,14534654.0
2014-04-16,26.78,26.99,26.35,26.97,13576226.0
2014-04-17,26.8,27.02,26.23,26.92,14556311.0
2014-04-21,27.08,27.28,26.9,27.08,8549816.0
2014-04-22,27.11,27.46,26.98,27.3,10218656.0
2014-04-23,27.12,27.18,26.59,26.63,9982802.0
2014-04-24,26.6,26.7,25.86,26.59,13844345.0
2014-04-25,26.65,26.65,26.06,26.29,11620648.0
2014-04-28,26.59,27.12,26.49,26.97,20075010.0
2014-04-29,27.09,27.45,26.91,26.95,14917913.0
2014-04-30,26.93,27.77,26.86,27.72,16404261.0
2014-05-01,27.56,28.03,27.48,27.81,13926057.0
2014-05-02,28.0,28.05,27.65,27.65,10699993.0
2014-05-05,27.97,28.1,27.6,28.05,13720831.0
2014-05-06,27.84,28.13,27.81,27.85,12235177.0
2014-05-07,27.99,28.12,27.33,27.9,12532706.0
2014-05-08,27.93,28.1,27.39,27.71,10165263.0
2014-05-09,27.64,28.1,27.38,27.88,10246690.0
2014-05-12,28.06,28.98,28.03,28.79,18637835.0
2014-05-13,28.86,28.93,28.48,28.73,10243705.0
2014-05-14,28.82,28.86,28.55,28.72,13993949.0
2014-05-15,28.68,29.01,28.48,28.77,19164599.0
2014-05-16,28.73,28.81,28.16,28.53,15457193.0
2014-05-19,28.32,29.04,28.25,29.0,10645431.0
2014-05-20,28.91,28.94,28.29,28.4,10496177.0
2014-05-21,28.51,28.63,28.32,28.52,11115877.0
2014-05-22,28.44,28.78,28.34,28.36,12221312.0
2014-05-23,28.49,29.07,28.33,28.99,12021021.0
2014-05-27,29.1,29.19,28.57,28.75,12558233.0
2014-05-28,28.83,29.03,28.4,28.41,11227589.0
2014-05-29,28.63,29.05,28.45,29.04,9597445.0
2014-05-30,28.92,29.04,28.69,28.86,12912945.0
2014-06-02,28.8,28.86,28.45,28.81,11203867.0
2014-06-03,28.68,28.76,28.42,28.65,10818359.0
2014-06-04,28.63,28.63,28.17,28.54,8930299.0
2014-06-05,28.69,29.17,28.58,28.94,10627973.0
2014-06-06,29.13,29.47,29.09,29.47,11371525.0
2014-06-09,29.49,29.65,29.25,29.54,10216687.0
2014-06-10,29.41,29.72,29.33,29.5,13361725.0
2014-06-11,29.29,29.72,29.2,29.4,9406468.0
2014-06-12,29.37,29.46,28.68,28.84,11049311.0
2014-06-13,28.89,29.02,28.55,28.98,10301737.0
2014-06-16,28.84,29.07,28.61,28.99,8120764.0
2014-06-17,29.03,29.54,28.82,29.16,12791830.0
2014-06-18,29.22,29.7,29.14,29.65,10254124.0
2014-06-19,29.77,30.03,29.27,29.35,25114220.0
2014-06-20,27.1,27.78,26.77,27.66,64619072.0
2014-06-23,27.77,28.17,27.59,27.94,16880865.0
2014-06-24,27.83,28.23,27.5,27.6,16445273.0
2014-06-25,27.57,27.68,27.23,27.3,13889364.0
2014-06-26,27.39,27.39,26.82,26.99,16640582.0
2014-06-27,26.87,27.5,26.87,27.37,15241238.0
2014-06-30,27.44,27.66,27.33,27.37,14060320.0
2014-07-01,27.25,27.75,27.25,27.61,13112879.0
2014-07-02,27.77,28.04,27.61,27.79,13384738.0
2014-07-03,27.82,28.2,27.81,28.18,7859340.0
2014-07-07,27.97,28.07,27.71,27.85,11944461.0
2014-07-08,27.65,27.81,27.34,27.52,12315856.0
2014-07-09,27.57,27.68,26.95,27.22,14704597.0
2014-07-10,26.85,27.48,26.85,27.28,9565859.0
2014-07-11,27.45,27.45,26.94,27.09,11936593.0
2014-07-14,27.39,27.64,27.22,27.45,13564365.0
2014-07-15,27.77,27.84,27.09,27.22,14664622.0
2014-07-17,27.17,27.67,26.82,26.87,24440584.0
2014-07-18,26.94,27.12,26.85,26.96,19076225.0
2014-07-21,26.99,27.2,26.88,26.97,15863433.0
2014-07-22,27.1,27.66,26.92,27.39,13720981.0
2014-07-23,27.39,27.61,27.2,27.27,9167951.0
2014-07-24,27.31,27.63,27.31,27.43,10031318.0
2014-07-25,27.23,27.6,27.23,27.29,7469290.0
2014-07-28,27.27,27.78,27.19,27.51,9590458.0
2014-07-29,27.67,27.88,27.46,27.59,9424837.0
2014-07-30,27.67,27.99,27.54,27.92,11404713.0
2014-07-31,27.61,27.9,27.31,27.35,13513536.0
2014-08-01,27.15,27.49,26.53,26.57,14938960.0
2014-08-04,26.59,27.18,26.49,27.06,12232746.0
2014-08-05,26.97,27.34,26.77,26.92,8754541.0
2014-08-06,26.81,27.31,26.74,27.12,8181508.0
2014-08-07,27.26,27.39,26.54,26.63,9168732.0
2014-08-08,26.69,26.93,26.52,26.9,8855299.0
2014-08-11,26.95,27.1,26.76,26.88,10290117.0
2014-08-12,26.7,27.0,26.69,26.86,6606119.0
2014-08-13,27.08,27.25,26.98,27.2,10620880.0
2014-08-14,27.25,27.36,26.94,27.18,9673118.0
2014-08-15,27.2,27.55,26.94,27.24,13019069.0
2014-08-18,27.41,27.73,27.36,27.6,7610550.0
2014-08-19,27.68,28.54,27.6,28.37,14354501.0
2014-08-20,28.54,28.54,28.05,28.21,9609572.0
2014-08-21,28.12,28.77,28.12,28.54,9546893.0
2014-08-22,28.3,28.76,28.23,28.59,9236075.0
2014-08-25,28.7,29.0,28.6,28.7,8856421.0
2014-08-26,28.81,28.96,28.74,28.8,7160223.0
2014-08-27,28.71,28.76,28.38,28.6,8121659.0
2014-08-28,28.63,28.63,28.17,28.23,8724871.0
2014-08-29,28.2,28.69,28.2,28.49,8909058.0
2014-09-02,28.56,28.64,28.42,28.62,8525828.0
2014-09-03,28.76,28.91,28.58,28.86,9999261.0
2014-09-04,28.85,29.05,28.33,28.51,12137330.0
2014-09-05,28.57,28.72,28.22,28.23,15143270.0
2014-09-08,27.97,28.14,27.23,27.6,19565923.0
2014-09-09,27.47,27.87,27.39,27.67,13927898.0
2014-09-10,27.66,27.77,27.53,27.67,8722719.0
2014-09-11,27.21,27.65,27.16,27.64,12370026.0
2014-09-12,27.7,27.7,27.36,27.46,11892307.0
2014-09-15,27.46,27.73,27.17,27.62,14017912.0
2014-09-16,27.77,28.29,27.46,28.15,13082499.0
2014-09-17,28.15,28.29,27.73,28.1,14048345.0
2014-09-18,28.31,28.73,28.16,28.51,23453670.0
2014-09-19,27.54,27.62,26.23,26.76,83380793.0
2014-09-22,26.64,26.7,26.2,26.54,24191139.0
2014-09-23,26.46,26.55,25.76,25.79,34253635.0
2014-09-24,25.73,26.51,25.53,26.38,18884441.0
2014-09-25,26.31,26.31,25.6,25.72,13147552.0
2014-09-26,25.73,25.97,25.48,25.91,15979272.0
2014-09-29,25.53,25.59,25.23,25.4,16387016.0
2014-09-30,25.42,25.53,25.1,25.24,20381755.0
2014-10-01,25.28,25.37,24.9,25.05,17236342.0
2014-10-02,25.11,25.51,24.88,25.23,14661642.0
2014-10-03,25.46,26.08,25.36,25.85,15244558.0
2014-10-06,26.05,26.32,26.02,26.16,14130889.0
2014-10-07,26.02,26.16,25.51,25.54,14155442.0
2014-10-08,25.9,26.13,25.12,26.1,15964084.0
2014-10-09,26.07,26.29,25.59,25.82,14706943.0
2014-10-10,25.74,26.18,25.17,25.18,18191766.0
2014-10-13,25.19,25.86,24.94,25.31,20697487.0
2014-10-14,25.74,26.12,25.5,25.54,19465714.0
2014-10-15,25.06,25.51,24.26,25.38,24534798.0
2014-10-16,25.07,25.26,24.6,24.64,21362211.0
2014-10-17,24.77,25.09,24.42,24.95,20754211.0
2014-10-20,23.39,24.89,22.9,24.88,16633329.0
2014-10-21,25.37,25.55,25.12,25.43,15369349.0
2014-10-22,25.45,25.51,24.66,24.72,16790076.0
2014-10-23,25.16,25.58,25.09,25.31,9653210.0
2014-10-24,25.4,25.82,25.33,25.81,8882177.0
2014-10-27,25.58,25.8,25.43,25.51,7498177.0
2014-10-28,25.42,25.81,25.42,25.73,11504317.0
2014-10-29,25.81,25.82,25.54,25.66,10887212.0
2014-10-30,25.48,25.74,25.47,25.58,9630578.0
2014-10-31,25.96,26.13,25.9,26.13,15641251.0
2014-11-03,26.1,26.12,25.84,26.07,10275393.0
2014-11-04,26.01,26.23,25.98,26.21,12027371.0
2014-11-05,26.42,26.59,26.19,26.37,10135753.0
2014-11-06,26.3,26.94,26.19,26.89,11565517.0
2014-11-07,26.77,27.05,26.69,27.02,10726002.0
2014-11-10,27.05,27.57,26.97,27.53,10895257.0
2014-11-11,27.61,27.67,27.43,27.55,7041367.0
2014-11-12,27.64,27.67,27.12,27.22,10947029.0
2014-11-13,27.25,27.85,26.97,27.8,11827975.0
2014-11-14,27.94,28.15,27.71,27.92,11313430.0
2014-11-17,27.79,28.28,27.71,28.24,11689733.0
2014-11-18,28.27,28.55,28.19,28.34,9237663.0
2014-11-19,28.23,28.35,27.89,28.0,9150754.0
2014-11-20,27.79,28.08,27.69,28.0,9040902.0
2014-11-21,28.4,28.58,28.25,28.52,12587276.0
2014-11-24,28.57,28.72,28.44,28.51,9503485.0
2014-11-25,28.59,28.72,28.23,28.23,12126550.0
2014-11-26,28.26,28.99,28.26,28.95,11402867.0
2014-11-28,29.06,29.59,28.96,29.49,11890061.0
2014-12-01,29.09,29.46,29.09,29.16,10763905.0
2014-12-02,28.98,29.44,28.94,29.26,9000707.0
2014-12-03,29.02,29.22,28.71,29.14,10324241.0
2014-12-04,29.2,29.2,28.57,28.97,9148373.0
2014-12-05,29.1,29.1,28.67,29.01,8819569.0
2014-12-08,28.99,29.11,28.41,28.45,12748034.0
2014-12-09,28.06,29.0,27.97,28.95,13705609.0
2014-12-10,28.78,28.89,27.96,28.0,12411668.0
2014-12-11,28.2,28.72,27.79,27.84,12346048.0
2014-12-12,27.32,27.86,27.0,27.03,13889559.0
2014-12-15,28.29,28.73,27.85,28.19,22255379.0
2014-12-16,27.97,28.44,27.69,27.71,16314235.0
2014-12-17,28.14,28.71,27.76,28.24,17102391.0
2014-12-18,30.91,32.45,30.65,32.43,54328702.0
2014-12-19,32.18,33.23,32.06,33.08,37461703.0
2014-12-22,32.65,33.13,32.49,32.73,21189576.0
2014-12-23,32.61,33.58,32.54,33.09,13665907.0
2014-12-24,33.44,33.78,33.23,33.31,10241146.0
2014-12-26,33.27,33.58,33.15,33.18,6803916.0
2014-12-29,33.1,33.17,32.68,32.69,9540300.0
2014-12-30,32.63,32.74,32.37,32.42,9752297.0
2014-12-31,32.53,32.64,32.05,32.05,12736621.0
2015-01-02,32.1,32.27,31.05,31.41,15015163.0
2015-01-05,31.36,31.45,30.78,30.79,18301241.0
2015-01-06,31.26,31.38,30.19,30.34,19148582.0
2015-01-07,30.53,30.72,30.21,30.35,13494642.0
2015-01-08,30.83,31.14,30.58,30.61,17342605.0
2015-01-09,31.18,31.3,30.46,30.59,15911477.0
2015-01-12,30.46,30.97,30.06,30.47,15930359.0
2015-01-13,30.87,31.15,29.77,30.13,12825679.0
2015-01-14,29.66,30.37,29.66,30.26,12692654.0
2015-01-15,30.68,30.84,29.77,29.83,13371605.0
2015-01-16,29.69,30.82,29.45,30.71,17745542.0
2015-01-20,30.76,31.23,30.43,31.1,16278257.0
2015-01-21,30.89,31.13,30.52,30.92,5688271.0
2015-01-22,31.15,32.53,30.38,31.25,17912848.0
2015-01-23,31.18,31.74,31.12,31.39,14132704.0
2015-01-26,31.37,31.41,30.74,31.1,12057212.0
2015-01-27,30.21,31.07,29.78,30.6,14962629.0
2015-01-28,31.14,31.18,29.87,29.89,15108701.0
2015-01-29,30.02,30.22,29.52,30.06,12615046.0
2015-01-30,29.29,29.72,29.02,29.09,21361712.0
2015-02-02,29.41,29.91,28.76,29.88,16781592.0
2015-02-03,30.14,30.34,29.73,30.24,12622774.0
2015-02-04,30.17,30.36,29.52,29.62,12696406.0
2015-02-05,29.7,30.44,29.7,30.36,9600365.0
2015-02-06,30.46,30.67,30.08,30.18,9392092.0
2015-02-09,29.83,30.83,29.83,30.6,12682980.0
2015-02-10,30.99,31.26,30.76,31.19,12697468.0
2015-02-11,31.16,31.2,30.28,30.56,12831983.0
2015-02-12,30.68,31.26,30.61,31.09,12487387.0
2015-02-13,31.0,31.43,31.0,31.13,10152702.0
2015-02-17,30.87,31.1,30.74,31.04,10117521.0
2015-02-18,30.91,31.31,30.85,31.3,8628577.0
2015-02-19,31.33,31.57,31.2,31.31,8450193.0
2015-02-20,31.26,31.29,30.66,30.97,14728272.0
2015-02-23,30.66,31.08,30.5,30.98,10982493.0
2015-02-24,30.99,31.16,30.58,31.08,10482970.0
2015-02-25,31.03,31.29,30.58,30.93,10844261.0
2015-02-26,31.0,31.35,30.91,31.09,8382394.0
2015-02-27,30.97,31.31,30.88,31.02,9429465.0
2015-03-02,31.01,31.24,30.68,31.23,11068380.0
2015-03-03,31.03,31.08,30.37,30.58,10050027.0
2015-03-04,30.4,30.86,30.02,30.81,14551145.0
2015-03-05,30.86,31.09,30.45,31.0,10965056.0
2015-03-06,30.81,30.81,29.5,29.58,15029643.0
2015-03-09,29.45,29.99,29.39,29.89,11427357.0
2015-03-10,29.44,29.75,28.97,29.02,13733967.0
2015-03-11,29.13,29.36,28.61,28.67,10979213.0
2015-03-12,28.66,28.96,28.46,28.82,13664298.0
2015-03-13,28.74,29.67,28.71,29.58,18345734.0
2015-03-16,30.02,30.73,29.94,30.61,17221118.0
2015-03-17,30.31,30.54,30.06,30.07,20373898.0
2015-03-18,31.5,32.13,30.55,31.33,37875347.0
2015-03-19,31.2,31.69,31.2,31.36,15702544.0
2015-03-20,31.33,31.93,31.26,31.61,19871689.0
2015-03-23,31.54,31.82,31.36,31.45,10734308.0
2015-03-24,31.53,31.7,30.91,30.91,14863778.0
2015-03-25,30.88,30.95,30.13,30.13,17284147.0
2015-03-26,29.98,30.43,29.66,30.19,14064305.0
2015-03-27,30.13,30.32,29.62,29.84,17982824.0
2015-03-30,30.43,30.83,30.31,30.64,12687175.0
2015-03-31,30.51,30.77,30.33,30.35,13192238.0
2015-04-01,30.19,30.32,29.92,30.14,12006507.0
2015-04-02,30.34,30.46,29.83,29.97,11113418.0
2015-04-06,29.63,30.45,29.56,30.31,9756336.0
2015-04-07,30.34,30.83,30.29,30.31,8065967.0
2015-04-08,30.2,30.69,30.2,30.46,6915336.0
2015-04-09,30.32,30.66,30.09,30.55,9346609.0
2015-04-10,30.43,31.24,30.43,30.86,12537193.0
2015-04-13,30.9,31.14,30.38,30.43,10788257.0
2015-04-14,30.39,30.41,29.86,30.08,10463904.0
2015-04-15,30.3,31.54,30.18,31.34,18045620.0
2015-04-16,31.04,31.31,30.6,30.81,11840595.0
2015-04-17,30.41,30.75,30.21,30.35,12436855.0
2015-04-20,30.66,31.16,30.6,30.67,10244707.0
2015-04-21,30.86,31.22,30.75,30.77,9137193.0
2015-04-22,30.86,31.1,30.69,30.9,7316040.0
2015-04-23,30.86,30.98,30.33,30.74,11278314.0
2015-04-24,30.76,30.93,30.1,30.43,17602075.0
2015-04-27,30.45,31.3,30.42,30.96,12908154.0
2015-04-28,31.06,31.93,30.8,31.85,18234008.0
2015-04-29,31.75,32.25,31.03,32.08,36535036.0
2015-04-30,31.4,31.76,30.85,30.97,19982723.0
2015-05-01,30.79,31.73,30.79,31.72,11089589.0
2015-05-04,31.9,32.2,31.59,31.94,9163122.0
2015-05-05,31.82,31.97,31.24,31.27,11384142.0
2015-05-06,31.55,31.59,30.35,30.61,12720930.0
2015-05-07,30.52,31.01,30.37,30.83,8770332.0
2015-05-08,31.18,31.59,31.04,31.36,9166853.0
2015-05-11,31.32,31.55,30.95,31.19,7425383.0
2015-05-12,31.0,31.04,30.63,30.92,8515138.0
2015-05-13,31.11,31.42,30.97,31.14,7446728.0
2015-05-14,31.46,31.75,31.35,31.73,7267404.0
2015-05-15,31.76,31.79,31.29,31.5,9328447.0
2015-05-18,31.29,31.76,31.22,31.59,6043147.0
2015-05-19,31.77,31.81,31.51,31.67,8601628.0
2015-05-20,31.57,31.95,31.44,31.64,8992628.0
2015-05-21,31.57,31.8,31.3,31.63,8034208.0
2015-05-22,31.55,31.62,31.23,31.28,7271001.0
2015-05-26,31.09,31.18,30.5,30.68,10412892.0
2015-05-27,30.89,31.6,30.76,31.49,10324902.0
2015-05-28,31.43,31.6,30.99,31.21,7266170.0
2015-05-29,31.14,31.19,30.71,30.84,10110885.0
2015-06-01,31.19,31.41,30.99,31.14,9756954.0
2015-06-02,30.86,31.36,30.49,31.05,8197349.0
2015-06-03,31.09,31.44,30.94,31.32,9220834.0
2015-06-04,31.09,31.46,30.85,31.12,13610481.0
2015-06-05,31.18,31.37,30.84,31.16,12784201.0
2015-06-08,31.16,31.24,30.43,30.45,9109522.0
2015-06-09,30.7,30.72,30.17,30.42,7411309.0
2015-06-10,30.63,31.4,30.41,31.29,15496849.0
2015-06-11,31.52,31.77,31.38,31.63,12397305.0
2015-06-12,31.33,31.74,31.25,31.69,11682300.0
2015-06-15,31.25,31.34,30.76,31.07,16617587.0
2015-06-16,31.26,32.23,31.11,31.99,18092467.0
2015-06-17,32.21,32.59,31.72,32.26,24543541.0
2015-06-18,29.26,30.33,28.32,30.09,79082357.0
2015-06-19,30.25,30.45,28.91,28.94,37222834.0
2015-06-22,29.15,29.3,28.8,28.84,22333434.0
2015-06-23,29.29,29.41,28.83,29.06,16803135.0
2015-06-24,28.89,29.12,28.55,28.55,17689444.0
2015-06-25,28.59,28.82,28.4,28.41,13543897.0
2015-06-26,28.45,28.72,28.32,28.34,29105721.0
2015-06-29,27.98,28.25,27.73,27.77,18113672.0
2015-06-30,27.95,28.1,27.46,27.65,16517995.0
2015-07-01,27.96,28.05,27.28,27.59,13877655.0
2015-07-02,27.73,27.77,27.5,27.71,11586464.0
2015-07-06,27.43,27.79,27.27,27.65,12412850.0
2015-07-07,27.54,27.77,27.34,27.66,16421323.0
2015-07-08,27.4,27.74,27.2,27.27,14578204.0
2015-07-09,27.74,27.98,27.65,27.68,13044547.0
2015-07-10,28.06,28.15,27.71,27.86,10443637.0
2015-07-13,28.02,28.36,27.88,28.3,10677306.0
2015-07-14,28.31,28.4,28.08,28.28,9280112.0
2015-07-15,28.13,28.42,28.13,28.29,9301912.0
2015-07-16,28.52,28.52,28.05,28.46,14855229.0
2015-07-17,28.25,28.36,27.66,27.9,14417795.0
2015-07-20,27.86,27.89,27.37,27.43,17325653.0
2015-07-21,27.26,27.48,26.89,27.07,14567868.0
2015-07-22,26.86,27.17,26.75,26.92,16789731.0
2015-07-23,27.05,27.1,26.46,26.5,17986768.0
2015-07-24,26.6,26.67,26.3,26.5,11851705.0
2015-07-27,26.22,26.32,25.97,26.01,15731963.0
2015-07-28,26.29,26.86,25.94,26.78,14145617.0
2015-07-29,26.87,27.37,26.76,27.29,12932745.0
2015-07-30,27.53,27.6,27.04,27.15,13604698.0
2015-07-31,27.26,27.62,27.2,27.44,13515429.0
2015-08-03,27.45,27.51,26.96,27.21,12430820.0
2015-08-04,27.09,27.5,27.02,27.16,9679139.0
2015-08-05,27.4,27.52,27.13,27.14,11944864.0
2015-08-06,27.13,27.34,26.64,26.82,10610391.0
2015-08-07,26.86,27.19,26.73,27.06,10647843.0
2015-08-10,27.26,27.54,27.2,27.39,9420918.0
2015-08-11,27.03,27.18,26.52,26.67,10570447.0
2015-08-12,26.24,26.85,26.0,26.78,11062309.0
2015-08-13,26.72,27.06,26.49,26.81,7696539.0
2015-08-14,26.83,27.0,26.68,26.91,7184959.0
2015-08-17,26.91,27.22,26.59,27.22,7610689.0
2015-08-18,27.02,27.53,27.01,27.33,9946171.0
2015-08-19,27.2,27.44,26.81,27.03,11094998.0
2015-08-20,26.69,27.0,26.1,26.13,12959739.0
2015-08-21,25.82,26.27,25.05,25.05,19318899.0
2015-08-24,23.23,24.56,22.64,23.58,32224209.0
2015-08-25,24.47,24.71,22.88,22.95,21293894.0
2015-08-26,23.53,24.52,23.1,24.41,20462699.0
2015-08-27,24.85,25.01,23.51,24.32,28109202.0
2015-08-28,24.36,24.99,24.28,24.96,21493941.0
2015-08-31,24.66,25.01,24.43,24.59,15245069.0
2015-09-01,23.83,24.05,23.39,23.51,19860739.0
2015-09-02,23.87,24.25,23.61,24.25,15027339.0
2015-09-03,24.31,24.77,24.27,24.4,11735555.0
2015-09-04,23.85,24.18,23.59,23.77,13132781.0
2015-09-08,24.23,25.32,24.23,25.18,18810148.0
2015-09-09,25.4,25.68,24.51,24.59,14640024.0
2015-09-10,24.53,25.44,24.53,25.11,16780623.0
2015-09-11,24.95,25.46,24.9,25.42,12928419.0
2015-09-14,25.31,25.44,24.87,25.06,14956525.0
2015-09-15,25.27,25.68,24.9,25.49,14801478.0
2015-09-16,25.76,26.02,25.43,25.77,19146447.0
2015-09-17,24.24,25.17,24.0,24.24,36883075.0
2015-09-18,23.79,24.48,23.76,23.88,34429328.0
2015-09-21,24.1,24.55,23.92,24.33,14961710.0
2015-09-22,23.84,23.99,23.47,23.69,19754109.0
2015-09-23,23.69,23.71,23.33,23.49,16954590.0
2015-09-24,23.35,23.73,22.89,23.56,17839411.0
2015-09-25,23.7,23.82,23.41,23.55,19337252.0
2015-09-28,23.22,23.64,22.9,22.94,21624021.0
2015-09-29,22.81,23.16,22.74,23.01,19665074.0
2015-09-30,23.39,23.69,23.27,23.62,16061168.0
2015-10-01,23.73,23.92,23.35,23.74,18073630.0
2015-10-02,23.21,24.41,23.14,24.39,18705148.0
2015-10-05,24.76,25.23,24.52,25.09,12428978.0
2015-10-06,25.02,25.35,25.01,25.23,12308951.0
2015-10-07,25.25,25.48,24.85,25.16,16335714.0
2015-10-08,24.89,25.48,24.84,25.39,13186628.0
2015-10-09,25.63,25.85,25.31,25.75,14377342.0
2015-10-12,25.57,25.77,25.34,25.69,10964111.0
2015-10-13,25.56,25.85,25.39,25.47,11495911.0
2015-10-14,24.82,25.23,24.79,24.91,14035254.0
2015-10-15,25.2,25.32,24.91,25.2,11946274.0
2015-10-16,25.45,25.45,24.79,25.02,19494969.0
2015-10-19,24.51,24.75,24.22,24.52,17658550.0
2015-10-20,24.27,24.65,24.27,24.51,13549466.0
2015-10-21,24.63,24.77,24.22,24.27,11062620.0
2015-10-22,24.5,25.51,24.5,25.44,14697351.0
2015-10-23,25.77,25.81,25.44,25.72,16444782.0
2015-10-26,25.59,26.27,25.59,26.02,12304277.0
2015-10-27,25.98,26.1,25.69,25.99,14099152.0
2015-10-28,26.28,26.54,26.02,26.53,14015969.0
2015-10-29,26.18,26.56,26.17,26.51,11427704.0
2015-10-30,26.57,26.69,26.15,26.49,16408619.0
2015-11-02,26.7,27.43,26.55,27.4,19769749.0
2015-11-03,27.34,27.92,27.23,27.85,17103813.0
2015-11-04,28.0,28.22,27.71,28.13,16860315.0
2015-11-05,27.81,28.25,27.8,28.0,16357043.0
2015-11-06,27.97,28.29,27.78,28.27,16481365.0
2015-11-09,28.06,28.15,27.43,27.75,14600373.0
2015-11-10,27.48,27.82,27.44,27.57,11288928.0
2015-11-11,26.89,27.25,26.63,26.69,18842263.0
2015-11-12,26.3,26.75,26.16,26.28,14583036.0
2015-11-13,26.13,26.25,24.87,24.95,23953569.0
2015-11-16,25.34,26.04,25.21,25.77,16713297.0
2015-11-17,25.88,26.16,25.62,25.78,14819906.0
2015-11-18,25.84,26.38,25.8,26.35,12008042.0
2015-11-19,26.32,26.97,26.27,26.67,11654805.0
2015-11-20,26.9,27.22,26.85,26.99,12022447.0
2015-11-23,27.09,27.18,26.7,26.79,9111899.0
2015-11-24,26.43,27.27,26.43,27.11,13574151.0
2015-11-25,27.12,27.25,26.89,26.91,8014975.0
2015-11-27,26.79,26.99,26.73,26.83,6869874.0
2015-11-30,26.76,26.94,26.62,26.62,18330014.0
2015-12-01,26.74,26.92,26.56,26.88,12716353.0
2015-12-02,26.8,27.04,26.3,26.35,13694239.0
2015-12-03,26.61,26.61,25.4,25.46,20320132.0
2015-12-04,25.67,26.89,25.52,26.81,18168590.0
2015-12-07,26.81,26.89,26.15,26.47,13798471.0
2015-12-08,25.94,26.52,25.91,26.38,14982274.0
2015-12-09,26.28,27.0,25.97,26.23,17474521.0
2015-12-10,26.26,26.47,25.76,25.84,18358263.0
2015-12-11,25.27,25.5,24.68,24.86,20346416.0
2015-12-14,24.8,25.33,24.5,25.3,20105026.0
2015-12-15,25.75,26.18,25.6,25.86,19262945.0
2015-12-16,26.32,26.79,25.99,26.56,22859826.0
2015-12-17,25.74,25.85,24.19,24.58,42875814.0
2015-12-18,24.54,24.73,23.96,24.0,28499993.0
2015-12-21,24.37,24.49,23.75,24.07,15041513.0
2015-12-22,24.04,24.36,23.9,24.24,13912808.0
2015-12-23,24.31,24.86,24.3,24.58,12817824.0
2015-12-24,24.38,24.87,24.38,24.66,4953878.0
2015-12-28,24.48,24.51,24.12,24.44,10899313.0
2015-12-29,24.67,24.86,24.63,24.69,10708387.0
2015-12-30,24.73,24.81,24.48,24.57,9584254.0
2015-12-31,24.49,24.6,24.08,24.18,10255269.0
2016-01-04,23.81,23.81,23.16,23.55,18784386.0
2016-01-05,23.66,23.92,23.29,23.44,25327641.0
2016-01-06,23.3,23.93,23.16,23.62,18163454.0
2016-01-07,23.05,23.48,22.68,22.84,22545725.0
2016-01-08,22.93,23.08,22.41,22.45,21832484.0
2016-01-11,22.55,22.92,22.32,22.74,18700464.0
2016-01-12,23.12,23.35,22.78,23.17,18437025.0
2016-01-13,22.99,23.2,21.67,21.88,28320764.0
2016-01-14,21.99,22.89,21.81,22.59,19512748.0
2016-01-15,21.6,22.31,21.46,21.92,25372859.0
2016-01-19,22.34,22.55,22.04,22.35,21342388.0
2016-01-20,21.68,22.03,20.93,21.74,25271312.0
2016-01-21,21.71,22.36,21.39,21.92,20374772.0
2016-01-22,22.35,22.79,22.33,22.6,15891350.0
2016-01-25,22.38,22.74,22.1,22.14,16793538.0
2016-01-26,22.12,23.03,21.92,23.03,19729443.0
2016-01-27,22.83,23.35,22.53,22.71,20567412.0
2016-01-28,22.97,23.34,22.74,23.13,15459259.0
2016-01-29,23.45,24.11,23.31,24.11,19048294.0
2016-02-01,23.7,24.34,23.65,24.12,14135248.0
2016-02-02,23.65,23.74,23.05,23.15,17404484.0
2016-02-03,23.36,23.59,22.74,23.49,13855330.0
2016-02-04,23.5,24.34,23.46,24.25,16925925.0
2016-02-05,23.93,24.04,23.17,23.5,17312179.0
2016-02-08,22.93,23.5,22.27,23.41,20118847.0
2016-02-09,22.93,23.41,22.42,22.88,17810673.0
2016-02-10,23.22,23.93,22.94,23.0,13368654.0
2016-02-11,22.39,22.91,22.27,22.64,18889731.0
2016-02-12,23.04,23.35,22.7,23.34,15835836.0
2016-02-16,23.56,23.71,23.22,23.5,19663522.0
2016-02-17,23.77,24.57,23.77,24.43,13186471.0
2016-02-18,24.51,24.67,24.19,24.43,12866629.0
2016-02-19,24.32,24.59,24.22,24.58,13193526.0
2016-02-22,24.91,25.28,24.7,24.91,10109943.0
2016-02-23,24.91,24.91,24.18,24.35,9417125.0
2016-02-24,23.89,24.53,23.57,24.43,10976148.0
2016-02-25,24.59,25.1,24.3,25.09,11565842.0
2016-02-26,25.23,25.45,24.64,24.76,16548235.0
2016-02-29,24.8,25.13,24.42,24.58,22266899.0
2016-03-01,24.95,25.79,24.84,25.79,13016685.0
2016-03-02,25.56,25.69,25.23,25.56,12791091.0
2016-03-03,25.41,25.71,25.19,25.69,8832188.0
2016-03-04,25.8,25.96,25.57,25.69,10638066.0
2016-03-07,25.34,26.25,25.32,26.16,13011008.0
2016-03-08,25.91,26.25,25.74,25.95,12374290.0
2016-03-09,26.23,26.41,25.92,26.28,16785792.0
2016-03-10,26.57,26.57,25.3,25.85,17621289.0
2016-03-11,26.25,26.77,26.08,26.75,13142601.0
2016-03-14,26.71,26.74,26.35,26.5,14703476.0
2016-03-15,26.15,26.67,25.93,26.54,17362661.0
2016-03-16,27.35,28.74,27.33,28.02,49072496.0
2016-03-17,27.95,28.76,27.87,28.41,22160775.0
2016-03-18,28.67,29.29,28.45,29.28,34350981.0
2016-03-21,29.22,29.8,29.17,29.41,17273504.0
2016-03-22,29.12,29.55,28.99,29.18,11968776.0
2016-03-23,29.1,29.15,28.37,28.55,13665642.0
2016-03-24,28.4,28.86,28.14,28.77,11955131.0
2016-03-28,28.91,28.91,28.35,28.42,14646960.0
2016-03-29,28.21,28.6,28.17,28.5,15159200.0
2016-03-30,28.76,28.91,28.64,28.77,9796018.0
2016-03-31,28.93,29.04,28.6,28.71,10193213.0
2016-04-01,28.48,29.02,28.42,28.96,9574015.0
2016-04-04,28.95,29.08,28.7,28.87,10243450.0
2016-04-05,28.65,28.86,28.26,28.33,9103216.0
2016-04-06,28.2,28.59,27.99,28.55,12516059.0
2016-04-07,28.39,28.39,27.61,27.77,12838307.0
2016-04-08,27.93,28.34,27.93,28.16,8011513.0
2016-04-11,28.39,28.88,28.18,28.19,10398476.0
2016-04-12,28.26,28.47,27.94,28.37,9222289.0
2016-04-13,28.77,29.34,28.58,29.26,12751341.0
2016-04-14,29.26,29.41,29.13,29.19,9142757.0
2016-04-15,29.07,29.33,28.97,28.97,10340334.0
2016-04-18,28.79,29.2,28.75,29.19,8848759.0
2016-04-19,29.36,29.44,28.91,29.01,9884423.0
2016-04-20,29.14,29.34,29.03,29.05,8481174.0
2016-04-21,28.98,29.25,28.83,28.94,11946206.0
2016-04-22,28.74,29.38,28.62,28.65,15003315.0
2016-04-25,28.54,28.78,28.42,28.73,10876221.0
2016-04-26,28.77,28.8,28.38,28.6,8365822.0
2016-04-27,28.46,28.95,28.46,28.8,8741924.0
2016-04-28,28.31,28.92,28.12,28.28,9232215.0
2016-04-29,28.12,28.12,27.32,27.81,12872979.0
2016-05-02,27.85,28.38,27.78,28.25,10440229.0
2016-05-03,27.98,28.06,27.48,27.63,11428278.0
2016-05-04,27.34,27.52,27.08,27.24,9046012.0
2016-05-05,27.39,27.41,27.07,27.18,8962693.0
2016-05-06,26.92,27.37,26.92,27.36,7587077.0
2016-05-09,27.29,27.67,27.17,27.31,7947521.0
2016-05-10,27.53,28.01,27.53,27.97,9290051.0
2016-05-11,27.81,28.03,27.59,27.6,7180095.0
2016-05-12,27.84,27.98,27.54,27.77,10006798.0
2016-05-13,27.73,28.03,27.46,27.56,9392633.0
2016-05-16,27.72,28.05,27.41,27.92,7797058.0
2016-05-17,27.75,27.97,27.42,27.55,9483662.0
2016-05-18,27.54,27.75,27.11,27.42,10379691.0
2016-05-19,27.11,27.19,26.51,26.79,15124176.0
2016-05-20,27.03,27.53,26.9,27.36,16153187.0
2016-05-23,27.26,27.39,27.09,27.13,8904833.0
2016-05-24,27.37,28.02,27.2,27.85,11329508.0
2016-05-25,28.0,28.24,28.0,28.08,7972174.0
2016-05-26,28.06,28.15,27.87,27.9,7573999.0
2016-05-27,27.78,28.03,27.75,28.02,8240624.0
2016-05-31,28.03,28.17,27.9,28.15,12556982.0
2016-06-01,28.01,28.25,27.77,28.21,9251103.0
2016-06-02,26.65,27.0,26.02,26.61,51054475.0
2016-06-03,26.69,27.16,26.64,27.05,20739122.0
2016-06-06,27.14,27.59,27.07,27.39,16102174.0
2016-06-07,27.5,27.69,27.0,27.08,20008891.0
2016-06-08,27.11,27.29,26.85,27.23,11671047.0
2016-06-09,27.14,27.16,26.7,27.0,12316133.0
2016-06-10,26.73,26.94,26.56,26.69,10441707.0
2016-06-13,26.45,26.84,26.33,26.57,13028224.0
2016-06-14,26.58,26.93,26.52,26.78,12083004.0
2016-06-15,26.75,26.87,26.36,26.39,14472436.0
2016-06-16,26.31,26.75,26.03,26.59,17880830.0
2016-06-17,27.44,27.91,26.87,27.63,34502592.0
2016-06-20,27.85,28.3,27.65,27.68,17148170.0
2016-06-21,27.88,28.07,27.69,27.94,20111116.0
2016-06-22,28.1,28.29,27.82,27.96,12643364.0
2016-06-23,28.35,28.82,28.21,28.78,15419632.0
2016-06-24,27.33,27.84,26.97,27.18,44203910.0
2016-06-27,26.82,26.83,26.3,26.36,1973890.0
2016-06-28,26.67,27.14,26.53,27.08,14737329.0
2016-06-29,27.71,28.65,27.44,28.5,23009741.0
2016-06-30,28.43,29.1,28.42,28.88,20092468.0
2016-07-01,28.8,29.15,28.79,28.96,11381412.0
2016-07-05,28.43,28.68,28.25,28.5,12500686.0
2016-07-06,28.3,28.67,28.12,28.63,12124296.0
2016-07-07,28.75,28.93,28.52,28.63,11675634.0
2016-07-08,28.98,29.28,28.84,28.97,14235589.0
2016-07-11,29.0,29.24,28.85,28.88,12897346.0
2016-07-12,29.33,29.68,29.15,29.52,13306534.0
2016-07-13,29.66,29.75,29.34,29.56,9612567.0
2016-07-14,29.67,29.97,29.6,29.77,9259646.0
2016-07-15,30.01,30.01,29.56,29.87,11666252.0
2016-07-18,29.81,29.93,29.68,29.74,8738905.0
2016-07-19,29.4,29.55,29.11,29.18,12722789.0
2016-07-20,29.58,29.6,29.35,29.35,11409678.0
2016-07-21,29.44,29.61,29.04,29.17,11545806.0
2016-07-22,29.22,29.31,29.04,29.18,10426334.0
2016-07-25,29.01,29.26,28.99,29.26,8974388.0
2016-07-26,29.16,29.34,28.91,29.04,11031902.0
2016-07-27,29.13,29.2,28.85,29.03,9567033.0
2016-07-28,29.45,29.5,28.82,29.29,17048576.0
2016-07-29,29.42,29.48,29.02,29.14,13230848.0
2016-08-01,29.01,29.37,29.01,29.25,12435186.0
2016-08-02,29.22,29.22,28.68,28.81,10268186.0
2016-08-03,28.72,28.95,28.69,28.81,12350485.0
2016-08-04,28.71,29.05,28.71,29.0,9140432.0
2016-08-05,29.17,29.32,29.06,29.23,9615322.0
2016-08-08,29.28,29.5,29.22,29.26,11427817.0
2016-08-09,29.19,29.37,29.15,29.2,9534007.0
2016-08-10,29.23,29.35,28.96,29.19,11060871.0
2016-08-11,29.23,29.51,29.23,29.38,9473686.0
2016-08-12,29.23,29.3,29.1,29.19,6301674.0
2016-08-15,29.1,29.74,29.1,29.49,12761933.0
2016-08-16,29.4,29.54,29.34,29.42,8108643.0
2016-08-17,29.48,29.48,29.17,29.31,9876443.0
2016-08-18,29.05,29.43,29.05,29.24,8544577.0
2016-08-19,29.14,29.44,29.1,29.42,9109870.0
2016-08-22,29.21,29.49,29.21,29.32,9826702.0
2016-08-23,29.47,29.74,29.46,29.6,10631824.0
2016-08-24,29.45,29.57,29.08,29.17,9830250.0
2016-08-25,29.22,29.3,29.1,29.2,7567154.0
2016-08-26,29.21,29.68,29.16,29.36,9228217.0
2016-08-29,29.58,29.63,29.36,29.41,9168170.0
2016-08-30,29.49,29.49,29.24,29.41,6840673.0
2016-08-31,29.37,29.42,29.19,29.32,9693690.0
2016-09-01,29.08,29.36,28.88,29.26,10639568.0
2016-09-02,29.36,29.52,29.13,29.35,9002477.0
2016-09-06,29.47,29.47,29.17,29.35,8299639.0
2016-09-07,29.24,29.41,29.05,29.35,10415336.0
2016-09-08,29.03,29.1,28.7,28.82,16729372.0
2016-09-09,28.43,28.84,28.13,28.13,14473428.0
2016-09-12,28.06,28.85,27.78,28.78,14919347.0
2016-09-13,28.47,28.63,28.07,28.28,13395146.0
2016-09-14,28.12,28.65,28.12,28.35,11615212.0
2016-09-15,28.28,29.13,28.19,28.96,18989283.0
2016-09-16,27.71,28.05,26.81,27.02,50676980.0
2016-09-19,27.23,27.65,27.14,27.33,19773838.0
2016-09-20,27.65,27.7,27.15,27.17,12119101.0
2016-09-21,27.29,27.67,27.29,27.61,10992956.0
2016-09-22,27.78,27.9,27.58,27.61,9679158.0
2016-09-23,27.49,27.52,27.13,27.33,14017314.0
2016-09-26,27.1,27.2,26.86,27.13,9840941.0
2016-09-27,27.0,27.59,26.96,27.4,10631373.0
2016-09-28,27.33,27.6,27.26,27.54,8094390.0
2016-09-29,27.35,27.72,27.18,27.22,8793817.0
2016-09-30,27.35,27.54,27.19,27.38,12861882.0
2016-10-03,27.3,27.35,26.96,27.09,10403316.0
2016-10-04,27.14,27.3,26.86,26.97,9199333.0
2016-10-05,27.21,27.43,26.99,27.25,8269218.0
2016-10-06,27.21,27.34,26.73,26.97,9787955.0
2016-10-07,27.09,27.25,26.86,26.96,11442031.0
2016-10-10,27.11,27.25,26.84,26.87,9475433.0
2016-10-11,26.81,26.9,26.06,26.26,14950508.0
2016-10-12,26.18,26.4,25.89,26.3,8926032.0
2016-10-13,26.11,26.44,25.87,26.28,14118062.0
2016-10-14,26.51,26.83,26.44,26.66,11601173.0
2016-10-17,26.79,26.79,26.46,26.54,9418836.0
2016-10-18,26.85,26.94,26.61,26.67,7109293.0
2016-10-19,26.77,26.88,26.56,26.6,8290181.0
2016-10-20,26.37,26.6,26.26,26.34,11196995.0
2016-10-21,26.24,26.37,26.02,26.18,13401000.0
2016-10-24,26.37,26.67,26.37,26.52,13550232.0
2016-10-25,26.58,26.68,26.35,26.61,11627930.0
2016-10-26,26.4,26.89,26.4,26.56,9722768.0
2016-10-27,26.66,26.81,26.4,26.47,7572375.0
2016-10-28,26.55,26.7,26.27,26.42,7803320.0
2016-10-31,26.56,26.76,26.45,26.67,10485243.0
2016-11-01,26.83,26.83,26.47,26.71,12018102.0
2016-11-02,26.71,26.74,26.22,26.28,9488381.0
2016-11-03,26.24,26.63,26.24,26.56,12382043.0
2016-11-04,26.56,26.83,26.42,26.53,14288949.0
2016-11-07,26.98,27.4,26.97,27.34,9506678.0
2016-11-08,27.41,27.6,27.23,27.38,7575317.0
2016-11-09,26.81,27.98,26.64,27.8,19497316.0
2016-11-10,27.9,28.31,27.55,27.83,26707219.0
2016-11-11,27.79,28.05,27.43,27.7,12217654.0
2016-11-14,27.64,27.92,27.36,27.55,15417081.0
2016-11-15,27.14,27.47,26.93,27.42,13594292.0
2016-11-16,27.35,28.05,27.17,27.95,12573252.0
2016-11-17,28.05,28.54,27.92,28.5,13301129.0
2016-11-18,28.53,28.74,27.92,28.11,12880978.0
2016-11-21,28.22,28.28,27.92,28.14,8053980.0
2016-11-22,28.34,28.37,28.05,28.34,10984642.0
2016-11-23,28.3,28.35,28.09,28.35,11080549.0
2016-11-25,28.29,28.6,28.29,28.52,4013115.0
2016-11-28,28.38,28.78,28.3,28.55,12038666.0
2016-11-29,28.59,28.99,28.38,28.8,10157369.0
2016-11-30,28.91,28.95,28.44,28.44,14374592.0
2016-12-01,28.36,28.43,26.71,26.95,22734668.0
2016-12-02,26.71,27.08,25.89,26.75,19119916.0
2016-12-05,26.85,27.36,26.79,27.22,13681520.0
2016-12-06,27.26,27.73,27.13,27.72,13524007.0
2016-12-07,27.75,28.62,27.74,28.57,15170597.0
2016-12-08,28.57,28.74,28.33,28.6,10108874.0
2016-12-09,28.66,29.02,28.53,28.77,11218978.0
2016-12-12,28.6,28.95,28.6,28.76,10891421.0
2016-12-13,28.72,29.25,28.72,29.01,12278492.0
2016-12-14,29.12,29.34,28.87,29.13,25101025.0
2016-12-15,29.2,29.39,28.98,29.11,17713458.0
2016-12-16,28.47,28.47,27.01,27.35,45573581.0
2016-12-19,27.28,27.44,26.84,27.15,15134341.0
2016-12-20,27.21,27.36,27.05,27.25,13989933.0
2016-12-21,27.31,27.31,26.86,27.08,11952785.0
2016-12-22,27.18,27.49,26.85,27.21,11217651.0
2016-12-23,27.04,27.27,26.88,27.03,8143552.0
2016-12-27,27.02,27.29,27.01,27.07,5073774.0
2016-12-28,27.12,27.17,26.88,26.93,8146873.0
2016-12-29,26.86,27.09,26.86,26.94,5712159.0
2016-12-30,27.0,27.11,26.59,26.7,10820188.0
2017-01-03,26.85,27.09,26.7,26.95,11036985.0
2017-01-04,26.95,27.32,26.95,27.14,9523170.0
2017-01-05,27.07,27.35,26.8,27.04,12049363.0
2017-01-06,27.15,27.15,26.78,26.85,14814842.0
2017-01-09,26.93,27.85,26.87,27.43,15587388.0
2017-01-10,27.4,27.47,27.06,27.06,11314809.0
2017-01-11,27.04,27.53,27.04,27.51,10392481.0
2017-01-12,27.43,27.72,26.99,27.6,11527296.0
2017-01-13,27.56,27.73,27.43,27.66,9453592.0
2017-01-17,27.47,27.68,27.28,27.5,11081367.0
2017-01-18,27.68,27.74,27.43,27.59,10367942.0
2017-01-19,27.52,27.78,27.5,27.61,12232345.0
2017-01-20,27.86,28.43,27.85,28.27,20932326.0
2017-01-23,28.16,28.49,27.83,28.08,13242542.0
2017-01-24,28.25,28.6,28.15,28.5,12216456.0
2017-01-25,28.72,28.77,28.35,28.55,13164793.0
2017-01-26,28.61,28.65,28.35,28.53,10556462.0
2017-01-27,28.6,28.79,28.53,28.63,9232659.0
2017-01-30,28.51,28.65,28.21,28.63,10589562.0
2017-01-31,28.61,28.65,28.07,28.51,10766745.0
2017-02-01,28.62,28.62,28.11,28.24,11836761.0
2017-02-02,28.17,28.4,28.08,28.38,10119000.0
2017-02-03,28.47,28.83,28.35,28.83,12941164.0
2017-02-06,28.84,28.84,28.48,28.5,7871322.0
2017-02-07,28.56,28.7,28.44,28.47,8843999.0
2017-02-08,28.46,28.75,28.41,28.42,8883343.0
2017-02-09,28.49,28.85,28.45,28.63,10977183.0
2017-02-10,28.73,29.32,28.61,29.19,13168632.0
2017-02-13,29.29,29.59,29.2,29.49,12779817.0
2017-02-14,29.32,29.57,29.15,29.5,9621961.0
2017-02-15,29.36,29.88,29.29,29.81,9243647.0
2017-02-16,29.86,30.13,29.76,29.99,10132472.0
2017-02-17,29.94,30.46,29.9,30.46,18545334.0
2017-02-21,30.39,30.78,30.33,30.67,12389577.0
2017-02-22,30.66,30.92,30.53,30.91,11602749.0
2017-02-23,30.96,31.39,30.9,31.36,15481141.0
2017-02-24,31.14,31.59,31.08,31.57,11426664.0
2017-02-27,31.66,31.66,30.92,31.1,13872761.0
2017-02-28,31.02,31.14,30.82,30.99,14450047.0
2017-03-01,31.15,31.4,31.09,31.32,11402000.0
2017-03-02,31.23,31.33,31.03,31.29,9431589.0
2017-03-03,31.17,31.28,30.99,31.09,8928505.0
2017-03-06,30.86,31.13,30.7,30.97,9195998.0
2017-03-07,30.98,31.15,30.92,31.0,9492804.0
2017-03-08,31.08,31.19,30.91,31.01,9217088.0
2017-03-09,31.03,31.03,30.65,30.84,10308441.0
2017-03-10,31.02,31.09,30.75,31.08,12242928.0
2017-03-13,31.15,31.18,30.92,30.98,11374316.0
2017-03-14,30.98,31.24,30.8,31.19,10290999.0
2017-03-15,31.3,31.6,31.04,31.45,18197528.0
2017-03-16,34.79,35.39,34.05,34.13,67527171.0
2017-03-17,33.65,34.38,33.51,34.06,31688635.0
2017-03-20,34.07,34.35,33.56,33.63,21452263.0
2017-03-21,33.71,33.8,33.11,33.24,21964601.0
2017-03-22,33.53,33.85,33.03,33.19,14334583.0
2017-03-23,33.08,33.46,33.07,33.35,16182336.0
2017-03-24,33.32,33.49,32.97,33.05,13110176.0
2017-03-27,32.91,33.33,32.76,33.24,8933374.0
2017-03-28,33.23,33.43,33.06,33.09,14008254.0
2017-03-29,32.92,33.13,32.87,32.92,10636243.0
2017-03-30,32.85,33.14,32.77,33.08,7792242.0
2017-03-31,32.9,33.25,32.86,33.01,10652754.0
2017-04-03,33.08,33.45,32.8,33.01,16044196.0
2017-04-04,33.01,33.14,32.78,32.99,9161341.0
2017-04-05,33.14,33.37,32.81,32.89,9445117.0
2017-04-06,32.93,32.93,32.54,32.58,11556652.0
2017-04-07,32.49,32.78,32.39,32.69,13446534.0
2017-04-10,32.8,33.03,32.54,32.59,11668629.0
2017-04-11,32.48,33.04,32.35,32.76,15422229.0
2017-04-12,32.92,33.0,32.62,32.77,8457039.0
2017-04-13,32.78,33.04,32.57,32.59,11838300.0
2017-04-17,32.71,32.94,32.59,32.88,10999441.0
2017-04-18,32.8,33.17,32.73,33.11,10446944.0
2017-04-19,33.03,33.13,32.67,32.78,10711954.0
2017-04-20,32.85,33.22,32.76,33.12,10880924.0
2017-04-21,33.18,33.33,32.99,33.02,11556016.0
2017-04-24,33.56,33.58,33.21,33.43,10848105.0
2017-04-25,33.57,33.57,33.19,33.31,12436269.0
2017-04-26,33.34,33.63,33.23,33.28,10122447.0
2017-04-27,33.47,33.53,33.24,33.36,8220729.0
2017-04-28,33.33,33.55,33.11,33.55,12962654.0
2017-05-01,33.6,33.77,33.46,33.64,9118178.0
2017-05-02,33.59,33.94,33.56,33.72,11604689.0
2017-05-03,33.64,33.74,33.36,33.48,10695874.0
2017-05-04,33.55,34.37,33.54,34.06,15505168.0
2017-05-05,34.3,34.37,33.95,34.17,8443421.0
2017-05-08,34.07,34.29,34.01,34.15,7559817.0
2017-05-09,34.09,34.27,33.97,34.07,6530558.0
2017-05-10,34.11,34.15,33.88,34.12,6906121.0
2017-05-11,34.0,34.0,33.56,33.75,8996359.0
2017-05-12,33.6,33.74,33.5,33.67,7965112.0
2017-05-15,33.83,33.95,33.68,33.91,9652500.0
2017-05-16,33.95,33.96,33.74,33.88,7944298.0
2017-05-17,33.58,33.68,32.79,32.82,18488106.0
2017-05-18,32.65,33.0,32.19,32.76,12776743.0
2017-05-19,32.8,33.11,32.76,32.9,11518841.0
2017-05-22,32.92,33.24,32.87,33.22,9804660.0
2017-05-23,33.27,33.43,33.11,33.15,6873723.0
2017-05-24,33.24,33.47,33.09,33.42,7711245.0
2017-05-25,33.58,33.89,33.42,33.79,7597616.0
2017-05-26,33.8,34.03,33.65,33.85,6899725.0
2017-05-30,33.7,34.05,33.7,34.01,10768377.0
2017-05-31,34.01,34.14,33.85,33.98,14759422.0
2017-06-01,34.11,34.39,33.95,34.38,8138601.0
2017-06-02,34.47,34.66,34.07,34.25,11794562.0
2017-06-05,34.28,34.58,34.26,34.51,8617321.0
2017-06-06,34.32,34.43,34.19,34.2,7449476.0
2017-06-07,34.21,34.24,33.73,33.99,7688665.0
2017-06-08,34.32,34.44,33.9,34.01,12843096.0
2017-06-09,33.99,34.26,33.27,33.62,12188360.0
2017-06-12,33.24,33.44,32.33,33.44,16188668.0
2017-06-13,33.66,33.82,33.21,33.57,10705432.0
2017-06-14,33.75,33.87,33.07,33.4,12010722.0
2017-06-15,33.14,33.4,32.96,33.27,10383922.0
2017-06-16,33.34,33.69,33.12,33.68,15908412.0
2017-06-19,33.86,34.34,33.8,34.32,12785727.0
2017-06-20,34.35,34.91,34.19,34.43,15287352.0
2017-06-21,34.74,35.13,34.67,34.92,30196516.0
2017-06-22,40.2,40.44,38.75,38.89,63160214.0
2017-06-23,38.83,40.42,38.66,39.54,42806970.0
2017-06-26,39.58,40.29,39.36,39.45,29451455.0
2017-06-27,39.34,40.04,39.11,39.34,17875477.0
2017-06-28,39.66,39.68,39.4,39.46,15980178.0
2017-06-29,39.35,39.47,38.57,38.79,13924813.0
2017-06-30,38.77,39.11,38.67,38.73,13146188.0
2017-07-03,38.64,38.72,37.91,37.95,10883219.0
2017-07-05,38.39,38.62,38.0,38.05,15775170.0
2017-07-06,37.84,38.01,37.36,37.44,14409374.0
2017-07-07,37.42,38.03,37.42,37.94,10885717.0
2017-07-10,37.86,38.42,37.81,38.21,10098172.0
2017-07-11,38.08,38.48,38.0,38.45,3836489.0
2017-07-12,38.61,39.07,38.56,39.02,6167786.0
2017-07-13,39.14,39.27,38.84,38.91,5318758.0
2017-07-14,38.86,39.24,38.86,39.14,4710865.0
2017-07-17,39.09,39.36,39.02,39.21,3843431.0
2017-07-18,39.2,39.48,38.94,39.26,6876873.0
2017-07-19,39.24,39.88,39.14,39.78,13312125.0
2017-07-20,39.92,40.04,39.62,39.92,3959319.0
2017-07-21,39.65,39.93,39.43,39.58,3114101.0
2017-07-24,39.67,39.68,39.39,39.55,3441280.0
2017-07-25,39.69,40.01,39.57,39.93,5350151.0
2017-07-26,39.93,39.97,39.8,39.97,2553420.0
2017-07-27,40.08,40.14,38.97,39.23,16508271.0
2017-07-28,38.97,39.27,38.82,39.09,3800261.0
2017-07-31,39.26,39.28,38.68,38.71,10066602.0
2017-08-01,38.93,39.0,38.61,38.93,2484546.0
2017-08-02,39.09,39.09,38.36,38.55,3732224.0
2017-08-03,38.8,39.19,38.51,39.0,3912912.0
2017-08-04,38.99,38.99,38.65,38.74,3014025.0
2017-08-07,38.87,38.87,38.31,38.42,3460325.0
2017-08-08,38.32,38.61,37.75,37.89,6658145.0
2017-08-09,37.76,38.17,37.64,37.84,15872408.0
2017-08-10,37.74,37.74,36.83,36.88,13390112.0
2017-08-11,36.96,37.22,36.76,37.02,11704649.0
2017-08-14,37.26,37.74,37.25,37.63,9229055.0
2017-08-15,37.67,37.84,37.55,37.61,10663484.0
2017-08-16,37.75,38.1,37.54,38.03,9880964.0
2017-08-17,37.95,38.09,37.33,37.33,9661630.0
2017-08-18,37.23,37.66,37.09,37.4,10248217.0
2017-08-21,37.43,37.74,37.32,37.68,7293402.0
2017-08-22,37.9,38.13,37.77,38.04,9233010.0
2017-08-23,37.84,38.21,37.72,37.85,6895337.0
2017-08-24,37.85,38.04,37.66,37.97,7365529.0
2017-08-25,38.22,38.22,37.93,38.02,7853334.0
2017-08-28,38.17,38.17,37.82,38.02,6211310.0
2017-08-29,37.66,38.35,37.53,38.23,7245879.0
2017-08-30,38.28,38.73,38.14,38.58,6955144.0
2017-08-31,38.66,39.3,38.62,39.11,12957897.0
2017-09-01,39.13,39.66,39.13,39.4,8716795.0
2017-09-05,39.31,39.86,39.25,39.71,15610636.0
2017-09-06,39.86,40.01,39.58,39.79,15615380.0
2017-09-07,39.97,40.56,39.81,40.51,11516804.0
2017-09-08,40.58,40.66,40.16,40.36,10356483.0
2017-09-11,40.66,41.39,40.59,41.27,16525131.0
2017-09-12,41.42,41.67,41.25,41.55,13343747.0
2017-09-13,41.3,41.76,41.23,41.58,14454402.0
2017-09-14,41.54,41.92,41.1,41.57,21843618.0
2017-09-15,39.43,39.48,37.26,37.52,66360802.0
2017-09-18,37.66,37.84,36.87,37.11,29433659.0
2017-09-19,37.27,37.28,36.66,36.82,23067971.0
2017-09-20,36.78,36.97,36.47,36.75,21255686.0
2017-09-21,36.6,36.97,36.6,36.75,15655341.0
2017-09-22,36.7,37.21,36.7,36.94,15340577.0
2017-09-25,37.3,37.32,36.42,36.75,15663067.0
2017-09-26,36.88,36.99,36.67,36.7,18679849.0
2017-09-27,36.83,37.14,36.73,36.94,14499136.0
2017-09-28,36.98,37.03,36.79,36.86,12997561.0
2017-09-29,36.97,37.53,36.74,37.13,44896559.0
2017-10-02,37.5,37.78,37.35,37.58,26096725.0
2017-10-03,37.73,37.74,37.32,37.47,12709761.0
2017-10-04,37.77,37.97,37.54,37.68,15203788.0
2017-10-05,37.74,37.81,37.28,37.69,13884259.0
2017-10-06,37.42,37.48,37.0,37.18,16340405.0
2017-10-09,37.14,37.36,36.95,37.14,10173049.0
2017-10-10,37.13,37.43,36.97,37.18,15630536.0
2017-10-11,37.13,37.44,37.13,37.25,12588339.0
2017-10-12,37.24,37.45,37.08,37.2,11715630.0
2017-10-13,37.34,37.68,37.3,37.58,10142300.0
2017-10-16,37.58,37.88,37.46,37.83,9378061.0
2017-10-17,37.79,38.27,37.68,38.16,14191308.0
2017-10-18,38.47,38.73,38.13,38.55,12064051.0
2017-10-19,38.41,38.64,38.16,38.32,10048594.0
2017-10-20,38.51,38.76,38.13,38.22,15501538.0
2017-10-23,38.25,38.63,38.19,38.28,14633363.0
2017-10-24,38.3,39.11,38.22,38.95,17562355.0
2017-10-25,38.86,39.62,38.61,38.67,20635798.0
2017-10-26,39.08,39.27,38.74,39.12,16952945.0
2017-10-27,39.26,39.94,39.0,39.85,15099521.0
2017-10-30,39.6,39.72,39.21,39.65,9049834.0
2017-10-31,39.7,40.25,39.42,39.87,14453112.0
2017-11-01,40.07,40.14,39.54,39.61,10128000.0
2017-11-02,39.51,39.67,39.09,39.25,10389824.0
2017-11-03,39.33,39.41,39.13,39.15,15814547.0
2017-11-06,39.07,39.52,38.99,39.37,9677982.0
2017-11-07,39.4,39.55,39.05,39.46,6796455.0
2017-11-08,39.3,39.71,39.17,39.51,7978663.0
2017-11-09,39.11,39.19,37.51,38.21,16195442.0
2017-11-10,37.97,38.34,37.72,38.29,9944188.0
2017-11-13,38.07,38.4,38.03,38.37,6566684.0
2017-11-14,38.29,38.3,37.87,38.17,8498922.0
2017-11-15,37.85,38.05,37.7,37.79,9425149.0
2017-11-16,38.08,38.59,37.98,38.17,11738536.0
2017-11-17,37.97,38.2,37.82,37.91,10035107.0
2017-11-20,38.01,38.13,37.89,37.99,11525088.0
2017-11-21,37.97,38.07,37.47,37.6,18313271.0
2017-11-22,37.53,37.8,37.39,37.55,10619037.0
2017-11-24,37.85,38.1,37.66,37.98,6008333.0
2017-11-27,37.91,38.19,37.72,37.85,13395574.0
2017-11-28,37.85,38.17,37.82,37.98,13930558.0
2017-11-29,37.82,37.83,37.17,37.49,14377575.0
2017-11-30,37.86,38.3,37.86,38.03,24701096.0
2017-12-01,38.02,38.97,37.87,38.58,15899489.0
2017-12-04,38.79,38.79,37.33,37.37,13473879.0
2017-12-05,37.18,37.62,36.94,36.96,17858893.0
2017-12-06,36.85,37.56,36.6,37.39,12974467.0
2017-12-07,37.34,37.78,37.27,37.49,13482831.0
2017-12-08,37.87,38.66,37.67,38.57,14732347.0
2017-12-11,38.58,39.47,38.53,39.44,15852801.0
2017-12-12,38.97,39.68,38.92,39.36,17463957.0
2017-12-13,39.3,39.48,38.98,39.02,17196888.0
2017-12-14,39.11,39.37,38.91,39.16,22259254.0
2017-12-15,37.45,37.45,35.97,37.27,75176011.0
2017-12-18,37.4,37.82,36.65,36.68,25156817.0
2017-12-19,36.93,37.32,36.71,36.79,28664335.0
2017-12-20,36.85,37.02,36.76,36.87,11432187.0
2017-12-21,37.08,37.08,36.2,36.25,18396828.0
2017-12-22,36.14,36.37,36.07,36.33,11197347.0
2017-12-26,36.34,36.55,36.22,36.4,7650197.0
2017-12-27,36.22,36.44,36.12,36.35,8132189.0
2017-12-28,36.27,36.52,36.27,36.49,7777596.0
2017-12-29,36.5,36.85,36.25,36.25,9750044.0
2018-01-02,36.54,36.77,35.14,35.6,25380018.0
2018-01-03,36.5,37.04,36.41,36.68,24165000.0
2018-01-04,36.96,37.16,36.69,37.15,19815057.0
2018-01-05,37.39,37.6,37.25,37.44,14496427.0
2018-01-08,37.27,38.04,36.91,37.95,15075007.0
2018-01-09,38.41,38.52,38.08,38.22,14153666.0
2018-01-10,38.02,38.43,37.74,37.96,13476601.0
2018-01-11,38.03,38.18,37.6,38.11,11687801.0
2018-01-12,38.34,38.99,38.22,38.67,15978201.0
2018-01-16,39.01,39.22,38.6,38.75,17152564.0
2018-01-17,39.07,39.45,39.01,39.43,23183110.0
2018-01-18,39.35,39.84,39.26,39.39,17119187.0
2018-01-19,39.66,39.76,39.43,39.74,14011470.0
2018-01-22,39.59,39.9,39.43,39.87,16840015.0
2018-01-23,39.91,40.43,39.73,40.28,14141416.0
2018-01-24,40.52,41.16,40.37,40.61,17205640.0
2018-01-25,40.7,41.21,40.7,40.76,13904280.0
2018-01-26,41.02,41.91,40.92,41.91,14909206.0
2018-01-29,41.83,41.95,41.04,41.1,12234923.0
2018-01-30,40.9,41.15,39.91,40.12,16863516.0
2018-01-31,40.02,41.01,40.02,40.75,16806832.0
2018-02-01,40.52,41.14,40.42,40.79,11674132.0
2018-02-02,40.41,40.57,39.2,39.29,17562215.0
2018-02-05,39.2,39.86,37.22,37.25,19725751.0
2018-02-06,36.49,38.67,35.97,38.56,25921187.0
2018-02-07,38.36,39.01,37.98,38.03,15138042.0
2018-02-08,38.25,38.28,35.97,36.0,21255423.0
2018-02-09,36.74,37.31,35.08,36.89,23191006.0
2018-02-12,37.38,37.65,36.88,37.31,16261649.0
2018-02-13,37.17,37.84,36.93,37.65,12633105.0
2018-02-14,37.35,38.68,37.3,38.61,14271379.0
2018-02-15,38.86,39.85,38.59,39.8,14132495.0
2018-02-16,39.71,40.3,39.65,39.87,11098819.0
2018-02-20,39.36,39.47,38.82,39.05,14144874.0
2018-02-21,39.03,39.5,38.59,38.59,13050820.0
2018-02-22,38.75,39.22,38.57,38.75,9513193.0
2018-02-23,38.95,39.73,38.78,39.66,8866832.0
2018-02-26,39.75,40.42,39.66,40.33,12955970.0
2018-02-27,40.23,40.56,39.7,39.89,14339563.0
2018-02-28,40.22,40.66,39.83,39.83,14947949.0
2018-03-01,40.12,40.12,38.58,38.87,16539779.0
2018-03-02,38.49,39.56,38.32,39.48,17290989.0
2018-03-05,39.06,40.64,39.01,40.45,18771549.0
2018-03-06,40.72,40.95,40.38,40.66,13907083.0
2018-03-07,40.22,40.97,40.19,40.88,11727303.0
2018-03-08,41.1,41.32,40.63,41.29,15864375.0
2018-03-09,41.51,42.16,41.36,42.13,16218601.0
2018-03-12,42.14,42.6,41.83,42.06,14108403.0
2018-03-13,42.4,42.64,41.5,41.74,12864366.0
2018-03-14,42.04,42.31,41.34,41.48,10885538.0
2018-03-15,41.38,41.83,41.27,41.53,14155248.0
2018-03-16,41.56,41.85,41.41,41.43,21011451.0
2018-03-19,41.59,41.74,40.67,41.11,25777352.0
2018-03-20,35.96,36.91,35.59,36.21,68600975.0
2018-03-21,36.45,37.22,36.17,36.18,34597724.0
2018-03-22,35.88,36.18,34.89,35.05,25610072.0
2018-03-23,35.14,35.5,33.92,33.95,21398879.0
2018-03-26,34.71,35.8,34.55,35.64,20754752.0
2018-03-27,35.79,35.98,34.16,34.54,18925257.0
2018-03-28,34.44,34.52,33.67,34.14,22156930.0
2018-03-29,34.47,35.45,34.17,34.91,14256447.0
2018-04-02,34.81,35.01,33.58,34.17,15343264.0
2018-04-03,34.49,34.49,33.45,34.05,15734569.0
2018-04-04,33.23,34.78,33.2,34.67,18505940.0
2018-04-05,34.89,35.34,34.71,35.12,12312979.0
2018-04-06,34.67,34.91,33.76,33.99,13893643.0
2018-04-09,34.27,34.81,34.04,34.06,15199976.0
2018-04-10,34.71,35.23,34.62,34.98,17177233.0
2018-04-11,34.56,35.15,34.52,34.77,14911438.0
2018-04-12,34.85,35.33,34.81,35.04,13970339.0
2018-04-13,35.47,35.69,34.77,35.24,12493597.0
2018-04-16,35.38,35.74,34.95,35.4,11639037.0
2018-04-17,35.76,36.28,35.74,36.01,10762747.0
2018-04-18,36.03,36.64,36.03,36.43,11312882.0
2018-04-19,36.34,36.46,36.05,36.17,8563187.0
2018-04-20,35.82,35.97,35.33,35.58,15675644.0
2018-04-23,35.73,35.82,35.07,35.15,14904389.0
2018-04-24,35.28,35.72,34.63,34.88,13356952.0
2018-04-25,34.77,35.19,34.4,35.1,12637523.0
2018-04-26,35.44,35.56,35.25,35.31,12175800.0
2018-04-27,35.47,35.47,34.82,34.88,14420754.0
2018-04-30,35.01,35.37,34.91,35.02,13896566.0
2018-05-01,34.74,35.3,34.74,35.3,8838034.0
2018-05-02,35.24,35.43,34.82,34.86,10715198.0
2018-05-03,34.71,34.74,33.84,34.41,15370217.0
2018-05-04,34.28,35.27,34.15,35.06,10571831.0
2018-05-07,35.29,35.59,35.13,35.42,9006006.0
2018-05-08,35.23,35.34,34.9,35.29,9830551.0
2018-05-09,35.58,36.03,35.33,35.93,11822388.0
2018-05-10,36.15,36.45,35.96,36.28,10974199.0
2018-05-11,36.46,36.5,35.99,36.17,9498144.0
2018-05-14,36.16,36.61,36.04,36.17,9689474.0
2018-05-15,35.86,36.17,35.6,36.16,11304873.0
2018-05-16,36.28,36.28,35.8,36.08,9874195.0
2018-05-17,36.04,36.41,35.77,35.89,10162341.0
2018-05-18,36.04,36.14,35.59,35.67,13517330.0
2018-05-21,35.88,36.64,35.84,36.56,13416333.0
2018-05-22,36.59,36.89,35.66,35.72,18505113.0
2018-05-23,35.43,36.32,35.37,36.25,9204379.0
2018-05-24,36.01,36.29,35.49,35.81,12497658.0
2018-05-25,35.84,36.52,35.83,36.35,11354337.0
2018-05-29,35.9,36.15,35.39,35.61,12427752.0
2018-05-30,35.98,36.58,35.78,36.4,11906539.0
2018-05-31,36.28,36.52,36.06,36.07,13062416.0
2018-06-01,36.43,36.71,36.25,36.7,10863237.0
2018-06-04,36.83,36.92,36.58,36.67,12178443.0
2018-06-05,36.68,36.77,36.16,36.48,13430887.0
2018-06-06,36.77,37.16,36.45,37.1,13299094.0
2018-06-07,37.28,37.38,36.77,37.03,13714092.0
2018-06-08,36.76,37.73,36.76,37.53,14515405.0
2018-06-11,37.5,37.74,37.32,37.54,12521110.0
2018-06-12,37.56,37.94,37.51,37.8,14713577.0
2018-06-13,37.46,38.02,37.44,37.62,18053335.0
2018-06-14,36.36,36.37,35.01,35.25,37001333.0
2018-06-15,35.22,35.84,34.54,35.63,28120363.0
2018-06-18,35.17,35.95,34.81,35.87,21474089.0
2018-06-19,35.19,35.76,35.12,35.62,22764939.0
2018-06-20,32.86,34.14,31.92,32.17,59129004.0
2018-06-21,32.53,33.19,32.33,32.45,32635062.0
2018-06-22,32.55,33.65,32.51,33.45,30594322.0
2018-06-25,32.92,33.82,32.84,33.63,24640543.0
2018-06-26,33.81,34.2,33.72,33.76,20717461.0
2018-06-27,33.92,34.09,32.79,32.8,26360075.0
2018-06-28,32.86,33.37,32.71,33.19,20918407.0
2018-06-29,33.39,33.88,33.1,33.41,22144908.0
2018-07-02,33.31,34.32,33.12,34.3,20655510.0
2018-07-03,34.34,34.34,33.87,34.07,16783349.0
2018-07-05,34.5,34.82,34.34,34.76,21916222.0
2018-07-06,34.81,35.54,34.62,35.35,20764300.0
2018-07-09,35.48,36.14,35.41,36.08,25125725.0
2018-07-10,36.18,36.71,36.03,36.34,27421994.0
2018-07-11,36.17,37.11,36.06,36.99,22802561.0
2018-07-12,37.14,37.55,37.1,37.5,24857935.0
2018-07-13,37.32,38.16,37.18,37.98,25772269.0
2018-07-16,38.16,38.16,37.49,38.0,22949744.0
2018-07-17,37.83,38.53,37.69,38.44,18823113.0
2018-07-18,38.33,38.54,37.94,38.18,19234709.0
2018-07-19,37.94,38.26,37.75,37.98,16656534.0
2018-07-20,38.03,38.25,37.9,38.06,17236248.0
2018-07-23,38.16,38.21,37.59,38.21,17990236.0
2018-07-24,38.29,38.64,38.1,38.21,19885451.0
2018-07-25,38.06,38.51,38.04,38.49,16335397.0
2018-07-26,38.39,38.71,38.3,38.41,15229974.0
2018-07-27,38.53,38.66,37.92,38.17,14856123.0
2018-07-30,38.12,38.12,37.0,37.27,20167307.0
2018-07-31,37.44,37.62,36.93,37.22,18808220.0
2018-08-01,37.45,37.76,36.69,36.89,22933594.0
2018-08-02,36.58,37.61,36.17,37.44,14227415.0
2018-08-03,37.46,38.02,37.44,38.01,14295805.0
2018-08-06,37.83,38.3,37.76,38.21,13529328.0
2018-08-07,38.48,38.49,38.01,38.02,11608045.0
2018-08-08,37.96,38.16,37.8,37.93,10849532.0
2018-08-09,37.81,38.25,37.81,38.08,14708037.0
2018-08-10,37.91,38.26,37.77,37.86,10502185.0
2018-08-13,37.88,38.13,37.51,37.55,12152082.0
2018-08-14,37.66,37.89,37.48,37.77,11513673.0
2018-08-15,37.64,37.8,37.07,37.38,14091015.0
2018-08-16,37.68,37.99,37.58,37.64,11874326.0
2018-08-17,37.75,38.04,37.53,37.9,11411979.0
2018-08-20,37.94,38.14,37.8,37.96,11936737.0
2018-08-21,38.12,38.18,37.91,37.95,10187882.0
2018-08-22,37.88,38.45,37.78,38.34,11639421.0
2018-08-23,38.34,38.88,38.22,38.5,11026688.0
2018-08-24,38.54,38.93,38.51,38.8,14011940.0
2018-08-27,38.95,39.24,38.83,38.87,12253333.0
2018-08-28,38.93,38.97,38.14,38.18,15475698.0
2018-08-29,38.18,38.64,38.18,38.43,17307730.0
2018-08-30,38.43,38.43,37.85,37.92,15154895.0
2018-08-31,37.92,38.17,37.89,38.12,17844087.0
2018-09-04,37.9,38.37,37.7,38.12,17289045.0
2018-09-05,37.95,38.03,37.33,37.58,16437911.0
2018-09-06,37.49,37.76,37.06,37.25,18456181.0
2018-09-07,37.0,37.53,36.87,37.35,20513945.0
2018-09-10,37.54,38.59,37.54,38.4,20390617.0
2018-09-11,38.06,38.59,38.06,38.46,14877344.0
2018-09-12,38.29,39.01,38.16,38.88,17058745.0
2018-09-13,38.82,39.29,38.42,38.5,22124422.0
2018-09-14,38.48,38.99,38.48,38.79,20066084.0
2018-09-17,38.85,39.48,38.65,38.72,29225048.0
2018-09-18,37.05,39.08,36.9,38.57,33451106.0
2018-09-19,38.46,39.08,38.2,38.97,20904826.0
2018-09-20,39.2,40.62,39.1,39.97,26973480.0
2018-09-21,40.37,40.66,39.89,40.64,50752079.0
2018-09-24,40.35,41.14,40.25,40.78,23906147.0
2018-09-25,40.93,41.47,40.51,41.26,18665820.0
2018-09-26,41.29,41.65,41.1,41.17,18131040.0
2018-09-27,41.1,41.56,40.87,41.23,17993558.0
2018-09-28,41.08,41.55,41.03,41.1,16234246.0
2018-10-01,40.76,41.53,40.68,41.34,19217922.0
2018-10-02,41.19,41.34,39.67,39.77,22406822.0
2018-10-03,39.13,39.64,39.13,39.29,21207699.0
2018-10-04,39.22,39.32,38.71,39.01,19033961.0
2018-10-05,38.96,39.31,38.66,38.89,16900168.0
2018-10-08,38.81,39.18,38.44,38.9,16295812.0
2018-10-09,38.65,38.94,38.37,38.41,19009806.0
2018-10-10,38.35,38.52,36.91,36.94,20885381.0
2018-10-11,36.87,37.43,36.03,36.32,26387578.0
2018-10-12,36.94,37.29,36.2,36.92,23152878.0
2018-10-15,36.69,37.35,36.6,36.85,15693598.0
2018-10-16,37.3,38.15,37.2,37.96,13600168.0
2018-10-17,37.16,37.97,37.16,37.59,15071061.0
2018-10-18,37.3,37.87,36.86,37.11,15084839.0
2018-10-19,37.23,37.97,37.08,37.32,17768405.0
2018-10-22,37.58,38.22,37.44,37.67,16480411.0
2018-10-23,36.89,38.05,36.85,37.72,18921508.0
2018-10-24,37.61,38.03,36.43,36.49,20028237.0
2018-10-25,37.15,38.02,37.01,37.69,19349505.0
2018-10-26,36.97,37.8,36.44,37.05,23089139.0
2018-10-29,37.54,37.82,36.07,36.75,19248721.0
2018-10-30,36.81,38.35,36.65,38.3,24438150.0
2018-10-31,38.78,39.18,38.32,38.57,21082852.0
2018-11-01,38.69,38.97,38.07,38.32,17764930.0
2018-11-02,38.66,38.75,37.97,38.56,17289522.0
2018-11-05,38.73,38.86,38.23,38.75,13125823.0
2018-11-06,38.83,39.2,38.56,38.98,12362678.0
2018-11-07,39.31,40.23,39.2,39.99,14330012.0
2018-11-08,39.95,40.23,39.8,40.16,11967073.0
2018-11-09,40.15,40.55,40.04,40.34,15316391.0
2018-11-12,39.9,40.11,38.84,38.95,14374352.0
2018-11-13,39.2,39.73,38.97,39.24,13550762.0
2018-11-14,39.7,39.7,38.47,38.57,16093969.0
2018-11-15,39.77,40.42,38.78,40.36,24922802.0
2018-11-16,40.26,41.18,40.15,40.9,20929570.0
2018-11-19,40.78,40.83,39.13,39.28,19520494.0
2018-11-20,38.4,38.8,37.69,38.06,19389607.0
2018-11-21,38.49,38.91,38.26,38.35,13859507.0
2018-11-23,37.77,38.85,37.77,38.43,7807298.0
2018-11-26,38.89,38.89,37.83,37.99,21603804.0
2018-11-27,37.65,37.71,36.52,37.17,28054617.0
2018-11-28,37.46,37.98,37.1,37.92,29352889.0
2018-11-29,38.11,38.11,37.17,37.63,17052085.0
2018-11-30,37.82,38.57,37.44,38.49,22884489.0
2018-12-03,39.17,39.85,38.94,39.56,21966591.0
2018-12-04,39.25,39.95,38.44,38.48,24643471.0
2018-12-06,37.48,37.5,35.38,36.41,39877047.0
2018-12-07,36.49,36.77,35.54,35.73,23978045.0
2018-12-10,35.74,36.81,35.07,36.4,26375511.0
2018-12-11,36.71,36.86,35.79,36.19,22680164.0
2018-12-12,36.84,37.84,36.74,37.05,21404010.0
2018-12-13,37.21,37.28,36.48,36.96,23295388.0
2018-12-14,36.51,36.76,36.14,36.33,21434449.0
2018-12-17,36.15,36.96,35.26,35.46,30441145.0
2018-12-18,37.83,38.07,35.17,35.58,42855600.0
2018-12-19,35.79,37.17,35.48,36.18,34397250.0
2018-12-20,35.78,36.68,35.21,35.97,35165179.0
2018-12-21,35.81,35.94,33.59,33.73,58768410.0
2018-12-24,33.5,33.55,32.41,32.42,17230381.0
2018-12-26,32.73,34.34,32.13,34.32,21428929.0
2018-12-27,33.68,34.82,33.19,34.7,19048702.0
2018-12-28,34.87,35.5,34.47,34.55,39141279.0
2018-12-31,34.92,35.23,34.57,34.88,14932651.0
2019-01-02,34.21,35.07,34.18,34.95,14320441.0
2019-01-03,34.48,35.23,34.14,34.51,19868713.0
2019-01-04,35.1,36.68,34.98,36.44,20983953.0
2019-01-07,36.66,37.84,36.2,37.18,17967907.0
2019-01-08,37.66,38.09,36.93,37.61,16255688.0
2019-01-09,36.37,37.96,36.34,37.51,19100183.0
2019-01-10,37.11,37.71,36.61,37.55,16652730.0
2019-01-11,37.4,38.35,37.1,38.02,16397521.0
2019-01-14,37.58,38.07,37.35,37.91,14869411.0
2019-01-15,37.39,38.45,37.33,38.3,12142144.0
2019-01-16,38.5,38.71,37.97,37.98,14114001.0
2019-01-17,37.93,38.83,37.73,38.5,12711208.0
2019-01-18,38.86,39.49,38.79,39.19,15930597.0
2019-01-22,38.76,39.09,38.58,38.86,13318705.0
2019-01-23,39.11,39.4,38.75,39.16,15551202.0
2019-01-24,39.18,39.35,38.79,39.12,11442236.0
2019-01-25,39.52,39.82,39.37,39.72,16656580.0
2019-01-28,39.37,39.65,39.13,39.44,11799138.0
2019-01-29,39.31,39.84,39.11,39.53,10838600.0
2019-01-30,39.78,40.42,39.52,40.28,13483753.0
2019-01-31,40.16,40.42,39.99,40.15,20403558.0
2019-02-01,40.44,41.02,40.21,40.73,14849598.0
2019-02-04,40.3,41.17,40.3,40.95,12221237.0
2019-02-05,41.09,41.29,40.81,41.16,13345467.0
2019-02-06,41.11,41.41,40.89,41.18,9220899.0
2019-02-07,40.71,40.91,40.09,40.14,14905039.0
2019-02-08,40.01,40.95,39.74,40.95,11535561.0
2019-02-11,40.88,41.4,40.87,41.15,9714510.0
2019-02-12,41.38,41.47,41.11,41.14,14188483.0
2019-02-13,41.17,41.47,40.87,41.34,11342571.0
2019-02-14,41.16,41.67,41.01,41.4,11155293.0
2019-02-15,41.05,41.64,40.99,41.64,13822166.0
2019-02-19,41.4,42.1,41.16,41.94,12357469.0
2019-02-20,41.92,42.13,41.42,41.69,13440874.0
2019-02-21,41.55,42.27,41.43,42.03,14759499.0
2019-02-22,42.31,42.52,42.12,42.4,11689681.0
2019-02-25,42.67,42.95,42.38,42.48,14722184.0
2019-02-26,42.38,42.8,42.16,42.52,12041308.0
2019-02-27,42.44,42.56,42.18,42.3,10674216.0
2019-02-28,42.12,42.43,41.97,42.05,31856866.0
2019-03-01,42.42,42.65,42.29,42.43,15757663.0
2019-03-04,42.59,42.77,41.49,41.96,14850055.0
2019-03-05,41.96,42.51,41.94,42.28,16291901.0
2019-03-06,42.23,42.67,42.05,42.27,12389327.0
2019-03-07,42.12,43.05,42.11,42.5,16624134.0
2019-03-08,42.27,42.7,42.05,42.69,15071067.0
2019-03-11,41.86,43.1,41.83,42.58,20027695.0
2019-03-12,42.59,43.21,42.5,42.72,18048545.0
2019-03-13,42.98,43.39,42.66,42.98,19490842.0
2019-03-14,42.9,43.32,42.77,42.97,24000329.0
2019-03-15,41.32,43.31,40.92,42.86,43340219.0
2019-03-18,42.79,43.88,42.7,43.38,21953604.0
2019-03-19,43.72,44.3,43.67,43.96,19214018.0
2019-03-20,43.81,44.11,42.43,42.56,24111603.0
2019-03-21,42.55,43.97,42.27,43.96,16686327.0
2019-03-22,43.54,43.8,42.66,42.69,16201521.0
2019-03-25,42.48,42.86,42.15,42.66,11755914.0
2019-03-26,43.21,43.46,42.98,43.2,11657558.0
2019-03-27,43.2,43.57,42.23,42.73,12636047.0
2019-03-28,42.92,43.22,42.71,43.11,9103127.0
2019-03-29,43.39,43.66,43.17,43.63,11485721.0
2019-04-01,43.8,44.57,43.77,44.5,15191712.0
2019-04-02,44.33,44.42,43.8,44.07,10812078.0
2019-04-03,44.08,44.31,43.78,43.98,12853422.0
2019-04-04,43.78,44.07,43.33,43.74,9978761.0
2019-04-05,43.66,44.11,43.66,43.85,10016462.0
2019-04-08,43.65,43.85,43.25,43.64,10126799.0
2019-04-09,43.42,44.02,43.39,43.75,9789013.0
2019-04-10,43.78,44.32,43.76,44.13,8477336.0
2019-04-11,44.21,44.35,43.68,43.95,8147643.0
2019-04-12,44.26,44.66,44.03,44.66,9013994.0
2019-04-15,44.66,44.91,44.47,44.79,7694969.0
2019-04-16,44.83,45.07,44.49,44.75,7265205.0
2019-04-17,44.84,44.99,44.55,44.64,7792166.0
2019-04-18,44.6,44.83,44.39,44.68,8233110.0
2019-04-22,44.56,44.84,44.36,44.78,6088127.0
2019-04-23,44.91,45.3,44.88,45.1,10923390.0
2019-04-24,45.16,45.69,45.12,45.34,8769848.0
2019-04-25,45.31,45.38,44.74,45.17,8226211.0
2019-04-26,45.38,45.65,45.17,45.57,7101579.0
2019-04-29,45.45,45.65,45.24,45.24,6442963.0
2019-04-30,45.22,45.54,45.0,45.49,10562254.0
2019-05-01,45.48,45.58,44.96,45.04,7792905.0
2019-05-02,44.97,45.21,44.62,44.76,9652179.0
2019-05-03,44.96,45.18,44.83,44.95,11066476.0
2019-05-06,44.06,45.16,43.99,45.01,9305412.0
2019-05-07,44.36,44.8,43.81,44.16,11712353.0
2019-05-08,44.51,44.59,43.97,44.15,10729819.0
2019-05-09,43.62,44.51,43.24,44.41,10711773.0
2019-05-10,43.93,45.13,43.67,44.81,11200287.0
2019-05-13,43.88,44.11,43.55,43.59,10664674.0
2019-05-14,43.8,44.78,43.52,44.29,11520824.0
2019-05-15,44.07,44.97,44.0,44.72,8573131.0
2019-05-16,45.07,45.31,44.71,44.8,10013804.0
2019-05-17,44.35,45.08,44.35,44.66,9057070.0
2019-05-20,44.11,44.52,43.69,43.82,9820306.0
2019-05-21,44.37,44.43,44.19,44.33,8482013.0
2019-05-22,44.39,44.71,44.2,44.36,8389651.0
2019-05-23,43.88,43.88,42.67,43.24,11213892.0
2019-05-24,43.54,43.63,42.75,42.93,9090777.0
2019-05-28,43.24,43.44,41.91,41.91,28230397.0
2019-05-29,41.59,41.97,41.21,41.85,12448661.0
2019-05-30,42.09,42.19,41.62,41.88,8569531.0
2019-05-31,41.4,41.52,40.67,40.76,11847089.0
2019-06-03,40.72,41.24,40.05,40.4,17434453.0
2019-06-04,40.95,42.4,40.79,42.18,17073297.0
2019-06-05,42.94,43.4,42.01,42.26,15855294.0
2019-06-06,42.25,42.9,42.02,42.75,10266909.0
2019-06-07,42.96,43.58,42.94,43.42,11591841.0
2019-06-10,43.84,44.57,43.73,44.17,12984592.0
2019-06-11,44.66,44.77,44.0,44.1,11288443.0
2019-06-12,43.84,44.21,43.59,43.78,10235475.0
2019-06-13,44.14,44.14,43.6,44.0,11289078.0
2019-06-14,43.77,43.99,43.44,43.44,12973055.0
2019-06-17,43.5,43.71,43.11,43.29,15208007.0
2019-06-18,43.02,43.76,42.57,43.06,20999664.0
2019-06-19,42.91,43.29,42.41,42.84,35449547.0
2019-06-20,46.14,47.63,45.69,47.15,54173948.0
2019-06-21,47.3,47.31,46.22,46.28,45168973.0
2019-06-24,46.41,47.46,46.06,46.9,19544187.0
2019-06-25,47.03,47.34,46.22,46.23,25462063.0
2019-06-26,46.59,47.01,46.4,46.82,15045220.0
2019-06-27,47.16,47.55,46.92,46.93,12605801.0
2019-06-28,47.06,47.24,46.52,47.13,42570474.0
2019-07-01,47.31,48.25,47.19,48.17,20438274.0
2019-07-02,48.04,48.72,47.93,48.62,17569987.0
2019-07-03,48.61,49.11,48.54,49.02,9989106.0
2019-07-05,48.69,49.68,48.5,49.44,13838941.0
2019-07-08,49.35,49.83,49.17,49.69,16105621.0
2019-07-09,49.36,49.79,49.17,49.76,14348560.0
2019-07-10,50.1,50.66,49.91,50.31,16059070.0
2019-07-11,50.34,50.37,49.56,50.15,11150361.0
2019-07-12,50.25,50.25,49.46,49.97,11234299.0
2019-07-15,50.01,50.01,49.41,49.69,10721578.0
2019-07-16,49.57,49.88,48.99,49.01,9698897.0
2019-07-17,49.2,49.35,48.39,48.39,9090941.0
2019-07-18,48.09,48.54,48.0,48.52,11883356.0
2019-07-19,48.71,48.93,47.92,47.94,11663536.0
2019-07-22,48.28,48.48,47.95,48.0,8761770.0
2019-07-23,48.46,48.54,47.85,47.85,8141115.0
2019-07-24,47.85,48.62,47.78,48.51,10778775.0
2019-07-25,48.77,49.03,48.48,48.69,8176205.0
2019-07-26,48.74,49.05,48.6,48.9,6057434.0
2019-07-29,49.19,49.19,48.2,48.46,7439258.0
2019-07-30,48.16,48.55,47.83,47.89,6367207.0
2019-07-31,48.28,48.28,46.02,46.7,11966713.0
2019-08-01,46.7,47.25,45.92,46.28,10215157.0
2019-08-02,46.59,46.59,45.4,46.24,12644401.0
2019-08-05,45.5,45.5,44.09,44.16,16204573.0
2019-08-06,44.6,44.85,44.01,44.36,13149503.0
2019-08-07,43.53,44.47,43.37,43.74,16344061.0
2019-08-08,44.12,45.15,44.12,45.05,12460824.0
2019-08-09,44.64,44.87,43.92,44.3,8471272.0
2019-08-12,44.08,44.19,43.4,43.65,6329937.0
2019-08-13,43.54,44.64,43.4,44.37,11447038.0
2019-08-14,43.75,43.77,42.64,42.72,12489202.0
2019-08-15,43.05,43.12,42.36,42.99,11257013.0
2019-08-16,43.58,44.1,43.41,43.99,9913097.0
2019-08-19,44.62,44.77,44.16,44.27,8273335.0
2019-08-20,43.92,44.24,43.3,43.38,7577816.0
2019-08-21,43.93,44.33,43.57,43.64,6113303.0
2019-08-22,43.98,44.12,43.29,43.59,6744890.0
2019-08-23,43.46,43.72,41.65,41.98,11374639.0
2019-08-26,42.54,42.72,42.23,42.53,8582319.0
2019-08-27,42.84,43.02,42.62,42.79,13853329.0
2019-08-28,42.6,42.6,42.02,42.35,7499128.0
2019-08-29,43.05,43.21,42.49,42.56,6857966.0
2019-08-30,42.9,42.95,42.15,42.46,7919973.0
2019-09-03,42.34,42.4,41.95,42.29,10128192.0
2019-09-04,42.75,43.53,42.62,43.37,10558965.0
2019-09-05,44.13,44.73,44.03,44.24,10414555.0
2019-09-06,44.5,44.54,43.54,43.56,11636088.0
2019-09-09,44.02,45.08,43.85,44.94,17803751.0
2019-09-10,44.94,45.87,44.54,45.87,19976492.0
2019-09-11,45.67,46.69,45.56,46.69,16749432.0
2019-09-12,44.74,45.28,43.3,44.29,28184390.0
2019-09-13,44.4,45.12,43.73,44.15,14736699.0
2019-09-16,43.8,43.97,43.19,43.54,15204244.0
2019-09-17,43.58,43.6,42.75,43.27,11476416.0
2019-09-18,43.22,43.24,42.26,42.96,9091864.0
2019-09-19,42.79,44.07,42.79,43.77,14924422.0
2019-09-20,44.11,44.65,43.82,43.87,59791448.0
2019-09-23,43.57,44.57,43.46,44.42,14263866.0
2019-09-24,44.54,44.89,43.52,43.75,15658346.0
2019-09-25,43.71,44.35,43.29,44.24,12925541.0
2019-09-26,44.51,44.73,43.87,44.36,13375775.0
2019-09-27,44.59,45.0,44.02,44.49,12391079.0
2019-09-30,44.65,45.68,44.45,45.43,17507826.0
2019-10-01,45.44,46.04,44.15,44.2,16524234.0
2019-10-02,43.9,43.96,43.08,43.55,16057896.0
2019-10-03,43.46,44.28,43.34,44.26,11756060.0
2019-10-04,44.4,45.58,44.24,45.54,13835817.0
2019-10-07,45.47,45.76,45.15,45.2,12462476.0
2019-10-08,44.69,45.11,44.17,44.45,15055993.0
2019-10-09,44.79,45.63,44.7,45.17,12894659.0
2019-10-10,45.09,46.24,44.99,46.13,13924306.0
2019-10-11,46.56,47.97,46.35,47.53,18728437.0
2019-10-14,47.47,47.85,47.05,47.1,11094392.0
2019-10-15,47.27,47.46,46.99,46.99,9237020.0
2019-10-16,46.43,46.65,46.19,46.52,9032457.0
2019-10-17,46.65,46.88,45.63,45.7,9966612.0
2019-10-18,45.59,45.9,44.82,45.19,12562854.0
2019-10-21,45.7,45.94,45.46,45.77,8351624.0
2019-10-22,45.86,46.07,44.66,44.75,7875719.0
2019-10-23,44.64,45.27,44.51,44.77,10533647.0
2019-10-24,45.11,45.29,44.58,44.9,6483723.0
2019-10-25,44.68,45.06,44.65,44.81,6306964.0
2019-10-28,44.99,45.32,44.91,45.28,7280200.0
2019-10-29,45.36,45.95,45.2,45.44,8333852.0
2019-10-30,45.82,45.82,45.09,45.49,6284896.0
2019-10-31,45.36,45.49,44.88,45.13,8260599.0
2019-11-01,45.45,45.79,45.19,45.64,7313584.0
2019-11-04,45.9,46.39,45.9,46.09,8757046.0
2019-11-05,46.4,46.48,46.15,46.31,10759319.0
2019-11-06,46.35,46.53,46.24,46.34,10572139.0
2019-11-07,46.6,47.27,46.5,46.62,9677704.0
2019-11-08,46.62,47.13,46.41,47.13,5869591.0
2019-11-11,46.84,47.25,46.82,47.07,5018039.0
2019-11-12,47.17,47.49,47.06,47.23,6184949.0
2019-11-13,46.85,47.2,46.81,46.85,6818251.0
2019-11-14,46.45,46.97,46.28,46.73,9056240.0
2019-11-15,47.04,47.2,46.91,47.06,7216865.0
2019-11-18,47.2,47.2,46.6,46.83,6924199.0
2019-11-19,47.11,47.59,46.9,46.91,7199492.0
2019-11-20,46.86,47.26,46.45,46.88,9117146.0
2019-11-21,46.86,47.23,46.76,46.87,8067136.0
2019-11-22,47.06,47.7,46.89,47.03,6346924.0
2019-11-25,47.1,47.32,46.92,47.2,7977693.0
2019-11-26,47.39,47.5,47.06,47.15,12078595.0
2019-11-27,47.54,47.55,47.02,47.25,5790026.0
2019-11-29,46.97,47.13,46.73,46.78,6479396.0
2019-12-02,46.87,47.1,46.02,46.07,14314182.0
2019-12-03,45.26,45.63,45.1,45.23,14320507.0
2019-12-04,45.54,45.54,44.82,45.05,11436874.0
2019-12-05,45.14,45.47,44.94,45.32,10557403.0
2019-12-06,45.67,45.77,45.25,45.47,9088555.0
2019-12-09,45.48,46.12,45.4,45.95,12128860.0
2019-12-10,46.04,46.55,45.87,46.46,10719907.0
2019-12-11,46.44,47.14,46.29,46.95,12159819.0
2019-12-12,46.94,47.3,46.4,47.11,15433071.0
2019-12-13,45.64,46.04,45.06,45.15,21432189.0
2019-12-16,45.24,45.62,44.34,44.63,19951519.0
2019-12-17,44.53,44.7,43.47,43.48,19782558.0
2019-12-18,43.7,44.25,43.59,44.03,14123168.0
2019-12-19,43.94,44.24,43.68,43.88,11910116.0
2019-12-20,44.55,44.59,43.99,44.24,27423669.0
2019-12-23,44.29,44.71,44.25,44.35,10591502.0
2019-12-24,44.42,44.6,44.0,44.08,3331654.0
2019-12-26,44.09,44.3,43.92,44.21,6702209.0
2019-12-27,44.3,44.44,43.98,44.1,7262263.0
2019-12-30,44.04,44.13,43.26,43.34,5936134.0
2019-12-31,43.21,43.64,43.19,43.62,7095128.0
2020-01-02,43.91,44.6,43.87,44.59,13206090.0
2020-01-03,43.63,44.69,43.59,44.4,11026717.0
2020-01-06,44.0,44.84,43.99,44.68,10982367.0
2020-01-07,44.53,44.97,44.25,44.8,12037347.0
2020-01-08,44.82,45.48,44.58,45.01,11857642.0
2020-01-09,45.13,45.68,44.91,45.26,10671019.0
2020-01-10,45.43,45.53,45.1,45.33,9734775.0
2020-01-13,45.34,45.67,45.24,45.46,10859994.0
2020-01-14,45.4,46.06,45.38,45.76,12627494.0
2020-01-15,45.76,46.06,45.56,45.64,9090815.0
2020-01-16,45.86,46.33,45.81,46.31,9866036.0
2020-01-17,46.51,46.57,45.73,46.01,11166619.0
2020-01-21,45.86,46.24,45.8,46.1,8773031.0
2020-01-22,46.29,46.53,45.48,45.6,6380481.0
2020-01-23,45.29,45.88,45.16,45.86,6583173.0
2020-01-24,45.94,46.08,44.76,44.95,6426029.0
2020-01-27,44.06,44.4,43.51,43.57,8259053.0
2020-01-28,43.74,44.56,43.54,44.34,8620547.0
2020-01-29,44.66,44.82,44.06,44.08,6332477.0
2020-01-30,43.7,44.21,43.16,44.19,7176193.0
2020-01-31,44.22,44.37,43.17,43.33,8884763.0
2020-02-03,43.61,44.29,43.57,43.97,8892516.0
2020-02-04,44.63,45.44,44.63,44.92,9769854.0
2020-02-05,45.55,45.91,45.46,45.62,9612932.0
2020-02-06,45.88,46.23,45.59,45.59,8832013.0
2020-02-07,45.15,45.85,45.07,45.6,7864760.0
2020-02-10,45.6,45.95,45.33,45.87,7198216.0
2020-02-11,46.05,46.42,45.99,46.03,8466579.0
2020-02-12,46.43,46.77,46.13,46.61,7541074.0
2020-02-13,46.19,46.52,45.89,46.19,8480140.0
2020-02-14,46.26,46.72,46.12,46.35,7496836.0
2020-02-18,46.3,46.64,45.98,46.33,7185651.0
2020-02-19,46.47,46.65,46.27,46.32,6819545.0
2020-02-20,46.28,46.75,45.76,46.39,6114630.0
2020-02-21,45.96,46.22,45.32,45.56,9078643.0
2020-02-24,43.98,44.41,43.39,43.53,10992552.0
2020-02-25,43.95,44.1,41.68,41.84,12202812.0
2020-02-26,42.19,44.02,42.12,42.93,16413096.0
2020-02-27,41.76,44.34,41.64,41.66,16161095.0
2020-02-28,40.12,40.77,38.78,40.34,24427058.0
2020-03-02,40.61,41.78,39.55,41.78,17328615.0
2020-03-03,41.5,42.72,39.13,39.73,21830505.0
2020-03-04,40.73,41.47,39.71,41.42,14813717.0
2020-03-05,40.11,40.56,38.63,38.88,15842951.0
2020-03-06,37.45,39.18,37.34,38.25,24581381.0
2020-03-09,35.83,38.45,35.54,36.89,25949263.0
2020-03-10,38.33,39.79,37.04,39.46,27067704.0
2020-03-11,37.69,38.36,35.15,35.6,24142853.0
2020-03-12,32.0,34.28,30.59,30.68,24123760.0
2020-03-13,35.33,38.87,34.3,38.81,28339433.0
2020-03-16,33.39,38.45,32.14,33.6,27493699.0
2020-03-17,34.5,38.59,32.54,37.74,25588856.0
2020-03-18,34.55,38.68,33.44,38.15,29557006.0
2020-03-19,37.35,38.85,35.75,35.95,20159074.0
2020-03-20,35.9,37.58,35.39,36.53,26341191.0
2020-03-23,35.88,37.37,34.77,35.07,23063662.0
2020-03-24,36.21,38.89,36.18,38.72,19323686.0
2020-03-25,37.98,39.62,36.36,36.82,25625781.0
2020-03-26,37.26,41.62,37.07,41.36,22418935.0
2020-03-27,39.97,42.48,39.44,40.71,20025303.0
2020-03-30,41.28,42.47,40.47,41.24,20611903.0
2020-03-31,42.0,42.06,38.88,39.21,15803792.0
2020-04-01,37.43,39.87,36.92,39.59,17918494.0
2020-04-02,39.06,40.77,38.98,40.68,16434410.0
2020-04-03,40.18,40.93,39.83,40.28,13362483.0
2020-04-06,41.28,42.76,41.23,42.37,13845785.0
2020-04-07,43.03,43.21,41.59,41.64,14063019.0
2020-04-08,42.1,43.8,42.0,43.25,15710702.0
2020-04-09,43.36,44.74,43.15,44.3,15521532.0
2020-04-13,43.82,44.26,43.52,44.09,12695030.0
2020-04-14,44.83,45.22,44.57,45.12,11674648.0
2020-04-15,44.33,44.57,43.93,44.28,10398180.0
2020-04-16,44.27,44.99,44.19,44.82,14098314.0
2020-04-17,45.64,45.84,45.09,45.74,13608890.0
2020-04-20,45.17,45.7,44.92,45.03,10358912.0
2020-04-21,44.35,44.46,42.24,42.43,14111658.0
2020-04-22,43.15,43.7,42.89,43.39,9669227.0
2020-04-23,43.35,44.11,42.57,43.09,10330317.0
2020-04-24,43.53,44.17,43.08,44.13,9404138.0
2020-04-27,44.48,44.76,44.18,44.49,9123356.0
2020-04-28,45.02,45.27,44.25,44.32,8350539.0
2020-04-29,45.07,45.4,44.81,45.0,9064459.0
2020-04-30,44.59,44.72,43.92,44.09,11808809.0
2020-05-01,43.5,43.56,42.43,42.91,8702464.0
2020-05-04,42.83,42.91,42.22,42.87,7568136.0
2020-05-05,43.34,43.98,43.11,43.17,7271831.0
2020-05-06,43.55,43.62,42.82,42.98,7049965.0
2020-05-07,43.52,44.04,43.39,43.72,7155008.0
2020-05-08,44.31,44.9,43.89,44.69,8131796.0
2020-05-11,44.25,44.95,44.18,44.65,8138678.0
2020-05-12,44.92,44.95,43.37,43.39,8599125.0
2020-05-13,43.55,43.61,42.4,42.77,10274294.0
2020-05-14,42.26,44.15,41.98,44.03,13794017.0
2020-05-15,43.82,45.11,43.64,44.04,39055671.0
2020-05-18,45.03,45.07,44.19,44.27,9901976.0
2020-05-19,44.3,44.37,43.44,43.46,9805061.0
2020-05-20,44.21,44.39,43.77,44.02,9115916.0
2020-05-21,43.88,44.06,43.24,43.34,7464119.0
2020-05-22,43.46,43.76,43.2,43.74,7211659.0
2020-05-26,44.77,44.8,43.77,43.9,11200711.0
2020-05-27,44.12,44.37,43.69,44.32,9228093.0
2020-05-28,44.88,45.27,44.34,44.74,9465604.0
2020-05-29,44.74,45.06,44.11,44.89,14735338.0
2020-06-01,44.4,44.51,43.91,44.18,7364358.0
2020-06-02,44.36,44.41,43.76,44.4,8756250.0
2020-06-03,44.45,44.74,44.11,44.61,9188780.0
2020-06-04,44.35,44.81,43.75,43.97,9696217.0
2020-06-05,44.21,45.39,43.86,45.1,12210054.0
2020-06-08,44.47,46.24,44.4,46.22,11519522.0
2020-06-09,46.12,46.18,45.0,45.3,8852655.0
2020-06-10,45.62,45.78,45.02,45.23,7436715.0
2020-06-11,44.37,44.68,42.35,42.43,12806143.0
2020-06-12,43.57,44.12,42.1,42.98,11537560.0
2020-06-15,42.08,44.55,42.03,44.37,16038072.0
2020-06-16,45.58,46.12,44.9,45.71,19380240.0
2020-06-17,44.15,44.86,42.62,42.64,28692615.0
2020-06-18,42.72,45.12,42.44,44.81,19259542.0
2020-06-19,45.33,45.58,44.1,45.52,33020470.0
2020-06-22,45.21,46.51,45.0,46.24,16705854.0
2020-06-23,46.42,47.09,46.25,46.31,18695018.0
2020-06-24,46.24,46.8,45.45,45.56,18287769.0
2020-06-25,45.52,45.71,44.66,45.65,16008724.0
2020-06-26,45.47,45.71,44.75,45.3,17969438.0
2020-06-29,45.35,46.08,44.97,45.88,14366908.0
2020-06-30,45.92,46.56,45.62,46.39,18885859.0
2020-07-01,45.81,47.0,45.8,46.61,17856751.0
2020-07-02,46.91,47.55,46.77,47.06,15478903.0
2020-07-06,47.32,47.95,47.28,47.72,15309672.0
2020-07-07,47.47,48.07,47.34,47.43,13232198.0
2020-07-08,47.75,47.8,47.11,47.78,12582610.0
2020-07-09,48.11,48.92,47.94,48.65,15692557.0
2020-07-10,48.59,48.64,47.81,48.51,12615792.0
2020-07-13,48.52,48.96,48.09,48.13,15965564.0
2020-07-14,48.03,48.65,47.84,48.56,15510256.0
2020-07-15,48.78,49.2,47.74,47.98,10571043.0
2020-07-16,47.78,47.85,46.94,47.18,8779360.0
2020-07-17,47.44,47.48,46.12,46.26,14345065.0
2020-07-20,46.24,46.88,46.05,46.76,11469286.0
2020-07-21,47.16,47.7,46.94,47.27,11875095.0
2020-07-22,47.06,47.54,47.06,47.37,13842610.0
2020-07-23,47.36,47.72,46.96,47.12,12576046.0
2020-07-24,46.83,47.4,46.62,47.01,8939667.0
2020-07-27,47.02,47.31,46.68,46.7,10319936.0
2020-07-28,46.61,47.1,46.56,46.71,13030193.0
2020-07-29,46.92,47.26,46.71,47.06,7243071.0
2020-07-30,46.36,46.84,46.25,46.61,7633243.0
2020-07-31,46.54,46.83,45.69,46.81,9352834.0
2020-08-03,47.14,47.45,46.85,47.34,9165025.0
2020-08-04,47.14,47.37,46.89,47.36,6364339.0
2020-08-05,47.68,47.68,46.74,46.86,6629046.0
2020-08-06,46.85,46.96,46.3,46.64,8169855.0
2020-08-07,46.37,46.6,46.12,46.59,8772264.0
2020-08-10,46.6,46.98,46.24,46.3,10047111.0
2020-08-11,46.6,46.82,45.5,45.63,8075289.0
2020-08-12,45.88,46.06,45.33,45.53,9068344.0
2020-08-13,45.27,45.56,45.04,45.38,8260423.0
2020-08-14,45.39,45.92,45.13,45.56,5454407.0
2020-08-17,45.56,45.75,45.02,45.35,9523832.0
2020-08-18,46.98,48.29,46.23,46.54,21102607.0
2020-08-19,46.94,48.16,46.82,47.56,16751451.0
2020-08-20,46.95,47.17,46.45,46.62,10975123.0
2020-08-21,46.74,46.81,46.09,46.55,9551993.0
2020-08-24,47.12,47.47,46.8,47.37,7892051.0
2020-08-25,47.51,48.11,47.38,47.45,7427033.0
2020-08-26,47.7,48.85,47.42,48.85,11597557.0
2020-08-27,48.81,49.81,47.94,48.54,15834697.0
2020-08-28,48.69,49.52,48.57,49.24,8613830.0
2020-08-31,48.49,49.12,48.4,48.58,18683506.0
2020-09-01,48.73,49.37,48.44,49.02,10170906.0
2020-09-02,49.08,50.68,49.08,50.39,14342824.0
2020-09-03,50.08,50.35,48.01,48.46,15387416.0
2020-09-04,48.24,48.63,46.52,47.09,14697178.0
2020-09-08,46.71,47.15,46.23,46.68,16472847.0
2020-09-09,47.52,48.76,47.22,48.31,13993244.0
2020-09-10,48.8,49.54,48.11,48.69,20500894.0
2020-09-11,52.07,53.22,48.23,48.36,40220642.0
2020-09-14,52.22,52.86,50.71,50.82,50107372.0
2020-09-15,51.37,53.04,50.75,52.3,30385568.0
2020-09-16,52.48,52.75,51.01,51.79,21258937.0
2020-09-17,50.78,51.97,50.36,51.54,22831155.0
2020-09-18,51.34,51.65,50.79,51.11,49311743.0
2020-09-21,53.82,53.96,51.39,52.18,32560391.0
2020-09-22,51.74,52.11,50.82,51.98,13306036.0
2020-09-23,51.47,51.85,50.26,50.32,15513546.0
2020-09-24,50.1,51.26,49.65,50.66,9560454.0
2020-09-25,50.63,51.35,50.32,51.16,9371875.0
2020-09-28,51.39,51.9,50.83,50.94,9356280.0
2020-09-29,50.94,51.52,50.76,50.83,6394062.0
2020-09-30,50.88,51.75,50.73,51.06,11001511.0
2020-10-01,51.53,51.63,50.81,51.04,7357652.0
2020-10-02,50.07,50.88,49.87,50.19,7329794.0
2020-10-05,50.8,51.03,50.45,50.92,6899164.0
2020-10-06,50.87,51.89,50.77,50.87,9743637.0
2020-10-07,51.37,52.5,51.24,52.19,8690909.0
2020-10-08,52.39,52.9,52.23,52.49,7202796.0
2020-10-09,52.75,52.98,52.46,52.75,7355665.0
2020-10-12,52.84,53.43,52.67,53.06,8274959.0
2020-10-13,53.17,53.38,52.48,52.57,8896300.0
2020-10-14,52.95,53.13,52.45,52.56,6652230.0
2020-10-15,51.87,52.34,51.68,52.12,6251805.0
2020-10-16,52.31,52.71,51.86,51.89,6070963.0
2020-10-19,51.99,52.35,50.99,51.22,8311250.0
2020-10-20,51.52,51.93,51.23,51.35,9241256.0
2020-10-21,50.94,51.72,50.82,51.27,10114873.0
2020-10-22,51.04,51.47,50.29,51.29,11900906.0
2020-10-23,51.5,51.76,51.31,51.5,9739283.0
2020-10-26,49.7,50.08,48.13,49.09,18876908.0
2020-10-27,49.24,49.58,48.62,48.68,10806520.0
2020-10-28,47.87,48.2,47.13,47.19,13910925.0
2020-10-29,46.8,48.36,46.74,47.62,13573708.0
2020-10-30,47.35,48.24,47.05,47.71,12603416.0
2020-11-02,48.04,49.07,47.72,48.05,11413156.0
2020-11-03,48.6,49.1,48.17,48.4,8911182.0
2020-11-04,49.6,49.69,47.95,48.09,12054854.0
2020-11-05,49.06,49.25,48.02,48.26,9017093.0
2020-11-06,48.37,48.58,47.75,48.4,7510696.0
2020-11-09,49.79,50.68,48.37,48.44,11486564.0
2020-11-10,48.51,48.84,47.8,48.27,9016029.0
2020-11-11,48.66,49.23,48.4,48.8,7724436.0
2020-11-12,48.86,49.09,47.7,48.05,7325363.0
2020-11-13,48.48,48.69,48.15,48.51,5871756.0
2020-11-16,48.62,49.21,48.48,48.75,6309178.0
2020-11-17,48.6,48.99,48.41,48.72,5569888.0
2020-11-18,48.72,48.89,47.84,47.85,8998775.0
2020-11-19,47.69,48.08,47.16,48.05,9643358.0
2020-11-20,47.96,48.04,47.28,47.3,8397531.0
2020-11-23,47.45,48.17,47.37,47.68,8236572.0
2020-11-24,48.2,49.5,47.96,49.17,10427806.0
2020-11-25,49.32,49.36,48.86,49.01,6848882.0
2020-11-27,49.0,49.47,48.75,49.36,5627039.0
2020-11-30,49.21,49.8,48.8,49.32,26676923.0
2020-12-01,49.8,50.88,49.61,50.34,11856022.0
2020-12-02,49.89,50.87,49.74,50.68,9330428.0
2020-12-03,50.82,51.58,50.66,50.87,9783917.0
2020-12-04,50.91,52.15,50.87,51.56,10872722.0
2020-12-07,51.56,51.8,51.23,51.4,14922926.0
2020-12-08,50.59,51.31,49.82,50.63,15237803.0
2020-12-09,50.49,51.51,50.4,51.33,12204062.0
2020-12-10,51.11,51.41,50.64,51.08,14219868.0
2020-12-11,52.54,52.6,51.02,52.21,16209933.0
2020-12-14,52.43,53.26,52.29,52.36,16193565.0
2020-12-15,52.69,53.79,52.5,53.46,15510275.0
2020-12-16,53.47,54.79,53.45,54.38,16119875.0
2020-12-17,54.59,55.65,54.33,55.21,15320549.0
2020-12-18,55.08,56.93,55.03,56.66,33728701.0
2020-12-21,55.49,56.79,55.48,56.08,18210155.0
2020-12-22,56.16,57.6,56.03,56.75,17148222.0
2020-12-23,56.86,57.8,56.75,56.9,13075190.0
2020-12-24,56.65,57.19,56.38,56.56,3796498.0
2020-12-28,57.01,57.29,56.35,56.47,6463473.0
2020-12-29,56.85,56.87,55.82,56.06,7770151.0
2020-12-30,56.4,56.51,55.94,56.0,6191976.0
2020-12-31,55.94,56.37,55.61,56.29,6928616.0
2021-01-04,56.29,56.3,54.77,55.35,11249636.0
2021-01-05,55.28,55.39,54.08,54.56,11005681.0
2021-01-06,54.11,55.19,53.75,54.41,8685354.0
2021-01-07,54.69,55.58,54.69,54.91,7383087.0
2021-01-08,55.02,55.38,54.75,55.22,7751661.0
2021-01-11,54.79,55.41,54.68,54.87,6286635.0
2021-01-12,54.84,54.86,54.02,54.26,7758409.0
2021-01-13,54.16,54.43,53.81,53.9,8298324.0
2021-01-14,53.91,54.01,53.35,53.44,10258642.0
2021-01-15,53.44,53.84,53.05,53.62,7532602.0
2021-01-19,53.94,54.13,52.94,53.13,8903369.0
2021-01-20,53.21,53.87,52.99,53.4,7025010.0
2021-01-21,53.49,53.69,52.76,53.05,6951250.0
2021-01-22,52.78,52.99,51.58,52.2,9897003.0
2021-01-25,52.22,52.79,51.61,52.74,8524722.0
2021-01-26,52.9,53.88,52.68,53.64,8186548.0
2021-01-27,53.24,55.02,53.21,54.39,14789029.0
2021-01-28,54.39,55.08,53.01,53.06,11166414.0
2021-01-29,53.0,53.34,52.05,52.27,11451806.0
2021-02-01,52.76,53.85,52.58,53.35,10553525.0
2021-02-02,53.72,54.76,53.64,54.21,10528004.0
2021-02-03,54.02,54.59,53.82,54.01,9933501.0
2021-02-04,54.32,55.23,54.09,55.19,9928668.0
2021-02-05,55.34,55.9,55.12,55.44,9170225.0
2021-02-08,55.63,55.71,54.68,54.95,7003488.0
2021-02-09,54.92,55.69,54.75,55.51,5437365.0
2021-02-10,55.68,55.74,54.77,55.11,9577544.0
2021-02-11,55.4,55.81,54.12,54.54,7690915.0
2021-02-12,54.16,54.96,54.15,54.92,6663628.0
2021-02-16,54.95,55.1,53.94,53.98,7526113.0
2021-02-17,53.67,53.99,53.2,53.93,6245136.0
2021-02-18,53.65,54.05,53.5,53.91,6262831.0
2021-02-19,54.1,54.2,52.92,52.97,10905120.0
2021-02-22,54.69,56.81,54.12,56.29,20940315.0
2021-02-23,56.26,57.06,55.89,56.34,18175420.0
2021-02-24,56.33,56.99,55.92,56.54,10609343.0
2021-02-25,56.48,58.2,56.42,57.14,15356112.0
2021-02-26,57.38,58.12,56.34,56.35,20512572.0
2021-03-01,56.79,58.57,56.61,58.01,11758868.0
2021-03-02,57.99,59.26,57.84,58.5,13282034.0
2021-03-03,58.09,59.38,58.04,58.75,15827615.0
2021-03-04,58.51,59.15,57.15,57.45,19951123.0
2021-03-05,59.15,63.56,59.15,61.81,34211451.0
2021-03-08,62.31,64.78,61.94,64.0,23300493.0
2021-03-09,64.24,65.06,63.84,64.48,17296384.0
2021-03-10,65.34,65.46,63.34,63.96,21378578.0
2021-03-11,59.49,59.94,57.27,59.25,38095367.0
2021-03-12,58.8,59.71,58.29,59.0,11606331.0
2021-03-15,58.79,59.62,58.74,59.57,8921150.0
2021-03-16,59.84,59.91,58.52,58.69,14512509.0
2021-03-17,58.64,58.69,58.0,58.06,11892394.0
2021-03-18,58.31,58.84,57.93,58.58,13751415.0
2021-03-19,58.63,58.67,57.79,58.1,30963637.0
2021-03-22,58.06,58.36,57.7,58.16,10263671.0
2021-03-23,58.17,59.78,58.17,59.11,12390136.0
2021-03-24,58.95,59.25,58.58,58.67,11391115.0
2021-03-25,58.8,60.57,58.6,60.47,14844716.0
2021-03-26,60.41,62.21,60.12,62.09,12617298.0
2021-03-29,62.05,64.17,62.01,62.97,15183697.0
2021-03-30,62.67,62.89,61.79,62.39,12000182.0
2021-03-31,62.54,62.94,61.75,62.01,9971736.0
2021-04-01,62.3,63.67,62.17,63.65,13228748.0
2021-04-05,64.03,66.73,63.9,66.0,25010153.0
2021-04-06,65.46,66.49,65.0,66.12,14699810.0
2021-04-07,65.76,66.34,65.61,66.23,12356770.0
2021-04-08,66.43,67.69,66.31,67.44,13507957.0
2021-04-09,67.51,67.85,67.06,67.74,13285733.0
2021-04-12,67.41,68.35,67.36,68.28,10634896.0
2021-04-13,68.32,69.17,68.06,68.83,13142446.0
2021-04-14,69.2,69.52,68.67,68.98,12730816.0
2021-04-15,69.16,70.71,68.99,70.45,13604189.0
2021-04-16,70.47,71.5,70.02,71.11,13334088.0
2021-04-19,70.97,72.37,70.5,70.91,19967188.0
2021-04-20,70.86,71.58,70.81,71.4,12562254.0
2021-04-21,70.95,71.5,68.69,68.82,18672795.0
2021-04-22,68.27,68.64,66.91,67.03,16769293.0
2021-04-23,66.45,67.16,66.01,67.13,10665756.0
2021-04-26,67.13,67.2,66.36,66.66,9402153.0
2021-04-27,66.55,67.58,66.38,67.38,9300188.0
2021-04-28,67.32,67.43,66.82,66.93,6107809.0
2021-04-29,67.54,68.06,66.8,68.03,7940387.0
2021-04-30,67.72,68.08,67.35,67.95,7825321.0
2021-05-03,68.44,69.64,68.24,69.49,15319639.0
2021-05-04,69.23,70.86,69.09,70.69,15316549.0
2021-05-05,71.13,71.99,70.96,71.35,8361961.0
2021-05-06,71.34,72.12,70.72,71.9,14089717.0
2021-05-07,71.97,72.7,70.74,72.56,14073449.0
2021-05-10,70.93,72.88,70.76,72.31,17356662.0
2021-05-11,71.91,72.06,69.41,69.85,12980394.0
2021-05-12,69.73,70.35,68.69,68.91,12302575.0
2021-05-13,69.69,70.6,69.04,70.3,11399492.0
2021-05-14,70.28,71.21,70.28,71.05,9033402.0
2021-05-17,71.04,71.69,71.01,71.24,6637900.0
2021-05-18,71.15,71.63,70.55,70.85,6643073.0
2021-05-19,69.97,70.93,69.71,70.9,8165040.0
2021-05-20,71.11,71.48,70.84,70.88,8802676.0
2021-05-21,71.35,72.01,71.14,71.19,8628957.0
2021-05-24,71.65,72.04,71.3,71.54,7044732.0
2021-05-25,71.77,71.84,70.81,70.99,7160582.0
2021-05-26,70.75,71.53,70.71,71.42,12851068.0
2021-05-27,71.66,72.21,71.0,71.14,12867810.0
2021-05-28,71.11,71.52,70.83,70.9,6929875.0
2021-06-01,71.74,71.99,70.64,71.73,10485636.0
2021-06-02,71.86,73.09,71.67,72.43,12249543.0
2021-06-03,71.96,73.62,71.81,73.25,12038728.0
2021-06-04,73.58,76.12,73.53,75.05,14502894.0
2021-06-07,75.1,76.41,75.01,76.1,10445620.0
2021-06-08,76.19,77.19,76.16,76.77,10726824.0
2021-06-09,76.76,76.99,76.19,76.68,9720292.0
2021-06-10,76.32,76.62,73.87,74.46,16680776.0
2021-06-11,74.14,75.4,74.0,75.06,11066521.0
2021-06-14,75.16,75.26,74.29,74.78,10173176.0
2021-06-15,74.16,74.67,73.51,73.8,17298048.0
2021-06-16,70.15,70.71,68.06,69.24,36560609.0
2021-06-17,69.15,69.9,68.72,69.72,14836059.0
2021-06-18,69.06,69.07,68.13,68.39,22521187.0
2021-06-21,68.77,70.26,68.71,70.15,8924329.0
2021-06-22,70.22,71.35,69.82,70.84,9845790.0
2021-06-23,70.92,71.03,70.22,70.26,7295957.0
2021-06-24,70.81,71.12,69.77,69.9,9623990.0
2021-06-25,70.19,70.77,69.72,70.62,12845044.0
2021-06-28,70.65,71.13,70.49,70.66,5605358.0
2021-06-29,70.7,70.75,69.98,70.26,5392865.0
2021-06-30,69.75,70.37,69.74,70.0,7899840.0
2021-07-01,70.14,71.78,70.07,71.7,13108048.0
2021-07-02,71.61,74.42,71.51,73.98,15258432.0
2021-07-06,73.76,75.79,73.52,75.24,14200383.0
2021-07-07,75.33,79.33,75.12,78.25,20976638.0
2021-07-08,77.18,79.05,76.82,77.75,16383270.0
2021-07-09,78.04,80.56,77.94,79.92,15685337.0
2021-07-12,79.69,81.01,79.13,79.24,16076792.0
2021-07-13,78.86,80.09,78.69,79.23,12789253.0
2021-07-14,79.56,81.15,79.14,80.76,13330546.0
2021-07-15,80.58,81.25,77.99,78.72,18306277.0
2021-07-16,79.23,80.95,79.0,79.97,14617487.0
2021-07-19,79.39,80.35,78.67,79.46,15619867.0
2021-07-20,79.58,81.53,79.5,81.14,12813858.0
2021-07-21,81.37,82.73,80.94,82.17,13108092.0
2021-07-22,82.48,83.62,82.16,83.17,13639256.0
2021-07-23,83.47,83.68,79.59,80.17,12680902.0
2021-07-26,79.92,80.58,79.15,80.34,10454091.0
2021-07-27,80.24,81.08,79.6,80.28,8465196.0
2021-07-28,80.38,80.42,79.6,79.66,6397023.0
2021-07-29,80.16,80.74,79.81,80.11,6201421.0
2021-07-30,79.89,80.63,79.35,79.62,7962771.0
2021-08-02,80.21,80.41,79.57,80.08,5579320.0
2021-08-03,80.36,82.65,80.29,82.22,9889768.0
2021-08-04,82.27,82.57,81.76,82.53,7509939.0
2021-08-05,82.66,83.0,81.24,81.91,8231282.0
2021-08-06,81.72,82.36,81.3,82.0,6513914.0
2021-08-09,81.94,82.95,81.58,82.38,5798690.0
2021-08-10,81.58,82.59,81.41,82.12,5473399.0
2021-08-11,82.38,82.9,81.99,82.11,8009834.0
2021-08-12,81.59,82.46,81.15,82.29,5687319.0
2021-08-13,83.1,83.82,82.43,82.86,6640448.0
2021-08-16,82.34,83.32,82.02,83.3,7123782.0
2021-08-17,83.47,84.26,82.85,83.43,6738472.0
2021-08-18,82.97,83.53,81.34,81.42,7666310.0
2021-08-19,80.77,81.87,80.71,81.19,8099673.0
2021-08-20,81.28,81.88,80.78,81.42,8716473.0
2021-08-23,81.97,82.05,81.19,81.6,7147300.0
2021-08-24,81.69,82.13,80.95,81.03,6320123.0
2021-08-25,81.03,81.38,80.53,81.1,5748627.0
2021-08-26,81.29,81.66,80.94,81.2,9093352.0
2021-08-27,81.27,82.0,81.09,81.83,5426758.0
2021-08-30,81.94,82.46,81.78,81.93,5356951.0
2021-08-31,81.93,81.98,80.97,81.61,8113258.0
2021-09-01,81.74,82.65,81.35,82.43,8208004.0
2021-09-02,82.65,82.98,81.89,82.28,7717680.0
2021-09-03,81.82,82.96,81.78,82.48,8457134.0
2021-09-07,82.52,83.15,81.02,81.2,11046158.0
2021-09-08,80.62,82.08,80.45,81.95,8851215.0
2021-09-09,82.08,83.31,81.89,82.02,11034731.0
2021-09-10,82.13,83.03,81.99,82.16,10547389.0
2021-09-13,82.6,82.99,80.71,81.37,18883408.0
2021-09-14,78.67,79.43,77.21,78.87,22714211.0
2021-09-15,79.03,80.84,78.65,80.21,14951102.0
2021-09-16,80.15,80.45,78.67,79.73,12410530.0
2021-09-17,78.69,80.05,78.43,78.87,58069781.0
2021-09-20,77.51,79.89,77.41,78.65,13897724.0
2021-09-21,79.22,80.14,78.6,79.4,11124697.0
2021-09-22,80.09,81.48,79.72,80.92,9908007.0
2021-09-23,81.42,82.54,81.14,81.9,9720231.0
2021-09-24,81.75,82.54,81.42,82.42,7617784.0
2021-09-27,82.26,83.79,81.63,83.52,11532971.0
2021-09-28,83.12,84.75,82.53,82.97,15041761.0
2021-09-29,83.63,84.56,83.48,83.73,12007329.0
2021-09-30,83.73,84.06,79.6,79.61,15651919.0
2021-10-01,80.24,82.75,80.08,82.22,13320918.0
2021-10-04,81.96,82.91,81.44,81.74,10853862.0
2021-10-05,81.83,84.45,81.65,83.97,9788585.0
2021-10-06,82.9,83.98,82.13,83.82,10268251.0
2021-10-07,84.19,85.36,84.13,84.79,9124444.0
2021-10-08,85.18,87.82,84.91,87.19,13202330.0
2021-10-11,87.09,89.6,87.0,88.09,12959279.0
2021-10-12,88.63,89.32,88.06,88.37,9964109.0
2021-10-13,88.9,89.79,88.75,89.2,9461742.0
2021-10-14,89.6,90.15,87.17,88.08,7911808.0
2021-10-15,87.89,88.84,87.53,88.13,7423125.0
2021-10-18,88.3,89.45,87.9,89.31,7344106.0
2021-10-19,89.8,90.08,89.12,89.86,5616545.0
2021-10-20,90.07,90.77,89.05,89.44,6574073.0
2021-10-21,89.37,89.63,88.51,89.1,6224679.0
2021-10-22,89.09,91.07,89.02,91.05,6819582.0
2021-10-25,91.24,91.75,90.35,90.69,5083106.0
2021-10-26,91.1,91.36,89.74,89.78,7089655.0
2021-10-27,89.61,90.1,88.8,88.83,5941450.0
2021-10-28,89.45,90.5,88.73,89.03,5177185.0
2021-10-29,88.59,89.77,88.26,88.74,7578628.0
2021-11-01,88.8,88.83,86.71,87.18,7327599.0
2021-11-02,86.53,88.72,86.3,88.67,6229796.0
2021-11-03,89.3,89.67,87.55,88.95,5746432.0
2021-11-04,89.03,89.41,88.12,88.43,5857745.0
2021-11-05,89.0,89.35,86.9,87.75,6160237.0
2021-11-08,88.05,88.05,87.11,87.94,5056415.0
2021-11-09,87.91,88.41,86.86,87.39,6102570.0
2021-11-10,86.9,87.65,86.16,86.63,5828755.0
2021-11-11,86.91,87.56,86.6,86.84,3620667.0
2021-11-12,87.09,87.27,86.23,86.34,6435453.0
2021-11-15,86.62,87.05,85.72,86.82,5700925.0
2021-11-16,86.94,89.17,86.82,88.41,7392924.0
2021-11-17,88.56,88.94,87.62,88.13,6257596.0
2021-11-18,87.95,88.13,86.3,87.46,5727254.0
2021-11-19,87.61,89.76,86.74,86.77,8938025.0
2021-11-22,86.53,88.47,86.21,87.41,6489341.0
2021-11-23,86.96,87.09,85.06,85.74,8905642.0
2021-11-24,85.03,86.5,84.95,86.38,10908548.0
2021-11-26,85.69,86.88,84.87,85.13,4519322.0
2021-11-29,85.97,86.93,85.66,85.74,9552635.0
2021-11-30,85.82,86.32,83.41,83.54,23271206.0
2021-12-01,84.49,85.19,82.46,82.55,12085340.0
2021-12-02,82.2,83.84,81.8,82.79,7090016.0
2021-12-03,83.15,83.59,80.52,81.04,10808740.0
2021-12-06,81.14,81.97,80.65,81.74,8398492.0
2021-12-07,82.78,83.53,82.01,82.85,6803903.0
2021-12-08,82.85,82.97,80.71,81.74,7695809.0
2021-12-09,81.92,82.79,81.04,81.57,8615780.0
2021-12-10,97.09,99.14,92.9,95.43,45824639.0
2021-12-13,95.24,97.16,93.32,93.69,16317620.0
2021-12-14,92.8,94.26,92.19,92.69,9511569.0
2021-12-15,93.38,96.56,93.04,96.45,14452216.0
2021-12-16,96.75,96.8,95.08,96.02,9053176.0
2021-12-17,90.49,92.75,88.61,89.42,28961171.0
2021-12-20,89.22,89.22,84.32,84.44,17205399.0
2021-12-21,84.61,84.64,82.51,84.31,15822978.0
2021-12-22,84.07,84.66,82.31,82.66,10538961.0
2021-12-23,82.83,83.16,81.86,82.52,9655431.0
2021-12-27,82.5,83.13,81.82,82.34,7668988.0
2021-12-28,82.5,82.6,81.32,81.45,5614472.0
2021-12-29,81.3,81.99,80.52,81.01,5628531.0
2021-12-30,81.45,81.71,80.57,80.81,7382356.0
2021-12-31,80.85,80.9,79.98,80.01,5908158.0
2022-01-03,80.13,80.74,78.56,80.7,10653484.0
2022-01-04,80.7,82.38,80.53,81.64,11958975.0
2022-01-05,81.29,81.4,79.02,79.26,11236680.0
2022-01-06,79.12,80.54,78.67,79.46,7918392.0
2022-01-07,79.57,81.12,79.4,80.63,9836795.0
2022-01-10,80.5,82.5,80.07,82.4,11025508.0
2022-01-11,81.76,82.12,80.53,81.6,7249777.0
2022-01-12,82.01,82.64,80.79,81.43,5840337.0
2022-01-13,81.85,82.04,80.67,80.91,6044282.0
2022-01-14,80.6,81.22,79.78,80.81,6054842.0
2022-01-18,79.99,80.09,78.46,78.67,6827937.0
2022-01-19,78.89,79.81,76.35,76.5,10501777.0
2022-01-20,77.04,78.12,75.64,75.84,10836879.0
2022-01-21,76.48,76.51,75.15,75.34,11608986.0
2022-01-24,74.34,75.54,72.71,75.54,16771776.0
2022-01-25,74.45,75.22,73.32,74.19,13469908.0
2022-01-26,75.03,75.15,72.4,72.71,13971284.0
2022-01-27,73.23,74.27,72.32,72.9,10333982.0
2022-01-28,73.11,73.62,71.69,73.6,7854679.0
2022-01-31,73.61,74.76,73.24,74.28,10594228.0
2022-02-01,74.52,74.52,72.76,74.16,8016863.0
2022-02-02,74.28,76.0,73.96,75.62,9287553.0
2022-02-03,74.75,75.88,74.75,75.06,8207183.0
2022-02-04,75.15,76.03,74.59,75.23,5570209.0
2022-02-07,75.26,75.37,73.78,73.86,6292225.0
2022-02-08,73.41,73.98,72.92,73.91,6585399.0
2022-02-09,74.87,76.77,74.77,76.57,8755857.0
2022-02-10,75.87,76.9,74.74,74.97,6336287.0
2022-02-11,74.96,75.55,72.65,72.87,7670453.0
2022-02-14,72.7,72.85,71.56,72.07,5389794.0
2022-02-15,72.51,73.04,72.33,72.89,5713602.0
2022-02-16,72.59,72.9,71.34,72.31,6227096.0
2022-02-17,71.88,72.1,68.45,68.65,9247133.0
2022-02-18,68.62,68.85,67.4,67.69,7790102.0
2022-02-22,66.94,68.03,66.74,67.24,8039023.0
2022-02-23,67.19,67.5,65.47,65.59,6807081.0
2022-02-24,64.06,68.06,63.35,67.93,11240472.0
2022-02-25,67.77,69.95,67.44,69.47,8291803.0
2022-02-28,68.69,69.82,68.14,69.09,9234369.0
2022-03-01,69.1,69.62,68.74,69.13,8752131.0
2022-03-02,69.57,71.98,69.37,71.4,8527165.0
2022-03-03,72.08,72.16,70.55,71.37,8203025.0
2022-03-04,70.79,71.03,68.9,69.61,8841964.0
2022-03-07,69.41,69.51,66.56,67.44,11110149.0
2022-03-08,66.96,68.35,66.23,66.45,9134057.0
2022-03-09,68.04,70.07,67.81,69.22,8959496.0
2022-03-10,68.22,69.97,68.15,69.77,13812596.0
2022-03-11,69.82,73.02,67.12,70.94,22795849.0
2022-03-14,71.04,71.72,68.56,70.19,13306302.0
2022-03-15,71.17,74.66,70.19,73.72,16847194.0
2022-03-16,74.12,74.35,70.87,73.08,14071329.0
2022-03-17,72.9,74.41,72.38,73.72,10462536.0
2022-03-18,72.75,75.11,71.96,74.8,24176035.0
2022-03-21,74.4,75.1,73.39,74.08,8131283.0
2022-03-22,74.58,75.35,73.95,74.92,9292304.0
2022-03-23,74.37,74.53,73.34,73.51,7451282.0
2022-03-24,73.77,75.94,73.61,75.36,7025694.0
2022-03-25,75.16,75.96,74.35,74.85,5685003.0
2022-03-28,74.86,76.83,74.86,76.72,6626753.0
2022-03-29,77.61,77.63,76.23,77.41,5762029.0
2022-03-30,77.08,77.48,76.24,76.48,5533157.0
2022-03-31,76.23,77.03,75.71,75.85,9433347.0
2022-04-01,76.16,76.48,74.59,75.13,6147478.0
2022-04-04,75.37,77.42,75.12,77.19,7884320.0
2022-04-05,76.52,77.64,75.79,76.06,5143421.0
2022-04-06,75.04,75.59,74.49,75.24,5492353.0
2022-04-07,74.69,75.45,74.22,74.98,7112164.0
2022-04-08,75.15,75.27,73.7,74.38,6182460.0
2022-04-11,74.07,74.57,73.14,73.2,5738411.0
2022-04-12,73.39,74.43,72.46,72.77,6174735.0
2022-04-13,72.7,73.4,72.07,73.19,4728639.0
2022-04-14,73.27,73.8,72.76,72.89,5590385.0
2022-04-18,72.59,73.42,71.35,71.66,4955883.0
2022-04-19,71.69,73.22,71.68,73.0,5412371.0
2022-04-20,73.23,75.3,73.23,73.73,9472638.0
2022-04-21,74.93,75.04,72.77,72.92,5616095.0
2022-04-22,72.71,73.14,69.6,69.65,9357054.0
2022-04-25,69.64,70.5,68.14,70.42,7305933.0
2022-04-26,69.79,70.09,67.92,67.95,7555238.0
2022-04-27,68.02,69.46,67.86,68.2,7279244.0
2022-04-28,68.96,70.07,68.04,69.58,6178748.0
2022-04-29,68.78,69.31,66.59,66.84,7946947.0
2022-05-02,67.37,68.04,65.97,67.44,7379947.0
2022-05-03,67.29,67.65,66.25,66.73,5211626.0
2022-05-04,66.82,68.79,66.23,68.65,6760142.0
2022-05-05,67.44,68.16,65.43,66.24,7197207.0
2022-05-06,65.57,66.38,65.07,65.93,6222457.0
2022-05-09,65.08,66.03,64.61,64.98,7019736.0
2022-05-10,65.94,67.06,64.71,65.97,8129032.0
2022-05-11,65.75,66.9,64.31,64.47,6932051.0
2022-05-12,64.32,64.37,62.41,64.17,11698892.0
2022-05-13,64.4,65.42,63.97,64.61,6700124.0
2022-05-16,64.13,64.35,62.83,63.15,6942287.0
2022-05-17,64.49,65.34,64.14,65.32,5952505.0
2022-05-18,64.24,64.38,61.25,61.74,7977287.0
2022-05-19,60.92,61.34,60.16,60.48,9451784.0
2022-05-20,61.32,62.13,60.29,62.07,7531062.0
2022-05-23,62.75,63.91,62.11,63.48,7370173.0
2022-05-24,63.11,63.97,61.75,62.47,6644122.0
2022-05-25,62.32,63.66,62.21,63.27,7103302.0
2022-05-26,63.57,65.56,63.35,65.1,6759102.0
2022-05-27,65.8,66.28,64.99,66.22,6566671.0
2022-05-31,65.67,66.42,64.96,65.36,16890347.0
2022-06-01,66.46,66.71,64.59,65.04,5804707.0
2022-06-02,64.92,66.63,64.45,66.58,6200443.0
2022-06-03,66.0,66.39,64.67,65.23,8169519.0
2022-06-06,66.07,68.28,66.07,66.41,5274706.0
2022-06-07,65.03,66.57,65.03,66.13,5675655.0
2022-06-08,65.45,65.59,64.38,64.82,5253466.0
2022-06-09,64.21,64.6,62.64,62.66,6828482.0
2022-06-10,61.42,61.66,60.4,60.58,10261566.0
2022-06-13,59.22,59.54,57.2,57.49,16547246.0
2022-06-14,65.44,65.87,62.46,64.16,29661295.0
2022-06-15,63.89,64.86,62.11,63.14,11765545.0
2022-06-16,61.94,62.4,61.02,62.15,10685987.0
2022-06-17,62.19,62.81,60.83,61.16,16445643.0
2022-06-21,62.05,62.97,60.83,61.12,10047748.0
2022-06-22,60.37,61.01,59.82,59.97,8222382.0
2022-06-23,59.89,61.31,59.75,61.07,8775794.0
2022-06-24,61.77,64.22,61.41,64.14,20132584.0
2022-06-27,62.81,64.29,62.38,63.85,8840843.0
2022-06-28,64.01,64.51,61.97,62.02,7253564.0
2022-06-29,62.47,63.53,62.22,62.65,8077928.0
2022-06-30,61.65,63.69,61.65,63.31,9888767.0
2022-07-01,63.29,64.42,63.25,64.31,7805555.0
2022-07-05,63.82,65.44,63.62,65.43,9043000.0
2022-07-06,65.76,66.18,64.75,65.1,6043679.0
2022-07-07,65.27,65.42,64.61,65.27,7814621.0
2022-07-08,65.13,65.68,64.77,65.31,4927307.0
2022-07-11,64.76,65.73,64.66,65.33,4554846.0
2022-07-12,65.36,65.7,63.83,64.17,7140901.0
2022-07-13,62.81,64.29,62.44,63.79,6454765.0
2022-07-14,62.92,63.34,61.99,63.21,4915580.0
2022-07-15,64.02,64.63,63.76,64.5,5134170.0
2022-07-18,65.01,65.47,63.9,63.97,4642410.0
2022-07-19,64.4,66.06,64.02,66.0,7160284.0
2022-07-20,66.31,66.86,65.92,66.35,5655726.0
2022-07-21,65.91,68.39,65.89,68.3,7005112.0
2022-07-22,68.58,69.05,68.02,68.66,6659961.0
2022-07-25,68.86,69.19,68.1,68.62,5721609.0
2022-07-26,68.56,69.06,67.46,67.79,7284442.0
2022-07-27,68.14,69.88,68.08,69.63,6677226.0
2022-07-28,69.4,71.04,69.07,70.8,5688062.0
2022-07-29,70.77,71.92,70.76,71.6,5926562.0
2022-08-01,70.94,71.57,70.46,71.2,5227535.0
2022-08-02,70.75,71.02,69.82,70.11,6403482.0
2022-08-03,70.48,71.52,70.06,71.13,6127778.0
2022-08-04,71.21,71.61,70.87,71.16,3656151.0
2022-08-05,70.03,71.16,69.76,71.11,4858132.0
2022-08-08,70.68,71.19,70.03,70.23,4733592.0
2022-08-09,69.97,70.67,69.6,70.53,4243763.0
2022-08-10,71.35,71.74,70.96,71.3,5258490.0
2022-08-11,71.71,71.76,70.84,70.92,5555003.0
2022-08-12,71.76,73.18,71.42,72.91,6692347.0
2022-08-15,72.6,73.18,72.26,72.87,3733644.0
2022-08-16,72.66,73.42,72.61,73.28,6185088.0
2022-08-17,72.76,73.53,72.71,73.01,5185253.0
2022-08-18,73.04,73.64,72.77,73.08,4120543.0
2022-08-19,72.79,72.89,72.2,72.42,4679022.0
2022-08-22,71.69,71.69,69.93,70.22,5757837.0
2022-08-23,70.01,70.77,70.01,70.17,4432266.0
2022-08-24,70.23,70.32,69.81,69.93,3876359.0
2022-08-25,70.1,70.67,69.74,70.65,3523549.0
2022-08-26,70.74,71.02,68.33,68.41,4904315.0
2022-08-29,67.87,68.62,67.83,67.95,4295701.0
2022-08-30,68.18,68.43,67.22,67.9,5099130.0
2022-08-31,68.22,68.91,67.8,67.91,8612925.0
2022-09-01,67.88,69.13,67.29,69.06,8139759.0
2022-09-02,69.5,70.53,68.24,68.44,11027695.0
2022-09-06,68.46,68.95,67.31,67.59,7090148.0
2022-09-07,67.44,68.43,67.18,68.25,5792572.0
2022-09-08,67.79,68.56,67.37,68.41,6897091.0
2022-09-09,68.41,69.77,68.2,69.67,7764742.0
2022-09-12,70.39,71.14,70.03,70.84,15628850.0
2022-09-13,69.82,73.17,69.54,69.8,29476532.0
2022-09-14,69.55,69.63,65.53,65.88,21601363.0
2022-09-15,65.26,65.85,63.51,64.0,12478141.0
2022-09-16,63.34,63.56,62.01,62.59,23411963.0
2022-09-19,61.96,62.89,61.67,62.83,8363973.0
2022-09-20,62.03,62.21,61.21,61.87,8624496.0
2022-09-21,62.47,62.64,60.5,60.51,6768203.0
2022-09-22,60.61,60.7,59.6,59.79,7190884.0
2022-09-23,59.11,59.2,57.63,58.31,9282634.0
2022-09-26,58.09,58.68,57.15,57.21,6897757.0
2022-09-27,57.92,58.16,55.8,56.18,9284984.0
2022-09-28,56.38,57.11,56.01,56.83,8549898.0
2022-09-29,56.05,56.36,54.54,55.16,8882075.0
2022-09-30,55.02,55.9,54.82,54.83,9794421.0
2022-10-03,54.75,57.0,54.57,56.84,9661405.0
2022-10-04,57.56,59.59,57.56,59.45,9892607.0
2022-10-05,59.1,60.95,58.74,60.4,9201607.0
2022-10-06,60.09,60.57,58.99,59.06,6991998.0
2022-10-07,58.25,58.38,56.5,57.05,7138048.0
2022-10-10,57.37,57.66,55.78,56.33,6407213.0
2022-10-11,55.93,57.18,55.73,56.49,7377104.0
2022-10-12,56.7,58.36,56.25,57.86,9008662.0
2022-10-13,56.56,59.79,56.35,59.28,10147221.0
2022-10-14,59.8,60.7,58.29,58.39,8045062.0
2022-10-17,59.96,61.65,59.95,61.1,11368318.0
2022-10-18,62.08,62.66,60.41,61.11,6688607.0
2022-10-19,60.57,61.27,59.86,60.38,5506033.0
2022-10-20,61.61,64.0,61.27,63.33,17600525.0
2022-10-21,65.11,66.87,64.39,66.78,15652602.0
2022-10-24,67.01,67.77,65.86,67.0,11489360.0
2022-10-25,67.53,68.19,66.69,67.22,9137741.0
2022-10-26,66.69,69.8,66.63,68.9,10693739.0
2022-10-27,68.83,69.96,68.63,69.23,7053018.0
2022-10-28,69.38,71.76,69.38,71.44,8758344.0
2022-10-31,70.58,72.41,70.48,72.15,12348964.0
2022-11-01,72.68,73.31,70.42,71.19,7752961.0
2022-11-02,70.73,71.51,69.09,69.2,7524547.0
2022-11-03,68.8,69.77,68.13,69.11,6761242.0
2022-11-04,70.02,70.75,68.32,70.08,7218982.0
2022-11-07,70.19,71.17,69.57,70.82,5394281.0
2022-11-08,71.03,71.22,69.1,69.72,9104244.0
2022-11-09,69.46,70.62,69.08,69.74,6013703.0
2022-11-10,71.78,72.55,70.79,71.25,10437314.0
2022-11-11,71.21,71.97,70.65,71.82,7712925.0
2022-11-14,71.56,73.62,71.42,72.61,7152952.0
2022-11-15,73.01,74.76,72.09,73.26,7618478.0
2022-11-16,73.2,74.31,72.95,73.97,6011890.0
2022-11-17,73.25,73.66,72.27,73.28,5717402.0
2022-11-18,74.08,74.54,72.93,73.81,6106989.0
2022-11-21,73.65,74.18,72.98,73.9,5235554.0
2022-11-22,73.97,76.29,73.91,76.2,8796154.0
2022-11-23,76.2,77.0,75.86,76.64,6347899.0
2022-11-25,76.93,77.57,76.62,76.8,2754876.0
2022-11-28,76.19,76.22,75.15,75.47,5113103.0
2022-11-29,75.41,75.58,74.6,74.93,4928270.0
2022-11-30,74.55,77.26,74.08,77.11,9610329.0
2022-12-01,77.13,78.61,76.43,78.19,6127308.0
2022-12-02,77.28,77.7,76.66,77.43,4798927.0
2022-12-05,76.49,76.5,73.49,73.51,9102943.0
2022-12-06,73.43,73.9,72.14,72.99,7656126.0
2022-12-07,72.75,73.53,72.66,72.86,5105512.0
2022-12-08,73.21,74.29,72.61,74.15,5918748.0
2022-12-09,73.73,74.44,73.62,73.94,6850806.0
2022-12-12,74.39,75.49,74.02,75.36,15807550.0
2022-12-13,79.02,79.66,73.78,74.64,22812160.0
2022-12-14,74.89,76.97,74.65,75.9,11183148.0
2022-12-15,74.87,75.11,73.54,74.15,8198939.0
2022-12-16,74.04,74.54,73.56,73.66,19200747.0
2022-12-19,74.0,75.18,73.76,74.58,7738813.0
2022-12-20,74.58,75.57,74.43,75.02,6390180.0
2022-12-21,75.43,76.22,75.02,75.58,5932395.0
2022-12-22,75.02,75.25,73.51,74.57,8182431.0
2022-12-23,74.59,74.98,74.07,74.93,4129226.0
2022-12-27,74.96,75.55,74.69,75.06,4290843.0
2022-12-28,75.17,75.72,74.28,74.41,3794094.0
2022-12-29,75.05,75.88,74.78,75.48,3867801.0
2022-12-30,75.21,76.01,74.84,75.82,5375702.0
2023-01-03,76.55,77.92,76.34,77.8,8997534.0
2023-01-04,78.28,79.25,77.72,78.56,7836238.0
2023-01-05,79.08,79.48,77.3,78.39,7643784.0
2023-01-06,78.82,80.42,77.9,79.74,8641597.0
2023-01-09,81.24,81.99,80.56,80.82,7519836.0
2023-01-10,80.04,81.01,79.97,80.9,5703270.0
2023-01-11,81.77,83.06,81.49,83.0,8359667.0
2023-01-12,83.1,83.6,82.57,83.18,6071099.0
2023-01-13,82.35,83.87,82.06,83.6,5090938.0
2023-01-17,83.59,83.84,82.83,83.0,6550412.0
2023-01-18,83.0,83.03,81.0,81.11,6397707.0
2023-01-19,80.8,81.39,79.66,80.34,5597039.0
2023-01-20,80.43,81.78,79.9,81.65,5567493.0
2023-01-23,81.59,83.53,81.37,83.37,7390256.0
2023-01-24,83.45,84.5,82.4,84.1,7004581.0
2023-01-25,83.1,84.26,82.14,84.04,5896812.0
2023-01-26,84.29,84.89,83.49,84.23,7302869.0
2023-01-27,83.9,84.12,83.36,83.39,5676836.0
2023-01-30,82.87,83.02,81.39,81.75,6255306.0
2023-01-31,82.09,82.88,81.75,82.86,6200413.0
2023-02-01,82.77,85.05,82.61,84.45,6141252.0
2023-02-02,85.06,85.62,83.35,83.78,8269151.0
2023-02-03,82.87,84.66,82.67,84.02,5671823.0
2023-02-06,83.91,84.01,82.8,82.93,4097311.0
2023-02-07,82.27,82.42,80.7,82.14,9226071.0
2023-02-08,81.33,82.32,80.91,81.09,7624398.0
2023-02-09,81.54,82.3,80.73,81.05,4960391.0
2023-02-10,80.93,81.78,80.74,81.54,5318403.0
2023-02-13,81.68,83.85,81.6,83.82,5560902.0
2023-02-14,83.4,83.81,82.11,83.49,7484776.0
2023-02-15,83.25,83.61,82.43,82.74,4330547.0
2023-02-16,81.86,82.67,81.41,82.12,5942533.0
2023-02-17,81.6,81.83,80.91,81.68,6398487.0
2023-02-21,81.16,81.34,80.55,80.6,5260328.0
2023-02-22,81.08,81.58,80.38,80.72,5840102.0
2023-02-23,81.55,83.88,81.46,82.98,8637135.0
2023-02-24,81.71,83.29,81.54,83.06,7659188.0
2023-02-27,83.26,83.37,81.76,82.36,6748861.0
2023-02-28,82.1,82.41,81.58,81.8,7468234.0
2023-03-01,81.3,81.61,80.39,80.74,5119757.0
2023-03-02,80.46,81.68,80.27,81.37,5293599.0
2023-03-03,81.72,83.69,81.48,83.65,5498531.0
2023-03-06,83.81,85.07,83.55,84.14,7424800.0
2023-03-07,83.98,84.48,82.45,82.76,5382366.0
2023-03-08,82.8,83.49,82.55,82.89,5159208.0
2023-03-09,82.73,84.04,80.93,81.27,10572293.0
2023-03-10,78.81,79.65,77.28,78.47,16029345.0
2023-03-13,77.72,79.93,76.44,79.33,10299942.0
2023-03-14,80.33,80.33,77.83,78.96,8732248.0
2023-03-15,77.48,77.77,76.52,77.38,11463010.0
2023-03-16,77.32,79.51,76.48,79.22,10149163.0
2023-03-17,79.4,80.38,79.01,79.66,13066028.0
2023-03-20,79.68,81.91,79.65,81.36,9177289.0
2023-03-21,81.89,82.25,81.06,81.98,6683731.0
2023-03-22,81.94,83.56,81.84,82.3,7233663.0
2023-03-23,83.05,84.04,82.04,82.18,10747139.0
2023-03-24,82.38,82.88,81.91,82.41,5852248.0
2023-03-27,83.02,84.9,82.95,84.54,8170050.0
2023-03-28,84.62,85.28,83.88,84.25,6378927.0
2023-03-29,84.53,85.06,84.21,85.02,5233647.0
2023-03-30,85.25,85.58,84.11,84.91,5640690.0
2023-03-31,84.96,87.4,84.81,87.32,10476333.0
2023-04-03,86.78,88.4,86.49,88.32,8410872.0
2023-04-04,88.25,88.42,87.33,88.4,6651475.0
2023-04-05,88.02,89.51,87.88,89.29,7478750.0
2023-04-06,88.73,90.48,88.39,90.32,9146244.0
2023-04-10,89.48,89.91,88.35,88.56,8681735.0
2023-04-11,88.26,88.93,88.0,88.77,8196049.0
2023-04-12,89.18,90.12,88.4,88.7,8040306.0
2023-04-13,88.98,90.55,88.74,90.35,6240215.0
2023-04-14,90.3,90.79,89.48,90.51,6485060.0
2023-04-17,90.44,90.79,90.11,90.39,4772486.0
2023-04-18,90.8,91.54,90.57,91.27,7219366.0
2023-04-19,90.39,91.27,90.39,90.61,4766371.0
2023-04-20,90.8,90.95,89.4,89.63,5815527.0
2023-04-21,89.81,90.11,89.06,89.95,7335787.0
2023-04-24,90.14,90.88,89.77,90.24,4901783.0
2023-04-25,89.94,90.5,88.82,88.86,5768842.0
2023-04-26,88.55,89.61,88.14,88.51,6395726.0
2023-04-27,89.11,89.89,88.09,89.84,5615746.0
2023-04-28,89.07,90.2,89.04,89.52,8498551.0
2023-05-01,89.6,90.53,89.5,89.67,5459865.0
2023-05-02,89.73,90.04,88.65,89.6,5995080.0
2023-05-03,89.87,90.22,89.34,89.58,6744810.0
2023-05-04,89.78,89.92,89.21,89.77,5038200.0
2023-05-05,89.8,92.11,89.63,91.77,8068571.0
2023-05-08,91.88,92.08,91.24,91.59,5314753.0
2023-05-09,91.0,91.69,90.9,90.94,6333498.0
2023-05-10,91.59,92.48,91.06,92.32,5935280.0
2023-05-11,92.34,92.43,91.14,92.24,5144541.0
2023-05-12,92.41,92.72,91.73,92.65,4994703.0
2023-05-15,92.67,92.76,91.85,92.06,4443811.0
2023-05-16,91.97,93.65,91.72,93.05,6898204.0
2023-05-17,93.58,95.2,93.23,94.57,9436009.0
2023-05-18,94.57,97.26,94.53,97.14,10005725.0
2023-05-19,97.19,97.87,96.72,97.64,8560257.0
2023-05-22,97.28,97.9,96.53,96.57,5890481.0
2023-05-23,95.87,96.23,93.27,93.34,10047261.0
2023-05-24,92.75,93.68,92.09,93.12,6815861.0
2023-05-25,94.0,99.46,93.57,99.09,16729608.0
2023-05-26,99.15,101.03,98.83,98.88,13994064.0
2023-05-30,99.7,100.78,98.99,99.95,10296707.0
2023-05-31,99.27,101.29,98.95,100.74,13713520.0
2023-06-01,99.68,101.41,99.58,100.79,7835885.0
2023-06-02,101.32,101.57,100.55,100.69,8652377.0
2023-06-05,100.69,102.4,100.33,101.73,7441981.0
2023-06-06,101.61,102.29,100.95,101.9,7022994.0
2023-06-07,101.94,103.17,99.64,100.05,9842484.0
2023-06-08,100.47,102.59,100.15,102.28,9529126.0
2023-06-09,102.5,104.95,102.21,104.65,12597073.0
2023-06-12,109.14,112.31,109.14,111.23,39532005.0
2023-06-13,118.12,118.79,110.82,111.48,39190916.0
2023-06-14,111.3,117.31,110.54,117.07,26264249.0
2023-06-15,116.75,122.34,116.46,121.35,27476726.0
2023-06-16,121.94,122.2,119.95,120.26,19514667.0
2023-06-20,119.25,120.05,116.76,116.84,16280340.0
2023-06-21,116.75,118.16,115.16,116.9,17582950.0
2023-06-22,116.41,117.39,114.87,115.38,12204559.0
2023-06-23,114.39,114.7,112.94,113.44,19734336.0
2023-06-26,112.79,114.23,111.5,111.58,8987034.0
2023-06-27,111.37,113.26,111.06,112.64,6970419.0
2023-06-28,111.58,113.42,111.19,111.33,9240450.0
2023-06-29,110.45,112.6,109.43,112.58,9234347.0
2023-06-30,114.64,116.53,113.83,113.89,13703101.0
2023-07-03,112.81,113.05,111.63,111.95,4284699.0
2023-07-05,111.32,111.81,110.21,110.76,8471859.0
2023-07-06,109.47,110.61,109.44,110.25,7987217.0
2023-07-07,109.64,110.78,109.29,109.41,7001618.0
2023-07-10,109.08,109.83,108.46,109.18,6931013.0
2023-07-11,109.4,110.2,108.63,110.08,6118606.0
2023-07-12,110.87,113.29,110.84,111.22,11011586.0
2023-07-13,112.29,113.78,111.96,112.65,9359604.0
2023-07-14,113.38,115.17,112.88,114.47,7723843.0
2023-07-17,114.05,115.17,113.45,114.09,6736825.0
2023-07-18,113.98,116.49,113.01,115.97,8906658.0
2023-07-19,116.02,116.56,113.62,113.89,7609014.0
2023-07-20,112.69,114.25,110.43,111.08,12913026.0
2023-07-21,111.69,114.47,111.41,112.85,9159643.0
2023-07-24,113.14,113.74,111.93,113.27,6200393.0
2023-07-25,113.18,113.71,112.01,113.15,6266278.0
2023-07-26,112.62,112.82,110.2,110.7,8159988.0
2023-07-27,112.75,112.8,110.84,111.6,7843027.0
2023-07-28,111.88,112.5,110.85,111.19,6912012.0
2023-07-31,111.63,112.44,111.03,112.43,6708458.0
2023-08-01,112.12,113.24,111.68,113.11,5250652.0
2023-08-02,112.12,112.18,109.52,110.91,6387789.0
2023-08-03,110.44,111.37,109.46,109.75,5215848.0
2023-08-04,110.54,111.6,109.46,109.64,5579319.0
2023-08-07,110.67,111.58,110.27,111.3,7347041.0
2023-08-08,110.24,110.81,109.42,110.43,4694781.0
2023-08-09,110.54,110.91,107.53,108.3,6542427.0
2023-08-10,108.98,110.29,107.68,108.19,6004125.0
2023-08-11,107.59,108.68,106.33,108.26,5288879.0
2023-08-14,108.38,111.01,108.35,110.77,6494216.0
2023-08-15,110.65,113.26,110.04,112.49,10412160.0
2023-08-16,112.36,113.01,110.47,110.54,5721951.0
2023-08-17,110.94,111.98,109.56,110.08,6183897.0
2023-08-18,109.7,112.19,109.15,111.66,9412775.0
2023-08-21,112.1,112.55,110.39,111.79,5811160.0
2023-08-22,112.71,112.88,110.93,111.74,4961062.0
2023-08-23,112.3,115.65,107.31,113.04,16517285.0
2023-08-24,114.88,114.93,107.61,108.11,11995894.0
2023-08-25,108.11,111.35,107.94,111.26,8758141.0
2023-08-28,111.57,112.91,110.9,112.04,4514753.0
2023-08-29,116.15,116.41,113.73,115.85,11920537.0
2023-08-30,115.92,116.94,115.35,116.32,5601778.0
2023-08-31,116.2,117.18,115.32,115.59,9109806.0
2023-09-01,116.21,116.89,115.29,116.13,6190045.0
2023-09-05,117.64,119.48,116.38,119.18,11089638.0
2023-09-06,118.26,119.78,117.93,119.53,8728483.0
2023-09-07,119.03,121.16,117.79,120.29,11864401.0
2023-09-08,120.0,121.89,119.55,121.52,10612971.0
2023-09-11,122.22,122.62,119.92,121.91,22155564.0
2023-09-12,107.28,108.5,102.5,104.81,68605745.0
2023-09-13,103.52,108.14,103.4,107.04,27170953.0
2023-09-14,108.7,110.34,107.15,108.86,19849654.0
2023-09-15,109.39,110.4,107.7,109.11,23215012.0
2023-09-18,108.62,109.67,106.78,107.41,11744057.0
2023-09-19,107.68,108.94,106.91,107.97,9536119.0
2023-09-20,108.01,109.9,107.66,108.07,8779955.0
2023-09-21,106.71,107.7,104.53,104.63,12653515.0
2023-09-22,105.19,105.8,103.71,104.23,11152050.0
2023-09-25,103.65,103.85,102.7,103.5,8410012.0
2023-09-26,102.34,102.6,99.51,100.08,13209049.0
2023-09-27,100.2,100.48,98.55,99.82,8916439.0
2023-09-28,99.23,101.8,98.47,101.35,7373621.0
2023-09-29,102.31,102.57,100.58,101.12,7299109.0
2023-10-02,101.01,101.93,100.49,101.91,5963457.0
2023-10-03,101.62,101.7,98.74,99.72,8783327.0
2023-10-04,100.16,102.5,99.7,102.28,8842650.0
2023-10-05,102.17,103.64,101.39,103.55,7651479.0
2023-10-06,103.13,105.73,102.78,105.16,8246950.0
2023-10-09,105.95,106.17,104.67,105.52,6012363.0
2023-10-10,105.41,106.26,104.82,104.91,6910436.0
2023-10-11,105.11,105.66,104.43,105.24,5641686.0
2023-10-12,105.55,106.52,104.48,104.71,6598533.0
2023-10-13,104.79,105.11,103.39,103.85,5882175.0
2023-10-16,104.55,105.19,103.91,104.31,5487985.0
2023-10-17,103.18,105.39,102.5,104.64,5261788.0
2023-10-18,104.0,105.33,103.46,103.85,5123946.0
2023-10-19,104.23,105.82,103.79,103.94,7989244.0
2023-10-20,102.59,102.635,96.26,97.45,21830862.0
2023-10-23,97.64,100.29,97.61,99.26,10722559.0
2023-10-24,99.55,100.06,98.1,98.8,6173783.0
2023-10-25,98.3,99.27,96.61,97.03,7081563.0
2023-10-26,97.29,97.99,95.47,96.0,7565321.0
2023-10-27,96.6,97.69,96.19,96.59,5207759.0
2023-10-30,96.74,98.0067,96.42,97.25,5433679.0
2023-10-31,97.605,99.12,96.7,99.0,6258242.0
2023-11-01,99.4,101.8,99.4,101.35,8602435.0
2023-11-02,102.05,102.82,101.17,102.47,5918281.0
2023-11-03,102.77,104.67,102.22,103.65,7279955.0
2023-11-06,103.66,104.81,103.04,104.71,6062699.0
2023-11-07,105.59,105.9799,104.18,104.59,7412596.0
2023-11-08,104.83,108.16,104.79,107.93,10994790.0
2023-11-09,108.0,108.9091,107.21,107.78,6853929.0
2023-11-10,107.69,108.78,106.74,108.67,5243665.0
2023-11-13,108.67,110.09,108.38,109.75,5740336.0
2023-11-14,110.46,112.06,110.05,111.7,6733546.0
2023-11-15,111.75,111.91,109.525,109.66,7386108.0
2023-11-16,109.36,111.47,109.07,110.27,7475728.0
2023-11-17,110.21,111.24,109.76,110.96,4792839.0
2023-11-20,111.25,112.749,111.11,112.52,5729246.0
2023-11-21,112.81,113.27,111.28,111.68,5995308.0
2023-11-22,112.3,112.89,111.11,111.84,4344730.0
2023-11-24,112.09,112.19,110.94,111.85,2140439.0
2023-11-27,111.605,112.37,111.05,112.07,5165151.0
2023-11-28,111.6,112.4,111.47,111.84,4892616.0
2023-11-29,112.94,113.18,111.56,111.81,6126976.0
2023-11-30,112.46,112.83,110.78,111.81,11075591.0
2023-12-01,111.67,112.95,110.86,112.76,5739520.0
2023-12-04,111.87,112.28,110.15,111.38,5587390.0
2023-12-05,110.17,110.87,109.41,110.13,5913561.0
2023-12-06,110.54,110.59,107.53,107.63,7815722.0
2023-12-07,108.01,108.63,107.41,108.47,6772848.0
2023-12-08,107.61,109.24,107.19,109.21,7765978.0
2023-12-11,109.37,110.95,109.21,110.73,19544139.0
2023-12-12,98.3,100.55,96.29,96.41,57666465.0
2023-12-13,96.68,98.7,94.86,98.59,29392138.0
2023-12-14,97.47,97.8494,95.47,95.91,22865009.0
2023-12-15,95.29,99.59,94.96,98.92,30212136.0
2023-12-18,99.01,101.756,98.51,100.6,13473123.0
2023-12-19,100.58,101.94,100.4,101.85,10108505.0
2023-12-20,101.55,101.69,99.65,99.75,9241952.0
2023-12-21,100.3,101.525,100.12,101.46,8167654.0
2023-12-22,101.3,102.09,101.06,101.8,5679861.0
2023-12-26,102.12,102.25,100.94,101.79,5767296.0
2023-12-27,101.92,101.93,101.16,101.54,5627364.0
2023-12-28,101.61,102.205,101.18,101.85,5688367.0
2023-12-29,102.2,102.518,100.38,101.03,6899695.0
2024-01-02,100.12,100.28,98.04,99.66,9597128.0
2024-01-03,98.9,98.98,97.34,98.06,9455539.0
2024-01-04,98.37,98.96,98.0,98.19,6822246.0
2024-01-05,98.13,99.32,97.89,98.33,6133726.0
2024-01-08,98.54,100.37,97.73,100.26,7038655.0
2024-01-09,99.45,100.08,98.89,99.23,6725092.0
2024-01-10,99.09,100.07,98.72,99.92,7270468.0
2024-01-11,100.35,100.84,99.54,100.77,6118997.0
2024-01-12,101.1,102.7,100.965,102.6,9703848.0
2024-01-16,102.41,102.66,101.42,102.57,7547241.0
2024-01-17,102.46,103.5,101.68,102.43,7771277.0
2024-01-18,102.99,104.88,102.62,104.7,10362024.0
2024-01-19,105.32,106.22,105.02,105.67,11163722.0
2024-01-22,106.06,106.69,105.27,106.1,7485305.0
2024-01-23,106.29,108.68,105.56,107.83,9185822.0
2024-01-24,109.42,111.42,109.33,110.31,11702196.0
2024-01-25,110.89,112.18,110.35,111.0,8877205.0
2024-01-26,110.64,111.48,110.2746,110.64,5541824.0
2024-01-29,110.19,110.59,109.01,109.75,7014398.0
2024-01-30,109.36,110.4,108.63,110.16,8231874.0
2024-01-31,109.81,110.27,107.67,107.7,7386586.0
2024-02-01,108.91,111.78,108.55,111.53,7882154.0
2024-02-02,111.82,112.49,111.1575,111.79,6499303.0
2024-02-05,111.53,112.715,110.77,112.39,8084508.0
2024-02-06,112.74,112.95,110.98,111.3,4639263.0
2024-02-07,111.8,113.59,111.3,113.27,7672853.0
2024-02-08,113.09,113.7872,111.97,112.68,4472653.0
2024-02-09,113.06,113.34,111.73,112.64,5787142.0
2024-02-12,112.26,113.1,111.38,111.84,5439360.0
2024-02-13,109.79,110.21,109.0,109.68,8171570.0
2024-02-14,110.32,110.72,109.53,110.26,5946090.0
2024-02-15,110.25,110.31,108.57,108.78,8455601.0
2024-02-16,109.02,109.11,107.245,107.31,8936003.0
2024-02-20,106.54,106.765,103.68,104.45,10975613.0
2024-02-21,102.76,104.375,102.51,104.16,7867610.0
2024-02-22,107.49,107.885,105.66,107.01,8957355.0
2024-02-23,108.0,109.37,107.71,107.95,7504501.0
2024-02-26,108.0,108.54,106.93,106.97,6342932.0
2024-02-27,106.62,107.51,105.79,107.38,6592994.0
2024-02-28,107.26,108.02,107.1,107.68,5278065.0
2024-02-29,107.68,108.4423,106.635,107.68,12193857.0
2024-03-01,107.68,109.94,107.52,109.78,7605100.0
2024-03-04,109.58,110.6,109.39,110.06,6588058.0
2024-03-05,108.82,109.2,106.365,106.94,8241831.0
2024-03-06,107.5,109.05,106.67,108.27,6706258.0
2024-03-07,109.94,110.8,108.29,110.54,7669681.0
2024-03-08,110.07,110.33,107.54,108.42,8312270.0
2024-03-11,107.61,110.75,107.18,110.13,20438140.0
2024-03-12,122.26,125.37,120.6,123.54,48536077.0
2024-03-13,124.0,124.8,120.83,121.52,15870319.0
2024-03-14,123.23,123.8,120.94,121.53,10965868.0
2024-03-15,120.04,122.01,119.5586,121.54,17844663.0
2024-03-18,123.2,124.95,122.88,123.8,12231423.0
2024-03-19,123.745,125.21,122.49,125.19,10220736.0
2024-03-20,125.98,126.69,124.27,125.24,8373236.0
2024-03-21,126.52,128.7737,124.95,125.01,17842340.0
2024-03-22,125.01,125.205,123.55,123.79,6659925.0
2024-03-25,123.67,123.67,122.05,122.08,7446034.0
2024-03-26,122.75,122.935,121.84,122.47,7063723.0
2024-03-27,123.33,123.82,120.47,121.27,8115725.0
2024-03-28,121.39,122.17,121.2,121.61,6587431.0
2024-04-01,121.54,122.27,120.56,121.48,4133571.0
2024-04-02,120.51,120.93,119.43,120.34,4862415.0
2024-04-03,120.26,122.41,120.06,122.24,7429977.0
2024-04-04,123.6,123.99,120.03,120.19,7588298.0
2024-04-05,120.42,122.0,120.14,120.9,4899499.0
2024-04-08,121.0,121.115,119.76,120.35,6118864.0
2024-04-09,120.75,121.15,117.64,119.63,5564827.0
2024-04-10,117.75,119.48,117.72,118.15,4509869.0
2024-04-11,118.12,120.22,117.76,119.64,7315235.0
2024-04-12,118.14,118.24,116.82,117.51,6196877.0
2024-04-15,118.58,118.87,115.84,116.28,5101455.0
2024-04-16,116.49,117.84,116.15,117.02,6999959.0
2024-04-17,117.38,117.44,115.01,115.07,5366587.0
2024-04-18,115.16,115.16,112.1,112.4,6662406.0
2024-04-19,112.52,113.17,110.86,111.28,8251495.0
2024-04-22,112.43,112.74,110.74,110.93,7125490.0
2024-04-23,111.57,112.26,111.15,111.49,5494823.0
2024-04-24,111.78,112.13,110.28,111.74,5791761.0
2024-04-25,110.03,111.39,109.18,111.29,6796627.0
2024-04-26,113.44,115.61,112.55,113.61,8355111.0
2024-04-29,113.39,113.71,111.69,112.89,5190565.0
2024-04-30,111.49,111.92,110.09,110.15,6234710.0
2024-05-01,110.31,113.16,110.05,111.03,5583626.0
2024-05-02,111.63,112.21,110.66,111.36,5001045.0
2024-05-03,112.38,112.61,111.47,112.2,4484888.0
2024-05-06,112.73,114.76,112.58,114.74,6052387.0
2024-05-07,114.4,115.529,113.69,114.33,6437664.0
2024-05-08,114.11,114.38,113.51,113.79,4635951.0
2024-05-09,113.79,114.1256,112.9,113.04,3236091.0
2024-05-10,113.55,114.03,112.31,113.07,4122335.0
2024-05-13,113.53,113.59,112.595,112.77,4139952.0
2024-05-14,112.9,118.95,112.53,117.27,17811221.0
2024-05-15,116.57,118.49,116.07,118.03,6604598.0
2024-05-16,118.34,118.85,117.61,118.56,5158960.0
2024-05-17,119.58,119.98,118.48,119.9,6179282.0
2024-05-20,120.2,121.08,119.64,120.92,5989020.0
2024-05-21,120.86,121.76,120.32,121.03,5549223.0
2024-05-22,121.03,121.56,119.695,121.0,5704991.0
2024-05-23,122.95,123.1,119.56,120.49,6108414.0
2024-05-24,119.82,119.91,117.82,119.31,7173384.0
2024-05-28,119.64,121.22,119.411,120.89,6911389.0
2024-05-29,119.39,120.32,119.17,120.14,4734542.0
2024-05-30,116.57,117.84,113.43,113.49,10851545.0
2024-05-31,112.99,113.8175,110.95,113.59,12755614.0
2024-06-03,113.93,115.73,113.74,115.68,7256308.0
2024-06-04,115.42,116.77,115.12,116.47,7367866.0
2024-06-05,118.05,119.19,116.9077,119.03,5973660.0
2024-06-06,119.28,120.67,118.65,119.9,7347136.0
2024-06-07,120.61,122.62,119.67,122.32,11544779.0
2024-06-10,122.13,123.35,120.45,120.9,10190371.0
2024-06-11,120.45,121.23,118.69,120.28,18373865.0
2024-06-12,131.09,137.355,130.36,136.78,40871314.0
2024-06-13,136.83,138.8,135.17,136.25,13732928.0
2024-06-14,135.66,136.37,133.78,134.53,11330783.0
2024-06-17,135.2,137.84,134.65,137.71,11232754.0
2024-06-18,137.62,141.46,137.62,141.04,11629395.0
2024-06-20,141.72,141.72,138.35,139.31,8939973.0
2024-06-21,140.12,140.12,136.84,137.9,14930875.0
2024-06-24,136.4,137.93,135.52,136.29,7793241.0
2024-06-25,135.4,135.95,133.96,135.57,8469290.0
2024-06-26,135.89,137.145,134.48,134.63,8036308.0
2024-06-27,135.65,137.82,135.21,136.58,7518092.0
2024-06-28,135.835,139.22,135.67,137.6,25814821.0
2024-07-01,138.09,140.455,137.47,139.49,6552353.0
2024-07-02,139.03,140.62,138.95,139.68,5920529.0
2024-07-03,140.15,141.05,139.9,140.78,3555653.0
2024-07-05,141.35,142.185,140.42,141.23,5365432.0
2024-07-08,141.16,141.63,139.83,141.43,8622633.0
2024-07-09,141.53,142.0999,134.4,137.08,14339782.0
2024-07-10,137.52,138.78,136.135,138.47,6350258.0
2024-07-11,139.16,140.28,138.4784,139.56,5246094.0
2024-07-12,139.51,141.93,138.06,141.57,7361770.0
2024-07-15,142.53,143.39,138.72,139.87,8687728.0
2024-07-16,139.87,140.3,138.85,139.41,7181215.0
2024-07-17,137.28,138.59,135.4801,136.06,9156978.0
2024-07-18,136.16,136.86,134.002,134.83,5998726.0
2024-07-19,135.15,137.24,134.88,135.36,6111505.0
2024-07-22,136.54,137.48,135.92,136.97,5387176.0
2024-07-23,138.1,140.02,138.01,139.91,6697410.0
2024-07-24,138.5,139.46,135.2,135.57,8018539.0
2024-07-25,136.95,137.87,134.5,134.62,7654625.0
2024-07-26,135.67,136.76,135.18,135.81,5139373.0
2024-07-29,136.07,136.58,134.625,135.11,4054425.0
2024-07-30,135.87,136.365,131.76,132.47,6505701.0
2024-07-31,136.49,138.35,135.46,136.25,7188038.0
2024-08-01,136.09,137.19,132.57,134.31,5906795.0
2024-08-02,129.57,131.1,128.6,130.08,8251352.0
2024-08-05,124.69,126.77,123.4639,124.66,10354947.0
2024-08-06,127.34,127.8375,124.88,125.01,8373847.0
2024-08-07,125.72,127.1,122.55,122.7,8617600.0
2024-08-08,124.8,126.62,124.45,125.76,6243147.0
2024-08-09,125.2,129.17,125.14,128.86,5597275.0
2024-08-12,129.05,129.51,128.01,129.38,5600703.0
2024-08-13,129.77,131.34,129.61,131.06,4324009.0
2024-08-14,130.84,132.77,130.81,132.4,4044538.0
2024-08-15,133.73,134.05,132.52,133.73,4698086.0
2024-08-16,133.59,134.62,133.19,134.27,4893621.0
2024-08-19,134.33,134.75,133.255,134.72,3641469.0
2024-08-20,134.62,136.59,134.62,135.97,3738136.0
2024-08-21,135.6,137.1,135.35,137.0,3776718.0
2024-08-22,137.5,137.88,134.45,134.88,5162164.0
2024-08-23,135.53,136.59,134.06,135.99,4544432.0
2024-08-26,136.19,136.2,134.99,135.7,2729605.0
2024-08-27,134.65,136.3,134.54,135.28,3872187.0
2024-08-28,135.63,135.75,133.71,134.68,3022489.0
2024-08-29,135.94,137.96,135.65,136.22,4588311.0
2024-08-30,137.13,138.52,136.895,138.09,7980496.0
2024-09-03,137.25,139.0,135.63,136.3,6831174.0
2024-09-04,135.24,137.9009,134.75,137.55,6242721.0
2024-09-05,138.2,140.08,137.105,139.41,8732980.0
2024-09-06,140.59,140.74,136.2,138.61,11154251.0
2024-09-09,139.29,140.1,136.31,136.69,20233424.0
2024-09-10,151.03,157.32,149.92,152.69,37373940.0
2024-09-11,153.58,156.24,151.6401,153.98,12630112.0
2024-09-12,155.84,159.14,154.7,158.18,16352048.0
2024-09-13,170.5,170.735,157.8,158.83,25727798.0
2024-09-16,161.79,170.79,161.31,167.13,27384294.0
2024-09-17,167.08,167.44,163.57,164.27,12580084.0
2024-09-18,164.42,164.42,160.53,161.33,12274406.0
2024-09-19,164.05,164.96,161.31,164.39,10075834.0
2024-09-20,163.93,165.63,163.4,164.8,12187558.0
2024-09-23,164.025,164.13,161.06,162.75,7915980.0
2024-09-24,162.54,162.9,160.72,162.6,6155076.0
2024-09-25,164.49,165.55,162.46,163.08,7142437.0
2024-09-26,164.45,165.16,163.28,164.9,7096826.0
2024-09-27,164.89,165.9098,163.31,165.54,8974275.0
2024-09-30,166.3,167.32,163.25,167.2,10218973.0
2024-10-01,167.02,167.31,162.77,163.96,7594911.0
2024-10-02,164.4,165.98,164.07,164.51,7072997.0
2024-10-03,163.69,164.66,163.04,163.66,4735360.0
2024-10-04,165.51,167.7,164.965,167.66,6389388.0
2024-10-07,167.22,169.13,166.35,166.77,6790810.0
2024-10-08,167.4,171.44,167.242,171.17,7845114.0
2024-10-09,171.36,175.41,170.61,175.09,8120799.0
2024-10-10,174.85,175.5,171.3801,172.61,7115794.0
2024-10-11,172.695,174.2,171.6,172.97,5869413.0
2024-10-14,173.75,174.42,172.7,173.32,4688634.0
2024-10-15,174.14,175.4199,170.95,171.29,5848428.0
2024-10-16,170.7,172.112,168.84,171.97,6382637.0
2024-10-17,174.7,174.95,172.34,172.88,5473821.0
2024-10-18,174.0,174.17,171.78,171.89,5001196.0
2024-10-21,171.65,172.35,170.36,170.96,4198114.0
2024-10-22,172.65,173.05,171.48,172.51,5509695.0
2024-10-23,171.7,173.27,170.21,170.3,4830161.0
2024-10-24,170.515,172.1542,170.11,171.58,3487765.0
2024-10-25,171.98,173.49,170.3,170.72,3674588.0
2024-10-28,171.245,171.37,169.335,169.62,4329835.0
2024-10-29,169.49,171.2231,169.49,170.63,4122856.0
2024-10-30,171.18,173.36,169.99,171.76,5822440.0
2024-10-31,167.72,168.08,164.5975,165.04,9477419.0
2024-11-01,167.35,169.47,166.3,167.22,5680424.0
2024-11-04,167.51,167.68,165.93,166.79,4804148.0
2024-11-05,167.67,169.09,167.52,168.98,5456752.0
2024-11-06,175.72,179.3,174.6153,178.44,11084615.0
2024-11-07,178.28,183.87,177.74,183.57,7759369.0
2024-11-08,183.46,187.36,183.46,186.45,8520182.0
2024-11-11,188.25,188.7,185.04,186.33,5973590.0
2024-11-12,185.74,187.81,184.4,186.78,6629816.0
2024-11-13,186.2,188.97,185.9895,186.83,5695344.0
2024-11-14,185.86,186.79,183.91,184.25,7804067.0
2024-11-15,181.72,183.0,179.53,180.94,8986254.0
2024-11-18,181.5,183.38,180.08,182.93,6291338.0
2024-11-19,182.09,186.52,181.52,186.1,8116891.0
2024-11-20,188.1,188.17,185.02,187.95,4860156.0
2024-11-21,189.14,193.24,188.8401,189.63,11393947.0
2024-11-22,190.2,191.4,188.26,189.49,6879385.0
2024-11-25,191.7,191.95,185.19,185.19,15138351.0
2024-11-26,185.52,189.6,185.52,187.57,6427128.0
2024-11-27,186.155,186.155,179.42,179.9,8368712.0
2024-11-29,181.21,183.13,181.2,182.04,4437968.0
2024-12-02,182.49,182.49,178.2,178.61,8859258.0
2024-12-03,178.38,180.24,176.31,180.09,8917062.0
2024-12-04,185.2,186.99,183.1,185.39,8905916.0
2024-12-05,186.22,186.22,183.05,183.44,6397582.0
2024-12-06,184.2,189.83,183.58,188.89,10503200.0
2024-12-09,193.5,195.5099,186.13,187.65,20157955.0
2024-12-10,170.66,175.0,168.2592,174.94,26501873.0
2024-12-11,175.2,178.58,172.0301,175.78,13188620.0
2024-12-12,175.2,175.3699,172.01,172.52,8154218.0
2024-12-13,172.2,173.34,168.84,170.59,8350578.0
2024-12-16,171.04,171.47,168.13,168.43,9571831.0
2024-12-17,167.95,170.19,166.47,166.91,8939524.0
2024-12-18,166.61,168.43,162.56,162.61,8817862.0
2024-12-19,164.75,168.2,164.6,165.99,8386394.0
2024-12-20,164.93,168.46,162.83,166.86,13810397.0
2024-12-23,166.79,166.82,164.3683,166.34,6518055.0
2024-12-24,166.9,168.97,166.23,168.61,2442554.0
2024-12-26,167.7,169.75,167.7,168.88,4103881.0
2024-12-27,167.58,168.35,164.4,166.16,4344232.0
2024-12-30,163.71,165.11,161.75,164.11,5254582.0
2024-12-31,164.4,164.5,163.04,163.84,4307323.0
2025-01-02,165.72,165.89,162.1,163.23,5365653.0
2025-01-03,163.9,164.4,162.47,163.52,5877947.0
2025-01-06,164.51,165.25,162.39,162.89,6845335.0
2025-01-07,162.78,163.36,158.52,159.23,7711832.0
2025-01-08,159.38,161.18,158.63,160.34,7596129.0
2025-01-10,157.2,157.2,151.92,152.5,13593757.0
2025-01-13,151.74,152.15,150.42,151.92,8828492.0
2025-01-14,154.42,155.25,152.35,154.31,7409922.0
2025-01-15,156.665,157.1495,155.26,156.31,10701234.0
2025-01-16,158.15,159.5,156.41,157.54,9210533.0
2025-01-17,159.77,161.16,158.54,159.03,11618206.0
2025-01-21,161.87,171.37,160.75,170.57,30232048.0
2025-01-22,189.51,189.99,178.57,182.22,48028414.0
2025-01-23,179.64,184.57,179.5,184.47,17314586.0
2025-01-24,186.64,187.1,179.87,181.6,12147002.0
2025-01-27,166.9,170.52,150.66,156.28,42201355.0
2025-01-28,160.99,163.825,154.75,162.0,20319280.0
2025-01-29,162.025,162.025,158.01,160.02,9866503.0
2025-01-30,162.78,169.49,162.1,168.38,14981393.0
2025-01-31,168.41,171.0,167.1296,168.06,8722385.0
2025-02-03,161.2,167.9,161.2,166.6,8250554.0
2025-02-04,168.4,168.4,164.35,165.89,6776867.0
2025-02-05,166.99,169.89,166.52,169.66,7866169.0
2025-02-06,171.0,173.65,169.57,170.35,7036380.0
2025-02-07,173.0,175.39,171.18,172.46,9991275.0
2025-02-10,174.0,177.99,172.92,176.92,7625702.0
2025-02-11,175.62,177.12,174.45,175.19,6528766.0
2025-02-12,172.89,172.89,168.71,170.22,7454829.0
2025-02-13,171.0,172.375,170.1,171.86,6421105.0
2025-02-14,172.25,173.03,170.8128,172.16,7260663.0
2025-02-18,174.75,180.24,174.09,177.8,11430296.0
2025-02-19,176.58,179.68,173.7,179.52,8688241.0
2025-02-20,177.81,178.27,172.43,174.0,8736785.0
2025-02-21,174.12,174.875,165.55,165.81,9713871.0
2025-02-24,171.57,172.17,162.66,167.96,10638852.0
2025-02-25,167.29,168.6,162.441,166.54,8315645.0
2025-02-26,168.98,171.87,167.125,170.47,6914883.0
2025-02-27,171.0,172.86,162.58,162.76,7436693.0
2025-02-28,161.11,164.15,158.81,164.06,12843275.0
2025-03-03,164.95,165.12,159.13,160.02,8081840.0
2025-03-04,157.22,157.76,151.52,155.47,13171840.0
2025-03-05,156.06,160.4853,155.05,159.56,7140785.0
2025-03-06,155.155,155.155,147.7286,148.94,12321063.0
2025-03-07,148.62,154.48,146.5,153.16,12646488.0
2025-03-10,148.53,150.52,144.8,146.79,21486050.0
2025-03-11,141.42,143.78,135.7,142.18,27199684.0
2025-03-12,144.23,150.23,143.0121,148.89,15373775.0
2025-03-13,147.79,148.17,143.48,145.66,14187646.0
2025-03-14,146.915,148.88,145.88,147.27,9329943.0
2025-03-17,148.4,153.75,148.4,152.01,9884936.0
2025-03-18,150.37,150.415,146.63,147.45,9402390.0
2025-03-19,148.06,152.07,148.0,150.45,6909338.0
2025-03-20,149.58,152.49,148.82,150.72,7051595.0
2025-03-21,149.65,151.84,148.11,150.23,17620173.0
2025-03-24,154.34,154.605,152.03,152.87,7848237.0
2025-03-25,152.51,153.6,151.05,151.93,8521249.0
2025-03-26,150.89,151.03,144.56,145.8,13222385.0
2025-03-27,143.85,145.04,142.92,143.78,9148179.0
2025-03-28,141.78,143.65,137.11,138.87,13144146.0
2025-03-31,136.64,138.59,134.76,137.81,15509086.0
2025-04-01,137.76,141.25,136.76,139.94,9518444.0
2025-04-02,137.86,145.89,137.86,143.86,11593887.0
2025-04-03,137.25,139.4,134.64,135.23,14433755.0
2025-04-04,130.91,131.82,124.95,126.27,14986860.0
2025-04-07,116.86,132.11,116.86,125.16,19482295.0
2025-04-08,130.54,130.99,119.695,122.5,11950187.0
2025-04-09,121.4,138.59,121.4,137.69,17761855.0
2025-04-10,135.15,135.15,127.755,131.85,12401562.0
2025-04-11,130.61,131.5,127.34,130.85,10190169.0
2025-04-14,135.3,135.3,131.37,133.14,8217710.0
2025-04-15,133.26,134.982,132.22,132.44,8629954.0
2025-04-16,130.78,131.0368,126.35,128.26,8294912.0
2025-04-17,129.4,129.8,126.94,127.12,8925209.0
2025-04-21,125.385,125.695,119.735,121.32,12201100.0
2025-04-22,123.0,126.49,121.89,125.74,11233017.0
2025-04-23,133.41,134.37,129.49,129.9,9528855.0
2025-04-24,131.01,136.36,130.5,136.01,7305831.0
2025-04-25,135.99,137.5,135.255,136.99,5476142.0
2025-04-28,138.15,139.17,136.58,138.64,6985012.0
2025-04-29,138.31,139.66,138.05,139.29,4850959.0
2025-04-30,136.98,139.8,134.065,139.22,9443527.0
2025-05-01,145.06,147.14,143.835,143.99,11525503.0
2025-05-02,146.83,151.56,146.83,149.23,11345907.0
2025-05-05,147.935,149.32,147.0201,147.79,5187409.0
2025-05-06,145.48,147.441,144.22,146.2,5108547.0
2025-05-07,146.0,148.4,145.74,147.87,6051551.0
2025-05-08,147.55,150.31,147.11,148.8,6113370.0
2025-05-09,148.54,150.2991,148.29,148.84,4707015.0
2025-05-12,154.81,155.93,152.9165,155.72,7875207.0
2025-05-13,156.72,161.72,156.07,160.77,11954927.0
2025-05-14,160.86,161.91,159.5578,161.45,7499381.0
2025-05-15,159.86,160.24,157.41,157.9,10169159.0
2025-05-16,158.5,159.34,157.02,158.99,8515351.0
2025-05-19,156.8,160.4699,156.3289,158.14,10268663.0
2025-05-20,157.13,158.86,156.03,158.81,7575317.0
2025-05-21,156.85,159.4,154.959,155.68,6010670.0
2025-05-22,155.475,157.69,155.32,155.81,7603185.0
2025-05-23,153.49,155.875,152.7572,154.47,6527335.0
2025-05-27,157.82,160.9,157.42,160.41,6976742.0
2025-05-28,160.365,162.82,159.78,162.35,8090608.0
2025-05-29,163.5,163.82,159.99,161.4,6995788.0
2025-05-30,161.93,164.25,160.0501,164.03,17547516.0
2025-06-02,162.665,165.5,161.1,165.07,7165461.0
2025-06-03,165.3,167.83,165.09,167.64,7155242.0
2025-06-04,168.21,168.98,166.07,166.6,6375722.0
2025-06-05,167.5,170.7599,167.255,169.64,7709418.0
2025-06-06,172.5,173.29,171.1601,172.52,6833342.0
2025-06-09,173.36,177.22,172.29,175.65,9668682.0
2025-06-10,176.21,176.35,172.78,175.98,11056681.0
2025-06-11,176.05,178.05,174.7,174.88,18002909.0
2025-06-12,188.46,200.99,187.38,198.36,54609553.0
2025-06-13,200.08,215.0999,199.7,213.72,53707273.0
2025-06-16,211.7,213.67,208.4763,209.6,22665073.0
2025-06-17,209.16,214.38,205.9805,206.68,17819161.0
2025-06-18,209.585,213.2199,208.0701,209.37,15055015.0
2025-06-20,211.85,212.3,203.14,203.67,20878931.0
2025-06-23,204.005,205.77,201.04,205.54,13418393.0
2025-06-24,208.49,214.865,207.05,213.77,19030462.0
2025-06-25,213.4399,215.4299,208.73,209.22,11804553.0
2025-06-26,210.5,212.92,208.8587,211.32,10531112.0
2025-06-27,212.19,213.15,208.46,208.74,14127395.0
2025-06-30,225.0,226.72,216.8801,217.13,31844221.0
2025-07-01,217.8,221.67,214.8079,217.46,16961970.0
2025-07-02,216.18,230.4,215.22,228.48,22326776.0
2025-07-03,231.72,236.4899,229.7,235.82,17063212.0
2025-07-07,233.61,233.75,228.0,230.76,16584121.0
2025-07-08,235.63,239.9385,231.69,233.0,20401717.0
2025-07-09,234.01,235.01,230.5,234.31,10871626.0
2025-07-10,238.94,239.055,232.5,234.0,11485922.0
2025-07-11,230.37,233.0,228.87,229.56,10208178.0
2025-07-14,228.45,229.64,224.12,228.28,11336763.0
2025-07-15,231.405,234.6,228.2,233.96,10728795.0
2025-07-16,234.5,240.33,232.19,240.3,12597116.0
2025-07-17,242.34,250.5999,241.01,247.75,17631271.0
2025-07-18,247.5,248.68,244.0,244.45,9677946.0
2025-07-21,244.31,245.8,242.24,242.54,7348362.0
2025-07-22,240.98,241.29,234.4101,237.11,11380841.0
2025-07-23,238.95,242.42,237.66,240.9,7255729.0
2025-07-24,241.41,243.08,239.5601,241.83,8237719.0
2025-07-25,241.34,244.47,240.43,244.12,7149566.0
2025-07-28,245.0,246.78,242.42,246.71,6756725.0
2025-07-29,247.7,252.07,245.59,248.98,8415228.0
2025-07-30,247.64,250.05,244.6,249.6,8441378.0
2025-07-31,254.765,259.87,252.318,252.77,15547890.0
2025-08-01,246.83,247.41,241.0,243.42,12718082.0
2025-08-04,244.9,251.91,244.9,251.53,8614784.0
2025-08-05,254.41,257.4872,250.37,254.67,11197282.0
2025-08-06,255.84,255.84,250.72,255.43,9930110.0
2025-08-07,256.71,256.76,245.52,248.39,11953780.0
2025-08-08,249.03,249.8934,246.86,249.05,8313278.0
2025-08-11,247.4,253.69,244.56,251.68,9011597.0
2025-08-12,251.58,256.87,250.08,252.86,10001397.0
2025-08-13,256.17,256.6699,241.635,243.18,14182053.0
2025-08-14,243.95,247.92,241.57,243.96,10285298.0
2025-08-15,245.92,249.63,241.925,247.28,11553988.0
2025-08-18,245.2,248.16,242.62,248.07,6759881.0
2025-08-19,248.25,248.25,231.23,233.62,16819245.0
2025-08-20,231.18,234.88,227.2543,234.06,11256230.0
2025-08-21,232.045,234.9199,231.43,232.16,7403126.0
2025-08-22,233.06,237.5,230.46,235.37,9343636.0
2025-08-25,236.35,238.03,234.27,234.41,6308159.0
2025-08-26,234.0,235.905,231.71,233.21,11805101.0
2025-08-27,233.995,235.53,231.68,234.81,5637590.0
2025-08-28,234.54,240.95,234.12,239.32,8691341.0
2025-08-29,236.61,237.22,222.11,225.13,16618637.0
2025-09-02,221.0,224.45,217.79,224.3,10461817.0
2025-09-03,224.9,224.9,220.75,222.45,8900785.0
2025-09-04,221.0,222.57,218.5601,222.0,10303069.0
2025-09-05,231.55,233.62,224.885,231.8,15386091.0
2025-09-08,238.89,241.42,234.31,237.48,18803014.0
2025-09-09,238.94,242.49,233.56,240.51,41178697.0
2025-09-10,318.19,344.72,311.09,327.33,131618030.0
2025-09-11,329.34,330.0,303.6,306.86,69986022.0
2025-09-12,304.79,306.97,290.75,291.18,51781914.0
2025-09-15,305.45,306.03,296.29,301.14,40003966.0
2025-09-16,313.06,318.97,301.2724,305.65,51923268.0
2025-09-17,306.69,307.66,294.03,300.41,27707937.0
2025-09-18,302.035,302.82,291.0,295.62,24673068.0
2025-09-19,298.0,310.11,296.32,307.66,40776103.0
2025-09-22,308.63,328.5,305.92,327.15,44437358.0
2025-09-23,323.0,324.0,309.05,312.83,35280062.0
2025-09-24,310.86,311.47,299.03,307.46,33765149.0
2025-09-25,294.27,297.75,287.55,290.33,39274796.0
2025-09-26,292.0,293.0,282.0,282.46,25990497.0
2025-09-29,283.6,284.98,278.61,281.76,25778332.0
2025-09-30,282.69,283.0,274.9,280.24,23880809.0
2025-10-01,277.8,288.99,276.88,288.01,23378129.0
2025-10-02,290.8,293.97,285.05,287.78,16215459.0
2025-10-03,288.6,293.64,283.0,285.14,13688143.0
2025-10-06,291.38,295.68,289.8,290.59,14076788.0
2025-10-07,292.22,292.22,270.0,283.24,31723384.0
2025-10-08,284.42,290.53,282.6,287.63,18982118.0
2025-10-09,291.05,300.47,286.76,296.46,26479668.0
2025-10-10,299.78,307.22,291.51,292.46,28895105.0
2025-10-13,298.2,310.2,297.24,307.51,21703520.0
2025-10-14,303.07,303.92,291.48,298.5,17346119.0
2025-10-15,304.4,310.51,298.42,303.12,13698601.0
2025-10-16,305.1,322.04,302.57,312.5,32500861.0
2025-10-17,303.25,303.78,287.0,290.81,37652992.0
2025-10-20,288.45,288.74,274.81,276.68,32810701.0
2025-10-21,277.61,279.7999,271.76,274.65,18370782.0
2025-10-22,274.32,276.7,268.75,272.16,16474016.0
2025-10-23,272.46,282.6,271.885,279.57,16872158.0
2025-10-24,285.42,286.69,281.745,282.83,13194515.0
2025-10-27,286.07,286.5,279.31,280.9,13855836.0
2025-10-28,282.5,284.96,280.04,280.33,12448480.0
2025-10-29,280.96,281.12,270.85,274.8,18007128.0
2025-10-30,268.24,269.26,255.78,256.39,27954112.0
2025-10-31,259.01,265.31,256.2097,262.11,16898584.0
2025-11-03,264.74,265.12,254.73,257.35,15709094.0
2025-11-04,249.48,254.78,244.685,247.67,19772560.0
2025-11-05,247.41,251.9,246.53,249.81,11991443.0
2025-11-06,247.44,248.57,238.79,243.3,18678263.0
2025-11-07,238.5,239.9,231.85,238.76,20969260.0
2025-11-10,245.45,246.74,236.57,240.33,16698627.0
2025-11-11,235.73,236.95,228.39,235.65,20686543.0
2025-11-12,236.24,236.31,225.67,226.49,24194967.0
2025-11-13,224.49,224.66,214.72,217.07,30008919.0
2025-11-14,210.33,226.55,210.27,222.35,36053727.0
2025-11-17,217.71,222.3,215.06,219.36,16143759.0
2025-11-18,215.705,223.2,214.0,219.99,21098231.0
2025-11-19,218.56,227.6499,216.81,225.03,21679359.0
2025-11-20,230.66,233.5,209.8,210.19,27459523.0
2025-11-21,206.58,207.81,193.05,198.26,44834070.0
2025-11-24,196.355,203.32,193.8,199.78,31144616.0
2025-11-25,193.58,198.91,185.13,196.53,29594951.0
2025-11-26,209.0,209.5,201.74,204.46,26544148.0
2025-11-28,199.01,201.8399,197.11,201.45,13646915.0
2025-12-01,200.0,203.0,196.2,200.44,13461204.0
2025-12-02,204.64,209.2,199.5,200.6,19664439.0
2025-12-03,199.83,207.42,198.9,207.23,19060522.0
2025-12-04,207.36,214.91,205.815,213.83,23316937.0
2025-12-05,218.5,219.0,213.12,217.08,24208681.0
2025-12-08,220.845,224.25,216.41,220.04,24711137.0
2025-12-09,219.53,222.12,217.78,221.03,17643639.0
2025-12-10,221.3,224.82,217.08,222.51,47927948.0
2025-12-11,190.12,201.49,185.73,198.35,100612616.0
2025-12-12,195.87,197.35,185.48,189.47,55201644.0
2025-12-15,187.79,188.4697,180.9,184.42,43897415.0
2025-12-16,184.2,189.3,183.99,188.15,32433525.0
2025-12-17,182.81,186.0,176.57,177.96,50222003.0
2025-12-18,182.22,184.26,178.08,179.53,36297279.0
2025-12-19,187.885,194.62,187.62,191.47,77008540.0
2025-12-22,196.32,198.3,192.33,197.88,27148008.0
2025-12-23,195.93,196.7,191.69,194.84,18301574.0
2025-12-24,194.5,197.78,193.92,196.99,9190620.0
2025-12-26,197.56,199.8699,195.61,197.49,11262030.0
2025-12-29,193.66,198.01,192.14,194.88,14748125.0
2025-12-30,195.56,197.88,195.21,196.71,14197359.0
2025-12-31,195.92,196.7,194.23,194.41,10341386.0
2026-01-02,196.97,198.09,193.71,195.21,14540657.0
2026-01-05,197.84,201.19,191.83,192.09,22635516.0
2026-01-06,192.06,194.375,190.2,193.25,16474449.0
2026-01-07,194.8,195.17,191.5,192.34,11171198.0
2026-01-08,190.38,190.45,185.65,189.15,19468501.0
2026-01-09,191.655,200.18,188.78,198.52,26152742.0
2026-01-12,197.6,206.6,197.0108,204.68,25428545.0
2026-01-13,205.0,207.8,200.655,202.29,15857391.0
2026-01-14,201.68,201.68,190.81,193.61,22473155.0
2026-01-15,195.01,195.01,189.39,189.85,16418626.0
2026-01-16,189.91,191.87,186.53,191.09,19224705.0
2026-01-20,187.19,187.19,179.36,179.92,29129492.0
2026-01-21,179.68,180.6,170.6,173.88,38189995.0
2026-01-22,179.37,180.16,176.5,178.18,21141875.0
2026-01-23,172.62,179.65,172.0,177.16,23011337.0
2026-01-26,179.1,185.31,178.53,182.44,21100378.0
2026-01-27,179.19,179.72,173.68,174.9,27093660.0
2026-01-28,174.915,181.68,171.86,172.8,35882638.0
2026-01-29,170.15,170.23,161.52,169.01,37254511.0
2026-01-30,168.17,168.9,163.24,164.58,27362363.0
2026-02-02,170.92,171.2,160.0,160.06,47421032.0
2026-02-03,158.26,159.38,151.9,154.67,43260101.0
